{
	"format_version": "1.8.0",
	"animations": {
		"animation.calyrex.blink": {
			"animation_length": 0.1667,
			"bones": {
				"left_eye_lid": {
					"position": {
						"0.0": [1, 0, 0],
						"0.125": [1, 0, 0],
						"0.1667": [0, 0, 0]
					}
				},
				"right_eye_lid": {
					"position": {
						"0.0": [-1, 0, 0],
						"0.125": [-1, 0, 0],
						"0.1667": [0, 0, 0]
					}
				}
			}
		},
		"animation.calyrex.ground_idle": {
			"loop": true,
			"animation_length": 2,
			"bones": {
				"left_arm": {
					"rotation": [0, "math.sin(query.anim_time*90*2+60)*2", 67.5],
					"position": [0, 2, 0]
				},
				"right_arm": {
					"rotation": [0, "math.sin(query.anim_time*90*2+60)*2", -67.5],
					"position": [0, 2, 0]
				},
				"head": {
					"rotation": ["math.sin(query.anim_time*90*2+60)*2", 0, 0]
				},
				"onion": {
					"rotation": ["math.sin(query.anim_time*90*2+60)*2", 0, 0]
				},
				"neckless": {
					"rotation": [0, "math.sin(query.anim_time*90*2+0)*4", 0]
				},
				"cape": {
					"rotation": ["10+math.sin(query.anim_time*90*2+60)*4", 0, 0]
				},
				"left_leg": {
					"rotation": ["math.sin(query.anim_time*90*2+60)*2", 0, 0]
				},
				"right_leg": {
					"rotation": ["math.sin(query.anim_time*90*2+60)*2", 0, 0]
				},
				"calyrex": {
					"position": [0, "10+math.sin(query.anim_time*90*2+0)*1", 0]
				}
			}
		},
		"animation.calyrex.sleep": {
			"loop": true,
			"animation_length": 2,
			"bones": {
				"left_arm": {
					"rotation": [0, "math.sin(query.anim_time*90*2+60)*2", 67.5],
					"position": [0, 2, 0]
				},
				"right_arm": {
					"rotation": [0, "-math.sin(query.anim_time*90*2+60)*2", -67.5],
					"position": [0, 2, 0]
				},
				"head": {
					"rotation": ["22.5+math.sin(query.anim_time*90*2+60)*2", 0, 0]
				},
				"onion": {
					"rotation": ["15+math.sin(query.anim_time*90*2+60)*2", 0, 0],
					"position": [0, -0.3, 0.3]
				},
				"neckless": {
					"rotation": [20, "math.sin(query.anim_time*90*2+0)*4", 0]
				},
				"cape": {
					"rotation": ["12.5-math.sin(query.anim_time*90*2+60)*4", 0, 0]
				},
				"left_leg": {
					"rotation": ["22.5+math.sin(query.anim_time*90*2+60)*2", 0, 0],
					"position": [0, 1, 0]
				},
				"right_leg": {
					"rotation": ["22.5+math.sin(query.anim_time*90*2+60)*2", 0, 0],
					"position": [0, 1, 0]
				},
				"left_eye_lid": {
					"position": [1, 0, 0]
				},
				"right_eye_lid": {
					"position": [-1, 0, 0]
				},
				"calyrex": {
					"position": [0, "10-math.sin(query.anim_time*90*2+60)*0.5", 0]
				}
			}
		},
		"animation.calyrex.sleep2": {
			"loop": true,
			"animation_length": 8,
			"bones": {
				"left_arm": {
					"rotation": [49.24373, "33.2654+math.cos((q.anim_time -0.42)*180*0.3)*1", 97.61711],
					"position": [0, 2, 0]
				},
				"right_arm": {
					"rotation": [49.04191, "-29.8373-math.cos((q.anim_time -0.42)*180*0.3)*1", -104.24388],
					"position": [0, 2, 0]
				},
				"head": {
					"rotation": ["22.5+math.cos((q.anim_time -0.3)*180*0.25)*2", 0, 0]
				},
				"onion": {
					"rotation": [0, 0, 0],
					"position": [0, -0.3, 0.3]
				},
				"neckless": {
					"rotation": [20, 0, 0]
				},
				"cape": {
					"rotation": [45, 0, 0]
				},
				"left_leg": {
					"rotation": [-79.8259, -24.4431, -5.41641],
					"position": [0, 1, 0]
				},
				"right_leg": {
					"rotation": [-78.1788, 23.51772, 8.73238],
					"position": [0, 1, 0]
				},
				"left_eye_lid": {
					"position": [1, 0, 0]
				},
				"right_eye_lid": {
					"position": [-1, 0, 0]
				},
				"calyrex": {
					"position": [0, 9.5, 0]
				},
				"torso": {
					"rotation": [-10, 0, 0],
					"position": [0, -20, 0]
				},
				"body": {
					"rotation": [0, 0, 0]
				}
			}
		},
		"animation.calyrex.wakeup": {
			"loop": true,
			"animation_length": 2,
			"bones": {
				"left_arm": {
					"rotation": {
						"0.0": [49.24373, "33.2654+math.cos((q.anim_time -0.42)*180*0.3)*1", 97.61711],
						"0.875": [49.24373, "33.2654+math.cos((q.anim_time -0.42)*180*0.3)*1", 97.61711],
						"1.0": [-81.4052, "5.3988+math.cos((q.anim_time -0.42)*180*0.3)*1", -27.52352]
					},
					"position": [0, 2, 0]
				},
				"right_arm": {
					"rotation": {
						"0.0": [49.04191, "-29.8373-math.cos((q.anim_time -0.42)*180*0.3)*1", -104.24388],
						"0.875": [49.04191, "-29.8373-math.cos((q.anim_time -0.42)*180*0.3)*1", -104.24388],
						"1.0": [-48.57763, "-30.716-math.cos((q.anim_time -0.42)*180*0.3)*1", 27.06726]
					},
					"position": [0, 2, 0]
				},
				"head": {
					"rotation": {
						"0.0": ["22.5+math.cos((q.anim_time -0.3)*180*0.25)*2", 0, 0],
						"0.875": ["22.5+math.cos((q.anim_time -0.3)*180*0.25)*2", 0, 0],
						"1.0": ["math.cos((q.anim_time -0.3)*180*0.25)*2", 0, 0]
					}
				},
				"onion": {
					"rotation": [0, 0, 0],
					"position": [0, -0.3, 0.3]
				},
				"neckless": {
					"rotation": [20, 0, 0]
				},
				"cape": {
					"rotation": [45, 0, 0]
				},
				"left_leg": {
					"rotation": [-79.8259, -24.4431, -5.41641],
					"position": [0, 1, 0]
				},
				"right_leg": {
					"rotation": [-78.1788, 23.51772, 8.73238],
					"position": [0, 1, 0]
				},
				"left_eye_lid": {
					"position": {
						"0.0": [1, 0, 0],
						"0.9167": [1, 0, 0],
						"1.0": [0, 0, 0]
					}
				},
				"right_eye_lid": {
					"position": {
						"0.0": [-1, 0, 0],
						"0.9167": [-1, 0, 0],
						"1.0": [0, 0, 0]
					}
				},
				"calyrex": {
					"position": [0, 9.5, 0]
				},
				"torso": {
					"rotation": {
						"0.0": [-10, 0, 0],
						"0.875": [-10, 0, 0],
						"1.0": [-15, 0, 0],
						"1.0833": [-12.5, 0, 0],
						"1.1667": [-15, 0, 0]
					},
					"position": [0, -20, 0]
				},
				"body": {
					"rotation": [0, 0, 0]
				}
			}
		},
		"animation.calyrex.faint": {
			"loop": true,
			"animation_length": 2.25,
			"bones": {
				"left_arm": {
					"rotation": {
						"0.0": {
							"post": [0, 0, 67.5],
							"lerp_mode": "catmullrom"
						},
						"0.25": {
							"post": [0, 0, -47.5],
							"lerp_mode": "catmullrom"
						},
						"0.75": {
							"post": [0, 0, -47.5],
							"lerp_mode": "catmullrom"
						},
						"1.0": {
							"post": [-42.73421, -58.60029, -0.23421],
							"lerp_mode": "catmullrom"
						},
						"1.25": {
							"post": [-147.98144, -81.26459, 102.69876],
							"lerp_mode": "catmullrom"
						},
						"1.5": {
							"post": [-64.35392, -33.02414, -4.98066],
							"lerp_mode": "catmullrom"
						},
						"1.625": {
							"post": [-68.19097, -12.37207, 4.78201],
							"lerp_mode": "catmullrom"
						},
						"1.75": {
							"post": [-64.35392, -33.02414, -4.98066],
							"lerp_mode": "catmullrom"
						}
					},
					"position": {
						"0.0": {
							"post": [0, 2, 0],
							"lerp_mode": "catmullrom"
						},
						"0.25": {
							"post": [2, 2, 0],
							"lerp_mode": "catmullrom"
						},
						"0.75": {
							"post": [2, 2, 0],
							"lerp_mode": "catmullrom"
						},
						"1.625": {
							"post": [0, 2, 0],
							"lerp_mode": "catmullrom"
						}
					}
				},
				"right_arm": {
					"rotation": {
						"0.0": {
							"post": [0, 0, -67.5],
							"lerp_mode": "catmullrom"
						},
						"0.25": {
							"post": [0, 0, 47.5],
							"lerp_mode": "catmullrom"
						},
						"0.75": {
							"post": [0, 0, 47.5],
							"lerp_mode": "catmullrom"
						},
						"1.0": {
							"post": [-20.94102, 40.78947, 17.13881],
							"lerp_mode": "catmullrom"
						},
						"1.25": {
							"post": [-147.98144, 81.2646, -102.6988],
							"lerp_mode": "catmullrom"
						},
						"1.5": {
							"post": [-64.35391, 33.02414, 4.98063],
							"lerp_mode": "catmullrom"
						},
						"1.625": {
							"post": [-68.19096, 12.37207, -4.78204],
							"lerp_mode": "catmullrom"
						},
						"1.75": {
							"post": [-64.35391, 33.02414, 4.98063],
							"lerp_mode": "catmullrom"
						}
					},
					"position": {
						"0.0": {
							"post": [0, 2, 0],
							"lerp_mode": "catmullrom"
						},
						"0.25": {
							"post": [-2, 2, 0],
							"lerp_mode": "catmullrom"
						},
						"0.75": {
							"post": [-2, 2, 0],
							"lerp_mode": "catmullrom"
						},
						"1.625": {
							"post": [0, 2, 0],
							"lerp_mode": "catmullrom"
						}
					}
				},
				"head": {
					"rotation": {
						"0.0": {
							"post": [0, 0, 0],
							"lerp_mode": "catmullrom"
						},
						"0.25": {
							"post": [5, 0, 0],
							"lerp_mode": "catmullrom"
						},
						"0.2917": {
							"post": [2.5, 0, 0],
							"lerp_mode": "catmullrom"
						},
						"0.3333": {
							"post": [5, 0, 0],
							"lerp_mode": "catmullrom"
						},
						"0.375": {
							"post": [2.5, 0, 0],
							"lerp_mode": "catmullrom"
						},
						"0.4167": {
							"post": [5, 0, 0],
							"lerp_mode": "catmullrom"
						},
						"0.4583": {
							"post": [2.5, 0, 0],
							"lerp_mode": "catmullrom"
						},
						"0.5": {
							"post": [5, 0, 0],
							"lerp_mode": "catmullrom"
						},
						"0.5417": {
							"post": [2.5, 0, 0],
							"lerp_mode": "catmullrom"
						},
						"0.5833": {
							"post": [5, 0, 0],
							"lerp_mode": "catmullrom"
						},
						"0.625": {
							"post": [2.5, 0, 0],
							"lerp_mode": "catmullrom"
						},
						"0.6667": {
							"post": [5, 0, 0],
							"lerp_mode": "catmullrom"
						},
						"0.7083": {
							"post": [2.5, 0, 0],
							"lerp_mode": "catmullrom"
						},
						"0.75": {
							"post": [5, 0, 0],
							"lerp_mode": "catmullrom"
						},
						"0.7917": {
							"post": [2.5, 0, 0],
							"lerp_mode": "catmullrom"
						},
						"1.0": {
							"post": [-20, 0, 0],
							"lerp_mode": "catmullrom"
						},
						"1.25": {
							"post": [-32.5, 0, 0],
							"lerp_mode": "catmullrom"
						},
						"1.625": {
							"post": [-22.5, 0, 0],
							"lerp_mode": "catmullrom"
						}
					},
					"position": {
						"0.0": {
							"post": [0, 0, 0],
							"lerp_mode": "catmullrom"
						},
						"1.25": {
							"post": [0, -0.2, 0],
							"lerp_mode": "catmullrom"
						}
					}
				},
				"onion": {
					"rotation": {
						"0.0": {
							"post": [0, 0, 0],
							"lerp_mode": "catmullrom"
						},
						"0.25": {
							"post": [5, 0, 0],
							"lerp_mode": "catmullrom"
						},
						"1.0": {
							"post": [-5, 0, 0],
							"lerp_mode": "catmullrom"
						},
						"1.25": {
							"post": [-12.5, 0, 0],
							"lerp_mode": "catmullrom"
						}
					},
					"position": {
						"0.0": {
							"post": [0, 0, 0],
							"lerp_mode": "catmullrom"
						},
						"1.0": {
							"post": [0, -0.3, 0],
							"lerp_mode": "catmullrom"
						}
					}
				},
				"body": {
					"rotation": {
						"0.0": {
							"post": [0, 0, 0],
							"lerp_mode": "catmullrom"
						},
						"0.5": {
							"post": [0, 0, 0],
							"lerp_mode": "catmullrom"
						},
						"0.75": {
							"post": [0, 0, 0],
							"lerp_mode": "catmullrom"
						},
						"1.0": {
							"post": [22.5, 0, 0],
							"lerp_mode": "catmullrom"
						}
					}
				},
				"left_leg": {
					"rotation": {
						"0.0": {
							"post": [0, 0, 0],
							"lerp_mode": "catmullrom"
						},
						"0.5": {
							"post": [-22.5, 0, 0],
							"lerp_mode": "catmullrom"
						},
						"0.75": {
							"post": [-22.5, 0, 0],
							"lerp_mode": "catmullrom"
						},
						"1.0": {
							"post": [22.5, 0, 0],
							"lerp_mode": "catmullrom"
						},
						"1.25": {
							"post": [-62.5, 0, 0],
							"lerp_mode": "catmullrom"
						},
						"1.5": {
							"post": [-35, 0, 0],
							"lerp_mode": "catmullrom"
						},
						"1.5833": {
							"post": [-58.33, 0, 0],
							"lerp_mode": "catmullrom"
						},
						"1.7917": {
							"post": [-32.5, 0, 0],
							"lerp_mode": "catmullrom"
						},
						"1.8333": {
							"post": [-35, 0, 0],
							"lerp_mode": "catmullrom"
						},
						"1.875": {
							"post": [-32.5, 0, 0],
							"lerp_mode": "catmullrom"
						}
					},
					"position": {
						"0.0": {
							"post": [0, 0, 0],
							"lerp_mode": "catmullrom"
						},
						"0.5": {
							"post": [0, 1, 1],
							"lerp_mode": "catmullrom"
						},
						"0.75": {
							"post": [0, 1, 1],
							"lerp_mode": "catmullrom"
						},
						"1.0": {
							"post": [0, 2, -1],
							"lerp_mode": "catmullrom"
						},
						"1.25": {
							"post": [0, 1, 0],
							"lerp_mode": "catmullrom"
						},
						"1.5": {
							"post": [0, 1, 0],
							"lerp_mode": "catmullrom"
						}
					}
				},
				"right_leg": {
					"rotation": {
						"0.0": {
							"post": [0, 0, 0],
							"lerp_mode": "catmullrom"
						},
						"0.5": {
							"post": [-22.5, 0, 0],
							"lerp_mode": "catmullrom"
						},
						"0.75": {
							"post": [-22.5, 0, 0],
							"lerp_mode": "catmullrom"
						},
						"1.0": {
							"post": [22.5, 0, 0],
							"lerp_mode": "catmullrom"
						},
						"1.25": {
							"post": [-60, 0, 0],
							"lerp_mode": "catmullrom"
						},
						"1.5": {
							"post": [-45, 0, 0],
							"lerp_mode": "catmullrom"
						},
						"1.5417": {
							"post": [-37.5, 0, 0],
							"lerp_mode": "catmullrom"
						},
						"1.625": {
							"post": [-52.5, 0, 0],
							"lerp_mode": "catmullrom"
						},
						"1.7917": {
							"post": [-30, 0, 0],
							"lerp_mode": "catmullrom"
						},
						"1.8333": {
							"post": [-35, 0, 0],
							"lerp_mode": "catmullrom"
						},
						"1.875": {
							"post": [-32.5, 0, 0],
							"lerp_mode": "catmullrom"
						}
					},
					"position": {
						"0.0": {
							"post": [0, 0, 0],
							"lerp_mode": "catmullrom"
						},
						"0.5": {
							"post": [0, 1, 1],
							"lerp_mode": "catmullrom"
						},
						"0.75": {
							"post": [0, 1, 1],
							"lerp_mode": "catmullrom"
						},
						"1.0": {
							"post": [0, 2, -1],
							"lerp_mode": "catmullrom"
						},
						"1.25": {
							"post": [0, 1, 0],
							"lerp_mode": "catmullrom"
						},
						"1.5": {
							"post": [0, 1, 0],
							"lerp_mode": "catmullrom"
						}
					}
				},
				"left_eye_lid": {
					"position": {
						"0.0": {
							"post": [0, 0, 0],
							"lerp_mode": "catmullrom"
						},
						"0.25": {
							"post": [1, 0, 0],
							"lerp_mode": "catmullrom"
						}
					}
				},
				"right_eye_lid": {
					"position": {
						"0.0": {
							"post": [0, 0, 0],
							"lerp_mode": "catmullrom"
						},
						"0.25": {
							"post": [-1, 0, 0],
							"lerp_mode": "catmullrom"
						}
					}
				},
				"torso": {
					"rotation": {
						"0.0": {
							"post": [0, 0, 0],
							"lerp_mode": "catmullrom"
						},
						"0.5": {
							"post": [10, 0, 0],
							"lerp_mode": "catmullrom"
						},
						"0.75": {
							"post": [10, 0, 0],
							"lerp_mode": "catmullrom"
						},
						"1.0": {
							"post": [-35, 0, 0],
							"lerp_mode": "catmullrom"
						}
					}
				},
				"calyrex": {
					"rotation": {
						"0.0": {
							"post": [0, 0, 0],
							"lerp_mode": "catmullrom"
						},
						"1.0": {
							"post": [-45, 0, 0],
							"lerp_mode": "catmullrom"
						}
					},
					"position": {
						"0.0": {
							"post": [0, 10, 0],
							"lerp_mode": "catmullrom"
						},
						"1.0": {
							"post": [0, 10, 0],
							"lerp_mode": "catmullrom"
						},
						"1.4583": {
							"post": [0, -11, 0],
							"lerp_mode": "catmullrom"
						},
						"1.5833": {
							"post": [0, -10, 0],
							"lerp_mode": "catmullrom"
						},
						"1.7083": {
							"post": [0, -11, 0],
							"lerp_mode": "catmullrom"
						}
					}
				}
			}
		},
		"animation.calyrex.cry": {
			"animation_length": 1.125,
			"bones": {
				"head": {
					"rotation": {
						"0.0": {
							"post": [0, 0, 0],
							"lerp_mode": "catmullrom"
						},
						"0.25": {
							"post": [22.5, 0, 0],
							"lerp_mode": "catmullrom"
						},
						"0.5": {
							"post": [-22.5, 0, 0],
							"lerp_mode": "catmullrom"
						},
						"0.5833": {
							"post": [-20, 0, 0],
							"lerp_mode": "catmullrom"
						},
						"0.625": {
							"post": [-22.5, 0, 0],
							"lerp_mode": "catmullrom"
						},
						"0.6667": {
							"post": [-20, 0, 0],
							"lerp_mode": "catmullrom"
						},
						"0.7083": {
							"post": [-22.5, 0, 0],
							"lerp_mode": "catmullrom"
						},
						"1.0": {
							"post": [0, 0, 0],
							"lerp_mode": "catmullrom"
						}
					}
				},
				"neckless": {
					"rotation": {
						"0.0": {
							"post": [0, 0, 0],
							"lerp_mode": "catmullrom"
						},
						"0.25": {
							"post": [17.5, 0, 0],
							"lerp_mode": "catmullrom"
						},
						"0.5": {
							"post": [-10, 0, 0],
							"lerp_mode": "catmullrom"
						},
						"0.75": {
							"post": [0, 0, 0],
							"lerp_mode": "catmullrom"
						},
						"1.0": {
							"post": [0, 0, 0],
							"lerp_mode": "catmullrom"
						}
					}
				},
				"calyrex": {
					"position": {
						"0.0": {
							"post": [0, 10, 0],
							"lerp_mode": "catmullrom"
						},
						"1.0": {
							"post": [0, 10, 0],
							"lerp_mode": "catmullrom"
						}
					}
				},
				"jaw": {
					"rotation": {
						"0.0": {
							"post": [0, 0, 0],
							"lerp_mode": "catmullrom"
						},
						"0.25": {
							"post": [0, 0, 0],
							"lerp_mode": "catmullrom"
						},
						"0.5": {
							"post": [22.5, 0, 0],
							"lerp_mode": "catmullrom"
						},
						"1.0": {
							"post": [0, 0, 0],
							"lerp_mode": "catmullrom"
						}
					}
				}
			}
		},
		"animation.calyrex.float": {
			"loop": true,
			"bones": {
				"torso": {
					"rotation": [12.5, 0, 0],
					"position": [0, "9+math.cos((q.anim_time-0.47)*360*0.75)*2", 0]
				},
				"head": {
					"rotation": ["math.cos((q.anim_time - 0.17)*360*0.5)*3", 0, 0]
				},
				"onion": {
					"rotation": ["math.cos((q.anim_time - 0.45)*360*0.5)*3.25", 0, 0]
				},
				"left_arm": {
					"rotation": [13.14164, "-29.5675+math.cos((q.anim_time -0.53)*180*2)*4", 42.44639]
				},
				"right_arm": {
					"rotation": [13.14164, "29.5675-math.cos((q.anim_time -0.53)*180*2)*4", -42.4464]
				},
				"left_leg": {
					"rotation": ["27.5+math.cos((q.anim_time - 0.5)*45*5)*5", 0, 0]
				},
				"right_leg": {
					"rotation": ["12.5+math.cos((q.anim_time - 0.72)*45*5)*5", 0, 0]
				},
				"bottomjaw": {
					"rotation": ["math.cos((q.anim_time -0.62)*90*1)*4", 0, 0]
				}
			}
		}
	}
}