{
  "species": "cobblemon:latios",
  "order": 0,
  "variations": [
    {
      "aspects": [],
      "poser": "cobblemon:latios",
      "model": "cobblemon:latios.geo",
      "texture": "cobblemon:textures/pokemon/0381_latios/latios.png",
      "layers": []
    },
    {
      "aspects": [
        "shiny"
      ],
      "texture": "cobblemon:textures/pokemon/0381_latios/latios_shiny.png"
    },
    {
      "aspects": ["mega"],
      "poser": "cobblemon:mega_latios",
      "model": "cobblemon:mega_latios.geo",
      "texture": "cobblemon:textures/pokemon/0381_latios/megalatios.png"
    },
    {
      "aspects": ["mega","shiny"],
      "poser": "cobblemon:mega_latios",
      "model": "cobblemon:mega_latios.geo",
      "texture": "cobblemon:textures/pokemon/0381_latios/megalatios_shiny.png"
    }
  ]
}