{
  "implemented": true,
  "nationalPokedexNumber": 243,
  "name": "Raikou",
  "primaryType": "electric",
  "maleRatio": -1,
  "height": 19,
  "weight": 1780,
  "pokedex": [
    "cobblemon.species.raikou.desc"
  ],
  "labels": [
    "gen2",
    "legendary"
  ],
  "aspects": [],
  "abilities": [
    "pressure",
    "h:innerfocus"
  ],
  "eggGroups": [
    "undiscovered"
  ],
  "baseStats": {
    "hp": 90,
    "attack": 85,
    "defence": 75,
    "special_attack": 115,
    "special_defence": 100,
    "speed": 115
  },
  "evYield": {
    "hp": 0,
    "attack": 0,
    "defence": 0,
    "special_attack": 1,
    "special_defence": 0,
    "speed": 2
  },
  "baseExperienceYield": 290,
  "experienceGroup": "slow",
  "catchRate": 3,
  "eggCycles": 80,
  "baseFriendship": 35,
  "baseScale": 1,
  "hitbox": {
    "width": 1,
    "height": 1,
    "fixed": false
  },
  "drops": {
    "amount": 1,
    "entries": [
      {
        "item": "cobblemon:magnet"
      }
    ]
  },
  "moves": [
    "1:leer",
    "1:thundershock",
    "1:quickattack",
    "1:extremespeed",
    "1:charge",
    "6:spark",
    "12:bite",
    "18:calmmind",
    "24:roar",
    "30:thunderfang",
    "36:howl",
    "42:crunch",
    "48:extrasensory",
    "54:discharge",
    "60:reflect",
    "66:raindance",
    "72:thunder",
    "78:zapcannon",
    "tm:agility",
    "tm:aurasphere",
    "tm:bodyslam",
    "tm:calmmind",
    "tm:charge",
    "tm:chargebeam",
    "tm:crunch",
    "tm:cut",
    "tm:doubleedge",
    "tm:eerieimpulse",
    "tm:electricterrain",
    "tm:electroball",
    "tm:electroweb",
    "tm:endure",
    "tm:facade",
    "tm:flash",
    "tm:gigaimpact",
    "tm:headbutt",
    "tm:helpinghand",
    "tm:hyperbeam",
    "tm:ironhead",
    "tm:irontail",
    "tm:laserfocus",
    "tm:lightscreen",
    "tm:magnetrise",
    "tm:mudslap",
    "tm:protect",
    "tm:quash",
    "tm:raindance",
    "tm:reflect",
    "tm:rest",
    "tm:risingvoltage",
    "tm:roar",
    "tm:rockclimb",
    "tm:rocksmash",
    "tm:sandstorm",
    "tm:scald",
    "tm:scaryface",
    "tm:shadowball",
    "tm:shockwave",
    "tm:signalbeam",
    "tm:sleeptalk",
    "tm:snarl",
    "tm:strength",
    "tm:substitute",
    "tm:sunnyday",
    "tm:supercellslam",
    "tm:swift",
    "tm:takedown",
    "tm:terablast",
    "tm:throatchop",
    "tm:thunder",
    "tm:thunderbolt",
    "tm:thunderfang",
    "tm:thunderwave",
    "tm:trailblaze",
    "tm:voltswitch",
    "tm:weatherball",
    "tm:wildcharge",
    "tutor:calmmind",
    "tutor:chargebeam",
    "tutor:electroweb",
    "tutor:gigaimpact",
    "tutor:helpinghand",
    "tutor:hyperbeam",
    "tutor:ironhead",
    "tutor:irontail",
    "tutor:laserfocus",
    "tutor:magnetrise",
    "tutor:mudslap",
    "tutor:rest",
    "tutor:risingvoltage",
    "tutor:rocksmash",
    "tutor:shadowball",
    "tutor:shockwave",
    "tutor:signalbeam",
    "tutor:sleeptalk",
    "tutor:snarl",
    "tutor:swift",
    "tutor:throatchop",
    "tutor:thunderbolt",
    "tutor:thunderfang",
    "tutor:wildcharge"
  ],
  "evolutions": []
}