{
  "implemented": true,
  "nationalPokedexNumber": 175,
  "name": "Togepi",
  "primaryType": "fairy",
  "maleRatio": 0.875,
  "height": 3,
  "weight": 15,
  "pokedex": [
    "cobblemon.species.togepi.desc"
  ],
  "labels": [
    "gen2",
    "baby"
  ],
  "aspects": [],
  "abilities": [
    "hustle",
    "serenegrace",
    "h:superluck"
  ],
  "eggGroups": [
    "undiscovered"
  ],
  "baseStats": {
    "hp": 35,
    "attack": 20,
    "defence": 65,
    "special_attack": 40,
    "special_defence": 65,
    "speed": 20
  },
  "evYield": {
    "hp": 0,
    "attack": 0,
    "defence": 0,
    "special_attack": 0,
    "special_defence": 1,
    "speed": 0
  },
  "baseExperienceYield": 49,
  "experienceGroup": "fast",
  "catchRate": 190,
  "eggCycles": 10,
  "baseFriendship": 50,
  "baseScale": 1,
  "hitbox": {
    "width": 1,
    "height": 1,
    "fixed": false
  },
  "drops": {
    "amount": 3,
    "entries": [
      {
        "item": "cobblemon:lucky_egg",
        "percentage": 2.5
      },
      {
        "item": "cobblemon:shiny_stone",
        "percentage": 2.5
      },
      {
        "item": "cobblemon:fairy_feather",
        "percentage": 2.5
      }
    ]
  },
  "moves": [
    "1:growl",
    "1:pound",
    "4:sweetkiss",
    "8:lifedew",
    "12:charm",
    "16:ancientpower",
    "20:yawn",
    "24:metronome",
    "28:afteryou",
    "32:doubleedge",
    "36:safeguard",
    "40:followme",
    "44:batonpass",
    "48:lastresort",
    "52:wish",
    "egg:aerialace",
    "egg:bestow",
    "egg:extrasensory",
    "egg:foresight",
    "egg:luckychant",
    "egg:mirrormove",
    "egg:morningsun",
    "egg:peck",
    "egg:present",
    "egg:psychoshift",
    "egg:secretpower",
    "tm:aerialace",
    "tm:afteryou",
    "tm:ancientpower",
    "tm:babydolleyes",
    "tm:batonpass",
    "tm:bodyslam",
    "tm:charm",
    "tm:covet",
    "tm:dazzlinggleam",
    "tm:doubleedge",
    "tm:drainingkiss",
    "tm:dreameater",
    "tm:echoedvoice",
    "tm:encore",
    "tm:endeavor",
    "tm:endure",
    "tm:facade",
    "tm:fireblast",
    "tm:flamethrower",
    "tm:flash",
    "tm:fling",
    "tm:futuresight",
    "tm:grassknot",
    "tm:headbutt",
    "tm:healbell",
    "tm:helpinghand",
    "tm:hypervoice",
    "tm:incinerate",
    "tm:lastresort",
    "tm:lightscreen",
    "tm:magiccoat",
    "tm:megakick",
    "tm:megapunch",
    "tm:metronome",
    "tm:mudslap",
    "tm:mysticalfire",
    "tm:nastyplot",
    "tm:playrough",
    "tm:protect",
    "tm:psychic",
    "tm:psychup",
    "tm:psyshock",
    "tm:raindance",
    "tm:reflect",
    "tm:rest",
    "tm:rocksmash",
    "tm:rollout",
    "tm:safeguard",
    "tm:secretpower",
    "tm:shadowball",
    "tm:shockwave",
    "tm:signalbeam",
    "tm:sleeptalk",
    "tm:solarbeam",
    "tm:storedpower",
    "tm:substitute",
    "tm:sunnyday",
    "tm:swift",
    "tm:telekinesis",
    "tm:terablast",
    "tm:thunderwave",
    "tm:triattack",
    "tm:trick",
    "tm:uproar",
    "tm:waterpulse",
    "tm:workup",
    "tm:zenheadbutt",
    "tutor:aerialace",
    "tutor:afteryou",
    "tutor:ancientpower",
    "tutor:babydolleyes",
    "tutor:covet",
    "tutor:dazzlinggleam",
    "tutor:endeavor",
    "tutor:flamethrower",
    "tutor:healbell",
    "tutor:helpinghand",
    "tutor:hypervoice",
    "tutor:lastresort",
    "tutor:magiccoat",
    "tutor:mudslap",
    "tutor:mysticalfire",
    "tutor:playrough",
    "tutor:psychic",
    "tutor:rest",
    "tutor:rocksmash",
    "tutor:rollout",
    "tutor:shadowball",
    "tutor:shockwave",
    "tutor:signalbeam",
    "tutor:sleeptalk",
    "tutor:swift",
    "tutor:telekinesis",
    "tutor:trick",
    "tutor:uproar",
    "tutor:waterpulse",
    "tutor:zenheadbutt"
  ],
  "evolutions": [
    {
      "id": "togepi_togetic",
      "variant": "level_up",
      "result": "togetic",
      "consumeHeldItem": false,
      "learnableMoves": [
        "fairywind"
      ],
      "requirements": [
        {
          "variant": "friendship",
          "amount": 160
        }
      ]
    }
  ]
}