{
  "species": "cobblemon:xerneas",
  "order": 2,
  "variations": [
    {
      "aspects": [],
      "poser": "hydro_reanimodel:xerneas_active",
      "model": "hydro_reanimodel:xerneas_neutral.geo",
      "texture": "hydro_reanimodel:textures/pokemon/xerneas/xerneas_neutral.png",
      "layers": []
    },
    {
      "aspects": ["shiny"],
      "texture": "hydro_reanimodel:textures/pokemon/xerneas/xerneas_neutral_shiny.png"
    },
    {
      "aspects": ["active-mode"],
      "poser": "hydro_reanimodel:xerneas_active",
      "model": "hydro_reanimodel:xerneas_active.geo",
      "texture": "hydro_reanimodel:textures/pokemon/xerneas/xerneas_active.png",
      "layers": [
        {
          "name": "emissive",
          "emissive": true,
          "texture": "hydro_reanimodel:textures/pokemon/xerneas/xerneas_active_emissive.png",
          "translucent": false
        }
      ]
    },
    {
      "aspects": ["shiny","active-mode"],
      "texture": "hydro_reanimodel:textures/pokemon/xerneas/xerneas_active_shiny.png",
      "layers": [
        {
          "name": "emissive",
          "emissive": true,
          "texture": "hydro_reanimodel:textures/pokemon/xerneas/xerneas_active_emissive.png",
          "translucent": false
        }
      ]
    }
  ]
}
