{
	"format_version": "1.8.0",
	"animations": {
		"animation.registeel.ground_idle": {
			"loop": true,
			"animation_length": 2,
			"bones": {
				"waist": {
					"rotation": [2.5, 0, 0]
				},
				"chest": {
					"rotation": [-2.5, 0, 0]
				},
				"shoulder_left": {
					"rotation": [-17.5, 0, 0]
				},
				"arm_left": {
					"rotation": [
						"-5+Math.cos((query.anim_time - 0.2) * 180) * 4",
						"-Math.cos((query.anim_time - 0.2) * 180) * 6",
						"-15+Math.cos((query.anim_time - 0.2) * 180) * 2"
					]
				},
				"arm_left2": {
					"rotation": ["-12.5+Math.cos((query.anim_time - 0.2) * 180) * 4", "-Math.cos((query.anim_time - 0.2) * 180) * 6", 0]
				},
				"arm_left3": {
					"rotation": ["-12.5+Math.cos((query.anim_time - 0.2) * 180) * 3", "-Math.cos((query.anim_time - 0.2) * 180) * 3", 0]
				},
				"finger_left_middle2": {
					"rotation": ["12.5-Math.cos((query.anim_time + 0.3) * 180) * -5", 0, 0]
				},
				"leg_left2": {
					"rotation": [0, -10, 0]
				},
				"leg_right2": {
					"rotation": [0, 10, 0]
				},
				"finger_left_inner": {
					"rotation": ["-10-Math.cos((query.anim_time + 0.3) * 180) * -15", 0, 0]
				},
				"finger_left_inner2": {
					"rotation": ["10-Math.cos((query.anim_time + 0.3) * 180) * -5", 0, 0]
				},
				"finger_left_outer": {
					"rotation": ["17.5-Math.cos((query.anim_time + 0.3) * 180) * -15", 0, 0]
				},
				"finger_left_outer2": {
					"rotation": ["7.5-Math.cos((query.anim_time + 0.3) * 180) * -5", 0, 0]
				},
				"shoulder_right": {
					"rotation": [-20, 0, 0]
				},
				"arm_right": {
					"rotation": [
						"-5+Math.cos((query.anim_time - 0.2) * 180) * 4",
						"Math.cos((query.anim_time - 0.2) * 180) * 6",
						"15+Math.cos((query.anim_time - 0.2) * 180) * 4"
					]
				},
				"arm_right2": {
					"rotation": ["-12.5+Math.cos((query.anim_time - 0.2) * 180) * 4", "Math.cos((query.anim_time - 0.2) * 180) * 6", 0]
				},
				"arm_right3": {
					"rotation": ["-12.5+Math.cos((query.anim_time - 0.2) * 180) * 3", "Math.cos((query.anim_time - 0.2) * 180) * 3", 0]
				},
				"finger_right_inner": {
					"rotation": ["-10-Math.cos((query.anim_time + 0.3) * 180) * -15", 0, 0]
				},
				"finger_right_inner2": {
					"rotation": ["10-Math.cos((query.anim_time + 0.3) * 180) * -5", 0, 0]
				},
				"finger_right_middle2": {
					"rotation": ["12.5-Math.cos((query.anim_time + 0.3) * 180) * -5", 0, 0]
				},
				"finger_right_outer": {
					"rotation": ["17.5-Math.cos((query.anim_time + 0.3) * 180) * -15", 0, 0]
				},
				"finger_right_outer2": {
					"rotation": ["7.5-Math.cos((query.anim_time + 0.3) * 180) * -5", 0, 0]
				},
				"finger_right_middle": {
					"rotation": ["5-Math.cos((query.anim_time + 0.3) * 180) * -15", 0, 0]
				},
				"torso": {
					"rotation": ["-Math.cos((query.anim_time + 0.3) * 180) * -1.5", 0, 0]
				},
				"finger_left_middle": {
					"rotation": ["5-Math.cos((query.anim_time + 0.3) * 180) * -15", 0, 0]
				}
			}
		},
		"animation.registeel.blink": {
			"animation_length": 0.1667,
			"bones": {
				"eyelid_center": {
					"position": {
						"0.0": [0, 0, -0.1],
						"0.125": [0, 0, -0.1],
						"0.1667": [0, 0, 0]
					}
				},
				"eyelid_left": {
					"position": {
						"0.0": [0, 0, -0.1],
						"0.125": [0, 0, -0.1],
						"0.1667": [0, 0, 0]
					}
				},
				"eyelid_left_top": {
					"position": {
						"0.0": [0, 0, -0.1],
						"0.125": [0, 0, -0.1],
						"0.1667": [0, 0, 0]
					}
				},
				"eyelid_left_bottom": {
					"position": {
						"0.0": [0, 0, -0.1],
						"0.125": [0, 0, -0.1],
						"0.1667": [0, 0, 0]
					}
				},
				"eyelid_right": {
					"position": {
						"0.0": [0, 0, -0.1],
						"0.125": [0, 0, -0.1],
						"0.1667": [0, 0, 0]
					}
				},
				"eyelid_right_top": {
					"position": {
						"0.0": [0, 0, -0.1],
						"0.125": [0, 0, -0.1],
						"0.1667": [0, 0, 0]
					}
				},
				"eyelid_right_bottom": {
					"position": {
						"0.0": [0, 0, -0.1],
						"0.125": [0, 0, -0.1],
						"0.1667": [0, 0, 0]
					}
				}
			}
		},
		"animation.registeel.ground_walk": {
			"loop": true,
			"animation_length": 2,
			"bones": {
				"torso": {
					"rotation": {
						"0.0": {
							"post": ["-math.sin(q.anim_time*90*4)*1.2", "math.sin(q.anim_time*90*4)*1.2", "math.sin(q.anim_time*90*2-30)*-1"],
							"lerp_mode": "catmullrom"
						}
					},
					"position": {
						"0.0": {
							"post": [0, 0, 0],
							"lerp_mode": "catmullrom"
						},
						"0.75": {
							"post": [0, 0, 0],
							"lerp_mode": "catmullrom"
						},
						"0.7917": {
							"post": [0.02332, -1.24942, 0.02836],
							"lerp_mode": "catmullrom"
						},
						"1.0": {
							"post": [0.01127, 0.04996, 0.02],
							"lerp_mode": "catmullrom"
						},
						"1.6667": {
							"post": [0, 0, 0],
							"lerp_mode": "catmullrom"
						},
						"1.75": {
							"post": [-0.02608, -1.24933, 0.02964],
							"lerp_mode": "catmullrom"
						},
						"2.0": {
							"post": [0, 0, 0],
							"lerp_mode": "catmullrom"
						}
					}
				},
				"arm_left": {
					"rotation": {
						"0.0": {
							"post": [-85, "-70+Math.cos((query.anim_time - 0.2) * 180) * 20", 85],
							"lerp_mode": "catmullrom"
						}
					}
				},
				"arm_left2": {
					"rotation": {
						"0.0": {
							"post": [0, 0, -7.5],
							"lerp_mode": "catmullrom"
						},
						"0.5": {
							"post": [0, 0, 12.5],
							"lerp_mode": "catmullrom"
						},
						"1.0": {
							"post": [0, 0, -7.5],
							"lerp_mode": "catmullrom"
						},
						"1.5": {
							"post": [0, 0, -27.5],
							"lerp_mode": "catmullrom"
						},
						"2.0": {
							"post": [0, 0, -7.5],
							"lerp_mode": "catmullrom"
						}
					},
					"position": {
						"0.0": {
							"post": [0, 0.5, 0],
							"lerp_mode": "catmullrom"
						},
						"1.5": {
							"post": [0, 1.5, 0],
							"lerp_mode": "catmullrom"
						},
						"2.0": {
							"post": [0, 0.5, 0],
							"lerp_mode": "catmullrom"
						}
					}
				},
				"arm_left3": {
					"rotation": {
						"0.0": {
							"post": [0, 0, -2.5],
							"lerp_mode": "catmullrom"
						},
						"0.5": {
							"post": [15, 0, -2.5],
							"lerp_mode": "catmullrom"
						},
						"1.0": {
							"post": [0, 0, -2.5],
							"lerp_mode": "catmullrom"
						},
						"1.5": {
							"post": [15, 0, -2.5],
							"lerp_mode": "catmullrom"
						},
						"2.0": {
							"post": [0, 0, -2.5],
							"lerp_mode": "catmullrom"
						}
					}
				},
				"arm_right": {
					"rotation": {
						"0.0": {
							"post": [85, "70-Math.cos((query.anim_time - 0.2) * 180) * 20", 85],
							"lerp_mode": "catmullrom"
						}
					}
				},
				"arm_right2": {
					"rotation": {
						"0.0": {
							"post": [0, 0, -7.5],
							"lerp_mode": "catmullrom"
						},
						"0.5": {
							"post": [0, 0, 12.5],
							"lerp_mode": "catmullrom"
						},
						"1.0": {
							"post": [0, 0, -7.5],
							"lerp_mode": "catmullrom"
						},
						"1.5": {
							"post": [0, 0, -27.5],
							"lerp_mode": "catmullrom"
						},
						"2.0": {
							"post": [0, 0, -7.5],
							"lerp_mode": "catmullrom"
						}
					},
					"position": {
						"0.0": {
							"post": [0, 0, 0],
							"lerp_mode": "catmullrom"
						},
						"2.0": {
							"post": [0, 0.75, 0],
							"lerp_mode": "catmullrom"
						}
					}
				},
				"arm_right3": {
					"rotation": {
						"0.0": {
							"post": [0, 0, -2.5],
							"lerp_mode": "catmullrom"
						},
						"0.5": {
							"post": [15, 0, -2.5],
							"lerp_mode": "catmullrom"
						},
						"1.0": {
							"post": [0, 0, -2.5],
							"lerp_mode": "catmullrom"
						},
						"1.5": {
							"post": [15, 0, -2.5],
							"lerp_mode": "catmullrom"
						},
						"2.0": {
							"post": [0, 0, -2.5],
							"lerp_mode": "catmullrom"
						}
					}
				},
				"leg_left": {
					"rotation": {
						"0.0": {
							"post": [-16.18, 0, 0],
							"lerp_mode": "catmullrom"
						},
						"0.6667": {
							"post": [20.43, 0, 0],
							"lerp_mode": "catmullrom"
						},
						"1.0417": {
							"post": [7.5, 0, 0],
							"lerp_mode": "catmullrom"
						},
						"1.5417": {
							"post": [-37.5, 0, 0],
							"lerp_mode": "catmullrom"
						},
						"1.7917": {
							"post": [-24, 0, 0],
							"lerp_mode": "catmullrom"
						},
						"2.0": {
							"post": [-16.18, 0, 0],
							"lerp_mode": "catmullrom"
						}
					},
					"position": {
						"0.0": {
							"post": [-0.5, -0.89961, -0.14134],
							"lerp_mode": "catmullrom"
						},
						"0.1667": {
							"post": [-0.5, -0.49947, -0.20272],
							"lerp_mode": "catmullrom"
						},
						"0.2917": {
							"post": [-0.5, 0.47996, -0.17892],
							"lerp_mode": "catmullrom"
						},
						"0.5": {
							"post": [-0.5, 0.63993, -0.04338],
							"lerp_mode": "catmullrom"
						},
						"0.6667": {
							"post": [-0.5, 0.0371, 0.00094],
							"lerp_mode": "catmullrom"
						},
						"1.0417": {
							"post": [-0.5, 0.74144, 0.36947],
							"lerp_mode": "catmullrom"
						},
						"1.5417": {
							"post": [-0.5, 0.79335, 0.10876],
							"lerp_mode": "catmullrom"
						},
						"1.7917": {
							"post": [-0.5, -1.79323, -0.29663],
							"lerp_mode": "catmullrom"
						},
						"1.875": {
							"post": [-0.5, -1.12181, -0.0879],
							"lerp_mode": "catmullrom"
						},
						"2.0": {
							"post": [-0.5, -0.89961, -0.14134],
							"lerp_mode": "catmullrom"
						}
					}
				},
				"leg_left2": {
					"rotation": {
						"0.0": {
							"post": [2.94, 0, 0],
							"lerp_mode": "catmullrom"
						},
						"0.5": {
							"post": [0.04, 0, 0],
							"lerp_mode": "catmullrom"
						},
						"1.0417": {
							"post": [25, 0, 0],
							"lerp_mode": "catmullrom"
						},
						"1.5417": {
							"post": [42.5, 0, 0],
							"lerp_mode": "catmullrom"
						},
						"1.7917": {
							"post": [7.5, 0, 0],
							"lerp_mode": "catmullrom"
						},
						"2.0": {
							"post": [2.94, 0, 0],
							"lerp_mode": "catmullrom"
						}
					},
					"position": {
						"0.0": [0, 0, 0],
						"1.0": [0, 0.09527, 0.23113],
						"1.375": [0, 0.26107, 0.4212],
						"1.4167": [0, 0.34334, 0.41031],
						"1.4583": [0, 0.52072, 0.38684],
						"1.5": [0, 0.74462, 0.35721],
						"1.5417": [0, 0.99292, 0.32435],
						"1.625": [0, 1.51103, 0.25579],
						"1.6667": [0, 1.75933, 0.22294],
						"1.7083": [0, 1.98323, 0.19331],
						"1.75": [0, 2.16062, 0.16983],
						"1.7917": [0, 2.24289, 0.15895],
						"1.8333": [0, 2.10656, 0.17143],
						"1.875": [0, 1.6154, 0.2164],
						"1.9167": [0, 0.87881, 0.28384],
						"1.9583": [0, 0.38764, 0.32881],
						"2.0": {
							"pre": [0, 0.25132, 0.34129],
							"post": [0, 0.25132, 0.34129],
							"lerp_mode": "catmullrom"
						}
					}
				},
				"leg_right": {
					"rotation": {
						"0.0": {
							"post": [7.5, 0, 0],
							"lerp_mode": "catmullrom"
						},
						"0.5417": {
							"post": [-37.5, 0, 0],
							"lerp_mode": "catmullrom"
						},
						"0.7917": {
							"post": [-24, 0, 0],
							"lerp_mode": "catmullrom"
						},
						"1.625": {
							"post": [20.43, 0, 0],
							"lerp_mode": "catmullrom"
						},
						"2.0": {
							"post": [7.5, 0, 0],
							"lerp_mode": "catmullrom"
						}
					},
					"position": {
						"0.0": {
							"post": [0.5, 0.66144, 0.06947],
							"lerp_mode": "catmullrom"
						},
						"0.5417": {
							"post": [0.5, 0.79335, 0.10876],
							"lerp_mode": "catmullrom"
						},
						"0.7917": {
							"post": [0.5, -1.59323, -0.25663],
							"lerp_mode": "catmullrom"
						},
						"1.125": {
							"post": [0.5, -0.49495, -0.24065],
							"lerp_mode": "catmullrom"
						},
						"1.25": {
							"post": [0.5, 0.47896, -0.21568],
							"lerp_mode": "catmullrom"
						},
						"1.625": {
							"post": [0.5, 0.0371, 0.00094],
							"lerp_mode": "catmullrom"
						},
						"2.0": {
							"post": [0.5, 0.74144, 0.36947],
							"lerp_mode": "catmullrom"
						}
					}
				},
				"leg_right2": {
					"rotation": {
						"0.0": {
							"post": [25, 0, 0],
							"lerp_mode": "catmullrom"
						},
						"0.5417": {
							"post": [42.5, 0, 0],
							"lerp_mode": "catmullrom"
						},
						"0.7917": {
							"post": [7.5, 0, 0],
							"lerp_mode": "catmullrom"
						},
						"1.4167": {
							"post": [0.04, 0, 0],
							"lerp_mode": "catmullrom"
						},
						"2.0": {
							"post": [25, 0, 0],
							"lerp_mode": "catmullrom"
						}
					},
					"position": {
						"0.0": [0, 0.10565, 0.22658],
						"0.375": [0, 0.27346, 0.41916],
						"0.4167": [0, 0.35563, 0.40836],
						"0.4583": [0, 0.5328, 0.38507],
						"0.5": [0, 0.75643, 0.35567],
						"0.5417": [0, 1.00443, 0.32307],
						"0.625": [0, 1.52192, 0.25504],
						"0.6667": [0, 1.76992, 0.22244],
						"0.7083": [0, 1.99355, 0.19304],
						"0.75": [0, 2.17072, 0.16975],
						"0.7917": [0, 2.25289, 0.15895],
						"0.8333": [0, 2.1165, 0.17004],
						"0.875": [0, 1.62513, 0.20999],
						"0.9167": [0, 0.88824, 0.2699],
						"0.9583": [0, 0.39686, 0.30984],
						"1.0": {
							"pre": [0, 0.26048, 0.32093],
							"post": [0, 0.26048, 0.32093],
							"lerp_mode": "catmullrom"
						}
					}
				}
			}
		},
		"animation.registeel.faint": {
			"animation_length": 2.25,
			"bones": {
				"torso": {
					"rotation": {
						"0.0": [0, 0, 0],
						"1.0417": [0, 0, 0],
						"1.1667": [9.5917, 0, -2.39048],
						"1.3333": [12.74124, 0, -4.26544],
						"1.5417": [8.38301, 0, -3.85418],
						"1.625": [5.10228, 0, -2.6156],
						"1.6667": [6.42098, 0, -2.38698],
						"1.75": [5.70056, -2.95999, 24.96562],
						"1.8333": [19.4618, -7.49884, 39.25111],
						"1.9167": [18.3725, -9.93357, 46.42848],
						"2.0": [20.23227, -4.94924, 32.15529],
						"2.0833": [19.75432, -6.65976, 36.87801],
						"2.125": [20.23227, -4.94924, 32.15529],
						"2.1667": [20.01119, -5.8094, 34.51306],
						"2.2083": [20.23227, -4.94924, 32.15529]
					},
					"position": {
						"0.0": [0, 0, 0],
						"0.2083": [0, -1.23, 0],
						"0.5": [0, -2, 0],
						"0.9583": [0, -2.2, 0],
						"1.0417": [-1, 2.72, 1],
						"1.125": [-1, 7.3, 1],
						"1.25": [-1, 8.8, 1],
						"1.3333": [-1, 9.05, 1],
						"1.5": [-1, 8.8, 1],
						"1.625": [-1, 6.55, 1],
						"1.7083": [-1, 1.55, 1],
						"1.8333": [1.6579, 0.16891, 1.16775],
						"1.9167": [4.37571, -2.68461, 1.86002],
						"2.0": [3.53655, -2.14977, 1.77373],
						"2.0417": [1.44145, -5.26397, 3.14815]
					}
				},
				"waist": {
					"rotation": {
						"0.0": [0, 0, 0],
						"1.0417": [0, 0, 0],
						"1.1667": [9.5917, 0, -2.39048],
						"1.3333": [12.74124, 0, -4.26544],
						"1.5417": [8.38301, 0, -3.85418],
						"1.625": [5.10228, 0, -2.6156],
						"1.6667": [6.42098, 0, -2.38698],
						"1.8333": [18.50335, -4.02453, 9.4572]
					},
					"position": {
						"0.0": [0, 0, 0],
						"0.2083": [0, -1.23, 0],
						"0.5": [0, -2, 0],
						"0.9583": [0, -2.2, 0],
						"1.0417": [-1, 2.72, 1],
						"1.125": [-1, 7.3, 1],
						"1.25": [-1, 8.8, 1],
						"1.3333": [-1, 9.05, 1],
						"1.5": [-1, 8.8, 1],
						"1.625": [-1, 6.55, 1],
						"1.7083": [-1, -3.2, 1],
						"1.75": [-1.24832, 2.75719, 0.329],
						"1.8333": [2.8907, 2.38817, -1.59778],
						"1.875": [6.1975, 3.7618, -2.0226],
						"1.9583": [9.15193, 3.26828, -1.80945],
						"2.0": [13.0859, 2.61438, -1.52927],
						"2.0417": [13.13052, 1.63805, -4.3679]
					}
				},
				"eyelid_center": {
					"position": {
						"0.25": [0, 0, -0.1],
						"0.375": [0, 0, -0.1],
						"0.4167": [0, 0, 0],
						"0.75": [0, 0, -0.1],
						"0.875": [0, 0, -0.1],
						"0.9167": [0, 0, 0],
						"1.25": [0, 0, -0.1],
						"1.375": [0, 0, -0.1],
						"1.4167": [0, 0, 0],
						"1.75": [0, 0, -0.1],
						"1.875": [0, 0, -0.1],
						"1.9167": [0, 0, 0],
						"2.0": [0, 0, -0.1],
						"2.125": [0, 0, -0.1],
						"2.1667": [0, 0, 0],
						"2.25": [0, 0, -0.1]
					}
				},
				"eyelid_left": {
					"position": {
						"0.25": [0, 0, -0.1],
						"0.375": [0, 0, -0.1],
						"0.4167": [0, 0, 0],
						"0.75": [0, 0, -0.1],
						"0.875": [0, 0, -0.1],
						"0.9167": [0, 0, 0],
						"1.25": [0, 0, -0.1],
						"1.375": [0, 0, -0.1],
						"1.4167": [0, 0, 0],
						"1.75": [0, 0, -0.1],
						"1.875": [0, 0, -0.1],
						"1.9167": [0, 0, 0],
						"2.0": [0, 0, -0.1],
						"2.125": [0, 0, -0.1],
						"2.1667": [0, 0, 0],
						"2.25": [0, 0, -0.1]
					}
				},
				"eyelid_left_top": {
					"position": {
						"0.25": [0, 0, -0.1],
						"0.375": [0, 0, -0.1],
						"0.4167": [0, 0, 0],
						"0.75": [0, 0, -0.1],
						"0.875": [0, 0, -0.1],
						"0.9167": [0, 0, 0],
						"1.25": [0, 0, -0.1],
						"1.375": [0, 0, -0.1],
						"1.4167": [0, 0, 0],
						"1.75": [0, 0, -0.1],
						"1.875": [0, 0, -0.1],
						"1.9167": [0, 0, 0],
						"2.0": [0, 0, -0.1],
						"2.125": [0, 0, -0.1],
						"2.1667": [0, 0, 0]
					}
				},
				"eyelid_left_bottom": {
					"position": {
						"0.25": [0, 0, -0.1],
						"0.375": [0, 0, -0.1],
						"0.4167": [0, 0, 0],
						"0.75": [0, 0, -0.1],
						"0.875": [0, 0, -0.1],
						"0.9167": [0, 0, 0],
						"1.25": [0, 0, -0.1],
						"1.375": [0, 0, -0.1],
						"1.4167": [0, 0, 0],
						"1.75": [0, 0, -0.1],
						"1.875": [0, 0, -0.1],
						"1.9167": [0, 0, 0],
						"2.0": [0, 0, -0.1],
						"2.125": [0, 0, -0.1],
						"2.1667": [0, 0, 0],
						"2.25": [0, 0, -0.1]
					}
				},
				"eyelid_right": {
					"position": {
						"0.25": [0, 0, -0.1],
						"0.375": [0, 0, -0.1],
						"0.4167": [0, 0, 0],
						"0.75": [0, 0, -0.1],
						"0.875": [0, 0, -0.1],
						"0.9167": [0, 0, 0],
						"1.25": [0, 0, -0.1],
						"1.375": [0, 0, -0.1],
						"1.4167": [0, 0, 0],
						"1.75": [0, 0, -0.1],
						"1.875": [0, 0, -0.1],
						"1.9167": [0, 0, 0],
						"2.0": [0, 0, -0.1],
						"2.125": [0, 0, -0.1],
						"2.1667": [0, 0, 0]
					}
				},
				"eyelid_right_top": {
					"position": {
						"0.25": [0, 0, -0.1],
						"0.375": [0, 0, -0.1],
						"0.4167": [0, 0, 0],
						"0.75": [0, 0, -0.1],
						"0.875": [0, 0, -0.1],
						"0.9167": [0, 0, 0],
						"1.25": [0, 0, -0.1],
						"1.375": [0, 0, -0.1],
						"1.4167": [0, 0, 0],
						"1.75": [0, 0, -0.1],
						"1.875": [0, 0, -0.1],
						"1.9167": [0, 0, 0],
						"2.0": [0, 0, -0.1],
						"2.125": [0, 0, -0.1],
						"2.1667": [0, 0, 0],
						"2.25": [0, 0, -0.1]
					}
				},
				"eyelid_right_bottom": {
					"position": {
						"0.25": [0, 0, -0.1],
						"0.375": [0, 0, -0.1],
						"0.4167": [0, 0, 0],
						"0.75": [0, 0, -0.1],
						"0.875": [0, 0, -0.1],
						"0.9167": [0, 0, 0],
						"1.25": [0, 0, -0.1],
						"1.375": [0, 0, -0.1],
						"1.4167": [0, 0, 0],
						"1.75": [0, 0, -0.1],
						"1.875": [0, 0, -0.1],
						"1.9167": [0, 0, 0],
						"2.0": [0, 0, -0.1],
						"2.125": [0, 0, -0.1],
						"2.1667": [0, 0, 0]
					}
				},
				"shoulder_left": {
					"rotation": {
						"0.0": [0, 0, 0],
						"0.875": [0, 0, 0],
						"0.9167": [10, 0, -4.56522],
						"0.9583": [0, 0, -5],
						"1.125": [-46.5, -13, -5],
						"1.1667": [-54.35849, -10.45225, -1.99302],
						"1.375": [-89.75, -22, -5],
						"1.5": [-98.59375, -23.125, -5]
					},
					"position": {
						"0.0": [-0.5, 0, 0],
						"0.0833": [0.5, 0, 0],
						"0.2083": [-0.5, 0, 0],
						"0.2917": [0.5, 0, 0],
						"0.4167": [-0.5, 0, 0],
						"0.5": [0.5, 0, 0],
						"0.625": [-0.5, 0, 0],
						"0.6667": [0.5, 0, 0],
						"0.75": [-0.5, 0, 0],
						"0.7917": [0.5, 0, 0],
						"0.8333": [-0.39, 0, 0],
						"0.875": [0.5, 0, 0],
						"0.9167": [-0.39, 0, 0],
						"0.9583": [0.5, 0, 0],
						"1.0": [-0.39, 0, 0],
						"1.0417": [0.5, 1, 0],
						"1.0833": [-0.5, 2, 8],
						"1.125": [-0.5, 3.25, 10],
						"1.1667": [4.41406, 3.671, 12.30708],
						"1.25": [-0.5, 3.455, 13.575],
						"1.3333": [-0.5, 3, 15],
						"1.4167": [-0.5, -1.5, 15.7],
						"1.5": [-0.5, -12, 16],
						"2.0417": [4.24925, -11.88449, 20.17508]
					}
				},
				"arm_left": {
					"rotation": {
						"0.0": [0, 0, 0],
						"1.1667": [5.21541, -18.08401, 5.90535],
						"1.625": [-12.28459, -18.08401, 5.90535],
						"2.0417": [-24.78459, -18.08401, 5.90535]
					}
				},
				"arm_left2": {
					"rotation": {
						"0.0": [0, 0, 0],
						"1.0": [0, 0, 0],
						"1.1667": [9.68524, -16.92925, 10.20738],
						"1.625": [-27.21386, -52.99748, 51.76127],
						"2.0417": [-18.0972, 27.61892, 20.81986]
					}
				},
				"arm_left3": {
					"rotation": {
						"0.0": [0, 0, 0],
						"1.0": [0, 0, 0],
						"1.1667": [22.38745, -70.92256, -3.62883],
						"1.625": [-10.29168, -7.21025, 16.73223],
						"1.8333": [-2.79168, -7.21025, 16.73223],
						"2.0417": [14.70832, -7.21025, 16.73223]
					}
				},
				"finger_left_inner": {
					"rotation": {
						"0.0": [0, 0, 0],
						"0.25": [27.51324, 0, 7.41385],
						"0.4167": [42.06108, 0, 12.35641],
						"1.1667": [-21.25273, 0, 34.59795],
						"2.2083": [22.20031, 0, 65.48898]
					}
				},
				"finger_left_middle": {
					"rotation": {
						"0.0": [0, 0, 0],
						"0.25": [25.99, 0, 0],
						"0.4167": [40.16, 0, 0],
						"1.1667": [-20.26, 0, 0],
						"2.2083": [75, 0, 0]
					}
				},
				"finger_left_outer": {
					"rotation": {
						"0.0": [0, 0, 0],
						"0.25": [30.94, 0, 0],
						"0.4167": [50.27, 0, 0],
						"1.1667": [-16.3, 0, 0],
						"2.2083": [52.5, 0, 0]
					}
				},
				"shoulder_right": {
					"rotation": {
						"0.0": [0, 0, 0],
						"0.875": [0, 0, 5],
						"0.9167": [5, 0, 4.78261],
						"0.9583": [0, 0, 5],
						"1.0833": [-49.61024, 6.19172, 6.56686],
						"1.25": [-78.02471, 21.67101, 10.48402],
						"1.4167": [-92.85629, 34.05444, 13.61775],
						"1.5417": [-96.35629, 34.05444, 13.61775]
					},
					"position": {
						"0.0": [0.5, 0, 0],
						"0.0833": [-0.5, 0, 0],
						"0.2083": [0.5, 0, 0],
						"0.2917": [-0.5, 0, 0],
						"0.4167": [0.5, 0, 0],
						"0.5": [-0.5, 0, 0],
						"0.625": [0.5, 0, 0],
						"0.6667": [-0.5, 0, 0],
						"0.75": [0.5, 0, 0],
						"0.7917": [-0.5, 0, 0],
						"0.8333": [0.39, 0, 0],
						"0.875": [-0.5, 0, 0],
						"0.9167": [0.39, 0, 0],
						"0.9583": [-0.5, 0, 0],
						"1.0": [0.39, 0, 0],
						"1.0417": [-0.5, 1, 0],
						"1.0833": [0.5, 3, 0],
						"1.1667": [0.5, 4, 0],
						"1.25": [0.5, 4.25, 1],
						"1.375": [0.5, 3.5, 1.75],
						"1.4583": [0.5, 2, 3],
						"1.5417": [0.5, -10.2, 3],
						"1.6667": [-4.79648, -27.32371, 1.34896],
						"1.7917": [1.19241, -35.92988, -4.89188],
						"1.9583": [-3.22373, -50.19976, -6.26587],
						"2.0833": [-10.46694, -48.44441, -1.23018]
					}
				},
				"arm_right": {
					"rotation": {
						"0.0": [0, 0, 0],
						"1.1667": [-5, 0, 0],
						"1.4167": [7.5, 0, 0],
						"1.6667": [-2.5, 0, 0],
						"1.7917": [-6.1996, 24.3878, -9.39528],
						"2.0417": [-23.6996, 24.3878, -9.39528]
					},
					"position": {
						"0.0": [0, 0, 0],
						"0.2083": [0, -1.23, 0],
						"0.5": [0, -2, 0]
					}
				},
				"arm_right2": {
					"rotation": {
						"0.0": [0, 0, 0],
						"1.1667": [12.5, 0, 0],
						"1.4167": [20, 0, 0],
						"1.6667": [2.5, 0, 0],
						"1.7917": [2.43936, 8.14015, -14.66804]
					}
				},
				"arm_right3": {
					"rotation": {
						"0.0": [0, 0, 0],
						"0.4167": [34.40619, 1.24117, -4.5102],
						"1.1667": [15, 0, 0],
						"1.4167": [20, 0, 0],
						"1.6667": [-2.5, 0, 0],
						"1.7917": [-2.24289, -8.64842, -27.18492],
						"1.9167": [-2.42407, 23.82609, -28.50208],
						"2.0417": [-19.92407, 23.82609, -28.50208]
					}
				},
				"finger_right_inner": {
					"rotation": {
						"0.0": [0, 0, 0],
						"0.2917": [22.84, 0, 0],
						"0.5833": [30.35, 0, 0],
						"1.2083": [-40, 0, 0],
						"1.8333": [0, 0, 0]
					}
				},
				"finger_right_inner2": {
					"rotation": {
						"0.0": [0, 0, 0],
						"0.125": [74, 0, 0],
						"0.4167": [80, 0, 0],
						"1.2083": [-37.5, 0, 0],
						"2.25": [20.21067, 18.05, -26.39728]
					}
				},
				"finger_right_middle": {
					"rotation": {
						"0.0": [0, 0, 0],
						"0.2917": [23.62, 0, 0],
						"0.5833": [32.81, 0, 0],
						"1.2083": [-57.5, 0, 0],
						"1.8333": [0, 0, 0]
					}
				},
				"finger_right_middle2": {
					"rotation": {
						"0.0": [0, 0, 0],
						"0.125": [84.25, 0, 0],
						"0.4167": [72.5, 0, 0],
						"1.2083": [-30, 0, 0],
						"2.0417": [-7.5, 0, 0],
						"2.25": [25.93828, -16.01586, -27.61996]
					}
				},
				"finger_right_outer": {
					"rotation": {
						"0.0": [0, 0, 0],
						"0.2917": [26.64, 0, 0],
						"0.5833": [43.85, 0, 0],
						"1.2083": [-45, 0, 0],
						"1.8333": [10, 0, 0],
						"2.0417": [-17.5, 0, 0],
						"2.25": [2.62788, 26.62031, 21.19569]
					}
				},
				"finger_right_outer2": {
					"rotation": {
						"0.0": [0, 0, 0],
						"0.125": [63.75, 0, 0],
						"0.4167": [62.5, 0, 0],
						"1.2083": [-22.5, 0, 0],
						"2.0417": [27.5, 0, 0]
					}
				},
				"leg_left": {
					"rotation": {
						"0.0": [0, 0, 0],
						"0.875": [0, 0, 0],
						"0.9167": [10, 0, -4.56522],
						"0.9583": [0, 0, -5],
						"1.125": [-46.5, -13, -5],
						"1.375": [-39.75, -22, -5],
						"1.5": [5.25, -22, -5],
						"1.5833": [40.35128, -6.5089, -25.32633],
						"1.7917": [132.85128, -6.5089, -25.32633]
					},
					"position": {
						"0.0": [-0.5, 0, 0],
						"0.0833": [0.5, 0, 0],
						"0.2083": [-0.5, 0, 0],
						"0.2917": [0.5, 0, 0],
						"0.4167": [-0.5, 0, 0],
						"0.5": [0.5, 0, 0],
						"0.625": [-0.5, 0, 0],
						"0.6667": [0.5, 0, 0],
						"0.75": [-0.5, 0, 0],
						"0.7917": [0.5, 0, 0],
						"0.8333": [-0.39, 0, 0],
						"0.875": [0.5, 0, 0],
						"0.9167": [-0.39, 0, 0],
						"0.9583": [0.5, 0, 0],
						"1.0": [-0.39, 0, 0],
						"1.0417": [0.5, 1, 0],
						"1.0833": [-0.5, 2, 8],
						"1.125": [-0.5, 3.25, 10],
						"1.1667": [-0.5, 3.5, 11.4],
						"1.25": [-0.5, 3.455, 13.575],
						"1.3333": [-0.5, 3, 15],
						"1.375": [9.56344, 10.53771, -11.57449],
						"1.4167": [10.0733, -4.19358, -9.65734],
						"1.5": [11.13461, -4.18515, -12.28603],
						"1.5833": [12.4267, -7.35093, -14.80537],
						"1.7083": [11.1317, -3.74881, -18.02649],
						"1.7917": [14.05836, -8.38345, -23.85717]
					}
				},
				"leg_left2": {
					"rotation": {
						"0.0": [0, 0, 0],
						"0.875": [0, 0, 0],
						"0.9167": [10, 0, -4.56522],
						"0.9583": [0, 0, -5],
						"1.125": [-46.5, -13, -5],
						"1.2917": [-158.54333, -40.27826, -13.51398],
						"1.375": [-104.75, -22, -5],
						"1.75": [-189.70468, -27.28994, 63.63475]
					},
					"position": {
						"0.0": [-0.5, 0, 0],
						"0.0833": [0.5, 0, 0],
						"0.2083": [-0.5, 0, 0],
						"0.2917": [0.5, 0, 0],
						"0.4167": [-0.5, 0, 0],
						"0.5": [0.5, 0, 0],
						"0.625": [-0.5, 0, 0],
						"0.6667": [0.5, 0, 0],
						"0.75": [-0.5, 0, 0],
						"0.7917": [0.5, 0, 0],
						"0.8333": [-0.39, 0, 0],
						"0.875": [0.5, 0, 0],
						"0.9167": [-0.39, 0, 0],
						"0.9583": [0.5, 0, 0],
						"1.0": [-0.39, 0, 0],
						"1.0417": [0.5, 1, 0],
						"1.0833": [-0.5, 2, 8],
						"1.125": [-0.5, 3.25, 10],
						"1.1667": [-0.5, 3.5, 11.4],
						"1.25": [-0.5, 3.455, 13.575],
						"1.2917": [-2.28091, 2.54638, 19.61551],
						"1.3333": [-4.18451, 3.27652, 20.94541],
						"1.375": [15.09527, 15.88478, 40.36908],
						"1.5": [13.32219, -6.01007, 39.07989],
						"1.625": [7.93708, -34.93529, 18.43676],
						"1.75": [7.1173, -35.12877, -20.97672],
						"1.875": [-4.98337, -32.80017, -30.02494]
					}
				},
				"leg_right": {
					"rotation": {
						"0.0": [0, 0, 0],
						"0.875": [0, 0, 5],
						"0.9167": [5, 0, 4.78261],
						"0.9583": [0, 0, 5],
						"1.0833": [-49.61024, 6.19172, 6.56686],
						"1.25": [-78.02471, 21.67101, 10.48402],
						"1.4167": [-92.85629, 34.05444, 13.61775],
						"1.5417": [-96.35629, 34.05444, 13.61775]
					},
					"position": {
						"0.0": [0.5, 0, 0],
						"0.0833": [-0.5, 0, 0],
						"0.2083": [0.5, 0, 0],
						"0.2917": [-0.5, 0, 0],
						"0.4167": [0.5, 0, 0],
						"0.5": [-0.5, 0, 0],
						"0.625": [0.5, 0, 0],
						"0.6667": [-0.5, 0, 0],
						"0.75": [0.5, 0, 0],
						"0.7917": [-0.5, 0, 0],
						"0.8333": [0.39, 0, 0],
						"0.875": [-0.5, 0, 0],
						"0.9167": [0.39, 0, 0],
						"0.9583": [-0.5, 0, 0],
						"1.0": [0.39, 0, 0],
						"1.0417": [-0.5, 1, 0],
						"1.0833": [0.5, 3, 0],
						"1.1667": [0.5, 4, 0],
						"1.25": [1.32127, 12.05679, -0.54259],
						"1.375": [-0.35861, -0.40643, 1.80098],
						"1.4583": [-0.31913, -0.88073, 2.82563],
						"1.5417": [0.5, -10.2, 3]
					}
				},
				"leg_right2": {
					"rotation": {
						"0.0": [0, 0, 0],
						"0.875": [0, 0, 5],
						"0.9167": [5, 0, 4.78261],
						"0.9583": [0, 0, 5],
						"1.0833": [-49.61024, 6.19172, 6.56686],
						"1.25": [-78.02471, 21.67101, 10.48402],
						"1.4167": [-92.85629, 34.05444, 13.61775],
						"1.5417": [-96.35629, 34.05444, 13.61775]
					},
					"position": {
						"0.0": [0.5, 0, 0],
						"0.0833": [-0.5, 0, 0],
						"0.2083": [0.5, 0, 0],
						"0.2917": [-0.5, 0, 0],
						"0.4167": [0.5, 0, 0],
						"0.5": [-0.5, 0, 0],
						"0.625": [0.5, 0, 0],
						"0.6667": [-0.5, 0, 0],
						"0.75": [0.5, 0, 0],
						"0.7917": [-0.5, 0, 0],
						"0.8333": [0.39, 0, 0],
						"0.875": [-0.5, 0, 0],
						"0.9167": [0.39, 0, 0],
						"0.9583": [-0.5, 0, 0],
						"1.0": [0.39, 0, 0],
						"1.0417": [-0.5, 1, 0],
						"1.0833": [0.39395, -1.5879, 3.86522],
						"1.1667": [0.19222, -5.93548, 4.71079],
						"1.25": [6.11846, -10.68768, 21.74364],
						"1.3333": [0.99571, -9.09099, 8.97223],
						"1.375": [3.40159, -7.26372, 10.4519],
						"1.4583": [2.44784, -15.76033, 11.98758],
						"1.5417": [0.72014, -13.00369, 6.38327],
						"1.5833": [-0.82448, -12.28411, 3.90976],
						"1.75": [1.23931, -13.23453, 7.20365]
					}
				},
				"finger_left_inner2": {
					"rotation": {
						"0.0": [0, 0, 0],
						"0.125": [55, 0, 0],
						"1.1667": [-12.5, 0, 0]
					}
				},
				"finger_left_middle2": {
					"rotation": {
						"0.0": [0, 0, 0],
						"0.125": [57.5, 0, 0],
						"1.1667": [2.5, 0, 0]
					}
				},
				"finger_left_outer2": {
					"rotation": {
						"0.0": [0, 0, 0],
						"0.125": [50, 0, 0]
					}
				}
			}
		},
		"animation.registeel.battle_idle": {
			"loop": true,
			"animation_length": 2,
			"bones": {
				"torso": {
					"rotation": ["4+Math.cos((query.anim_time - 0.2) * 180) * 2.5", 0, 0]
				},
				"waist": {
					"rotation": [2.5, 0, 0]
				},
				"chest": {
					"rotation": [-2.5, 0, 0]
				},
				"shoulder_left": {
					"rotation": [-17.5, 0, 0]
				},
				"arm_left": {
					"rotation": [
						"-5.0036+Math.cos((query.anim_time - 0.2) * 180) * 6",
						"-7.5-Math.cos((query.anim_time - 0.2) * 180) * 8",
						"-14.9804+Math.cos((query.anim_time - 0.2) * 180) * 4"
					]
				},
				"arm_left2": {
					"rotation": ["-12.8847+Math.cos((query.anim_time - 0.2) * 180) * 6", "-12.384-Math.cos((query.anim_time - 0.2) * 180) * 8", 1.74382]
				},
				"arm_left3": {
					"rotation": ["-13.6746+Math.cos((query.anim_time - 0.2) * 180) * 5", "-24.7003-Math.cos((query.anim_time - 0.2) * 180) * 5", 4.06404]
				},
				"finger_left_inner": {
					"rotation": ["-10-Math.cos((query.anim_time + 0.3) * 180) * -15", 0, 0]
				},
				"finger_left_inner2": {
					"rotation": ["10-Math.cos((query.anim_time + 0.3) * 180) * -5", 0, 0]
				},
				"finger_left_middle": {
					"rotation": ["5-Math.cos((query.anim_time + 0.3) * 180) * -15", 0, 0]
				},
				"finger_left_middle2": {
					"rotation": ["12.5-Math.cos((query.anim_time + 0.3) * 180) * -5", 0, 0]
				},
				"finger_left_outer": {
					"rotation": ["17.5-Math.cos((query.anim_time + 0.3) * 180) * -15", 0, 0]
				},
				"finger_left_outer2": {
					"rotation": ["7.5-Math.cos((query.anim_time + 0.3) * 180) * -5", 0, 0]
				},
				"shoulder_right": {
					"rotation": [-20, 0, 0]
				},
				"arm_right": {
					"rotation": [
						"-5.0036+Math.cos((query.anim_time - 0.2) * 180) * 6",
						"7.5+Math.cos((query.anim_time - 0.2) * 180) * 8",
						"14.9804+Math.cos((query.anim_time - 0.2) * 180) * 6"
					]
				},
				"arm_right2": {
					"rotation": ["-12.8846+Math.cos((query.anim_time - 0.2) * 180) * 6", "12.3841+Math.cos((query.anim_time - 0.2) * 180) * 8", -1.74382]
				},
				"arm_right3": {
					"rotation": ["-13.6746+Math.cos((query.anim_time - 0.2) * 180) * 5", "24.7003+Math.cos((query.anim_time - 0.2) * 180) * 5", -4.06405]
				},
				"finger_right_inner": {
					"rotation": ["-10-Math.cos((query.anim_time + 0.3) * 180) * -15", 0, 0]
				},
				"finger_right_inner2": {
					"rotation": ["10-Math.cos((query.anim_time + 0.3) * 180) * -5", 0, 0]
				},
				"finger_right_middle": {
					"rotation": ["5-Math.cos((query.anim_time + 0.3) * 180) * -15", 0, 0]
				},
				"finger_right_middle2": {
					"rotation": ["12.5-Math.cos((query.anim_time + 0.3) * 180) * -5", 0, 0]
				},
				"finger_right_outer": {
					"rotation": ["17.5-Math.cos((query.anim_time + 0.3) * 180) * -15", 0, 0]
				},
				"finger_right_outer2": {
					"rotation": ["7.5-Math.cos((query.anim_time + 0.3) * 180) * -5", 0, 0]
				},
				"leg_left2": {
					"rotation": [0, -10, 0]
				},
				"leg_right2": {
					"rotation": [0, 10, 0]
				}
			}
		},
		"animation.registeel.physical": {
			"animation_length": 2.5201,
			"bones": {
				"torso": {
					"rotation": {
						"0.0": [4, 0.5, 0],
						"0.3107": {
							"pre": [29.13, 0.5, 0],
							"post": [29.13, 0.5, 0],
							"lerp_mode": "catmullrom"
						},
						"0.3797": {
							"post": [9.94383, 1.92187, 1.82813],
							"lerp_mode": "catmullrom"
						},
						"0.5868": {
							"post": [12.13, 7.5, 9],
							"lerp_mode": "catmullrom"
						},
						"0.9665": {
							"post": [12.13, 7.5, 9],
							"lerp_mode": "catmullrom"
						},
						"1.0356": {
							"post": [16.13, -15.5, 0],
							"lerp_mode": "catmullrom"
						},
						"1.4153": {
							"post": [12.39996, -18.59325, 12.67197],
							"lerp_mode": "catmullrom"
						},
						"1.7259": {
							"post": [13.41318, -3.70293, 3.40858],
							"lerp_mode": "catmullrom"
						},
						"1.9676": {
							"post": [-17.51878, 0.18371, -0.68273],
							"lerp_mode": "catmullrom"
						},
						"2.0711": {
							"post": [-23.2015, 7.98264, 14.48877],
							"lerp_mode": "catmullrom"
						},
						"2.4853": [4, 0.5, 0]
					},
					"position": {
						"0.0": [0, 0, 0.025],
						"0.1726": {
							"pre": [0, -1.1, 0.02],
							"post": [0, -1.1, 0.02],
							"lerp_mode": "catmullrom"
						},
						"0.3797": {
							"post": [0, -1.1, 0.02],
							"lerp_mode": "catmullrom"
						},
						"0.7249": {
							"post": [0, 2.5, 0.02],
							"lerp_mode": "catmullrom"
						},
						"0.9665": {
							"post": [0, 2.5, 0.02],
							"lerp_mode": "catmullrom"
						},
						"1.0356": {
							"post": [-1.77982, 2.88353, -0.16216],
							"lerp_mode": "catmullrom"
						},
						"1.4153": {
							"post": [-0.06901, 4.16267, 0.9754],
							"lerp_mode": "catmullrom"
						},
						"1.7259": {
							"post": [0, 0.94, -2.76],
							"lerp_mode": "catmullrom"
						},
						"1.9676": {
							"post": [0, 0, 0.025],
							"lerp_mode": "catmullrom"
						},
						"2.3818": [0, 0, 0.025],
						"2.4853": [0, 0, 0.025]
					}
				},
				"waist": {
					"rotation": [2.5, 0, 0]
				},
				"chest": {
					"rotation": [-2.5, 0, 0]
				},
				"shoulder_left": {
					"rotation": [-17.5, 0, 0]
				},
				"arm_left": {
					"rotation": {
						"0.0": [-5.0036, -7.5, -14.9804],
						"0.2416": {
							"pre": [38.5158, -7.28336, -13.30913],
							"post": [38.5158, -7.28336, -13.30913],
							"lerp_mode": "catmullrom"
						},
						"0.5868": {
							"post": [48.52, -19.78, -10.81],
							"lerp_mode": "catmullrom"
						},
						"0.932": {
							"post": [24.01972, -13.69426, -3.88167],
							"lerp_mode": "catmullrom"
						},
						"1.001": {
							"post": [54.04893, -11.07335, -11.5145],
							"lerp_mode": "catmullrom"
						},
						"1.3807": {
							"post": [49.34616, -3.30882, -18.69179],
							"lerp_mode": "catmullrom"
						},
						"1.8985": {
							"post": [15.0032, -4.08032, -7.87545],
							"lerp_mode": "catmullrom"
						},
						"2.2437": [13.63701, -5.37275, -2.02862],
						"2.3818": [17.00221, -4.43495, -5.44636],
						"2.5198": [-5.0036, -7.5, -14.9804]
					},
					"position": {
						"0.2416": {
							"pre": [-0.5, 0, 0],
							"post": [-0.5, 0, 0],
							"lerp_mode": "catmullrom"
						},
						"0.5868": {
							"post": [2.63495, -1.5521, -1.25461],
							"lerp_mode": "catmullrom"
						},
						"0.6904": {
							"post": [2.3348, 0.56473, 0.81619],
							"lerp_mode": "catmullrom"
						},
						"0.932": {
							"post": [1.81803, 0.25731, 0.33022],
							"lerp_mode": "catmullrom"
						},
						"0.9665": {
							"post": [-1.4, 0, -0.5],
							"lerp_mode": "catmullrom"
						},
						"1.001": {
							"post": [1.36489, 0.5777, 0.0462],
							"lerp_mode": "catmullrom"
						},
						"1.3807": {
							"post": [1.45666, 0.34603, 0.3484],
							"lerp_mode": "catmullrom"
						},
						"2.2437": [-0.5, 0, 0]
					}
				},
				"arm_left2": {
					"rotation": {
						"0.0": [-12.8847, -12.384, 1.74382],
						"0.1381": [2.5, 0, 0],
						"1.0356": {
							"pre": [2.5, 0, 0],
							"post": [2.5, 0, 0],
							"lerp_mode": "catmullrom"
						},
						"1.1736": {
							"post": [33.5, 0, 0],
							"lerp_mode": "catmullrom"
						},
						"1.6569": {
							"post": [33.5, 0, 0],
							"lerp_mode": "catmullrom"
						},
						"2.4508": [2.5, 0, 0],
						"2.5198": [-12.8847, -12.384, 1.74382]
					}
				},
				"arm_left3": {
					"rotation": {
						"0.0": [-13.6746, -24.7003, 4.06404],
						"0.1036": [7.5, 0, 0],
						"0.7249": {
							"pre": [15.5, 0, 0],
							"post": [15.5, 0, 0],
							"lerp_mode": "catmullrom"
						},
						"1.0701": {
							"post": [9.5, 0, 0],
							"lerp_mode": "catmullrom"
						},
						"1.1736": {
							"post": [30.23, 0, 0],
							"lerp_mode": "catmullrom"
						},
						"1.5878": {
							"post": [22.5, 0, 0],
							"lerp_mode": "catmullrom"
						},
						"1.9676": {
							"post": [4.5, 0, 0],
							"lerp_mode": "catmullrom"
						},
						"2.5198": [-13.6746, -24.7003, 4.06404]
					}
				},
				"finger_left_inner": {
					"rotation": [-10, 0, 0]
				},
				"finger_left_inner2": {
					"rotation": [10, 0, 0]
				},
				"finger_left_middle": {
					"rotation": [5, 0, 0]
				},
				"finger_left_middle2": {
					"rotation": [12.5, 0, 0]
				},
				"finger_left_outer": {
					"rotation": [17.5, 0, 0]
				},
				"finger_left_outer2": {
					"rotation": [7.5, 0, 0]
				},
				"shoulder_right": {
					"rotation": {
						"0.0": [-20, 0, 0],
						"0.0345": [-20.80019, 0, 0],
						"0.069": [-22.1167, 0, 0],
						"0.5178": [-44.65948, 0, 0],
						"0.863": [-62.69448, 0, 0],
						"0.9665": [-67.63882, 0, 0],
						"1.001": [-69.06721, 0, 0],
						"1.0356": [-70, 0, 0],
						"1.3117": [-70, 0, 0],
						"1.3807": [-32.5, 0, 0],
						"1.4153": [-32.28355, 0, 0],
						"1.864": [-27.2031, 0, 0],
						"2.3127": [-21.9374, 0, 0],
						"2.4853": [-20.18709, 0, 0],
						"2.5198": [-20, 0, 0]
					}
				},
				"arm_right": {
					"rotation": {
						"0.0": [-5.0036, 7.5, 14.9804],
						"0.1381": [28.513, -7.29527, 22.09999],
						"0.6559": {
							"pre": [11.53548, -3.1274, 9.90776],
							"post": [11.53548, -3.1274, 9.90776],
							"lerp_mode": "catmullrom"
						},
						"1.2081": {
							"post": [-50.48109, -7.61479, 10.42403],
							"lerp_mode": "catmullrom"
						},
						"1.4498": {
							"post": [-35.5766, -9.35418, 10.98971],
							"lerp_mode": "catmullrom"
						},
						"1.5878": {
							"post": [51.02, -9.72, 12.81],
							"lerp_mode": "catmullrom"
						},
						"1.933": {
							"post": [22.53702, -0.79744, 22.16014],
							"lerp_mode": "catmullrom"
						},
						"2.5198": [-5.0036, 7.5, 14.9804]
					},
					"position": {
						"0.1381": [0.5, 0, 0],
						"0.6559": {
							"pre": [0.5, 0, 0],
							"post": [0.5, 0, 0],
							"lerp_mode": "catmullrom"
						},
						"1.5878": {
							"post": [0.5, 0.6, -2.1],
							"lerp_mode": "catmullrom"
						},
						"1.933": {
							"post": [0.9, 0.6, -0.2],
							"lerp_mode": "catmullrom"
						},
						"2.5198": [0.5, 0, 0]
					}
				},
				"arm_right2": {
					"rotation": {
						"0.0": [-12.8846, 12.3841, -1.74382],
						"0.1381": {
							"pre": [-27.52, 0, 0],
							"post": [-27.52, 0, 0],
							"lerp_mode": "catmullrom"
						},
						"0.4833": {
							"post": [-2.5, 0, 0],
							"lerp_mode": "catmullrom"
						},
						"0.6904": {
							"post": [39.5, 0, 0],
							"lerp_mode": "catmullrom"
						},
						"1.2081": {
							"post": [-15.37, 0, 0],
							"lerp_mode": "catmullrom"
						},
						"1.3807": {
							"post": [-48.66, 0, 0],
							"lerp_mode": "catmullrom"
						},
						"1.4843": {
							"post": [2.5, 0, 0],
							"lerp_mode": "catmullrom"
						},
						"2.0366": [2.5, 0, 0],
						"2.5198": [-12.8846, 12.3841, -1.74382]
					}
				},
				"arm_right3": {
					"rotation": {
						"0.0": [-13.6746, 24.7003, -4.06405],
						"0.069": [7.5, 0, 0],
						"1.001": {
							"pre": [-9.5, 0, 0],
							"post": [-9.5, 0, 0],
							"lerp_mode": "catmullrom"
						},
						"1.1391": {
							"post": [-36.06, 0, 0],
							"lerp_mode": "catmullrom"
						},
						"1.2772": {
							"post": [26.5, 0, 0],
							"lerp_mode": "catmullrom"
						},
						"1.3807": {
							"post": [-39.95451, -0.21604, 0.03555],
							"lerp_mode": "catmullrom"
						},
						"1.5533": {
							"post": [2.5, 0, 0],
							"lerp_mode": "catmullrom"
						},
						"2.5198": [-13.6746, 24.7003, -4.06405]
					}
				},
				"finger_right_inner": {
					"rotation": [-10, 0, 0]
				},
				"finger_right_inner2": {
					"rotation": [10, 0, 0]
				},
				"finger_right_middle": {
					"rotation": [5, 0, 0]
				},
				"finger_right_middle2": {
					"rotation": [12.5, 0, 0]
				},
				"finger_right_outer": {
					"rotation": [17.5, 0, 0]
				},
				"finger_right_outer2": {
					"rotation": [7.5, 0, 0]
				},
				"leg_left": {
					"rotation": {
						"0.0": [15.26795, 0, 0],
						"0.2416": [15.27, 0, 0],
						"0.7939": {
							"pre": [8.27, 0, 0],
							"post": [8.27, 0, 0],
							"lerp_mode": "catmullrom"
						},
						"0.9665": {
							"post": [8.27, 0, 0],
							"lerp_mode": "catmullrom"
						},
						"1.0356": {
							"post": [8.27, 0, 0],
							"lerp_mode": "catmullrom"
						},
						"1.5878": {
							"post": [8.27, 0, 0],
							"lerp_mode": "catmullrom"
						},
						"1.795": {
							"post": [15.26795, 0, 0],
							"lerp_mode": "catmullrom"
						},
						"2.0711": [15.26795, 0, 0]
					},
					"position": {
						"0.0": [-0.0067, -0.02947, 0.01474],
						"0.2416": [-0.01, -0.03, 0.01],
						"0.7939": {
							"pre": [0.29, 0.87, -0.39],
							"post": [0.29, 0.87, -0.39],
							"lerp_mode": "catmullrom"
						},
						"0.9665": {
							"post": [0.29, 0.87, -0.39],
							"lerp_mode": "catmullrom"
						},
						"1.0356": {
							"post": [0.29, 0.87, -0.99],
							"lerp_mode": "catmullrom"
						},
						"1.5878": {
							"post": [0.29, 0.87, -0.99],
							"lerp_mode": "catmullrom"
						},
						"1.795": {
							"post": [-0.0067, -0.02947, 0.01474],
							"lerp_mode": "catmullrom"
						},
						"2.0711": [-0.0067, -0.02947, 0.01474]
					}
				},
				"leg_left2": {
					"rotation": [0, -10, 0]
				},
				"leg_right": {
					"rotation": {
						"0.0": [0, 0, 0],
						"0.4142": [-15.26795, 37.5, 0],
						"0.7594": [-15.27, 34.5, 0],
						"0.9665": {
							"pre": [-7.77, 37.5, 0],
							"post": [-7.77, 37.5, 0],
							"lerp_mode": "catmullrom"
						},
						"1.0701": {
							"post": [-58.77, 37.5, 0],
							"lerp_mode": "catmullrom"
						},
						"1.1391": [-15.27, 19.5, 0],
						"1.6224": [-15.27, 19.5, 0],
						"1.7604": {
							"pre": [-20.26932, 25.5, 0],
							"post": [-20.26932, 25.5, 0],
							"lerp_mode": "catmullrom"
						},
						"2.1056": [0, 0, 0],
						"2.4853": [0, 0, 0]
					},
					"position": {
						"0.0": [0, 0, 0],
						"0.4142": [0.0067, -0.02947, 0.01474],
						"0.7594": [0.01, -0.03, 0.01],
						"1.0701": {
							"pre": [0.01, 4.97, 3.01],
							"post": [0.01, 4.97, 3.01],
							"lerp_mode": "catmullrom"
						},
						"1.1391": [0.01, -0.03, -5.99],
						"1.2427": [0.27374, 1.86409, -5.24522],
						"1.3117": [0.01, 0.15, -5.99],
						"1.4153": [0.27374, 0.98409, -5.24522],
						"1.6224": [0.01, -0.03, -5.99],
						"1.795": {
							"pre": [0.51334, 0.02406, -1.52535],
							"post": [0.51334, 0.02406, -1.52535],
							"lerp_mode": "catmullrom"
						},
						"2.1056": [0, 0, 0],
						"2.4853": [0, 0, 0]
					}
				},
				"leg_right2": {
					"rotation": [0, 10, 0],
					"position": {
						"0.0": [0, 0, 0],
						"1.2427": [0, -2, 0],
						"2.5198": [0, 0, 0]
					}
				}
			}
		},
		"animation.registeel.recoil": {
			"animation_length": 0.625,
			"bones": {
				"torso": {
					"rotation": {
						"0.0": [0, 0, 0],
						"0.0417": [-0.20275, 0, 0],
						"0.125": [-2.29725, 0, 0],
						"0.1667": [-2.5, 0, 0],
						"0.2083": [-2.5, 0, 0],
						"0.25": [-2.39621, 0, 0],
						"0.5417": [-0.32755, 0, 0],
						"0.5833": [-0.10379, 0, 0],
						"0.625": [0, 0, 0]
					}
				},
				"arm_left": {
					"rotation": {
						"0.0": [0, 0, 0],
						"0.1667": [-5, 0, 0],
						"0.625": [0, 0, 0]
					}
				},
				"arm_left2": {
					"rotation": {
						"0.0": [0, 0, 0],
						"0.1667": [-2.5, 0, 0],
						"0.625": [0, 0, 0]
					}
				},
				"arm_left3": {
					"rotation": {
						"0.0": [0, 0, 0],
						"0.1667": [-2.5, 0, 0],
						"0.625": [0, 0, 0]
					}
				},
				"arm_right": {
					"rotation": {
						"0.0": [0, 0, 0],
						"0.1667": [-5, 0, 0],
						"0.625": [0, 0, 0]
					}
				},
				"arm_right2": {
					"rotation": {
						"0.0": [0, 0, 0],
						"0.1667": [-2.5, 0, 0],
						"0.625": [0, 0, 0]
					}
				},
				"arm_right3": {
					"rotation": {
						"0.0": [0, 0, 0],
						"0.1667": [-2.5, 0, 0],
						"0.625": [0, 0, 0]
					}
				}
			}
		},
		"animation.registeel.load": {
			"animation_length": 0.375,
			"bones": {
				"eye_center": {
					"position": [0, 0, 0]
				},
				"eyelid_center": {
					"position": {
						"0.0": [0, 0, 0],
						"0.3333": [0, 0, 0],
						"0.375": [0, 0, -0.25]
					}
				},
				"eye_left": {
					"position": [0, 0, 0]
				},
				"eyelid_left": {
					"position": {
						"0.0": [0, 0, 0],
						"0.2083": [0, 0, 0],
						"0.25": [0, 0, -0.25],
						"0.2917": [0, 0, -0.25]
					}
				},
				"eye_left_top": {
					"position": [0, 0, 0]
				},
				"eyelid_left_top": {
					"position": {
						"0.0": [0, 0, 0],
						"0.1667": [0, 0, 0],
						"0.2083": [0, 0, -0.25],
						"0.25": [0, 0, -0.25]
					}
				},
				"eye_left_bottom": {
					"position": [0, 0, 0]
				},
				"eyelid_left_bottom": {
					"position": {
						"0.0": [0, 0, 0],
						"0.0417": [0, 0, -0.25],
						"0.2083": [0, 0, -0.25],
						"0.25": [0, 0, 0],
						"0.2917": [0, 0, -0.25],
						"0.3333": [0, 0, -0.25]
					}
				},
				"eye_right": {
					"position": [0, 0, 0]
				},
				"eyelid_right": {
					"position": {
						"0.0": [0, 0, 0],
						"0.0833": [0, 0, 0],
						"0.125": [0, 0, -0.25],
						"0.1667": [0, 0, -0.25]
					}
				},
				"eye_right_top": {
					"position": [0, 0, 0]
				},
				"eyelid_right_top": {
					"position": {
						"0.0": [0, 0, 0],
						"0.125": [0, 0, 0],
						"0.1667": [0, 0, -0.25],
						"0.2083": [0, 0, -0.25]
					}
				},
				"eye_right_bottom": {
					"position": [0, 0, 0]
				},
				"eyelid_right_bottom": {
					"position": {
						"0.0": [0, 0, 0],
						"0.0417": [0, 0, 0],
						"0.0833": [0, 0, -0.25],
						"0.125": [0, 0, -0.25],
						"0.1667": [0, 0, -0.25]
					}
				},
				"torso": {
					"rotation": {
						"0.0": [0, 0, 0],
						"0.0417": [0, 0, 2.5],
						"0.0833": [0, 0, -0.31],
						"0.125": [0, 0, -2.77],
						"0.1667": [0, 0, 0.19],
						"0.2083": [0, 0, 2.65],
						"0.25": [0, 0, -0.51],
						"0.2917": [0, 0, -2.84],
						"0.3333": [0, 0, 1.08],
						"0.375": [0, 0, 0]
					}
				}
			}
		},
		"animation.registeel.special": {
			"animation_length": 2.5,
			"bones": {
				"body": {
					"position": {
						"0.0": [0, 0, 0],
						"1.2917": [0, 0, 0],
						"1.375": [0, 0, 1],
						"1.4167": [0, -0.5, 0.96],
						"1.4583": [0, 0.28, 0.92],
						"1.75": [0, 0, 0.63],
						"1.7917": [0, -0.5, 0.6],
						"1.8333": [0, 0, 0],
						"2.5": [0, 0, 0]
					}
				},
				"torso": {
					"rotation": {
						"0.0": [4, 0, 0],
						"0.5": [4, 0, 0],
						"1.0": [-3.5, 0, 0],
						"1.0417": [-3.6897, 0, 0],
						"1.0833": [-4.19096, 0, 0],
						"1.2083": [-6.34904, 0, 0],
						"1.25": [-6.8503, 0, 0],
						"1.2917": [-7.04, 0, 0],
						"1.375": {
							"pre": [-6.66, 0, 0],
							"post": [-6.66, 0, 0],
							"lerp_mode": "catmullrom"
						},
						"2.5": [4, 0, 0]
					},
					"position": {
						"0.0": [0, 0, 0],
						"2.5": [0, 0, 0]
					}
				},
				"waist": {
					"rotation": {
						"0.0": [2.5, 0, 0],
						"2.5": [2.5, 0, 0]
					}
				},
				"chest": {
					"rotation": {
						"0.0": [-2.5, 0, 0],
						"2.5": [-2.5, 0, 0]
					}
				},
				"eye_center": {
					"position": [0, 0, 0]
				},
				"eyelid_center": {
					"position": {
						"0.875": [0, 0, 0],
						"1.2083": [0, 0, 0],
						"1.25": [0, 0, -0.25],
						"1.2917": [0, 0, 0],
						"1.4167": [0, 0, -0.1],
						"1.5417": [0, 0, -0.1],
						"1.5833": [0, 0, 0]
					}
				},
				"eye_left": {
					"position": [0, 0, 0]
				},
				"eyelid_left": {
					"position": {
						"0.875": [0, 0, 0],
						"1.0833": [0, 0, 0],
						"1.125": [0, 0, -0.25],
						"1.1667": [0, 0, 0],
						"1.4167": [0, 0, -0.1],
						"1.5417": [0, 0, -0.1],
						"1.5833": [0, 0, 0]
					}
				},
				"eye_left_top": {
					"position": [0, 0, 0]
				},
				"eyelid_left_top": {
					"position": {
						"0.875": [0, 0, 0],
						"1.0417": [0, 0, 0],
						"1.0833": [0, 0, -0.25],
						"1.125": [0, 0, 0],
						"1.4167": [0, 0, -0.1],
						"1.5417": [0, 0, -0.1],
						"1.5833": [0, 0, 0]
					}
				},
				"eye_left_bottom": {
					"position": [0, 0, 0]
				},
				"eyelid_left_bottom": {
					"position": {
						"0.875": [0, 0, 0],
						"0.9167": [0, 0, -0.5],
						"0.9583": [0, 0, 0],
						"1.125": [0, 0, 0],
						"1.1667": [0, 0, -0.25],
						"1.2083": [0, 0, 0],
						"1.4167": [0, 0, -0.1],
						"1.5417": [0, 0, -0.1],
						"1.5833": [0, 0, 0]
					}
				},
				"eye_right": {
					"position": [0, 0, 0]
				},
				"eyelid_right": {
					"position": {
						"0.875": [0, 0, 0],
						"0.9583": [0, 0, 0],
						"1.0": [0, 0, -0.25],
						"1.0417": [0, 0, 0],
						"1.4167": [0, 0, -0.1],
						"1.5417": [0, 0, -0.1],
						"1.5833": [0, 0, 0]
					}
				},
				"eye_right_top": {
					"position": [0, 0, 0]
				},
				"eyelid_right_top": {
					"position": {
						"0.875": [0, 0, 0],
						"1.0": [0, 0, 0],
						"1.0417": [0, 0, -0.25],
						"1.0833": [0, 0, 0],
						"1.4167": [0, 0, -0.1],
						"1.5417": [0, 0, -0.1],
						"1.5833": [0, 0, 0]
					}
				},
				"eye_right_bottom": {
					"position": [0, 0, 0]
				},
				"eyelid_right_bottom": {
					"position": {
						"0.875": [0, 0, 0],
						"0.9167": [0, 0, 0],
						"0.9583": [0, 0, -0.25],
						"1.0": [0, 0, -0.25],
						"1.0417": [0, 0, 0],
						"1.4167": [0, 0, -0.1],
						"1.5417": [0, 0, -0.1],
						"1.5833": [0, 0, 0]
					}
				},
				"shoulder_left": {
					"rotation": {
						"0.0": [-17.5, 0, 0],
						"0.25": [-17.5, 0, 0],
						"0.5": [-67.5, 0, 0],
						"1.0": [-52.31056, -20.25437, -14.97401],
						"1.0417": [-51.84945, -20.32589, -15.12034],
						"1.0833": [-50.63107, -20.51485, -15.50699],
						"1.125": [-48.93673, -20.77764, -16.04468],
						"1.1667": [-47.0799, -21.06562, -16.63394],
						"1.2083": [-45.38556, -21.32841, -17.17163],
						"1.25": [-44.16718, -21.51737, -17.55828],
						"1.2917": [-43.70607, -21.58889, -17.70461],
						"1.375": {
							"pre": [-43.46617, -19.13499, -15.15283],
							"post": [-43.46617, -19.13499, -15.15283],
							"lerp_mode": "catmullrom"
						},
						"2.5": [-17.5, 0, 0]
					}
				},
				"arm_left": {
					"rotation": {
						"0.0": [-5.0036, -7.5, -14.9804],
						"0.25": [-5.0036, -7.5, -14.9804],
						"0.5": [-0.0036, -7.5, -14.9804],
						"1.0": [-1.62232, -39.99046, -14.10129],
						"1.4583": [6.00367, -29.62083, -31.67188],
						"2.5": [-5.0036, -7.5, -14.9804]
					}
				},
				"arm_left2": {
					"rotation": {
						"0.0": [-12.8847, -12.384, 1.74382],
						"0.25": [-12.8847, -12.384, 1.74382],
						"0.5": [-5.3847, -12.384, 1.74382],
						"1.0": [-7.66633, -22.29978, 3.10284],
						"1.4583": [-2.80472, -21.12637, -15.86479],
						"2.5": [-12.8847, -12.384, 1.74382]
					}
				},
				"arm_left3": {
					"rotation": {
						"0.0": [-13.6746, -24.7003, 4.06404],
						"0.25": [-13.6746, -24.7003, 4.06404],
						"0.5": [-1.1746, -24.7003, 4.06404],
						"1.0": [-14.2996, -24.7003, 4.06404],
						"1.4583": [-6.84451, -27.44848, -12.36657],
						"2.5": [-13.6746, -24.7003, 4.06404]
					}
				},
				"finger_left_inner": {
					"rotation": {
						"0.0": [-10, 0, 0],
						"1.0": [-10, 0, 0],
						"1.375": [-32.5, 0, 0],
						"2.5": [-10, 0, 0]
					},
					"position": {
						"0.0": [0, 0, 0],
						"1.0": [0, 0, 0],
						"1.375": [0, 0.84339, 0.5373]
					}
				},
				"finger_left_inner2": {
					"rotation": {
						"0.0": [10, 0, 0],
						"1.0": [10, 0, 0],
						"1.375": [-12.5, 0, 0],
						"2.5": [10, 0, 0]
					},
					"position": {
						"0.0": [0, 0, 0],
						"1.0": [0, 0, 0],
						"1.375": [0, 0.48815, 0.10822]
					}
				},
				"finger_left_middle": {
					"rotation": {
						"0.0": [5, 0, 0],
						"1.0": [5, 0, 0],
						"1.375": [37.5, 0, 0],
						"2.5": [5, 0, 0]
					}
				},
				"finger_left_middle2": {
					"rotation": {
						"0.0": [12.5, 0, 0],
						"1.0": [12.5, 0, 0],
						"1.375": [67.5, 0, 0],
						"2.5": [12.5, 0, 0]
					}
				},
				"finger_left_outer": {
					"rotation": {
						"0.0": [17.5, 0, 0],
						"1.0": [17.5, 0, 0],
						"2.5": [17.5, 0, 0]
					}
				},
				"finger_left_outer2": {
					"rotation": {
						"0.0": [7.5, 0, 0],
						"1.0": [7.5, 0, 0],
						"1.375": [47.5, 0, 0],
						"2.5": [7.5, 0, 0]
					}
				},
				"shoulder_right": {
					"rotation": {
						"0.0": [-20, 0, 0],
						"0.25": [-20, 0, 0],
						"0.5": [-70, 0, 0],
						"1.0": [-54.89549, 20.88127, 14.06573],
						"1.0417": [-54.43464, 20.95883, 14.20888],
						"1.0833": [-53.21692, 21.16377, 14.58712],
						"1.125": [-51.5235, 21.44876, 15.11312],
						"1.1667": [-49.66767, 21.76109, 15.68957],
						"1.2083": [-47.97426, 22.04608, 16.21557],
						"1.25": [-46.75653, 22.25102, 16.59381],
						"1.2917": [-46.29568, 22.32858, 16.73696],
						"1.375": {
							"pre": [-46.04734, 19.76868, 14.29441],
							"post": [-46.04734, 19.76868, 14.29441],
							"lerp_mode": "catmullrom"
						},
						"2.5": [-20, 0, 0]
					}
				},
				"arm_right": {
					"rotation": {
						"0.0": [7.5, 7.5, 14.9804],
						"0.25": [7.5, 7.5, 14.9804],
						"0.5": [12.5, 7.5, 14.9804],
						"1.0": [14.46161, 39.23865, 22.75858],
						"1.4583": [19.86761, 25.34964, 36.62927],
						"2.5": [7.5, 7.5, 14.9804]
					}
				},
				"arm_right2": {
					"rotation": {
						"0.0": [-12.8846, 12.3841, -1.74382],
						"0.25": [-12.8846, 12.3841, -1.74382],
						"0.5": [-5.3846, 12.3841, -1.74382],
						"1.0": [-7.66622, 22.29988, -3.10282],
						"1.4583": [-2.80458, 21.12644, 15.86482],
						"2.5": [-12.8846, 12.3841, -1.74382]
					}
				},
				"arm_right3": {
					"rotation": {
						"0.0": [-13.6746, 24.7003, -4.06405],
						"0.25": [-13.6746, 24.7003, -4.06405],
						"0.5": [-1.1746, 24.7003, -4.06405],
						"1.0": [-14.2996, 24.7003, -4.06405],
						"1.4583": [-6.84451, 27.44848, 12.36656],
						"2.5": [-13.6746, 24.7003, -4.06405]
					}
				},
				"finger_right_inner": {
					"rotation": {
						"0.0": [-10, 0, 0],
						"1.0": [-10, 0, 0],
						"1.375": [-32.5, 0, 0],
						"2.5": [-10, 0, 0]
					},
					"position": {
						"0.0": [0, 0, 0],
						"1.0": [0, 0, 0],
						"1.375": [0, 0.84339, 0.5373]
					}
				},
				"finger_right_inner2": {
					"rotation": {
						"0.0": [10, 0, 0],
						"1.0": [10, 0, 0],
						"1.375": [-22.5, 0, 0],
						"2.5": [10, 0, 0]
					},
					"position": {
						"0.0": [0, 0, 0],
						"1.0": [0, 0, 0],
						"1.375": [0, 0.69291, 0.28701]
					}
				},
				"finger_right_middle": {
					"rotation": {
						"0.0": [5, 0, 0],
						"1.0": [5, 0, 0],
						"1.375": [35, 0, 0],
						"2.5": [5, 0, 0]
					}
				},
				"finger_right_middle2": {
					"rotation": {
						"0.0": [12.5, 0, 0],
						"1.0": [12.5, 0, 0],
						"1.375": [67.5, 0, 0],
						"2.5": [12.5, 0, 0]
					}
				},
				"finger_right_outer": {
					"rotation": {
						"0.0": [17.5, 0, 0],
						"1.0": [17.5, 0, 0],
						"2.5": [17.5, 0, 0]
					}
				},
				"finger_right_outer2": {
					"rotation": {
						"0.0": [7.5, 0, 0],
						"1.0": [7.5, 0, 0],
						"1.375": [37.5, 0, 0],
						"2.5": [7.5, 0, 0]
					}
				},
				"leg_left": {
					"rotation": {
						"0.0": [0, 0, 0],
						"1.375": [0, 0, 0],
						"1.4167": [7.5, 0, 0],
						"1.5833": [-18.65, 0, 0],
						"1.7083": [-31.11, 0, 0],
						"2.5": [0, 0, 0]
					},
					"position": {
						"0.0": [0, 0, 0],
						"1.4167": [0, 0, 0],
						"1.5": [0, 0.49635, -0.06027],
						"1.7917": [0, -0.53429, -0.50693],
						"2.5": [0, 0, 0]
					}
				},
				"leg_left2": {
					"rotation": {
						"0.0": [0, -10, 0],
						"1.375": [0, -10, 0],
						"1.4167": [7.5, -10, 0],
						"1.5833": [33.84615, -10, 0],
						"1.7083": [11.73077, -10, 0],
						"2.5": [0, -10, 0]
					},
					"position": {
						"0.0": [0, 0, 0],
						"1.4167": [0, 0, 0],
						"1.5": [0.0314, 1.48906, -0.17806],
						"1.7917": [-0.04327, -0.91654, 0.2288],
						"2.5": [0, 0, 0]
					}
				},
				"leg_right": {
					"rotation": {
						"0.0": [0, 0, 0],
						"1.375": [0.07, 0, 0],
						"1.4167": [-20, 0, 0],
						"2.5": [0, 0, 0]
					},
					"position": {
						"0.0": [0, 0, 0],
						"2.5": [0, 0, 0]
					}
				},
				"leg_right2": {
					"rotation": {
						"0.0": [0, 10, 0],
						"1.375": [0, 10, 0],
						"1.4167": [20, 10, 0],
						"2.5": [0, 10, 0]
					},
					"position": {
						"0.0": [0, 0, 0],
						"2.5": [0, 0, 0]
					}
				}
			}
		}
	}
}