{
    "enabled": true,
    "neededInstalledMods": [],
    "neededUninstalledMods": [],
    "spawns": [
        {
            "id": "azelf-1",
            "pokemon": "azelf",
            "presets": [
                "water"
            ],
            "type": "pokemon",
            "context": "surface",
            "bucket": "ultra-rare",
            "level": "60",
            "weight": 1.0,
            "condition": {
                "minSkyLight": 8,
                "maxSkyLight": 15,
                "biomes": [
                    "#cobblemon:is_coast",
                    "#cobblemon:is_island",
                    "#cobblemon:is_sky"
                ]
            },
            "anticondition": {
                "biomes": [
                    "#cobblemon:is_beach",
                    "#cobblemon:is_freezing"
                ]
            }
        }
    
    ]
}