{
  "name": "Lunala",
  "offsets": {
    "DEFAULT": {
      "x": 1.5,
      "y": -1.2,
      "z": 0
    },
    "FLYING": {
      "x": -1.5,
      "y": 1.4,
      "z": -0.1
    },
    "WALKING": {
      "x": 0.3,
      "y": 0,
      "z": 0
    }
  },
      "additionalSeats": [
   {
    "DEFAULT": {
      "x": -1.5,
      "y": -1.2,
      "z": 0
    },
    "FLYING": {
      "x": 0.3,
      "y": 1.2,
      "z": -0.5
    },
    "WALKING": {
      "x": -1.5,
      "y": -1.2,
      "z": 0
    }
  }
],
  "baseSpeedModifier": 1.0,
  "landSpeedModifier": 1.0,
  "waterSpeedModifier": 0.5,
  "airSpeedModifier": 1.2,
  "forms": []
}