{
  "portraitScale": 1.25,
  "portraitTranslation": [0, -0.15, 0],
  "profileScale": 0.75,
  "profileTranslation": [0.0, 0.5, 0.0],
  "rootBone": "jigglypuff",
  "animations": {
  },
  "poses": {
    "battle-standing": {
      "poseTypes": ["STAND"],
      "isBattle": true,
      "animations": ["q.look('head')", "q.bedrock('jigglypuff', 'battle_idle')"]
    },
    "standing": {
      "poseTypes": ["STAND", "NONE", "PORTRAIT", "PROFILE"],
      "isBattle": false,
      "animations": ["q.look('head')", "q.bedrock('jigglypuff', 'ground_idle')"]
    },
    "walking": {
      "poseTypes": ["WALK"],
      "animations": ["q.look('head')", "q.bedrock('jigglypuff', 'ground_walk')"]
    },
    "sleep": {
      "poseTypes": ["SLEEP"],
      "animations": ["q.bedrock('jigglypuff', 'sleep')"]
    }
  }
}
