{
  "portraitScale": 2.25,
  "portraitTranslation": [0, 1.5, 0],
  "profileScale": 0.75,
  "profileTranslation": [0, 0.65, 0],
  "rootBone": "mewtwo",
  "animations": {
  },
  "poses": {
    "battle-standing": {
      "poseTypes": ["STAND"],
      "isBattle": true,
      "animations": ["q.look('head')", "q.bedrock('mewtwo', 'battle_idle')"],
      "quirks": ["q.bedrock_quirk('mewtwo', 'blink')"]
    },
    "standing": {
      "poseTypes": ["STAND", "NONE", "PORTRAIT", "PROFILE"],
      "isBattle": false,
      "animations": ["q.look('head')", "q.bedrock('mewtwo', 'ground_idle')"],
      "quirks": ["q.bedrock_quirk('mewtwo', 'blink')"]
    },
    "walking": {
      "poseTypes": ["WALK"],
      "animations": ["q.look('head')", "q.bedrock('mewtwo', 'air_fly')"],
      "quirks": ["q.bedrock_quirk('mewtwo', 'blink')"]
    },
    "hover": {
      "poseName": "hover",
      "poseTypes": ["HOVER"],
      "animations": [
        "q.look('head')",
        "q.bedrock('mewtwo', 'air_idle')"
      ]
    },
    "fly": {
      "poseName": "fly",
      "poseTypes": ["FLY"],
      "animations": [
        "q.look('head')",
        "q.bedrock('mewtwo', 'air_fly')"
      ]
    }
  }
}
