{
"portraitScale": 1.21,
  "portraitTranslation": [-0.25, 1.4, 0],
  "profileScale": 0.51,
  "profileTranslation": [-0.15, 0.89, 0.0],
  "rootBone": "rhydon",
  "animations": {
  },
  "poses": {
    "battle-standing": {
      "poseTypes": ["STAND"],
      "isBattle": true,
      "animations": ["q.look('head')", "q.bedrock('rhydon', 'battle_idle')"]
    },
    "standing": {
      "poseTypes": ["STAND", "NONE", "PORTRAIT", "PROFILE"],
      "isBattle": false,
      "animations": ["q.look('head')", "q.bedrock('rhydon', 'ground_idle')"]
    },
    "walking": {
      "poseTypes": ["WALK"],
      "animations": ["q.look('head')", "q.bedrock('rhydon', 'ground_walk')"]
    },
    "sleep": {
      "poseTypes": ["SLEEP"],
      "animations": ["q.bedrock('rhydon', 'sleep')"]
    }
  }
}
