{
	"format_version": "1.12.0",
	"minecraft:geometry": [
		{
			"description": {
				"identifier": "geometry.latias",
				"texture_width": 128,
				"texture_height": 128,
				"visible_bounds_width": 6,
				"visible_bounds_height": 4.5,
				"visible_bounds_offset": [0, 1.75, 0]
			},
			"bones": [
				{
					"name": "latias",
					"pivot": [0, 0, 0]
				},
				{
					"name": "body",
					"parent": "latias",
					"pivot": [0, 0, 0]
				},
				{
					"name": "torso",
					"parent": "body",
					"pivot": [0, 0, 0],
					"cubes": [
						{"origin": [-6, 5.7, -5.2], "size": [12, 12, 5], "inflate": -0.01, "uv": [26, 37]},
						{"origin": [-7, 4.2, -1.2], "size": [14, 14, 20], "inflate": -0.01, "uv": [60, 15]},
						{"origin": [-3.5, 8.2, 18.8], "size": [7, 7, 4], "inflate": -0.01, "uv": [52, 0]},
						{"origin": [-2.5, 9.2, 22.8], "size": [5, 5, 3], "inflate": -0.01, "uv": [38, 25]},
						{"origin": [-7, 8.2, -3.4], "size": [2, 4, 10], "inflate": -0.01, "pivot": [0, 0, -4.3], "rotation": [0, -5, 0], "uv": [0, 33]},
						{"origin": [5, 8.2, -3.4], "size": [2, 4, 10], "inflate": -0.01, "pivot": [0, -0.5, -4.3], "rotation": [0, 5, 0], "uv": [0, 33], "mirror": true}
					]
				},
				{
					"name": "neck",
					"parent": "torso",
					"pivot": [0, 12.8, -4.5],
					"cubes": [
						{"origin": [-4.5, 8.3, -10.5], "size": [9, 9, 6], "inflate": -0.1, "uv": [80, 0]}
					]
				},
				{
					"name": "neck2",
					"parent": "neck",
					"pivot": [0, 13.2, -9.7],
					"cubes": [
						{"origin": [-3.5, 9.7, -21.7], "size": [7, 7, 12], "inflate": -0.01, "uv": [48, 49]}
					]
				},
				{
					"name": "head",
					"parent": "neck2",
					"pivot": [0, 9.9, -20]
				},
				{
					"name": "ears",
					"parent": "head",
					"pivot": [0, -0.1, -15]
				},
				{
					"name": "ear_right",
					"parent": "ears",
					"pivot": [3.8, 14, -23],
					"rotation": [-14, 0, 16],
					"cubes": [
						{"origin": [3.3, 12.6, -27], "size": [0, 10, 8], "uv": [0, 39]}
					]
				},
				{
					"name": "ear_left",
					"parent": "ears",
					"pivot": [-3.8, 14, -23],
					"rotation": [-14, 0, -16],
					"cubes": [
						{"origin": [-3.3, 12.6, -27], "size": [0, 10, 8], "uv": [0, 39], "mirror": true}
					]
				},
				{
					"name": "mouth",
					"parent": "head",
					"pivot": [0, 0.4, -3],
					"rotation": [15, 0, 0]
				},
				{
					"name": "mouth_open",
					"parent": "mouth",
					"pivot": [0, 0.4, -3],
					"cubes": [
						{"origin": [-2, 14.799, -24.3], "size": [4, 0, 3], "uv": [-3, 5]}
					]
				},
				{
					"name": "head_rotation",
					"parent": "head",
					"pivot": [0, 0.4, -3],
					"rotation": [15, 0, 0],
					"cubes": [
						{"origin": [-4, 13.8, -25.3], "size": [8, 8, 8], "uv": [0, 0]}
					]
				},
				{
					"name": "eyes",
					"parent": "head",
					"pivot": [0, -0.1, -15]
				},
				{
					"name": "eye_left",
					"parent": "eyes",
					"pivot": [0, 0.4, -3],
					"rotation": [15, 0, 0],
					"cubes": [
						{"origin": [-4.02, 14.3, -24.25], "size": [0, 4, 4], "uv": [12, 12]},
						{"origin": [-4.01, 14.8, -24.25], "size": [0, 4, 5], "uv": [2, 11]}
					]
				},
				{
					"name": "eye_right",
					"parent": "eyes",
					"pivot": [0, 0.4, -3],
					"rotation": [15, 0, 0],
					"cubes": [
						{"origin": [4.02, 14.3, -24.15], "size": [0, 4, 4], "uv": [12, 12], "mirror": true},
						{"origin": [4.01, 14.8, -24.15], "size": [0, 4, 5], "uv": [2, 11], "mirror": true}
					]
				},
				{
					"name": "locator_seat",
					"parent": "torso",
					"pivot": [0, 0, 0],
					"locators": {
						"seat": [0, 18.5, 3]
					}
				},
				{
					"name": "hands",
					"parent": "torso",
					"pivot": [0, 0, 0]
				},
				{
					"name": "hands_left",
					"parent": "hands",
					"pivot": [-10.4, 10.2, 1.55938],
					"cubes": [
						{"origin": [-12, 8.2, -5.9], "size": [2, 4, 10], "uv": [24, 23]},
						{"origin": [-10.2, 8, -5.5], "size": [0, 1, 1], "pivot": [2.8, -0.2, -7.1], "rotation": [8, 0, 0], "uv": [0, 16]},
						{"origin": [-10.2, 11.4, -5.5], "size": [0, 1, 1], "pivot": [2.8, 20.6, -7.1], "rotation": [-8, 0, 0], "uv": [0, 16]},
						{"origin": [-10.2, 9.7, -6.9], "size": [0, 1, 1], "uv": [0, 15]}
					]
				},
				{
					"name": "hands_right",
					"parent": "hands",
					"pivot": [10.4, 10.2, 1.55938],
					"cubes": [
						{"origin": [10, 8.2, -5.9], "size": [2, 4, 10], "uv": [24, 23], "mirror": true},
						{"origin": [10.2, 8, -5.5], "size": [0, 1, 1], "pivot": [-2.8, -0.2, -7.1], "rotation": [8, 0, 0], "uv": [0, 16], "mirror": true},
						{"origin": [10.2, 9.7, -6.9], "size": [0, 1, 1], "uv": [0, 15], "mirror": true},
						{"origin": [10.2, 11.4, -5.5], "size": [0, 1, 1], "pivot": [-2.8, 20.6, -7.1], "rotation": [-8, 0, 0], "uv": [0, 16], "mirror": true}
					],
					"locators": {
						"held_item": {
							"offset": [9.9, 9.3, -6],
							"rotation": [0, 30, -25]
						}
					}
				},
				{
					"name": "wings",
					"parent": "torso",
					"pivot": [0, 0, 0]
				},
				{
					"name": "wing_left",
					"parent": "wings",
					"pivot": [-6, 17.53333, 9.96667],
					"cubes": [
						{"origin": [-8.5, 14.7, 1.8], "size": [5, 5, 15], "uv": [1, 47]},
						{"origin": [-6, 19.7, 1.8], "size": [0, 13, 17], "uv": [46, -6]}
					]
				},
				{
					"name": "wing_left2",
					"parent": "wing_left",
					"pivot": [-6, 32.7, 10.3],
					"cubes": [
						{"origin": [-6, 32.7, 1.8], "size": [0, 13, 17], "uv": [0, 3]}
					]
				},
				{
					"name": "wing_right",
					"parent": "wings",
					"pivot": [6, 17.53333, 9.96667],
					"cubes": [
						{"origin": [3.5, 14.7, 1.8], "size": [5, 5, 15], "uv": [1, 47], "mirror": true},
						{"origin": [6, 19.7, 1.8], "size": [0, 13, 17], "uv": [46, -6], "mirror": true}
					]
				},
				{
					"name": "wing_right2",
					"parent": "wing_right",
					"pivot": [6, 32.7, 10.3],
					"cubes": [
						{"origin": [6, 32.7, 1.8], "size": [0, 13, 17], "uv": [0, 3], "mirror": true}
					]
				},
				{
					"name": "foots",
					"parent": "torso",
					"pivot": [0, 0, 0]
				},
				{
					"name": "foot_left",
					"parent": "foots",
					"pivot": [-3, 11.7, 24.3],
					"cubes": [
						{"origin": [-17, 11.7, 18.8], "size": [14, 0, 8], "uv": [16, 0]}
					]
				},
				{
					"name": "foot_right",
					"parent": "foots",
					"pivot": [3, 11.7, 24.3],
					"cubes": [
						{"origin": [3, 11.7, 18.8], "size": [14, 0, 8], "uv": [16, 0], "mirror": true}
					]
				},
				{
					"name": "arms",
					"parent": "torso",
					"pivot": [0, 0, 0]
				},
				{
					"name": "arm_left",
					"parent": "arms",
					"pivot": [-5.5, 10.7, 2.6],
					"cubes": [
						{"origin": [-10, 10.2, 2.1], "size": [5, 1, 1], "inflate": -0.01, "uv": [20, 16]}
					]
				},
				{
					"name": "arm_right",
					"parent": "arms",
					"pivot": [5.5, 10.7, 2.6],
					"cubes": [
						{"origin": [5, 10.2, 2.1], "size": [5, 1, 1], "inflate": -0.01, "uv": [20, 16], "mirror": true}
					]
				}
			]
		}
	]
}