{
    "enabled": "true",
    "neededInstalledMods": [],
    "neededUninstalledMods": [],
    "spawns": [
        {
            "id": "minior-1",
            "pokemon": "minior meteor_shield=meteor",
            "presets": [
            ],
            "type": "pokemon",
            "context": "grounded",
            "bucket": "uncommon",
            "level": "20-30",
            "weight": 20.0,
            "condition": {
		"timeRange": "night",
		"biomes": [
                    "#cobblemon:is_overworld"
                ]
            }
        },
        {
            "id": "minior-2",
            "pokemon": "minior core_color=red meteor_shield=core",
            "presets": [
            ],
            "type": "pokemon",
            "context": "grounded",
            "bucket": "uncommon",
            "level": "20-30",
            "weight": 20.0,
            "condition": {
		"biomes": [
                    "#minecraft:is_nether"
                ]  
            }
        },
        {
            "id": "minior-3",
            "pokemon": "minior core_color=orange meteor_shield=core",
            "presets": [
            ],
            "type": "pokemon",
            "context": "grounded",
            "bucket": "uncommon",
            "level": "20-30",
            "weight": 20.0,
            "condition": {
                "timeRange": "night",
                "biomes": [
                    "#cobblemon:is_savanna"
                ]
                
            }
        },
        {
            "id": "minior-4",
            "pokemon": "minior core_color=yellow meteor_shield=core",
            "presets": [
            ],
            "type": "pokemon",
            "context": "grounded",
            "bucket": "uncommon",
            "level": "20-30",
            "weight": 20.0,
            "condition": {
                "timeRange": "night",
                "biomes": [
                    "#cobblemon:is_sandy"
                ]
                
            }
        },
        {
            "id": "minior-5",
            "pokemon": "minior core_color=green meteor_shield=core",
            "presets": [
            ],
            "type": "pokemon",
            "context": "grounded",
            "bucket": "uncommon",
            "level": "20-30",
            "weight": 20.0,
            "condition": {
                "timeRange": "night",
                "biomes": [
                    "#cobblemon:is_jungle"
                ]
                
            }
        },
        {
            "id": "minior-6",
            "pokemon": "minior core_color=blue meteor_shield=core",
            "presets": [
            ],
            "type": "pokemon",
            "context": "grounded",
            "bucket": "uncommon",
            "level": "20-30",
            "weight": 20.0,
            "condition": {
                "timeRange": "night",
                "biomes": [
                    "#cobblemon:is_freshwater",
		    "#cobblemon:is_coast"
                ]
                
            }
        },
        {
            "id": "minior-7",
            "pokemon": "minior core_color=indigo meteor_shield=core",
            "presets": [
            ],
            "type": "pokemon",
            "context": "grounded",
            "bucket": "uncommon",
            "level": "20-30",
            "weight": 20.0,
            "condition": {
                "timeRange": "night",
                "biomes": [
                    "#cobblemon:is_glacial"
                ]
                
            }
        },
        {
            "id": "minior-8",
            "pokemon": "minior core_color=violet meteor_shield=core",
            "presets": [
            ],
            "type": "pokemon",
            "context": "grounded",
            "bucket": "uncommon",
            "level": "20-30",
            "weight": 20.0,
            "condition": {
                "biomes": [
                    "#minecraft:is_end"
                ]
            }
        }
    ]
}