{
  "portraitScale": 2.36,
  "portraitTranslation": [-0.06, -0.49, 0],
  "profileScale": 0.87,
  "profileTranslation": [0, 0.44, 0],
  "rootBone": "ducklett",
  "animations": {
    "faint": "q.bedrock_primary('ducklett', 'faint', q.curve('one'))",
    "physical": "q.bedrock_primary('ducklett', 'physical', q.curve('symmetrical_wide'))"
  },
  "poses": {
    "standing": {
      "poseTypes": ["STAND", "NONE", "PORTRAIT", "PROFILE"],
      "isBattle": false,
      "animations": ["q.look('head')", "q.bedrock('ducklett', 'ground_idle')"],
      "quirks": [
        "q.bedrock_quirk('ducklett', 'blink')",
        "q.bedrock_quirk('ducklett', 'idle_quirk')"],
      "transformedParts": [
        {
          "part": "wing_open_right",
          "isVisible": false
        },
        {
          "part": "wing_open_left",
          "isVisible": false
        },
        {
          "part": "wing_closed_right",
          "isVisible": true
        },
        {
          "part": "wing_closed_left",
          "isVisible": true
        }
      ]
    },
    "walking": {
      "poseTypes": ["WALK"],
      "animations": [
        "q.look('head')",
        "q.bedrock('ducklett', 'ground_walk')"
      ],
      "quirks": ["q.bedrock_quirk('ducklett', 'blink')"],
      "transformedParts": [
        {
          "part": "wing_open_right",
          "isVisible": false
        },
        {
          "part": "wing_open_left",
          "isVisible": false
        },
        {
          "part": "wing_closed_right",
          "isVisible": true
        },
        {
          "part": "wing_closed_left",
          "isVisible": true
        }
      ]
    },
    "hover": {
      "poseTypes": ["HOVER"],
      "animations": [
        "q.look('head')",
        "q.bedrock('ducklett', 'air_idle')"
      ],
      "quirks": [
        "q.bedrock_quirk('ducklett', 'blink')",
        "q.bedrock_quirk('ducklett', 'idle_quirk')"],
      "transformedParts": [
        {
          "part": "wing_open_right",
          "isVisible": true
        },
        {
          "part": "wing_open_left",
          "isVisible": true
        },
        {
          "part": "wing_closed_right",
          "isVisible": false
        },
        {
          "part": "wing_closed_left",
          "isVisible": false
        }
      ]
    },
    "fly": {
      "poseTypes": ["FLY"],
      "animations": [
        "q.look('head')",
        "q.bedrock('ducklett', 'air_fly')"
      ],
      "quirks": ["q.bedrock_quirk('ducklett', 'blink')"],
      "transformedParts": [
        {
          "part": "wing_open_right",
          "isVisible": true
        },
        {
          "part": "wing_open_left",
          "isVisible": true
        },
        {
          "part": "wing_closed_right",
          "isVisible": false
        },
        {
          "part": "wing_closed_left",
          "isVisible": false
        }
      ]
    },
    "float": {
      "poseTypes": ["FLOAT"],
      "animations": ["q.bedrock('ducklett', 'water_idle')"],
      "quirks": [
        "q.bedrock_quirk('ducklett', 'blink')",
        "q.bedrock_quirk('ducklett', 'idle_quirk')"],
      "transformedParts": [
        {
          "part": "wing_open_right",
          "isVisible": false
        },
        {
          "part": "wing_open_left",
          "isVisible": false
        },
        {
          "part": "wing_closed_right",
          "isVisible": true
        },
        {
          "part": "wing_closed_left",
          "isVisible": true
        }
      ]
    },
    "battle-standing": {
      "poseTypes": ["STAND"],
      "isBattle": true,
      "animations": ["q.look('head')", "q.bedrock('ducklett', 'ground_idle')"],
      "quirks": ["q.bedrock_quirk('ducklett', 'blink')"]
    },
    "sleep": {
      "poseTypes": ["SLEEP"],
      "animations": ["q.bedrock('ducklett', 'sleep')"]
    },
    "swim": {
      "poseTypes": ["SWIM"],
      "animations": ["q.bedrock('ducklett', 'water_swim')"],
      "quirks": ["q.bedrock_quirk('ducklett', 'blink')"],
      "transformedParts": [
        {
          "part": "wing_open_right",
          "isVisible": false
        },
        {
          "part": "wing_open_left",
          "isVisible": false
        },
        {
          "part": "wing_closed_right",
          "isVisible": true
        },
        {
          "part": "wing_closed_left",
          "isVisible": true
        }
      ]
    }
  }
}
