{
  "portraitScale": 1.5,
  "portraitTranslation": [-0.9, 0.5, 0],
  "profileScale": 0.75,
  "profileTranslation": [-0.2, 0.5, 0],
  "rootBone": "fearow",
  "animations": {
    "cry": "q.bedrock_stateful('fearow', 'cry')"
  },
  "poses": {
    "battle-standing": {
      "poseTypes": ["STAND"],
      "isBattle": true,
      "animations": ["q.look('head')", "q.bedrock('fearow', 'battle_idle')"],
      "quirks": ["q.bedrock_quirk('fearow', 'blink')"]
    },
    "standing": {
      "poseTypes": ["STAND", "NONE", "PORTRAIT", "PROFILE"],
      "isBattle": false,
      "animations": ["q.look('head')", "q.bedrock('fearow', 'ground_idle')"],
      "quirks": ["q.bedrock_quirk('fearow', 'blink')"]
    },
    "walking": {
      "poseTypes": ["WALK"],
      "animations": ["q.look('head')", "q.bedrock('fearow', 'ground_walk')"],
      "quirks": ["q.bedrock_quirk('fearow', 'blink')"]
    },
    "hover": {
      "poseName": "hover",
      "poseTypes": ["HOVER"],
      "animations": [
        "q.look('head')",
        "q.bedrock('fearow', 'air_idle')"
      ]
    },
    "fly": {
      "poseName": "fly",
      "poseTypes": ["FLY"],
      "animations": [
        "q.look('head')",
        "q.bedrock('fearow', 'air_fly')"
      ]
    }
  }
}
