{
  "portraitScale": 1.25,
  "portraitTranslation": [-1, 2, 0],
  "profileScale": 0.45,
  "profileTranslation": [-0.2, 1, 0.0],
  "rootBone": "zarude",
  "animations": {
    "cry": "q.bedrock_stateful('zarude', 'cry')"
  },
  "poses": {
    "standing": {
      "poseTypes": ["STAND", "NONE", "PORTRAIT", "PROFILE"],
      "isBattle": false,
      "animations": ["q.look('head_ai')", "q.bedrock('zarude', 'ground_idle')"],
      "quirks": ["q.bedrock_quirk('zarude', 'blink')"]
    },
    "walking": {
      "poseTypes": ["WALK"],
      "animations": ["q.look('head_ai')", "q.bedrock('zarude', 'ground_walk')"],
      "quirks": ["q.bedrock_quirk('zarude', 'blink')"]
    }
  }
}
