{
  "species": "cobblemon:latias",
  "order": 0,
  "variations": [
    {
      "aspects": [],
      "poser": "cobblemon:latias",
      "model": "cobblemon:latias.geo",
      "texture": "cobblemon:textures/pokemon/0380_latias/latias.png",
      "layers": []
    },
    {
      "aspects": [
        "shiny"
      ],
      "texture": "cobblemon:textures/pokemon/0380_latias/latias_shiny.png"
    },
    {
      "aspects": ["mega"],
      "poser": "cobblemon:mega_latios",
      "model": "cobblemon:mega_latias.geo",
      "texture": "cobblemon:textures/pokemon/0380_latias/megalatias.png"
    },
    {
      "aspects": ["mega","shiny"],
      "poser": "cobblemon:mega_latios",
      "model": "cobblemon:mega_latias.geo",
      "texture": "cobblemon:textures/pokemon/0380_latias/megalatias_shiny.png"
    }
  ]
}