{
	"format_version": "1.8.0",
	"animations": {
		"animation.rhydon.ground_idle": {
			"loop": true,
			"bones": {
				"torso": {
					"rotation": ["-10+math.sin(q.anim_time*90*2+45)*2", "0-math.sin(q.anim_time*90*2+150)*1", 0],
					"position": [0, "0-math.sin(q.anim_time*90*2+45)*0.25", 0]
				},
				"upper_torso": {
					"rotation": ["5-math.sin(q.anim_time*90*2+150)*1", "0-math.sin(q.anim_time*90*2+90)*1", 0]
				},
				"head_angle": {
					"rotation": ["10-math.sin(q.anim_time*90*2+90)*2", 0, "-math.sin(q.anim_time*90*2+45)*1"],
					"position": [0, 0.75, 0]
				},
				"jaw": {
					"rotation": ["15-math.sin(q.anim_time*90*2+45)*1", 0, 0]
				},
				"left_shoulder": {
					"rotation": [9.75485, 32.28147, 21.93744]
				},
				"left_upper_arm": {
					"rotation": [4.898, 20.5714, "6.5882499555+math.sin(q.anim_time*90*2-90)*1"]
				},
				"left_lower_arm": {
					"rotation": [-71.42681, "23.8479-math.sin(q.anim_time*90*2+90)*2", 5.0468],
					"position": [-0.75, -2, -1]
				},
				"left_upper_leg": {
					"rotation": ["0+math.sin(q.anim_time*90*2+90)*2", 0, 0]
				},
				"left_lower_leg": {
					"rotation": ["0-math.sin(q.anim_time*90*2+90)*2.5", 0, 0],
					"position": [0, "0+math.sin(q.anim_time*90*2+90)*0.2", "0-math.sin(q.anim_time*90*2+90)*0.05"]
				},
				"tail": {
					"rotation": ["20+math.sin(q.anim_time*90*2-45)*1", "math.sin(q.anim_time*90*2-90)*2", 0]
				},
				"tail2": {
					"rotation": ["35+math.sin(q.anim_time*90*2-120)*2", "0+math.sin(q.anim_time*90*2-150)*3", "0+math.sin(q.anim_time*90*2-120)*3"],
					"position": [0, 0, -1.5]
				},
				"tail3": {
					"rotation": [
						"13.2746318237+math.sin(q.anim_time*90*2-120)*2",
						"19.5064455318+math.sin(q.anim_time*90*2-150)*4",
						"4.5043202551-math.sin(q.anim_time*90*2-45)*3"
					],
					"position": [0, 0, -1]
				},
				"right_upper_leg": {
					"rotation": ["0+math.sin(q.anim_time*90*2+90)*2", 0, 0]
				},
				"right_shoulder": {
					"rotation": [9.75485, -32.28147, -21.93744]
				},
				"right_upper_arm": {
					"rotation": [4.898, -20.5714, "-6.5882-math.sin(q.anim_time*90*2-90)*1"]
				},
				"right_lower_arm": {
					"rotation": [-71.42681, "-23.8479+math.sin(q.anim_time*90*2+90)*2", -5.0468],
					"position": [0.75, -2, -1]
				},
				"tail4": {
					"rotation": ["29.3085734327+math.sin(q.anim_time*90*2-180)*3", "26.4882907636-math.sin(q.anim_time*90*2-45)*4", 7.6734],
					"position": [0, 0, -0.75]
				},
				"left_ear": {
					"rotation": ["0-math.sin(q.anim_time*90*2+45)*2", 0, "0+math.sin(q.anim_time*90*2+150)*2"]
				},
				"right_ear": {
					"rotation": ["0-math.sin(q.anim_time*90*2+45)*2", 0, "0+math.sin(q.anim_time*90*2+150)*2"]
				},
				"left_foot": {
					"rotation": ["0+math.sin(q.anim_time*90*2+90)*0.5", 0, 0],
					"position": [0, "0+math.sin(q.anim_time*90*2+90)*0.02", "0+math.sin(q.anim_time*90*2+90)*0.02"]
				},
				"right_lower_leg": {
					"rotation": ["0-math.sin(q.anim_time*90*2+90)*2.5", 0, 0],
					"position": [0, "0+math.sin(q.anim_time*90*2+90)*0.2", "0-math.sin(q.anim_time*90*2+90)*0.05"]
				},
				"right_foot": {
					"rotation": ["0+math.sin(q.anim_time*90*2+90)*0.5", 0, 0],
					"position": [0, "0+math.sin(q.anim_time*90*2+90)*0.02", "0+math.sin(q.anim_time*90*2+90)*0.02"]
				}
			}
		},
		"animation.rhydon.ground_walk": {
			"loop": true,
			"animation_length": 2,
			"bones": {
				"body": {
					"position": {
						"0.0": [0, "0+math.sin(q.anim_time*90*20+90)*0.3", 0],
						"0.1667": [0, 0, 0],
						"0.9583": [0, 0, 0],
						"1.0": [0, "0+math.sin(q.anim_time*90*20+90)*0.3", 0],
						"1.1667": [0, 0, 0],
						"2.0": [0, 0, 0]
					}
				},
				"torso": {
					"rotation": ["-10+math.sin(q.anim_time*90*4+45)*6", "-math.sin(q.anim_time*90*4/2+90)*5", "math.sin(q.anim_time*90*4/2+180)*10"],
					"position": [0, "0.5-math.sin(q.anim_time*90*4+90)*1", -3.75]
				},
				"upper_torso": {
					"rotation": ["2.5-math.sin(q.anim_time*90*4+120)*4", "0+math.sin(q.anim_time*90*4/2+90)*5", "0+math.sin(q.anim_time*90*4/2+45)*2"]
				},
				"left_shoulder": {
					"rotation": [-33.4357, "13.3156+math.sin(q.anim_time*90*4/2+90)*10", 38.57167],
					"position": [1, -2, 2]
				},
				"left_upper_arm": {
					"rotation": [4.02659, "5.7997+math.sin(q.anim_time*90*4/2+120)*20", -2.19532],
					"position": [-0.75, 0.5, 0]
				},
				"left_lower_arm": {
					"rotation": [3.33209, "14.7084+math.sin(q.anim_time*90*4/2+45)*5", 10.53517],
					"position": [-0.25, 0.25, 0]
				},
				"right_shoulder": {
					"rotation": [-33.4357, "-13.3156+math.sin(q.anim_time*90*4/2+90)*10", -38.57167],
					"position": [-1, -2, 2]
				},
				"right_upper_arm": {
					"rotation": [4.02659, "-5.7997+math.sin(q.anim_time*90*4/2+120)*20", 2.19532],
					"position": [0.75, 0.5, 0]
				},
				"right_lower_arm": {
					"rotation": [3.33209, "-14.7084+math.sin(q.anim_time*90*4/2+45)*5", -10.53517],
					"position": [0.25, 0.25, 0]
				},
				"head_angle": {
					"rotation": ["15+math.sin(q.anim_time*90*4-90)*2", 0, "0-math.sin(q.anim_time*90*4/2+180)*4"],
					"position": [0, 1, 0]
				},
				"tail": {
					"rotation": ["20-math.sin(q.anim_time*90*4+150)*3", "-math.sin(q.anim_time*90*4/2+150)*4", 0]
				},
				"tail2": {
					"rotation": ["10-math.sin(q.anim_time*90*4+150)*3", "-math.sin(q.anim_time*90*4/2+45)*8", 0]
				},
				"tail3": {
					"rotation": ["10-math.sin(q.anim_time*90*4+45)*5", "math.sin(q.anim_time*90*4/2+180)*10", 0]
				},
				"tail4": {
					"rotation": ["15-math.sin(q.anim_time*90*4+45)*5", "math.sin(q.anim_time*90*4/2+120)*15", 0]
				},
				"left_upper_leg": {
					"rotation": {
						"0.0": {
							"post": [30.39527, 8.78819, -2.09888],
							"lerp_mode": "catmullrom"
						},
						"0.1667": {
							"post": [44.67, 8.79, -2.1],
							"lerp_mode": "catmullrom"
						},
						"0.3333": {
							"post": [50.39527, 8.78819, -2.09888],
							"lerp_mode": "catmullrom"
						},
						"0.6667": {
							"post": [-12.10473, 8.78819, -2.09888],
							"lerp_mode": "catmullrom"
						},
						"0.8333": {
							"post": [-32.10473, 8.78819, -2.09888],
							"lerp_mode": "catmullrom"
						},
						"1.0": {
							"post": [0.39527, 8.78819, -2.09888],
							"lerp_mode": "catmullrom"
						},
						"1.1667": {
							"post": [6.18, 8.79, -2.1],
							"lerp_mode": "catmullrom"
						},
						"1.3333": {
							"post": [10.39527, 8.78819, -2.09888],
							"lerp_mode": "catmullrom"
						},
						"1.5": {
							"post": [15.03, 8.79, -2.1],
							"lerp_mode": "catmullrom"
						},
						"1.6667": {
							"post": [20.39527, 8.78819, -2.09888],
							"lerp_mode": "catmullrom"
						},
						"1.8333": {
							"post": [24.48, 8.79, -2.1],
							"lerp_mode": "catmullrom"
						},
						"2.0": {
							"post": [30.39527, 8.78819, -2.09888],
							"lerp_mode": "catmullrom"
						}
					},
					"position": {
						"0.0": {
							"post": [0, 0.78, 1.84],
							"lerp_mode": "catmullrom"
						},
						"0.125": {
							"post": [0, 1, 2.2],
							"lerp_mode": "catmullrom"
						},
						"0.3333": {
							"post": [0, 2, 2],
							"lerp_mode": "catmullrom"
						},
						"0.5": {
							"post": [0, 3.5, 0],
							"lerp_mode": "catmullrom"
						},
						"0.6667": {
							"post": [0, 2.5, -1.75],
							"lerp_mode": "catmullrom"
						},
						"0.8333": {
							"post": [0, 2, -2.75],
							"lerp_mode": "catmullrom"
						},
						"1.0": {
							"post": [0, 0, -3],
							"lerp_mode": "catmullrom"
						},
						"1.1667": {
							"post": [0, -0.08, -2.73],
							"lerp_mode": "catmullrom"
						},
						"1.3333": {
							"post": [0, 0, -2],
							"lerp_mode": "catmullrom"
						},
						"1.5": {
							"post": [0, 0.08, -1.08],
							"lerp_mode": "catmullrom"
						},
						"1.6667": {
							"post": [0, 0.25, 0],
							"lerp_mode": "catmullrom"
						},
						"1.8333": {
							"post": [0, 0.57, 1.07],
							"lerp_mode": "catmullrom"
						},
						"2.0": {
							"post": [0, 0.78, 1.84],
							"lerp_mode": "catmullrom"
						}
					}
				},
				"left_lower_leg": {
					"rotation": {
						"0.0": {
							"post": [12.5, 0, 0],
							"lerp_mode": "catmullrom"
						},
						"0.1667": {
							"post": [22.83, 0, 0],
							"lerp_mode": "catmullrom"
						},
						"0.3333": {
							"post": [25, 0, 0],
							"lerp_mode": "catmullrom"
						},
						"0.6667": {
							"post": [5.52, 0, 0],
							"lerp_mode": "catmullrom"
						},
						"0.8333": {
							"post": [-10, 0, 0],
							"lerp_mode": "catmullrom"
						},
						"1.0": {
							"post": [-27.5, 0, 0],
							"lerp_mode": "catmullrom"
						},
						"1.1667": {
							"post": [-28.12, 0, 0],
							"lerp_mode": "catmullrom"
						},
						"1.3333": {
							"post": [-27.5, 0, 0],
							"lerp_mode": "catmullrom"
						},
						"1.5": {
							"post": [-21.52, 0, 0],
							"lerp_mode": "catmullrom"
						},
						"1.6667": {
							"post": [-12.5, 0, 0],
							"lerp_mode": "catmullrom"
						},
						"1.8333": {
							"post": [-0.22, 0, 0],
							"lerp_mode": "catmullrom"
						},
						"2.0": {
							"post": [12.5, 0, 0],
							"lerp_mode": "catmullrom"
						}
					},
					"position": {
						"0.0": {
							"post": [0, -0.75, 2.75],
							"lerp_mode": "catmullrom"
						},
						"0.3333": {
							"post": [0, -1.75, 2.75],
							"lerp_mode": "catmullrom"
						},
						"0.5": {
							"post": [0, 0.25, 2.75],
							"lerp_mode": "catmullrom"
						},
						"0.6667": {
							"post": [0, 0.5, 0],
							"lerp_mode": "catmullrom"
						},
						"0.8333": {
							"post": [0, 0.75, 0],
							"lerp_mode": "catmullrom"
						},
						"1.0": {
							"post": [0, 1.25, 0],
							"lerp_mode": "catmullrom"
						},
						"1.1667": {
							"post": [0, 1.58, 0],
							"lerp_mode": "catmullrom"
						},
						"1.3333": {
							"post": [0, 1.75, 0],
							"lerp_mode": "catmullrom"
						},
						"1.5": {
							"post": [0, 1.35, -0.17],
							"lerp_mode": "catmullrom"
						},
						"1.6667": {
							"post": [0, 0.75, 0],
							"lerp_mode": "catmullrom"
						},
						"1.8333": {
							"post": [0, 0.03, 1.39],
							"lerp_mode": "catmullrom"
						},
						"2.0": {
							"post": [0, -0.75, 2.75],
							"lerp_mode": "catmullrom"
						}
					}
				},
				"left_foot": {
					"rotation": {
						"0.0": {
							"post": [0, 2.5, 0],
							"lerp_mode": "catmullrom"
						},
						"0.1667": {
							"post": [14.14, 2.58, 0],
							"lerp_mode": "catmullrom"
						},
						"0.3333": {
							"post": [27.5, 2.5, 0],
							"lerp_mode": "catmullrom"
						},
						"0.6667": {
							"post": [39.14931, 2.52894, 0],
							"lerp_mode": "catmullrom"
						},
						"0.8333": {
							"post": [40, 2.5, 0],
							"lerp_mode": "catmullrom"
						},
						"1.0": {
							"post": [27.5, 0, 0],
							"lerp_mode": "catmullrom"
						},
						"1.1667": {
							"post": [24.38, -0.16, 0],
							"lerp_mode": "catmullrom"
						},
						"1.3333": {
							"post": [17.5, 0, 0],
							"lerp_mode": "catmullrom"
						},
						"1.5": {
							"post": [4.1, -0.15, 0],
							"lerp_mode": "catmullrom"
						},
						"1.6667": {
							"post": [-7.5, 0, 0],
							"lerp_mode": "catmullrom"
						},
						"1.8333": {
							"post": [-6.19, 1.26, 0],
							"lerp_mode": "catmullrom"
						},
						"2.0": {
							"post": [0, 2.5, 0],
							"lerp_mode": "catmullrom"
						}
					}
				},
				"left_claws": {
					"rotation": {
						"0.0": {
							"post": [-42.5, 0, 0],
							"lerp_mode": "catmullrom"
						},
						"0.1667": {
							"post": [-8.72, 0, 0],
							"lerp_mode": "catmullrom"
						},
						"0.3333": {
							"post": [22.5, 0, 0],
							"lerp_mode": "catmullrom"
						},
						"0.6667": {
							"post": [10, 0, 0],
							"lerp_mode": "catmullrom"
						},
						"0.8333": {
							"post": [-12.5, 0, 0],
							"lerp_mode": "catmullrom"
						},
						"1.0": {
							"post": [0, 0, 0],
							"lerp_mode": "catmullrom"
						},
						"1.1667": {
							"post": [1.56, 0, 0],
							"lerp_mode": "catmullrom"
						},
						"1.3333": {
							"post": [0, 0, 0],
							"lerp_mode": "catmullrom"
						},
						"1.5": {
							"post": [2.56, 0, 0],
							"lerp_mode": "catmullrom"
						},
						"1.6667": {
							"post": [0, 0, 0],
							"lerp_mode": "catmullrom"
						},
						"1.8333": {
							"post": [-25.47, 0, 0],
							"lerp_mode": "catmullrom"
						},
						"2.0": {
							"post": [-42.5, 0, 0],
							"lerp_mode": "catmullrom"
						}
					},
					"position": {
						"0.0": {
							"post": [0, -0.25, 0.5],
							"lerp_mode": "catmullrom"
						},
						"0.1667": {
							"post": [0, -0.13, 0.81],
							"lerp_mode": "catmullrom"
						},
						"0.3333": {
							"post": [0, 0, 1],
							"lerp_mode": "catmullrom"
						},
						"0.6667": {
							"post": [0, 0, 0.25],
							"lerp_mode": "catmullrom"
						},
						"0.8333": {
							"post": [0, 0, 0.25],
							"lerp_mode": "catmullrom"
						},
						"1.0": {
							"post": [0, 0, 0],
							"lerp_mode": "catmullrom"
						},
						"1.1667": {
							"post": [0, 0, -0.02],
							"lerp_mode": "catmullrom"
						},
						"1.3333": {
							"post": [0, 0, 0],
							"lerp_mode": "catmullrom"
						},
						"1.5": {
							"post": [0, 0.02, -0.03],
							"lerp_mode": "catmullrom"
						},
						"1.6667": {
							"post": [0, 0, 0],
							"lerp_mode": "catmullrom"
						},
						"1.8333": {
							"post": [0, -0.14, 0.22],
							"lerp_mode": "catmullrom"
						},
						"2.0": {
							"post": [0, -0.25, 0.5],
							"lerp_mode": "catmullrom"
						}
					}
				},
				"right_upper_leg": {
					"rotation": {
						"0.0": {
							"post": [0.39527, -8.78819, 2.09888],
							"lerp_mode": "catmullrom"
						},
						"0.1667": {
							"post": [6.18, -8.79, 2.1],
							"lerp_mode": "catmullrom"
						},
						"0.3333": {
							"post": [10.39527, -8.78819, 2.09888],
							"lerp_mode": "catmullrom"
						},
						"0.5": {
							"post": [15.03, -8.79, 2.1],
							"lerp_mode": "catmullrom"
						},
						"0.6667": {
							"post": [20.39527, -8.78819, 2.09888],
							"lerp_mode": "catmullrom"
						},
						"0.8333": {
							"post": [24.48, -8.79, 2.1],
							"lerp_mode": "catmullrom"
						},
						"1.0": {
							"post": [30.39527, -8.78819, 2.09888],
							"lerp_mode": "catmullrom"
						},
						"1.1667": {
							"post": [44.67, -8.79, 2.1],
							"lerp_mode": "catmullrom"
						},
						"1.3333": {
							"post": [50.39527, -8.78819, 2.09888],
							"lerp_mode": "catmullrom"
						},
						"1.6667": {
							"post": [-12.10473, -8.78819, 2.09888],
							"lerp_mode": "catmullrom"
						},
						"1.8333": {
							"post": [-32.10473, -8.78819, 2.09888],
							"lerp_mode": "catmullrom"
						},
						"2.0": {
							"post": [0.39527, -8.78819, 2.09888],
							"lerp_mode": "catmullrom"
						}
					},
					"position": {
						"0.0": {
							"post": [0, 0, -3],
							"lerp_mode": "catmullrom"
						},
						"0.1667": {
							"post": [0, -0.08, -2.73],
							"lerp_mode": "catmullrom"
						},
						"0.3333": {
							"post": [0, 0, -2],
							"lerp_mode": "catmullrom"
						},
						"0.5": {
							"post": [0, 0.08, -1.08],
							"lerp_mode": "catmullrom"
						},
						"0.6667": {
							"post": [0, 0.25, 0],
							"lerp_mode": "catmullrom"
						},
						"0.8333": {
							"post": [0, 0.57, 1.07],
							"lerp_mode": "catmullrom"
						},
						"1.0": {
							"post": [0, 0.78, 1.84],
							"lerp_mode": "catmullrom"
						},
						"1.125": {
							"post": [0, 1, 2.2],
							"lerp_mode": "catmullrom"
						},
						"1.3333": {
							"post": [0, 2, 2],
							"lerp_mode": "catmullrom"
						},
						"1.5": {
							"post": [0, 3.5, 0],
							"lerp_mode": "catmullrom"
						},
						"1.6667": {
							"post": [0, 2.5, -1.75],
							"lerp_mode": "catmullrom"
						},
						"1.8333": {
							"post": [0, 2, -2.75],
							"lerp_mode": "catmullrom"
						},
						"2.0": {
							"post": [0, 0, -3],
							"lerp_mode": "catmullrom"
						}
					}
				},
				"right_lower_leg": {
					"rotation": {
						"0.0": {
							"post": [-27.5, 0, 0],
							"lerp_mode": "catmullrom"
						},
						"0.1667": {
							"post": [-28.12, 0, 0],
							"lerp_mode": "catmullrom"
						},
						"0.3333": {
							"post": [-27.5, 0, 0],
							"lerp_mode": "catmullrom"
						},
						"0.5": {
							"post": [-21.52, 0, 0],
							"lerp_mode": "catmullrom"
						},
						"0.6667": {
							"post": [-12.5, 0, 0],
							"lerp_mode": "catmullrom"
						},
						"0.8333": {
							"post": [-0.22, 0, 0],
							"lerp_mode": "catmullrom"
						},
						"1.0": {
							"post": [12.5, 0, 0],
							"lerp_mode": "catmullrom"
						},
						"1.1667": {
							"post": [22.83, 0, 0],
							"lerp_mode": "catmullrom"
						},
						"1.3333": {
							"post": [25, 0, 0],
							"lerp_mode": "catmullrom"
						},
						"1.6667": {
							"post": [5.52, 0, 0],
							"lerp_mode": "catmullrom"
						},
						"1.8333": {
							"post": [-10, 0, 0],
							"lerp_mode": "catmullrom"
						},
						"2.0": {
							"post": [-27.5, 0, 0],
							"lerp_mode": "catmullrom"
						}
					},
					"position": {
						"0.0": {
							"post": [0, 1.25, 0],
							"lerp_mode": "catmullrom"
						},
						"0.1667": {
							"post": [0, 1.58, 0],
							"lerp_mode": "catmullrom"
						},
						"0.3333": {
							"post": [0, 1.75, 0],
							"lerp_mode": "catmullrom"
						},
						"0.5": {
							"post": [0, 1.35, -0.17],
							"lerp_mode": "catmullrom"
						},
						"0.6667": {
							"post": [0, 0.75, 0],
							"lerp_mode": "catmullrom"
						},
						"0.8333": {
							"post": [0, 0.03, 1.39],
							"lerp_mode": "catmullrom"
						},
						"1.0": {
							"post": [0, -0.75, 2.75],
							"lerp_mode": "catmullrom"
						},
						"1.3333": {
							"post": [0, -1.75, 2.75],
							"lerp_mode": "catmullrom"
						},
						"1.5": {
							"post": [0, 0.25, 2.75],
							"lerp_mode": "catmullrom"
						},
						"1.6667": {
							"post": [0, 0.5, 0],
							"lerp_mode": "catmullrom"
						},
						"1.8333": {
							"post": [0, 0.75, 0],
							"lerp_mode": "catmullrom"
						},
						"2.0": {
							"post": [0, 1.25, 0],
							"lerp_mode": "catmullrom"
						}
					}
				},
				"right_foot": {
					"rotation": {
						"0.0": {
							"post": [27.5, 0, 0],
							"lerp_mode": "catmullrom"
						},
						"0.1667": {
							"post": [24.38, 0.16, 0],
							"lerp_mode": "catmullrom"
						},
						"0.3333": {
							"post": [17.5, 0, 0],
							"lerp_mode": "catmullrom"
						},
						"0.5": {
							"post": [4.1, 0.15, 0],
							"lerp_mode": "catmullrom"
						},
						"0.6667": {
							"post": [-7.5, 0, 0],
							"lerp_mode": "catmullrom"
						},
						"0.8333": {
							"post": [-6.19, -1.26, 0],
							"lerp_mode": "catmullrom"
						},
						"1.0": {
							"post": [0, -2.5, 0],
							"lerp_mode": "catmullrom"
						},
						"1.1667": {
							"post": [14.14, -2.58, 0],
							"lerp_mode": "catmullrom"
						},
						"1.3333": {
							"post": [27.5, -2.5, 0],
							"lerp_mode": "catmullrom"
						},
						"1.6667": {
							"post": [39.14931, -2.52894, 0],
							"lerp_mode": "catmullrom"
						},
						"1.8333": {
							"post": [40, -2.5, 0],
							"lerp_mode": "catmullrom"
						},
						"2.0": {
							"post": [27.5, 0, 0],
							"lerp_mode": "catmullrom"
						}
					}
				},
				"right_claws": {
					"rotation": {
						"0.0": {
							"post": [0, 0, 0],
							"lerp_mode": "catmullrom"
						},
						"0.1667": {
							"post": [1.56, 0, 0],
							"lerp_mode": "catmullrom"
						},
						"0.3333": {
							"post": [0, 0, 0],
							"lerp_mode": "catmullrom"
						},
						"0.5": {
							"post": [2.56, 0, 0],
							"lerp_mode": "catmullrom"
						},
						"0.6667": {
							"post": [0, 0, 0],
							"lerp_mode": "catmullrom"
						},
						"0.8333": {
							"post": [-25.47, 0, 0],
							"lerp_mode": "catmullrom"
						},
						"1.0": {
							"post": [-42.5, 0, 0],
							"lerp_mode": "catmullrom"
						},
						"1.1667": {
							"post": [-8.72, 0, 0],
							"lerp_mode": "catmullrom"
						},
						"1.3333": {
							"post": [22.5, 0, 0],
							"lerp_mode": "catmullrom"
						},
						"1.6667": {
							"post": [10, 0, 0],
							"lerp_mode": "catmullrom"
						},
						"1.8333": {
							"post": [-12.5, 0, 0],
							"lerp_mode": "catmullrom"
						},
						"2.0": {
							"post": [0, 0, 0],
							"lerp_mode": "catmullrom"
						}
					},
					"position": {
						"0.0": {
							"post": [0, 0, 0],
							"lerp_mode": "catmullrom"
						},
						"0.1667": {
							"post": [0, 0, -0.02],
							"lerp_mode": "catmullrom"
						},
						"0.3333": {
							"post": [0, 0, 0],
							"lerp_mode": "catmullrom"
						},
						"0.5": {
							"post": [0, 0.02, -0.03],
							"lerp_mode": "catmullrom"
						},
						"0.6667": {
							"post": [0, 0, 0],
							"lerp_mode": "catmullrom"
						},
						"0.8333": {
							"post": [0, -0.14, 0.22],
							"lerp_mode": "catmullrom"
						},
						"1.0": {
							"post": [0, -0.25, 0.5],
							"lerp_mode": "catmullrom"
						},
						"1.1667": {
							"post": [0, -0.13, 0.81],
							"lerp_mode": "catmullrom"
						},
						"1.3333": {
							"post": [0, 0, 1],
							"lerp_mode": "catmullrom"
						},
						"1.6667": {
							"post": [0, 0, 0.25],
							"lerp_mode": "catmullrom"
						},
						"1.8333": {
							"post": [0, 0, 0.25],
							"lerp_mode": "catmullrom"
						},
						"2.0": {
							"post": [0, 0, 0],
							"lerp_mode": "catmullrom"
						}
					}
				}
			}
		},
		"animation.rhydon.battle_idle": {
			"loop": true,
			"bones": {
				"torso": {
					"rotation": ["-10+math.sin(q.anim_time*90*4+45)*2", 0, 0],
					"position": [0, "0-math.sin(q.anim_time*90*4+45)*0.25", 0]
				},
				"upper_torso": {
					"rotation": ["5-math.sin(q.anim_time*90*4+150)*1", 0, 0]
				},
				"head_angle": {
					"rotation": ["10-math.sin(q.anim_time*90*4+90)*2", 0, "-math.sin(q.anim_time*90*4+45)*1"],
					"position": [0, 1.75, 0]
				},
				"jaw": {
					"rotation": ["37.5-math.sin(q.anim_time*90*4+45)*3", 0, 0]
				},
				"left_shoulder": {
					"rotation": [-14.70872, 10.82396, -22.73048]
				},
				"left_upper_arm": {
					"rotation": [4.40536, 1.42416, "-5.0561+math.sin(q.anim_time*90*4-90)*1"]
				},
				"left_lower_arm": {
					"rotation": [-88.02439, "9.1046-math.sin(q.anim_time*90*4+90)*2", -5.06501],
					"position": [-0.75, -2, -1.75]
				},
				"left_upper_leg": {
					"rotation": ["-0.8486+math.sin(q.anim_time*90*4+90)*2", -20.60146, 0.70228],
					"position": [0, -0.25, 0]
				},
				"left_lower_leg": {
					"rotation": ["0-math.sin(q.anim_time*90*4+90)*2.5", 0, 0],
					"position": [0, "0+math.sin(q.anim_time*90*4+90)*0.2", "0-math.sin(q.anim_time*90*4+90)*0.05"]
				},
				"tail": {
					"rotation": ["20+math.sin(q.anim_time*90*4-45)*3", 0, 0]
				},
				"tail2": {
					"rotation": ["10+math.sin(q.anim_time*90*4-120)*6", 0, 0],
					"position": [0, 0, -1.5]
				},
				"tail3": {
					"rotation": ["25.2464+math.sin(q.anim_time*90*4-120)*6", 0, 0],
					"position": [0, 0, -1]
				},
				"right_upper_leg": {
					"rotation": ["-0.8486+math.sin(q.anim_time*90*4+90)*2", 20.60146, -0.70228],
					"position": [0, -0.25, 0]
				},
				"right_shoulder": {
					"rotation": [-14.70872, -10.82396, 22.73048]
				},
				"right_upper_arm": {
					"rotation": [4.40536, -1.42416, "5.0561-math.sin(q.anim_time*90*4-90)*1"]
				},
				"right_lower_arm": {
					"rotation": [-88.02439, "-9.1046+math.sin(q.anim_time*90*4+90)*2", 5.06501],
					"position": [0.75, -2, -1.75]
				},
				"tail4": {
					"rotation": ["22.792+math.sin(q.anim_time*90*4-180)*8", 0, 0],
					"position": [0, 0, -0.75]
				},
				"left_ear": {
					"rotation": ["0-math.sin(q.anim_time*90*4+45)*2", 0, "0+math.sin(q.anim_time*90*4+150)*2"]
				},
				"right_ear": {
					"rotation": ["0-math.sin(q.anim_time*90*4+45)*2", 0, "0+math.sin(q.anim_time*90*4+150)*2"]
				},
				"left_foot": {
					"rotation": ["0+math.sin(q.anim_time*90*4+90)*0.5", 0, 0],
					"position": [0, "0+math.sin(q.anim_time*90*4+90)*0.02", "0+math.sin(q.anim_time*90*4+90)*0.02"]
				},
				"right_lower_leg": {
					"rotation": ["0-math.sin(q.anim_time*90*4+90)*2.5", 0, 0],
					"position": [0, "0+math.sin(q.anim_time*90*4+90)*0.2", "0-math.sin(q.anim_time*90*4+90)*0.05"]
				},
				"right_foot": {
					"rotation": ["0+math.sin(q.anim_time*90*4+90)*0.5", 0, 0],
					"position": [0, "0+math.sin(q.anim_time*90*4+90)*0.02", "0+math.sin(q.anim_time*90*4+90)*0.02"]
				}
			}
		},
		"animation.rhydon.sleep": {
			"loop": true,
			"bones": {
				"body": {
					"position": [0, -3, 0]
				},
				"torso": {
					"rotation": [60, 0, 0],
					"scale": "1+math.sin(q.anim_time*90*1+90)*0.005"
				},
				"upper_torso": {
					"rotation": [12.5, 0, 0],
					"scale": 1
				},
				"left_shoulder": {
					"rotation": [0, 35, 0],
					"scale": "1-math.sin(q.anim_time*90*1+90)*0.01"
				},
				"left_upper_arm": {
					"rotation": [15, 0, -57.5],
					"position": [-3, 0, -2]
				},
				"left_lower_arm": {
					"rotation": [-82.45181, 24.85278, -57.21493],
					"position": [0, -2, -1]
				},
				"right_shoulder": {
					"rotation": [0, -35, 0],
					"scale": "1-math.sin(q.anim_time*90*1+90)*0.01"
				},
				"right_upper_arm": {
					"rotation": [15, 0, 57.5],
					"position": [3, 0, -2]
				},
				"right_lower_arm": {
					"rotation": [-82.45181, -24.85278, 57.21493],
					"position": [0, -2, -1]
				},
				"head_angle": {
					"rotation": [-65, 0, 0],
					"position": [0, -1, -5],
					"scale": "1-math.sin(q.anim_time*90*1+90)*0.005"
				},
				"left_eye": {
					"position": [-1, 0, 0]
				},
				"left_eyelid": {
					"position": [0.1, 0, 0]
				},
				"right_eyelid": {
					"position": [-0.1, 0, 0]
				},
				"right_eye": {
					"position": [1, 0, 0]
				},
				"tail": {
					"rotation": [-67.5, 0, 0],
					"position": [0, 0, -5],
					"scale": "1-math.sin(q.anim_time*90*1+90)*0.01"
				},
				"tail2": {
					"rotation": [2.5, 32.5, 0],
					"position": [0, -1, -1]
				},
				"tail3": {
					"rotation": [0, 35, 0],
					"position": [0, 0, -1]
				},
				"tail4": {
					"rotation": [-2.5, 35, 0],
					"position": [0, -1, -1]
				},
				"left_upper_leg": {
					"rotation": [-35, 0, 0],
					"scale": "1-math.sin(q.anim_time*90*1+90)*0.01"
				},
				"left_lower_leg": {
					"rotation": [35, 0, 0],
					"position": [0, -0.25, 0.5]
				},
				"right_upper_leg": {
					"rotation": [-35, 0, 0],
					"scale": "1-math.sin(q.anim_time*90*1+90)*0.01"
				},
				"right_lower_leg": {
					"rotation": [35, 0, 0],
					"position": [0, -0.25, 0.5]
				}
			}
		},
		"animation.rhydon.pose": {
			"loop": true,
			"bones": {
				"torso": {
					"rotation": [0, -10, 0]
				},
				"upper_torso": {
					"rotation": [-5, -5, 0]
				},
				"head_angle": {
					"rotation": [-2.67995, 12.39135, -1.6575]
				},
				"jaw": {
					"rotation": [32.5, 0, 0]
				},
				"left_shoulder": {
					"rotation": [0, -7.5, 25]
				},
				"left_upper_arm": {
					"rotation": [0, -5, 2.5]
				},
				"left_lower_arm": {
					"rotation": [5.43327, 47.2626, 7.37872]
				},
				"right_shoulder": {
					"rotation": [-7.84797, -12.10493, -16.95446]
				},
				"right_upper_arm": {
					"rotation": [0, -7.5, 0]
				},
				"right_lower_arm": {
					"rotation": [-5, -37.5, 0]
				},
				"tail": {
					"rotation": [-10.26886, -2.30239, 4.21882]
				},
				"tail2": {
					"rotation": [10.52027, -11.84189, -2.4673]
				},
				"tail3": {
					"rotation": [13.4952, -21.93762, -2.63136]
				},
				"tail4": {
					"rotation": [15, -20, 0]
				},
				"left_upper_leg": {
					"rotation": [5, -12.5, 0],
					"position": [1, 0, 0]
				},
				"left_lower_leg": {
					"rotation": [2.5, 0, 0]
				},
				"left_foot": {
					"rotation": [-7.5, 0, 0]
				},
				"right_upper_leg": {
					"rotation": [-7.5, 0, 0],
					"position": [0, 0, -2]
				},
				"right_lower_leg": {
					"rotation": [-5, 0, 0]
				},
				"right_foot": {
					"rotation": [12.5, 0, 0]
				},
				"backspike4": {
					"rotation": [-0.44192, -9.98078, 5.05766]
				},
				"backspike2": {
					"rotation": [2.5, 0, 0]
				},
				"backspike3": {
					"rotation": [0, 2.5, 2.5]
				},
				"backspike": {
					"rotation": [-5, 0, 0]
				},
				"horn": {
					"rotation": [0, 0, 0]
				},
				"horn_rotation": {
					"rotation": [0, 0, "0*1-q.anim_time*90*8"]
				}
			}
		},
		"animation.rhydon.blink": {
			"animation_length": 0.1667,
			"bones": {
				"left_eyelid": {
					"position": {
						"0.0": [0.1, 0, 0],
						"0.125": {"pre": [0.1, 0, 0], "post": [0.1, 0, 0]},
						"0.1667": {"pre": [0.1, 0, 0], "post": [0, 0, 0]}
					}
				},
				"right_eyelid": {
					"position": {
						"0.0": [-0.1, 0, 0],
						"0.125": {"pre": [-0.1, 0, 0], "post": [-0.1, 0, 0]},
						"0.1667": {"pre": [-0.1, 0, 0], "post": [0, 0, 0]}
					}
				}
			}
		},
		"animation.rhydon.expressions": {
			"loop": true,
			"animation_length": 1.25,
			"bones": {
				"left_eyebrow": {
					"rotation": {
						"0.0": [-15, 0, 0],
						"0.25": {"pre": [-15, 0, 0], "post": [-27.5, 0, 0]},
						"0.5": {"pre": [-27.5, 0, 0], "post": [10, 0, 0]},
						"0.75": {"pre": [10, 0, 0], "post": [-30, 0, 0]},
						"1.0": {"pre": [-30, 0, 0], "post": [5, 0, 0]}
					},
					"position": {
						"0.0": [0, 0.75, 0],
						"0.25": {"pre": [0, 0.75, 0], "post": [0, 0.65, 0]},
						"0.5": {"pre": [0, 0.65, 0], "post": [0, -0.25, -0.25]},
						"0.75": {"pre": [0, -0.25, -0.25], "post": [0, -0.5, 0]},
						"1.0": {"pre": [0, -0.5, 0], "post": [0, -0.5, 0]}
					}
				},
				"right_eyebrow": {
					"rotation": {
						"0.0": [-15, 0, 0],
						"0.25": {"pre": [-15, 0, 0], "post": [-27.5, 0, 0]},
						"0.5": {"pre": [-27.5, 0, 0], "post": [10, 0, 0]},
						"0.75": {"pre": [10, 0, 0], "post": [-30, 0, 0]},
						"1.0": {"pre": [-30, 0, 0], "post": [5, 0, 0]}
					},
					"position": {
						"0.0": [0, 0.75, 0],
						"0.25": {"pre": [0, 0.75, 0], "post": [0, 0.65, 0]},
						"0.5": {"pre": [0, 0.65, 0], "post": [0, -0.25, -0.25]},
						"0.75": {"pre": [0, -0.25, -0.25], "post": [0, -0.5, 0]},
						"1.0": {"pre": [0, -0.5, 0], "post": [0, -0.5, 0]}
					}
				},
				"jaw": {
					"rotation": {
						"0.0": [40, 0, 0],
						"0.25": {"pre": [40, 0, 0], "post": [40, 0, 0]},
						"0.5": {"pre": [40, 0, 0], "post": [0, 0, 0]},
						"0.75": {"pre": [0, 0, 0], "post": [0, 0, 0]},
						"1.0": {"pre": [0, 0, 0], "post": [0, 0, 0]}
					}
				},
				"left_eye": {
					"position": {
						"0.0": [0, 0, 0],
						"0.25": [0, 0, 0]
					}
				},
				"left_eyelid": {
					"position": {
						"0.0": [0, 0, 0],
						"1.0": {"pre": [0, 0, 0], "post": [0.1, 0, 0]}
					}
				},
				"left_eyelid_angry": {
					"position": {
						"0.0": [0, 0, 0],
						"0.5": {"pre": [0, 0, 0], "post": [0.1, 0, 0]},
						"0.75": {"pre": [0.1, 0, 0], "post": [0, 0, 0]}
					}
				},
				"right_eyelid": {
					"rotation": [0, 0, 0],
					"position": {
						"0.0": [0, 0, 0],
						"1.0": {"pre": [0, 0, 0], "post": [-0.1, 0, 0]}
					}
				},
				"right_eye": {
					"position": {
						"0.0": [0, 0, 0],
						"0.25": [0, 0, 0]
					}
				},
				"right_eyelid_angry": {
					"position": {
						"0.0": [0, 0, 0],
						"0.5": {"pre": [0, 0, 0], "post": [-0.1, 0, 0]},
						"0.75": {"pre": [-0.1, 0, 0], "post": [0, 0, 0]}
					}
				},
				"left_eyelid_sad": {
					"position": {
						"0.0": [0, 0, 0],
						"0.75": {"pre": [0, 0, 0], "post": [0.1, 0, 0]},
						"1.0": {"pre": [0.1, 0, 0], "post": [0, 0, 0]}
					}
				},
				"right_eyelid_sad": {
					"position": {
						"0.0": [0, 0, 0],
						"0.75": {"pre": [0, 0, 0], "post": [-0.1, 0, 0]},
						"1.0": {"pre": [-0.1, 0, 0], "post": [0, 0, 0]}
					}
				},
				"left_eyelid_happy": {
					"position": {
						"0.0": [0.1, 0, 0],
						"0.25": {"pre": [0.1, 0, 0], "post": [0, 0, 0]},
						"0.5": {"pre": [0, 0, 0], "post": [0, 0, 0]},
						"0.75": {"pre": [0, 0, 0], "post": [0, 0, 0]},
						"1.0": {"pre": [0, 0, 0], "post": [0, 0, 0]}
					}
				},
				"right_eyelid_happy": {
					"position": {
						"0.0": [-0.1, 0, 0],
						"0.25": {"pre": [-0.1, 0, 0], "post": [0, 0, 0]},
						"0.5": {"pre": [0, 0, 0], "post": [0, 0, 0]},
						"0.75": {"pre": [0, 0, 0], "post": [0, 0, 0]},
						"1.0": {"pre": [0, 0, 0], "post": [0, 0, 0]}
					}
				},
				"right_pupil": {
					"position": {
						"0.0": [0, 0, 0],
						"0.25": {"pre": [0, 0, 0], "post": [0, 0, 0]},
						"0.5": {"pre": [0, 0, 0], "post": [0, 0, 0]}
					},
					"scale": {
						"0.0": [1, 1, 1],
						"0.25": {"pre": [1, 1, 1], "post": [1, 0.7, 0.7]},
						"0.5": {"pre": [1, 0.7, 0.7], "post": [1, 1, 1]},
						"0.75": {"pre": [1, 1, 1], "post": [1, 1, 1]},
						"1.0": {"pre": [1, 1, 1], "post": [1, 1, 1]}
					}
				},
				"left_pupil": {
					"position": {
						"0.0": [0, 0, 0],
						"0.25": {"pre": [0, 0, 0], "post": [0, 0, -0.25]},
						"0.5": {"pre": [0, 0, -0.25], "post": [0, 0, 0]}
					},
					"scale": {
						"0.0": [1, 1, 1],
						"0.25": {"pre": [1, 1, 1], "post": [1, 0.7, 0.7]},
						"0.5": {"pre": [1, 0.7, 0.7], "post": [1, 1, 1]},
						"0.75": {"pre": [1, 1, 1], "post": [1, 1, 1]},
						"1.0": {"pre": [1, 1, 1], "post": [1, 1, 1]}
					}
				},
				"head_angle": {
					"rotation": {
						"0.0": [-10, 0, 0],
						"0.25": {"pre": [-10, 0, 0], "post": [-10, 0, 0]},
						"0.5": {"pre": [-10, 0, 0], "post": [0, 0, 0]},
						"0.75": {"pre": [0, 0, 0], "post": [0, 0, 0]},
						"1.0": {"pre": [0, 0, 0], "post": [0, 0, 0]}
					}
				}
			}
		},
		"animation.rhydon.size": {
			"loop": true,
			"bones": {
				"body": {
					"scale": 1.25
				}
			}
		},
		"animation.rhydon.walktest": {
			"loop": true,
			"bones": {
				"rhydon": {
					"position": [0, 0, "0-q.anim_time*90*0.05"]
				}
			}
		}
	}
}