{
	"format_version": "1.12.0",
	"minecraft:geometry": [
		{
			"description": {
				"identifier": "geometry.calyrex",
				"texture_width": 128,
				"texture_height": 128,
				"visible_bounds_width": 3,
				"visible_bounds_height": 5.25,
				"visible_bounds_offset": [0, 0.375, 0]
			},
			"bones": [
				{
					"name": "calyrex",
					"pivot": [0, 0, 0]
				},
				{
					"name": "torso",
					"parent": "calyrex",
					"pivot": [0, 13, 3]
				},
				{
					"name": "body",
					"parent": "torso",
					"pivot": [0, 13.5, 2.5],
					"cubes": [
						{"origin": [-2.5, 10, 0], "size": [5, 7, 5], "inflate": -0.01, "uv": [0, 31]}
					]
				},
				{
					"name": "neck",
					"parent": "body",
					"pivot": [-2, 18, 4],
					"cubes": [
						{"origin": [-1.5, 17, 1], "size": [3, 2, 3], "inflate": -0.01, "uv": [24, 44]}
					]
				},
				{
					"name": "head",
					"parent": "neck",
					"pivot": [0, 17.75, 2.75],
					"cubes": [
						{"origin": [-1.5, 19, -4], "size": [3, 2, 3], "uv": [36, 44]},
						{"origin": [-2.5, 18, -1], "size": [5, 4, 6], "uv": [20, 31]}
					]
				},
				{
					"name": "jaw",
					"parent": "head",
					"pivot": [0, 18.5, -1.5]
				},
				{
					"name": "bottomjaw",
					"parent": "jaw",
					"pivot": [-0.1, 18.5, -1],
					"cubes": [
						{"origin": [-1.5, 18, -4], "size": [3, 1, 3], "uv": [0, 49]}
					]
				},
				{
					"name": "eyes",
					"parent": "head",
					"pivot": [-1.5, 18, 4],
					"cubes": [
						{"origin": [-2.5, 19.4, 0.3], "size": [0, 2, 2], "inflate": 0.02, "uv": [20, 50]},
						{"origin": [-2.5, 20.4, 0.8], "size": [0, 1, 1], "inflate": 0.03, "uv": [8, 53]},
						{"origin": [-2.5, 19.4, -0.7], "size": [0, 2, 4], "inflate": 0.01, "uv": [38, 49]},
						{"origin": [2.5, 19.4, 0.3], "size": [0, 2, 2], "inflate": 0.02, "uv": [0, 53]},
						{"origin": [2.5, 20.4, 0.8], "size": [0, 1, 1], "inflate": 0.03, "uv": [10, 53]},
						{"origin": [2.5, 19.4, -0.7], "size": [0, 2, 4], "inflate": 0.01, "uv": [12, 50]}
					]
				},
				{
					"name": "left_eye_lid",
					"parent": "eyes",
					"pivot": [1, 20.4, 1.3],
					"cubes": [
						{"origin": [0.5, 19.4, -0.7], "size": [1, 2, 4], "inflate": 0.04, "uv": [24, 49]}
					]
				},
				{
					"name": "right_eye_lid",
					"parent": "eyes",
					"pivot": [-1, 20.4, 1.3],
					"cubes": [
						{"origin": [-1.5, 19.4, -0.7], "size": [1, 2, 4], "inflate": 0.04, "uv": [24, 49], "mirror": true}
					]
				},
				{
					"name": "onion",
					"parent": "head",
					"pivot": [0, 22.4, 2],
					"cubes": [
						{"origin": [-9, 21.9, -7], "size": [18, 13, 18], "uv": [0, 0]}
					]
				},
				{
					"name": "ears",
					"parent": "onion",
					"pivot": [-63, 22.3417, 2],
					"cubes": [
						{"origin": [-3.53654, 21.9, -1.6969], "size": [11, 0, 3], "inflate": 0.01, "pivot": [0, 24.58578, -5.50677], "rotation": [0, 45, 0], "uv": [20, 41]},
						{"origin": [-1.00432, 16.71599, -1.6969], "size": [11, 0, 3], "inflate": 0.01, "pivot": [0, 24.58578, -5.50677], "rotation": [-44.31282, 8.80348, -81.09072], "uv": [42, 31]},
						{"origin": [-9.99568, 16.71599, -1.6969], "size": [11, 0, 3], "inflate": 0.01, "pivot": [0, 24.58578, -5.50677], "rotation": [-44.31282, -8.80348, 81.09072], "uv": [42, 31], "mirror": true},
						{"origin": [-7.46346, 21.9, -1.6969], "size": [11, 0, 3], "inflate": 0.01, "pivot": [0, 24.58578, -5.50677], "rotation": [0, -45, 0], "uv": [20, 41], "mirror": true},
						{"origin": [-9.99568, 16.71599, 2.6969], "size": [11, 0, 3], "inflate": 0.01, "pivot": [0, 24.58578, 9.50677], "rotation": [44.31282, 8.80348, 81.09072], "uv": [42, 31], "mirror": true},
						{"origin": [-7.46346, 21.9, 2.6969], "size": [11, 0, 3], "inflate": 0.01, "pivot": [0, 24.58578, 9.50677], "rotation": [0, 45, 0], "uv": [20, 41], "mirror": true},
						{"origin": [-3.53654, 21.9, 2.6969], "size": [11, 0, 3], "inflate": 0.01, "pivot": [0, 24.58578, 9.50677], "rotation": [0, -45, 0], "uv": [20, 41]},
						{"origin": [-1.00432, 16.71599, 2.6969], "size": [11, 0, 3], "inflate": 0.01, "pivot": [0, 24.58578, 9.50677], "rotation": [44.31282, -8.80348, -81.09072], "uv": [42, 31]}
					]
				},
				{
					"name": "neckless",
					"parent": "neck",
					"pivot": [0, 16.92328, 2.58025],
					"rotation": [-5, 0, 0],
					"cubes": [
						{"origin": [0.4975, 14.99453, -2.05425], "size": [3, 3, 3], "pivot": [0, 9.73643, 2.36956], "rotation": [20.75357, -43.07952, -14.51082], "uv": [0, 43]},
						{"origin": [-0.22622, 13.82916, 0.43284], "size": [1, 1, 0], "inflate": 0.01, "pivot": [4.54056, 8.84685, -0.42668], "rotation": [-23.70904, -41.75722, 47.91247], "uv": [12, 43]},
						{"origin": [-0.77378, 13.82916, 0.43284], "size": [1, 1, 0], "inflate": 0.01, "pivot": [-4.54056, 8.84685, -0.42668], "rotation": [-23.70904, 41.75722, -47.91247], "uv": [14, 43]},
						{"origin": [4.28109, 16.09725, 10.37484], "size": [1, 1, 0], "pivot": [0, 11.81616, 8.56311], "rotation": [14.43276, 13.99545, -43.21918], "uv": [16, 43]},
						{"origin": [0.6464, 14.57646, 8.15471], "size": [1, 1, 0], "inflate": 0.01, "pivot": [-4.54056, 11.20124, 6.87362], "rotation": [46.96555, -13.17944, -59.10103], "uv": [18, 43]},
						{"origin": [-1.6464, 14.57646, 8.15471], "size": [1, 1, 0], "inflate": 0.01, "pivot": [4.54056, 11.20124, 6.87362], "rotation": [46.96555, 13.17944, 59.10103], "uv": [46, 49]},
						{"origin": [-3.4975, 14.99453, -2.05425], "size": [3, 3, 3], "pivot": [0, 9.73643, 2.36956], "rotation": [20.75357, 43.07952, 14.51082], "uv": [0, 43]},
						{"origin": [-1.5, 14.99453, -1.14402], "size": [3, 3, 3], "pivot": [0, 9.73643, 2.36956], "rotation": [15, 0, 0], "uv": [0, 43]},
						{"origin": [-4.44099, 16.51892, 2.35128], "size": [3, 3, 3], "pivot": [0, 18.01892, 5.83161], "rotation": [146.5968, -39.85571, -157.09019], "uv": [0, 43], "mirror": true},
						{"origin": [1.44099, 16.51892, 2.35128], "size": [3, 3, 3], "pivot": [0, 18.01892, 5.83161], "rotation": [146.5968, 39.85571, 157.09019], "uv": [0, 43], "mirror": true},
						{"origin": [-1.5, 16.31892, 3.65232], "size": [3, 3, 3], "pivot": [0, 18.01892, 5.83161], "rotation": [155, 0, -180], "uv": [0, 43], "mirror": true},
						{"origin": [-5.23295, 12.90554, -0.99787], "size": [1, 1, 0], "inflate": 0.01, "pivot": [0, 8.38151, -2.16333], "rotation": [11.28938, -9.33071, 42.33342], "uv": [50, 53]},
						{"origin": [3, 15.13909, 3.16434], "size": [3, 3, 3], "pivot": [4, 9.80502, 3.14926], "rotation": [17.5, 0, 0], "uv": [12, 44]},
						{"origin": [-6, 15.13909, 3.16434], "size": [3, 3, 3], "pivot": [-4, 9.80502, 3.14926], "rotation": [17.5, 0, 0], "uv": [12, 44], "mirror": true},
						{"origin": [6, 15.34251, -1.81923], "size": [0, 1, 1], "inflate": 0.01, "pivot": [8, 8.55059, 2.49625], "rotation": [-27.5, 0, 0], "uv": [46, 53]},
						{"origin": [-6, 15.34251, -1.81923], "size": [0, 1, 1], "inflate": 0.01, "pivot": [-8, 8.55059, 2.49625], "rotation": [-27.5, 0, 0], "uv": [48, 53]}
					]
				},
				{
					"name": "legs",
					"parent": "body",
					"pivot": [0, 10, 2]
				},
				{
					"name": "left_leg",
					"parent": "legs",
					"pivot": [1.5, 10, 2.5],
					"cubes": [
						{"origin": [1, 0, 2], "size": [1, 10, 1], "inflate": -0.01, "uv": [34, 49]}
					]
				},
				{
					"name": "right_leg",
					"parent": "legs",
					"pivot": [-1.5, 10, 2.5],
					"cubes": [
						{"origin": [-2, 0, 2], "size": [1, 10, 1], "inflate": -0.01, "uv": [34, 49], "mirror": true}
					]
				},
				{
					"name": "arms",
					"parent": "torso",
					"pivot": [0, 0, 0]
				},
				{
					"name": "left_arm",
					"parent": "arms",
					"pivot": [2.16667, 14, 2.4],
					"cubes": [
						{"origin": [2.5, 13, 1.5], "size": [5, 2, 2], "inflate": -0.01, "uv": [42, 37]},
						{"origin": [7.5, 14, 1.5], "size": [2, 1, 2], "inflate": -0.01, "uv": [46, 50]},
						{"origin": [7.5, 13, 1.7], "size": [1, 1, 1], "inflate": -0.01, "uv": [4, 53]}
					]
				},
				{
					"name": "right_arm",
					"parent": "arms",
					"pivot": [-2.16667, 14, 2.4],
					"cubes": [
						{"origin": [-7.5, 13, 1.5], "size": [5, 2, 2], "inflate": -0.01, "uv": [42, 37], "mirror": true},
						{"origin": [-9.5, 14, 1.5], "size": [2, 1, 2], "inflate": -0.01, "uv": [46, 50], "mirror": true},
						{"origin": [-8.5, 13, 1.7], "size": [1, 1, 1], "inflate": -0.01, "uv": [4, 53], "mirror": true}
					]
				},
				{
					"name": "cape",
					"parent": "torso",
					"pivot": [0.0761, 16.35201, 5],
					"cubes": [
						{"origin": [-7, 13, 5], "size": [7, 3, 0], "inflate": 0.02, "pivot": [-3.5, 14.5, 5], "rotation": [0, 0, -15], "uv": [48, 41]},
						{"origin": [-4.51212, 9.90794, 5], "size": [8, 3, 0], "inflate": 0.01, "pivot": [-2.01212, 10.90794, 5], "rotation": [0, 0, -52.5], "uv": [42, 34]},
						{"origin": [-2.48788, 9.90794, 5], "size": [7, 3, 0], "pivot": [2.01212, 10.90794, 5], "rotation": [0, 0, 52.5], "uv": [48, 44]},
						{"origin": [0, 13, 5], "size": [7, 3, 0], "inflate": 0.02, "pivot": [3.5, 14.5, 5], "rotation": [0, 0, 15], "uv": [48, 47]}
					]
				}
			]
		}
	]
}