{
    "targets": [
        "swap"
    ],
    "passes": [
        {
            "name": "color_convolve",
            "intarget": "minecraft:main",
            "outtarget": "swap",
            "uniforms": [
                {
                    "name": "Saturation",
                    "values": [ 0.4 ]
                }
            ]
        },
        {
            "name": "blit",
            "intarget": "swap",
            "outtarget": "minecraft:main"
        }
    ]
}
