{
    "targets": [
        "swap"
    ],
    "passes": [
        {
            "name": "color_convolve",
            "intarget": "minecraft:main",
            "outtarget": "swap",
            "uniforms": [
                {
                    "name": "RedMatrix",
                    "values": [ 0.393, 0.769, 0.189 ]
                },
                {
                    "name": "GreenMatrix",
                    "values": [ 0.349, 0.686, 0.168 ]
                },
                {
                    "name": "BlueMatrix",
                    "values": [ 0.272, 0.534, 0.131 ]
                }
            ]
        },
        {
            "name": "blit",
            "intarget": "swap",
            "outtarget": "minecraft:main"
        }
    ]
}