{
  "pokemon.capsakid.cry": {
      "replace": true,
      "sounds": [{ "name": "cobblemon:pokemon/capsakid","volume": 1 } ]
    },
  "pokemon.scovillain.cry": {
      "replace": true,
      "sounds": [{ "name": "cobblemon:pokemon/scovillain","volume": 1 } ]
    },      
  "pokemon.croagunk.cry": {
      "replace": true,
      "sounds": [{ "name": "cobblemon:pokemon/croagunk","volume": 1 } ]
    },
    "pokemon.toxicroak.cry": {
      "replace": true,
      "sounds": [{ "name": "cobblemon:pokemon/toxicroak","volume": 1 } ]
    }
}