{
    "portraitScale": 2.7,
    "portraitTranslation": [0, -0.8, 0],
    "profileScale": 1,
    "profileTranslation": [0, 0.2, 0],
    "animations": {
      "cry": "q.bedrock_stateful('furfrou', 'cry')",
      "recoil": "q.bedrock_primary('furfrou', 'recoil', q.curve('symmetrical_wide'))"
    },
    "poses": {
      "battle-standing": {
        "poseTypes": ["STAND"],
        "isBattle": true,
        "animations": ["q.look('head')", "q.bedrock('furfrou', 'ground_idle')"],
        "quirks": ["q.bedrock_quirk('furfrou', 'blink')"]
      },
      "standing": {
        "poseTypes": ["STAND", "NONE", "PORTRAIT", "PROFILE"],
        "isBattle": false,
        "animations": ["q.look('head')", "q.bedrock('furfrou', 'ground_idle')"],
        "quirks": ["q.bedrock_quirk('furfrou', 'blink')"]
      },
      "walking": {
        "poseTypes": ["WALK"],
        "animations": ["q.look('head')", "q.bedrock('furfrou', 'ground_walk')"],
        "quirks": ["q.bedrock_quirk('furfrou', 'blink')"]
      },
      "sleep": {
        "poseTypes": ["SLEEP"],
        "animations": ["q.bedrock('furfrou', 'sleep')"]
      }
    }
  }
  