{
	"format_version": "1.12.0",
	"minecraft:geometry": [
		{
			"description": {
				"identifier": "geometry.unknown",
				"texture_width": 64,
				"texture_height": 64,
				"visible_bounds_width": 2,
				"visible_bounds_height": 2.5,
				"visible_bounds_offset": [0, 0.75, 0]
			},
			"bones": [
				{
					"name": "furfrouwhite",
					"pivot": [0, 0, 0]
				},
				{
					"name": "body",
					"parent": "furfrouwhite",
					"pivot": [0, 0, 0]
				},
				{
					"name": "torso",
					"parent": "body",
					"pivot": [0, 7.67057, -1.97437],
					"rotation": [-26.5, 0, 0],
					"cubes": [
						{"origin": [-2, 5.67057, -3.97437], "size": [4, 4, 4], "inflate": 0.025, "uv": [0, 18]}
					]
				},
				{
					"name": "neck",
					"parent": "torso",
					"pivot": [0, 7.83782, -2.2372],
					"rotation": [26.5, 0, 0],
					"cubes": [
						{"origin": [-1.5, 6.69716, -3.7117], "size": [3, 6, 3], "pivot": [-0.5, 11.19716, -1.2117], "rotation": [-7.75, 0, 0], "uv": [16, 18]},
						{"origin": [-2, 11.69716, -2.7117], "size": [4, 2, 3], "inflate": 0.025, "pivot": [-0.5, 11.19716, -1.2117], "rotation": [-12.75, 0, 0], "uv": [20, 0]},
						{"origin": [-1.5, 9.89259, -1.34427], "size": [3, 1, 1], "inflate": 0.025, "pivot": [-0.5, 10.89259, -1.84427], "rotation": [37.25, 0, 0], "uv": [30, 46]},
						{"origin": [0.1, 8.19716, -3.4617], "size": [1, 1, 1], "pivot": [2.4, 10.69716, -1.9617], "rotation": [-30.25, -15, 0.00002], "uv": [42, 48]},
						{"origin": [0.1, 9.19716, -4.4617], "size": [1, 2, 2], "pivot": [2.4, 10.69716, -1.9617], "rotation": [-30.25, -15, 0.00002], "uv": [46, 26]},
						{"origin": [-1.1, 8.19716, -3.4617], "size": [1, 1, 1], "pivot": [-2.4, 10.69716, -1.9617], "rotation": [-30.25, 15, -0.00002], "uv": [48, 40]},
						{"origin": [-1.1, 9.19716, -4.4617], "size": [1, 2, 2], "pivot": [-2.4, 10.69716, -1.9617], "rotation": [-30.25, 15, -0.00002], "uv": [24, 46]}
					]
				},
				{
					"name": "head",
					"parent": "neck",
					"pivot": [-0.23716, 12.25576, -2.2185],
					"rotation": [7.5, 0, 0],
					"cubes": [
						{"origin": [-2, 12.0493, -4.95866], "size": [4, 4, 4], "uv": [18, 10]},
						{"origin": [-0.5, 13.06093, -5.76191], "size": [1, 1, 1], "pivot": [-1.5, 14.2243, -3.48366], "rotation": [18.75, 0, 0], "uv": [48, 20]},
						{"origin": [1.075, 13.77363, -1.17524], "size": [2, 2, 2], "pivot": [2.575, 15.27363, -2.57524], "rotation": [-14.93603, 7.43547, 0.98448], "uv": [28, 23]},
						{"origin": [1.91698, 15.1287, -1.35088], "size": [2, 2, 2], "pivot": [3.41698, 16.1287, -0.10088], "rotation": [7.56397, 7.43547, 0.98448], "uv": [38, 33]},
						{"origin": [1.52757, 14.10246, -3.39995], "size": [2, 2, 2], "pivot": [2.62757, 15.10246, -2.14995], "rotation": [-23.32335, 3.53898, -8.26948], "uv": [40, 37]},
						{"origin": [2.16698, 15.6287, -3.10088], "size": [2, 2, 2], "pivot": [3.41698, 16.1287, -0.10088], "rotation": [8.46556, 6.38826, 8.46556], "uv": [40, 18]},
						{"origin": [-3.52757, 14.10246, -3.39995], "size": [2, 2, 2], "pivot": [-2.62757, 15.10246, -2.14995], "rotation": [-23.32335, -3.53898, 8.26948], "uv": [8, 42]},
						{"origin": [-4.16698, 15.6287, -3.10088], "size": [2, 2, 2], "pivot": [-3.41698, 16.1287, -0.10088], "rotation": [8.46556, -6.38826, -8.46556], "uv": [42, 4]},
						{"origin": [-3.91698, 15.1287, -1.35088], "size": [2, 2, 2], "pivot": [-3.41698, 16.1287, -0.10088], "rotation": [7.56397, -7.43547, -0.98448], "uv": [42, 0]},
						{"origin": [-3.075, 13.77363, -1.17524], "size": [2, 2, 2], "pivot": [-2.575, 15.27363, -2.57524], "rotation": [-14.93603, -7.43547, -0.98448], "uv": [40, 41]},
						{"origin": [-2.5, 14.7993, -5.20866], "size": [5, 5, 5], "pivot": [0.5, 13.2993, -2.70866], "rotation": [7.5, 0, 0], "uv": [0, 0]},
						{"origin": [-1.5, 19.7993, -4.20866], "size": [3, 1, 4], "pivot": [0.5, 13.2993, -2.70866], "rotation": [7.5, 0, 0], "uv": [20, 5]},
						{"origin": [-2.5, 13.7993, -0.20866], "size": [5, 6, 1], "pivot": [0.5, 13.2993, -2.70866], "rotation": [7.5, 0, 0], "uv": [0, 26]},
						{"origin": [-1.25, 14.13633, -6.25931], "size": [2, 2, 1], "pivot": [0, 15.38633, -6.00931], "rotation": [5.31847, 5.29571, -44.75386], "uv": [46, 30]},
						{"origin": [-2.5, 12.7993, -2.20866], "size": [5, 2, 2], "pivot": [0.5, 13.2993, -2.70866], "rotation": [7.5, 0, 0], "uv": [12, 27]}
					]
				},
				{
					"name": "eye_left",
					"parent": "head",
					"pivot": [2.025, 13.43838, -3.28064],
					"rotation": [-7.5, 0, 0]
				},
				{
					"name": "eyelid_upper_left",
					"parent": "eye_left",
					"pivot": [2.0375, 13.83378, -3.60192],
					"cubes": [
						{"origin": [2.025, 13.34141, -4.99155], "size": [0, 1, 3], "pivot": [2.025, 13.84141, -3.49155], "rotation": [7.24721, 1.93597, -14.87739], "uv": [8, 46]},
						{"origin": [2.05, 13.51338, -4.85564], "size": [0, 1, 2], "pivot": [0.05, 15.01338, -2.35564], "rotation": [7.5, 0, 0], "uv": [18, 47]}
					]
				},
				{
					"name": "eyeball_left",
					"parent": "eye_left",
					"pivot": [2.025, 13.25115, -3.63728],
					"cubes": [
						{"origin": [2.025, 12.93838, -4.78064], "size": [0, 1, 2], "pivot": [0.025, 14.43838, -2.28064], "rotation": [7.5, 0, 0], "uv": [8, 33]}
					]
				},
				{
					"name": "eyelid_lower_left",
					"parent": "eye_left",
					"pivot": [0.025, 14.43838, -2.28064],
					"cubes": [
						{"origin": [1.775, 12.93838, -4.78064], "size": [0, 1, 2], "pivot": [-0.225, 14.43838, -2.28064], "rotation": [7.5, 0, 0], "uv": [34, 48]}
					]
				},
				{
					"name": "eye_right",
					"parent": "head",
					"pivot": [-2.025, 13.43838, -3.28064],
					"rotation": [-7.5, 0, 0]
				},
				{
					"name": "eyelid_upper_right",
					"parent": "eye_right",
					"pivot": [-2.0375, 13.83378, -3.60192],
					"cubes": [
						{"origin": [-2.025, 13.34141, -4.99155], "size": [0, 1, 3], "pivot": [-2.025, 13.84141, -3.49155], "rotation": [7.24721, -1.93597, 14.87739], "uv": [46, 22]},
						{"origin": [-2.05, 13.51338, -4.85564], "size": [0, 1, 2], "pivot": [-0.05, 15.01338, -2.35564], "rotation": [7.5, 0, 0], "uv": [48, 17]}
					]
				},
				{
					"name": "eyeball_right",
					"parent": "eye_right",
					"pivot": [-2.025, 13.25115, -3.63728],
					"cubes": [
						{"origin": [-2.025, 12.93838, -4.78064], "size": [0, 1, 2], "pivot": [-0.025, 14.43838, -2.28064], "rotation": [7.5, 0, 0], "uv": [30, 48]}
					]
				},
				{
					"name": "eyelid_lower_right",
					"parent": "eye_right",
					"pivot": [-0.025, 14.43838, -2.28064],
					"cubes": [
						{"origin": [-1.775, 12.93838, -4.78064], "size": [0, 1, 2], "pivot": [0.225, 14.43838, -2.28064], "rotation": [7.5, 0, 0], "uv": [48, 37]}
					]
				},
				{
					"name": "snout",
					"parent": "head",
					"pivot": [0, 12.04043, -4.93409],
					"rotation": [-7.5, 0, 0],
					"cubes": [
						{"origin": [-1, 11.93065, -6.74682], "size": [2, 1, 2], "pivot": [-1, 13.02858, -4.21783], "rotation": [-11.25, 0, 0], "uv": [42, 8]}
					]
				},
				{
					"name": "mouth",
					"parent": "snout",
					"pivot": [0, 12.30297, -5.44612],
					"cubes": [
						{"origin": [-0.5, 12.08065, -6.24682], "size": [1, 0, 2], "pivot": [-1.5, 13.20358, -4.21783], "rotation": [-11.25, 0, 0], "uv": [16, 36]}
					]
				},
				{
					"name": "nose",
					"parent": "snout",
					"pivot": [0, 13.17858, -6.61783],
					"cubes": [
						{"origin": [-0.5, 12.92858, -7.36783], "size": [1, 1, 1], "uv": [38, 48]}
					]
				},
				{
					"name": "ear_left",
					"parent": "head",
					"pivot": [2.57201, 13.92004, -1.54953],
					"rotation": [-7.47178, -0.65182, -4.95744],
					"cubes": [
						{"origin": [2.05, 8.525, -2.55], "size": [0, 6, 2], "uv": [0, 39]}
					]
				},
				{
					"name": "ear_right",
					"parent": "head",
					"pivot": [-2.57201, 13.92004, -1.54953],
					"rotation": [-7.47178, 0.65182, 4.95744],
					"cubes": [
						{"origin": [-2.05, 8.525, -2.55], "size": [0, 6, 2], "uv": [4, 39]}
					]
				},
				{
					"name": "torso_back",
					"parent": "torso",
					"pivot": [0, 7.56153, -0.50315],
					"rotation": [41.5, 0, 0],
					"cubes": [
						{"origin": [-1.5, 6.10703, -1.56158], "size": [3, 2, 6], "uv": [0, 10]},
						{"origin": [-2, 6.095, 2.45323], "size": [4, 3, 2], "uv": [26, 27]},
						{"origin": [-2, 6.095, 2.45323], "size": [4, 3, 2], "inflate": 0.1, "uv": [28, 18]}
					]
				},
				{
					"name": "tail",
					"parent": "torso_back",
					"pivot": [0, 8.33939, 3.9944],
					"rotation": [-15, 0, 0],
					"cubes": [
						{"origin": [0, 7.85, 3.95], "size": [0, 3, 1], "uv": [36, 23]}
					]
				},
				{
					"name": "tail_end",
					"parent": "tail",
					"pivot": [0, 10.85, 4.45],
					"cubes": [
						{"origin": [-0.5, 11, 3.45], "size": [3, 3, 2], "pivot": [0, 11.5, 3.95], "rotation": [0, 0, -45], "uv": [12, 31]}
					]
				},
				{
					"name": "leg_front_left",
					"parent": "body",
					"pivot": [1.425, 7.29381, -0.61698],
					"rotation": [-7.5, 0, 0],
					"cubes": [
						{"origin": [0.425, 5.29381, -1.61698], "size": [2, 3, 2], "uv": [24, 38]}
					]
				},
				{
					"name": "leg_front_left_middle",
					"parent": "leg_front_left",
					"pivot": [1.3, 5.63865, -0.5853],
					"rotation": [14, 0, 0],
					"cubes": [
						{"origin": [0.75, 2.85, -1.1], "size": [1, 3, 1], "uv": [46, 33]}
					]
				},
				{
					"name": "leg_front_left_lower",
					"parent": "leg_front_left_middle",
					"pivot": [1.49963, 2.83889, -0.45863],
					"rotation": [-23.5, 0, 0],
					"cubes": [
						{"origin": [0.75, -0.00792, -1.13417], "size": [1, 3, 1], "uv": [0, 47]}
					]
				},
				{
					"name": "foot_front_left",
					"parent": "leg_front_left_lower",
					"pivot": [1.2625, 0.75456, -0.88267],
					"rotation": [17, 0, 0],
					"cubes": [
						{"origin": [0.275, -0.20741, -2.38394], "size": [2, 1, 2], "inflate": 0.01, "uv": [42, 14]},
						{"origin": [0.75, -0.28347, -1.88139], "size": [1, 0, 1], "uv": [22, 31]}
					]
				},
				{
					"name": "leg_front_right",
					"parent": "body",
					"pivot": [-1.425, 7.29381, -0.61698],
					"rotation": [-7.5, 0, 0],
					"cubes": [
						{"origin": [-2.425, 5.29381, -1.61698], "size": [2, 3, 2], "uv": [38, 28]}
					]
				},
				{
					"name": "leg_front_right_middle",
					"parent": "leg_front_right",
					"pivot": [-1.3, 5.63865, -0.5853],
					"rotation": [14, 0, 0],
					"cubes": [
						{"origin": [-1.75, 2.85, -1.1], "size": [1, 3, 1], "uv": [4, 47]}
					]
				},
				{
					"name": "leg_front_right_lower",
					"parent": "leg_front_right_middle",
					"pivot": [-1.49963, 2.83889, -0.45863],
					"rotation": [-23.5, 0, 0],
					"cubes": [
						{"origin": [-1.75, -0.00792, -1.13417], "size": [1, 3, 1], "uv": [14, 47]}
					]
				},
				{
					"name": "foot_front_right",
					"parent": "leg_front_right_lower",
					"pivot": [-1.2625, 0.75456, -0.88267],
					"rotation": [17, 0, 0],
					"cubes": [
						{"origin": [-2.275, -0.20741, -2.38394], "size": [2, 1, 2], "inflate": 0.01, "uv": [32, 43]},
						{"origin": [-1.75, -0.28347, -1.88139], "size": [1, 0, 1], "uv": [40, 22]}
					]
				},
				{
					"name": "leg_back_left",
					"parent": "body",
					"pivot": [1.7, 7.59778, 3.47354],
					"rotation": [15, 0, 0],
					"cubes": [
						{"origin": [0.7, 4.59778, 2.47354], "size": [2, 4, 2], "uv": [30, 32]},
						{"origin": [0.7, 4.59778, 2.47354], "size": [2, 4, 2], "inflate": 0.1, "uv": [34, 0]}
					]
				},
				{
					"name": "leg_back_left_middle",
					"parent": "leg_back_left",
					"pivot": [1.625, 5.22627, 3.53386],
					"rotation": [14, 0, 0],
					"cubes": [
						{"origin": [0.625, 2.47627, 2.53386], "size": [2, 3, 2], "uv": [38, 23]}
					]
				},
				{
					"name": "leg_back_left_lower",
					"parent": "leg_back_left_middle",
					"pivot": [-2.575, 2.41907, 3.58614],
					"rotation": [-46.7, 0, 0],
					"cubes": [
						{"origin": [0.675, -0.05146, 2.70254], "size": [2, 4, 2], "uv": [22, 32]},
						{"origin": [0.675, -0.05146, 2.70254], "size": [2, 4, 2], "inflate": 0.11, "uv": [0, 33]}
					]
				},
				{
					"name": "foot_back_left",
					"parent": "leg_back_left_lower",
					"pivot": [1.675, 0.78557, 4.481],
					"rotation": [17.5, 0, 0],
					"cubes": [
						{"origin": [0.675, -0.23792, 1.92293], "size": [2, 1, 2], "inflate": 0.01, "uv": [42, 11]},
						{"origin": [0.675, -0.10324, 2.83028], "size": [2, 1, 2], "inflate": 0.1, "uv": [24, 43]},
						{"origin": [1.175, -0.26117, 2.4265], "size": [1, 0, 1], "uv": [12, 26]}
					]
				},
				{
					"name": "leg_back_right",
					"parent": "body",
					"pivot": [-1.7, 7.59778, 3.47354],
					"rotation": [15, 0, 0],
					"cubes": [
						{"origin": [-2.7, 4.59778, 2.47354], "size": [2, 4, 2], "uv": [34, 6]},
						{"origin": [-2.7, 4.59778, 2.47354], "size": [2, 4, 2], "inflate": 0.1, "uv": [34, 12]}
					]
				},
				{
					"name": "leg_back_right_middle",
					"parent": "leg_back_right",
					"pivot": [-1.625, 5.22627, 3.53386],
					"rotation": [14, 0, 0],
					"cubes": [
						{"origin": [-2.625, 2.47627, 2.53386], "size": [2, 3, 2], "uv": [32, 38]}
					]
				},
				{
					"name": "leg_back_right_lower",
					"parent": "leg_back_right_middle",
					"pivot": [2.575, 2.41907, 3.58614],
					"rotation": [-46.7, 0, 0],
					"cubes": [
						{"origin": [-2.675, -0.05146, 2.70254], "size": [2, 4, 2], "uv": [8, 36]},
						{"origin": [-2.675, -0.05146, 2.70254], "size": [2, 4, 2], "inflate": 0.11, "uv": [16, 38]}
					]
				},
				{
					"name": "foot_back_right",
					"parent": "leg_back_right_lower",
					"pivot": [-1.675, 0.78557, 4.481],
					"rotation": [17.5, 0, 0],
					"cubes": [
						{"origin": [-2.675, -0.23792, 1.92293], "size": [2, 1, 2], "inflate": 0.01, "uv": [16, 44]},
						{"origin": [-2.675, -0.10324, 2.83028], "size": [2, 1, 2], "inflate": 0.1, "uv": [40, 45]},
						{"origin": [-2.175, -0.26117, 2.4265], "size": [1, 0, 1], "uv": [42, 17]}
					]
				}
			]
		}
	]
}