{
	"format_version": "1.12.0",
	"minecraft:geometry": [
		{
			"description": {
				"identifier": "geometry.unknown",
				"texture_width": 64,
				"texture_height": 64,
				"visible_bounds_width": 2,
				"visible_bounds_height": 2.5,
				"visible_bounds_offset": [0, 0.75, 0]
			},
			"bones": [
				{
					"name": "furfrouwhite",
					"pivot": [0, 0, 0]
				},
				{
					"name": "body",
					"parent": "furfrouwhite",
					"pivot": [0, 0, 0]
				},
				{
					"name": "torso",
					"parent": "body",
					"pivot": [0, 7.67057, -1.97437],
					"rotation": [-26.5, 0, 0],
					"cubes": [
						{"origin": [-2, 5.67057, -3.97437], "size": [4, 4, 4], "inflate": 0.025, "uv": [22, 8]}
					]
				},
				{
					"name": "neck",
					"parent": "torso",
					"pivot": [0, 7.83782, -2.2372],
					"rotation": [26.5, 0, 0],
					"cubes": [
						{"origin": [-1, 9.675, -3.275], "size": [2, 3, 2], "pivot": [-1, 11.175, -0.775], "rotation": [-7.75, 0, 0], "uv": [40, 0]},
						{"origin": [-1.5, 6.44716, -3.7117], "size": [3, 4, 3], "inflate": 0.025, "pivot": [-0.5, 11.19716, -1.2117], "rotation": [-7.75, 0, 0], "uv": [16, 29]}
					]
				},
				{
					"name": "head",
					"parent": "neck",
					"pivot": [-0.23716, 12.25576, -2.2185],
					"rotation": [7.5, 0, 0],
					"cubes": [
						{"origin": [-2, 12.0493, -4.95866], "size": [4, 4, 4], "uv": [22, 16]},
						{"origin": [-2, 14.5493, -4.95866], "size": [4, 1, 4], "inflate": 0.025, "uv": [16, 24]},
						{"origin": [-0.5, 13.06093, -5.76191], "size": [1, 1, 1], "pivot": [-1.5, 14.2243, -3.48366], "rotation": [18.75, 0, 0], "uv": [8, 41]},
						{"origin": [-2.5, 14.7493, -5.70866], "size": [5, 4, 6], "pivot": [0.5, 13.2493, -2.45866], "rotation": [-10, 0, 0], "uv": [0, 0]},
						{"origin": [-2.5, 12.7493, -1.70866], "size": [5, 2, 2], "pivot": [0.5, 13.2493, -2.45866], "rotation": [-10, 0, 0], "uv": [28, 29]},
						{"origin": [-0.47, 15.31773, -8.39881], "size": [4, 0, 7], "inflate": 0.01, "pivot": [2.48783, 15.29087, -5.39881], "rotation": [-8.45862, 5.35355, 32.10382], "uv": [0, 10]},
						{"origin": [-3.53, 15.31773, -8.39881], "size": [4, 0, 7], "inflate": 0.01, "pivot": [-2.48783, 15.29087, -5.39881], "rotation": [-8.45862, -5.35355, -32.10382], "uv": [0, 17]}
					]
				},
				{
					"name": "eye_left",
					"parent": "head",
					"pivot": [2.025, 13.43838, -3.28064],
					"rotation": [-7.5, 0, 0]
				},
				{
					"name": "eyelid_upper_left",
					"parent": "eye_left",
					"pivot": [2.0375, 13.83378, -3.60192],
					"cubes": [
						{"origin": [2.025, 13.34141, -4.99155], "size": [0, 1, 3], "pivot": [2.025, 13.84141, -3.49155], "rotation": [7.24721, 1.93597, -14.87739], "uv": [48, 23]},
						{"origin": [2.05, 13.51338, -4.85564], "size": [0, 1, 2], "pivot": [0.05, 15.01338, -2.35564], "rotation": [7.5, 0, 0], "uv": [12, 49]}
					]
				},
				{
					"name": "eyeball_left",
					"parent": "eye_left",
					"pivot": [2.025, 13.25115, -3.63728],
					"cubes": [
						{"origin": [2.025, 12.93838, -4.78064], "size": [0, 1, 2], "pivot": [0.025, 14.43838, -2.28064], "rotation": [7.5, 0, 0], "uv": [8, 49]}
					]
				},
				{
					"name": "eyelid_lower_left",
					"parent": "eye_left",
					"pivot": [0.025, 14.43838, -2.28064],
					"cubes": [
						{"origin": [1.775, 12.93838, -4.78064], "size": [0, 1, 2], "pivot": [-0.225, 14.43838, -2.28064], "rotation": [7.5, 0, 0], "uv": [32, 49]}
					]
				},
				{
					"name": "eye_right",
					"parent": "head",
					"pivot": [-2.025, 13.43838, -3.28064],
					"rotation": [-7.5, 0, 0]
				},
				{
					"name": "eyelid_upper_right",
					"parent": "eye_right",
					"pivot": [-2.0375, 13.83378, -3.60192],
					"cubes": [
						{"origin": [-2.025, 13.34141, -4.99155], "size": [0, 1, 3], "pivot": [-2.025, 13.84141, -3.49155], "rotation": [7.24721, -1.93597, 14.87739], "uv": [36, 48]},
						{"origin": [-2.05, 13.51338, -4.85564], "size": [0, 1, 2], "pivot": [-0.05, 15.01338, -2.35564], "rotation": [7.5, 0, 0], "uv": [16, 49]}
					]
				},
				{
					"name": "eyeball_right",
					"parent": "eye_right",
					"pivot": [-2.025, 13.25115, -3.63728],
					"cubes": [
						{"origin": [-2.025, 12.93838, -4.78064], "size": [0, 1, 2], "pivot": [-0.025, 14.43838, -2.28064], "rotation": [7.5, 0, 0], "uv": [28, 49]}
					]
				},
				{
					"name": "eyelid_lower_right",
					"parent": "eye_right",
					"pivot": [-0.025, 14.43838, -2.28064],
					"cubes": [
						{"origin": [-1.775, 12.93838, -4.78064], "size": [0, 1, 2], "pivot": [0.225, 14.43838, -2.28064], "rotation": [7.5, 0, 0], "uv": [42, 49]}
					]
				},
				{
					"name": "snout",
					"parent": "head",
					"pivot": [0, 12.04043, -4.93409],
					"rotation": [-7.5, 0, 0],
					"cubes": [
						{"origin": [-1, 11.93065, -6.74682], "size": [2, 1, 2], "pivot": [-1, 13.02858, -4.21783], "rotation": [-11.25, 0, 0], "uv": [40, 5]}
					]
				},
				{
					"name": "mouth",
					"parent": "snout",
					"pivot": [0, 12.32797, -5.44612],
					"cubes": [
						{"origin": [-0.5, 12.10565, -6.24682], "size": [1, 0, 2], "pivot": [-1.5, 13.22858, -4.21783], "rotation": [-11.25, 0, 0], "uv": [48, 6]}
					]
				},
				{
					"name": "nose",
					"parent": "snout",
					"pivot": [0, 13.17858, -6.61783],
					"cubes": [
						{"origin": [-0.5, 12.92858, -7.36783], "size": [1, 1, 1], "uv": [50, 30]}
					]
				},
				{
					"name": "bone",
					"parent": "head",
					"pivot": [0.25444, 15.65604, -0.94786],
					"rotation": [40, 0, 0],
					"cubes": [
						{"origin": [1.575, 14.7621, -1.42357], "size": [2, 2, 2], "pivot": [3, 15.7621, -0.67357], "rotation": [0, -45, 0], "uv": [42, 29]},
						{"origin": [1.75, 15.0121, 0.32643], "size": [2, 2, 2], "pivot": [3, 15.7621, 1.32643], "rotation": [0, -75, 0], "uv": [44, 33]},
						{"origin": [0.475, 15.2621, 2.40849], "size": [2, 2, 2], "pivot": [2, 15.7621, 3.05849], "rotation": [0, -105, 0], "uv": [36, 44]},
						{"origin": [-2.475, 15.2621, 2.40849], "size": [2, 2, 2], "pivot": [-2, 15.7621, 3.05849], "rotation": [0, 105, 0], "uv": [44, 45]},
						{"origin": [-3.75, 15.0121, 0.32643], "size": [2, 2, 2], "pivot": [-3, 15.7621, 1.32643], "rotation": [0, 75, 0], "uv": [28, 45]},
						{"origin": [-3.575, 14.7621, -1.42357], "size": [2, 2, 2], "pivot": [-3, 15.7621, -0.67357], "rotation": [0, 45, 0], "uv": [44, 41]},
						{"origin": [-1.55754, 15.5121, 2.80849], "size": [2, 2, 2], "pivot": [0.74246, 15.7621, 4.05849], "rotation": [0, -45, 0], "uv": [44, 37]}
					]
				},
				{
					"name": "ear_left",
					"parent": "head",
					"pivot": [2.57201, 13.92004, -1.54953],
					"rotation": [-7.5, 0, 0],
					"cubes": [
						{"origin": [1.775, 10.43172, -2.58864], "size": [1, 4, 2], "uv": [8, 43]}
					]
				},
				{
					"name": "ear_left_2",
					"parent": "ear_left",
					"pivot": [2.275, 10.53172, -1.58864],
					"rotation": [0, 0, -5],
					"cubes": [
						{"origin": [1.775, 6.53172, -3.08864], "size": [1, 4, 3], "uv": [28, 33]},
						{"origin": [2.275, 4.53172, -2.58864], "size": [0, 2, 2], "pivot": [2.275, 5.53172, -1.58864], "rotation": [-45, 0, -179.75], "uv": [12, 32]}
					]
				},
				{
					"name": "ear_right",
					"parent": "head",
					"pivot": [-2.57201, 13.92004, -1.54953],
					"rotation": [-7.5, 0, 0],
					"cubes": [
						{"origin": [-2.775, 10.43172, -2.58864], "size": [1, 4, 2], "uv": [14, 43]}
					]
				},
				{
					"name": "ear_right_2",
					"parent": "ear_right",
					"pivot": [-2.275, 10.53172, -1.58864],
					"rotation": [0, 0, 5],
					"cubes": [
						{"origin": [-2.775, 6.53172, -3.08864], "size": [1, 4, 3], "uv": [12, 36]},
						{"origin": [-2.275, 4.53172, -2.58864], "size": [0, 2, 2], "pivot": [-2.275, 5.53172, -1.58864], "rotation": [-45, 0, 179.75], "uv": [8, 37]}
					]
				},
				{
					"name": "torso_back",
					"parent": "torso",
					"pivot": [0, 7.56153, -0.50315],
					"rotation": [41.5, 0, 0],
					"cubes": [
						{"origin": [-1.5, 6.10703, -1.56158], "size": [3, 2, 6], "uv": [22, 0]},
						{"origin": [-2, 6.095, 2.45323], "size": [4, 3, 2], "inflate": 0.025, "uv": [0, 32]}
					]
				},
				{
					"name": "tail",
					"parent": "torso_back",
					"pivot": [0, 8.33939, 3.9944],
					"rotation": [-15, 0, 0],
					"cubes": [
						{"origin": [-2, 7.84878, 3.27397], "size": [4, 4, 4], "uv": [0, 24]}
					]
				},
				{
					"name": "tail_end",
					"parent": "tail",
					"pivot": [0, 10.85, 4.45]
				},
				{
					"name": "leg_front_left",
					"parent": "body",
					"pivot": [1.425, 7.29381, -0.61698],
					"rotation": [-7.5, 0, 0],
					"cubes": [
						{"origin": [0.425, 5.29381, -1.61698], "size": [2, 3, 2], "uv": [36, 39]}
					]
				},
				{
					"name": "leg_front_left_middle",
					"parent": "leg_front_left",
					"pivot": [1.3, 5.63865, -0.5853],
					"rotation": [14, 0, 0],
					"cubes": [
						{"origin": [0.3, 2.73865, -1.5853], "size": [2, 3, 2], "uv": [38, 14]}
					]
				},
				{
					"name": "leg_front_left_lower",
					"parent": "leg_front_left_middle",
					"pivot": [1.49963, 2.83889, -0.45863],
					"rotation": [-23.5, 0, 0],
					"cubes": [
						{"origin": [0.275, 0.28861, -1.51203], "size": [2, 3, 2], "uv": [38, 19]},
						{"origin": [1.56789, 1.5815, -0.51203], "size": [3, 1, 0], "inflate": 0.01, "pivot": [2.56789, 1.5815, -0.51203], "rotation": [0, 0, -15], "uv": [48, 27]},
						{"origin": [1.92145, 1.64216, -0.51203], "size": [1, 2, 0], "pivot": [3.775, 2.28861, -0.51203], "rotation": [0, 0, -45], "uv": [46, 51]}
					]
				},
				{
					"name": "foot_front_left",
					"parent": "leg_front_left_lower",
					"pivot": [1.2625, 0.75456, -0.88267],
					"rotation": [17, 0, 0],
					"cubes": [
						{"origin": [0.275, -0.20741, -2.38394], "size": [2, 1, 2], "inflate": 0.01, "uv": [46, 11]},
						{"origin": [0.275, -0.06139, -1.43703], "size": [2, 1, 2], "inflate": 0.1, "uv": [46, 14]},
						{"origin": [0.75, -0.28347, -1.88139], "size": [1, 0, 1], "uv": [46, 50]}
					]
				},
				{
					"name": "leg_front_right",
					"parent": "body",
					"pivot": [-1.425, 7.29381, -0.61698],
					"rotation": [-7.5, 0, 0],
					"cubes": [
						{"origin": [-2.425, 5.29381, -1.61698], "size": [2, 3, 2], "uv": [28, 40]}
					]
				},
				{
					"name": "leg_front_right_middle",
					"parent": "leg_front_right",
					"pivot": [-1.3, 5.63865, -0.5853],
					"rotation": [14, 0, 0],
					"cubes": [
						{"origin": [-2.3, 2.73865, -1.5853], "size": [2, 3, 2], "uv": [20, 42]}
					]
				},
				{
					"name": "leg_front_right_lower",
					"parent": "leg_front_right_middle",
					"pivot": [-1.49963, 2.83889, -0.45863],
					"rotation": [-23.5, 0, 0],
					"cubes": [
						{"origin": [-2.275, 0.28861, -1.51203], "size": [2, 3, 2], "uv": [0, 43]},
						{"origin": [-2.92145, 1.64216, -0.51203], "size": [1, 2, 0], "pivot": [-3.775, 2.28861, -0.51203], "rotation": [0, 0, 45], "uv": [48, 51]},
						{"origin": [-4.56789, 1.5815, -0.51203], "size": [3, 1, 0], "inflate": 0.01, "pivot": [-2.56789, 1.5815, -0.51203], "rotation": [0, 0, 15], "uv": [48, 28]}
					]
				},
				{
					"name": "foot_front_right",
					"parent": "leg_front_right_lower",
					"pivot": [-1.2625, 0.75456, -0.88267],
					"rotation": [17, 0, 0],
					"cubes": [
						{"origin": [-2.275, -0.20741, -2.38394], "size": [2, 1, 2], "inflate": 0.01, "uv": [48, 0]},
						{"origin": [-2.275, -0.06139, -1.43703], "size": [2, 1, 2], "inflate": 0.1, "uv": [48, 3]},
						{"origin": [-1.75, -0.28347, -1.88139], "size": [1, 0, 1], "uv": [0, 51]}
					]
				},
				{
					"name": "leg_back_left",
					"parent": "body",
					"pivot": [1.7, 7.59778, 3.47354],
					"rotation": [15, 0, 0],
					"cubes": [
						{"origin": [0.7, 4.59778, 2.47354], "size": [2, 4, 2], "uv": [36, 33]},
						{"origin": [1.7, 2.84778, 1.57354], "size": [0, 5, 2], "pivot": [1.7, 3.59778, 2.47354], "rotation": [-15, 0, 0], "uv": [20, 47]}
					]
				},
				{
					"name": "leg_back_left_middle",
					"parent": "leg_back_left",
					"pivot": [1.625, 5.22627, 3.53386],
					"rotation": [14, 0, 0],
					"cubes": [
						{"origin": [0.625, 2.47627, 2.53386], "size": [2, 3, 2], "uv": [32, 24]}
					]
				},
				{
					"name": "leg_back_left_lower",
					"parent": "leg_back_left_middle",
					"pivot": [-2.575, 2.41907, 3.58614],
					"rotation": [-46.7, 0, 0],
					"cubes": [
						{"origin": [0.675, -0.05146, 2.70254], "size": [2, 4, 2], "uv": [20, 36]},
						{"origin": [2.32145, 1.19216, 3.68797], "size": [1, 2, 0], "pivot": [4.175, 1.83861, 3.68797], "rotation": [0, 0, -45], "uv": [50, 51]},
						{"origin": [1.96789, 1.1315, 3.68797], "size": [3, 1, 0], "inflate": 0.01, "pivot": [2.96789, 1.1315, 3.68797], "rotation": [0, 0, -15], "uv": [46, 49]}
					]
				},
				{
					"name": "foot_back_left",
					"parent": "leg_back_left_lower",
					"pivot": [1.675, 0.78557, 4.481],
					"rotation": [17.5, 0, 0],
					"cubes": [
						{"origin": [0.675, -0.23792, 1.92293], "size": [2, 1, 2], "inflate": 0.01, "uv": [46, 8]},
						{"origin": [0.675, -0.10324, 2.83028], "size": [2, 1, 2], "inflate": 0.1, "uv": [46, 17]},
						{"origin": [1.175, -0.26117, 2.4265], "size": [1, 0, 1], "uv": [50, 32]}
					]
				},
				{
					"name": "leg_back_right",
					"parent": "body",
					"pivot": [-1.7, 7.59778, 3.47354],
					"rotation": [15, 0, 0],
					"cubes": [
						{"origin": [-2.7, 4.59778, 2.47354], "size": [2, 4, 2], "uv": [0, 37]},
						{"origin": [-1.7, 2.84778, 1.57354], "size": [0, 5, 2], "pivot": [-1.7, 3.59778, 2.47354], "rotation": [-15, 0, 0], "uv": [24, 47]}
					]
				},
				{
					"name": "leg_back_right_middle",
					"parent": "leg_back_right",
					"pivot": [-1.625, 5.22627, 3.53386],
					"rotation": [14, 0, 0],
					"cubes": [
						{"origin": [-2.625, 2.47627, 2.53386], "size": [2, 3, 2], "uv": [40, 24]}
					]
				},
				{
					"name": "leg_back_right_lower",
					"parent": "leg_back_right_middle",
					"pivot": [2.575, 2.41907, 3.58614],
					"rotation": [-46.7, 0, 0],
					"cubes": [
						{"origin": [-2.675, -0.05146, 2.70254], "size": [2, 4, 2], "uv": [38, 8]},
						{"origin": [-3.32145, 1.19216, 3.68797], "size": [1, 2, 0], "pivot": [-4.175, 1.83861, 3.68797], "rotation": [0, 0, 45], "uv": [0, 52]},
						{"origin": [-4.96789, 1.1315, 3.68797], "size": [3, 1, 0], "inflate": 0.01, "pivot": [-2.96789, 1.1315, 3.68797], "rotation": [0, 0, 15], "uv": [50, 29]}
					]
				},
				{
					"name": "foot_back_right",
					"parent": "leg_back_right_lower",
					"pivot": [-1.675, 0.78557, 4.481],
					"rotation": [17.5, 0, 0],
					"cubes": [
						{"origin": [-2.675, -0.23792, 1.92293], "size": [2, 1, 2], "inflate": 0.01, "uv": [46, 20]},
						{"origin": [-2.675, -0.10324, 2.83028], "size": [2, 1, 2], "inflate": 0.1, "uv": [0, 48]},
						{"origin": [-2.175, -0.26117, 2.4265], "size": [1, 0, 1], "uv": [50, 50]}
					]
				}
			]
		}
	]
}