{
    "enabled": true,
    "neededInstalledMods": [],
    "neededUninstalledMods": [],
    "spawns": [
        {
            "id": "simisear-1",
            "pokemon": "simisear",
            "type": "pokemon",
            "context": "grounded",
            "bucket": "common",
            "level": "25-43",
            "weight": 0.4,
            "condition": {
                "canSeeSky": true,
                "biomes": [
                    "#cobblemon:is_badlands"
                ]
            }
        }
    ]
}