{
    "head": "head",
    "portraitScale": 1,
    "portraitTranslation": [ -0.2, 2.1, 0 ],
    "profileScale": 0.3,
    "profileTranslation": [ 0, 1.15, 0 ],
    "poses": {
      "standing": {
        "poseName": "standing",
        "transformTicks": 10,
        "poseTypes": [
          "STAND",
          "NONE",
          "PORTRAIT",
          "PROFILE"
        ],
        "animations": [
          "look",
          "bedrock(necrozma_ultra, ground_idle)"
        ]
      },

      "walking": {
        "poseName": "walking",
        "transformTicks": 10,
        "poseTypes": [ "WALK" ],
        "animations": [ 
          "look",
          "bedrock(necrozma_ultra, ground_walk)"
        ]
      }
    }
  }