{
  "species": "cobblemon:copperajah",
  "order": 0,
  "variations": [
    {
      "aspects": [],
      "poser": "cobblemon:copperajah",
      "model": "cobblemon:copperajah.geo",
      "texture": "cobblemon:textures/pokemon/copperajah/copperajah.png",
      "layers": []
    },
    {
      "aspects": [
        "shiny"
      ],
      "poser": "cobblemon:copperajah",
      "model": "cobblemon:copperajah.geo",
      "texture": "cobblemon:textures/pokemon/copperajah/copperajah.png",
      "layers": []
    }
  ]
}