{
  "species": "cobblemon:escavalier",
  "order": 0,
  "variations": [
    {
      "aspects": [],
      "poser": "cobblemon:escavalier",
      "model": "cobblemon:escavalier.geo",
      "texture": "cobblemon:textures/pokemon/escavalier/escavalier.png",
      "layers": []
    },
    {
      "aspects": [
        "shiny"
      ],
      "poser": "cobblemon:escavalier",
      "model": "cobblemon:escavalier.geo",
      "texture": "cobblemon:textures/pokemon/escavalier/escavalier.png",
      "layers": []
    }
  ]
}