{
  "species": "cobblemon:karrablast",
  "order": 0,
  "variations": [
    {
      "aspects": [],
      "poser": "cobblemon:karrablast",
      "model": "cobblemon:karrablast.geo",
      "texture": "cobblemon:textures/pokemon/karrablast/karrablast.png",
      "layers": []
    },
    {
      "aspects": [
        "shiny"
      ],
      "poser": "cobblemon:karrablast",
      "model": "cobblemon:karrablast.geo",
      "texture": "cobblemon:textures/pokemon/karrablast/karrablast.png",
      "layers": []
    }
  ]
}