{
  "species": "cobblemon:stonjourner",
  "order": 0,
  "variations": [
    {
      "aspects": [],
      "poser": "cobblemon:stonjourner",
      "model": "cobblemon:stonjourner.geo",
      "texture": "cobblemon:textures/pokemon/stonjourner/stonjourner.png",
      "layers": []
    },
    {
      "aspects": [
        "shiny"
      ],
      "poser": "cobblemon:stonjourner",
      "model": "cobblemon:stonjourner.geo",
      "texture": "cobblemon:textures/pokemon/stonjourner/stonjourner.png",
      "layers": []
    }
  ]
}