{
  "species": "cobblemon:wobbuffet",
  "order": 0,
  "variations": [
    {
      "aspects": [],
      "poser": "cobblemon:wobbuffet",
      "model": "cobblemon:wobbuffet.geo",
      "texture": "cobblemon:textures/pokemon/wobbuffet/wobbuffet.png",
      "layers": []
    },
    {
      "aspects": [
        "shiny"
      ],
      "poser": "cobblemon:wobbuffet",
      "model": "cobblemon:wobbuffet.geo",
      "texture": "cobblemon:textures/pokemon/wobbuffet/wobbuffet_shiny.png",
      "layers": []
    }
  ]
}