{
  "species": "cobblemon:deoxys",
  "order": 1,
  "variations": [
    {
      "aspects": [attack],
      "poser": "cobblemon:deoxys_attack",
      "model": "cobblemon:deoxys_attack.geo",
      "texture": "cobblemon:textures/pokemon/deoxys/deoxys_attack.png",
      "layers": []
    },
    {
      "aspects": [
        "shiny","attack"
      ],
      "poser": "cobblemon:deoxys_attack",
      "model": "cobblemon:deoxys_attack.geo",
      "texture": "cobblemon:textures/pokemon/deoxys/deoxys_attack.png",
      "layers": []
    }
  ]
}