{
  "species": "cobblemon:ogerpon",
  "order": 5,
  "variations": [
    {
      "aspects": ["hearthflame-mask"],
      "poser": "missingmons:ogerpon_fire",
      "model": "missingmons:ogerpon_fire.geo",
      "texture": "missingmons:textures/pokemon/1017_ogerpon/ogerpon_fire.png",
      "layers": [
	  {
			"name": "glow",
			"texture": "missingmons:textures/pokemon/1017_ogerpon/ogerpon_emissive_fire.png",
			"emissive": true
	  }
	  ]
    },
    {
      "aspects": ["hearthflame-mask","shiny"],
      "texture": "missingmons:textures/pokemon/1017_ogerpon/ogerpon_fire_shiny.png"
    }
  ]
}