{
  "species": "cobblemon:ogerpon",
  "order": 6,
  "variations": [
    {
      "aspects": ["cornerstone-mask"],
      "poser": "missingmons:ogerpon_rock",
      "model": "missingmons:ogerpon_rock.geo",
      "texture": "missingmons:textures/pokemon/1017_ogerpon/ogerpon_rock.png",
      "layers": [
	  {
			"name": "glow",
			"texture": "missingmons:textures/pokemon/1017_ogerpon/ogerpon_emissive_rock.png",
			"emissive": true
	  }
	  ]
    },
    {
      "aspects": ["cornerstone-mask","shiny"],
      "texture": "missingmons:textures/pokemon/1017_ogerpon/ogerpon_rock_shiny.png"
    }
  ]
}