{
  "species": "cobblemon:ogerpon",
  "order": 7,
  "variations": [
    {
      "aspects": ["wellspring-mask"],
      "poser": "missingmons:ogerpon_water",
      "model": "missingmons:ogerpon_water.geo",
      "texture": "missingmons:textures/pokemon/1017_ogerpon/ogerpon_water.png",
      "layers": [
	  {
			"name": "glow",
			"texture": "missingmons:textures/pokemon/1017_ogerpon/ogerpon_emissive_water.png",
			"emissive": true
	  }
	  ]
    },
    {
      "aspects": ["wellspring-mask","shiny"],
      "texture": "missingmons:textures/pokemon/1017_ogerpon/ogerpon_water_shiny.png"
    }
  ]
}