{
  "type": "minecraft:generic",
  "pools": [
    {
      "rolls": {
        "type": "minecraft:uniform",
        "min": 1.0,
        "max": 1.0
      },
      "entries": [
        {
          "type": "minecraft:item",
          "name": "cobblecuisine:alolan_blue_shaved_ice",
          "weight": 3
        },
        {
          "type": "minecraft:item",
          "name": "cobblecuisine:bean_medley_curry",
          "weight": 1
        },
        {
          "type": "minecraft:item",
          "name": "cobblecuisine:bitter_herb_medley_curry",
          "weight": 5
        },
        {
          "type": "minecraft:item",
          "name": "cobblecuisine:bitter_jambon_beurre",
          "weight": 5
        },
        {
          "type": "minecraft:item",
          "name": "cobblecuisine:bitter_leek_curry",
          "weight": 5
        },
        {
          "type": "minecraft:item",
          "name": "cobblecuisine:bitter_variety_sandwich",
          "weight": 5
        },
        {
          "type": "minecraft:item",
          "name": "cobblecuisine:ceviche",
          "weight": 3
        },
        {
          "type": "minecraft:item",
          "name": "cobblecuisine:coffee",
          "weight": 5
        },
        {
          "type": "minecraft:item",
          "name": "cobblecuisine:dry_bone_curry",
          "weight": 5
        },
        {
          "type": "minecraft:item",
          "name": "cobblecuisine:dry_curry",
          "weight": 5
        },
        {
          "type": "minecraft:item",
          "name": "cobblecuisine:dry_frozen_curry",
          "weight": 5
        },
        {
          "type": "minecraft:item",
          "name": "cobblecuisine:dry_smoked_tail_curry",
          "weight": 3
        },
        {
          "type": "minecraft:item",
          "name": "cobblecuisine:fruit_punch",
          "weight": 5
        },
        {
          "type": "minecraft:item",
          "name": "cobblecuisine:hoennian_melon_stir_fry",
          "weight": 5
        },
        {
          "type": "minecraft:item",
          "name": "cobblecuisine:kantonian_crepe",
          "weight": 5
        },
        {
          "type": "minecraft:item",
          "name": "cobblecuisine:lemon_soda",
          "weight": 5
        },
        {
          "type": "minecraft:item",
          "name": "cobblecuisine:lilligant_floral_tea",
          "weight": 5
        },
        {
          "type": "minecraft:item",
          "name": "cobblecuisine:miltank_mix_au_lait",
          "weight": 5
        },
        {
          "type": "minecraft:item",
          "name": "cobblecuisine:pepper_steak",
          "weight": 3
        },
        {
          "type": "minecraft:item",
          "name": "cobblecuisine:pickled_toedscool_and_cucumber",
          "weight": 3
        },
        {
          "type": "minecraft:item",
          "name": "cobblecuisine:salty_boiled_egg_curry",
          "weight": 5
        },
        {
          "type": "minecraft:item",
          "name": "cobblecuisine:salty_egg_sandwich",
          "weight": 5
        },
        {
          "type": "minecraft:item",
          "name": "cobblecuisine:salty_vegetable_sandwich",
          "weight": 5
        },
        {
          "type": "minecraft:item",
          "name": "cobblecuisine:sour_pickle_sandwich",
          "weight": 5
        },
        {
          "type": "minecraft:item",
          "name": "cobblecuisine:sour_zesty_sandwich",
          "weight": 5
        },
        {
          "type": "minecraft:item",
          "name": "cobblecuisine:spicy_claw_sandwich",
          "weight": 5
        },
        {
          "type": "minecraft:item",
          "name": "cobblecuisine:spicy_five_alarm_sandwich",
          "weight": 5
        },
        {
          "type": "minecraft:item",
          "name": "cobblecuisine:spicy_mushroom_medley_curry",
          "weight": 5
        },
        {
          "type": "minecraft:item",
          "name": "cobblecuisine:spicy_potato_curry",
          "weight": 5
        },
        {
          "type": "minecraft:item",
          "name": "cobblecuisine:sweet_apple_curry",
          "weight": 5
        },
        {
          "type": "minecraft:item",
          "name": "cobblecuisine:sweet_jam_sandwich",
          "weight": 5
        },
        {
          "type": "minecraft:item",
          "name": "cobblecuisine:sweet_potato_salad_sandwich",
          "weight": 5
        },
        {
          "type": "minecraft:item",
          "name": "cobblecuisine:sweet_whipped_cream_curry",
          "weight": 5
        }
      ]
    }
  ]
}
