{
  "name": "Charizard",
  "offsets": {
    "DEFAULT": {
      "x": 0,
      "y": -1,
      "z": -0.6
    },
    "WALKING": {
      "x": 0,
      "y": -0.3,
      "z": 0.2
    },
    "FLOATING": {
      "x": 0,
      "y": 0,
      "z": 0.6
    },
    "HOVERING": {
      "x": 0,
      "y": -0.2,
      "z": 0
    },
    "FLYING": {
      "x": 0,
      "y": 0,
      "z": 0.3
    }
  },
  "baseSpeedModifier": 1.0,
  "landSpeedModifier": 0.25,
  "waterSpeedModifier": 0.125,
  "airSpeedModifier": 1.0,
  "forms": []
}