{
  "name": "Fearow",
  "offsets": {
    "DEFAULT": {
      "x": 0,
      "y": -0.4,
      "z": 0.2
    },
    "FLYING": {
      "x": 0,
      "y": 0,
      "z": 0
    }
  },
      "additionalSeats": [
      {
        "DEFAULT": {
          "x": 0,
          "y": -0.4,
          "z": -0.5
        },
        "FLYING": {
          "x": 0,
          "y": -0.4,
          "z": -0.3
        }
      }
    ],
  "baseSpeedModifier": 1.0,
  "landSpeedModifier": 0.5,
  "waterSpeedModifier": 0.5,
  "airSpeedModifier": 1.0,
  "forms": []
}