{
  "name": "Gyarados",
  "offsets": {
    "DEFAULT": {
      "x": 0,
      "y": -0.3,
      "z": -0.1
    },
    "FLOATING": {
      "x": 0,
      "y": -1,
      "z": 0
    },
    "SWIMMING": {
      "x": 0,
      "y": -1.7,
      "z": -0.8
    },
    "DIVING": {
      "x": 0,
      "y": -1.5,
      "z": 0.3
    }
  },
    "additionalSeats": [
      {
        "DEFAULT": {
          "x": 0,
          "y": -0.3,
          "z": -0.4
        },
        "FLOATING": {
          "x": 0,
          "y": -1,
          "z": -0.4
        },
        "SWIMMING": {
          "x": 0,
          "y": -1.7,
          "z": -1
        },
        "DIVING": {
          "x": 0,
          "y": -1.5,
          "z": -0.1
        }
      },
      {
        "DEFAULT": {
          "x": 0,
          "y": -0.7,
          "z": -0.8
        },
        "FLOATING": {
          "x": 0,
          "y": -1,
          "z": -0.8
        },
        "SWIMMING": {
          "x": 0,
          "y": -1.7,
          "z": -1.5
        },
        "DIVING": {
          "x": 0,
          "y": -1.5,
          "z": -0.7
        }
      }
    ],
  "baseSpeedModifier": 0.5,
  "landSpeedModifier": 0.5,
  "waterSpeedModifier": 1.0,
  "airSpeedModifier": 1.0,
  "forms": []
}