{
  "name": "Lapras",
  "offsets": {
    "DEFAULT": {
      "x": 0,
      "y": -1.8,
      "z": 0
    },
    "SWIMMING": {
      "x": 0,
      "y": 0,
      "z": 0.5
    }
  },
"additionalSeats": [
    {
      "DEFAULT": {
        "x": 0,
        "y": -1.8,
        "z": -0.4
      },
      "SWIMMING": {
        "x": 0,
        "y": 0,
        "z": -0.4
      }
    }
  ],
  "baseSpeedModifier": 0.5,
  "landSpeedModifier": 0.5,
  "waterSpeedModifier": 1.0,
  "airSpeedModifier": 1.0,
  "forms": []
}