{
  "name": "Moltres",
  "offsets": {
    "DEFAULT": {
      "x": 0,
      "y": -1.2,
      "z": -0.6
    },
    "HOVERING": {
      "x": 0,
      "y": -0,
      "z": -0.3
    },
    "FLYING": {
      "x": 0,
      "y": 0.3,
      "z": 0.3
    }
  },
    "additionalSeats": [
  {
    "DEFAULT": {
      "x": 0,
      "y": -1.2,
      "z": -1.1
    },
    "HOVERING": {
      "x": 0,
      "y": -0,
      "z": -0.8
    },
    "FLYING": {
      "x": 0,
      "y": 0.3,
      "z": -0.2
    }
  }
],
  "baseSpeedModifier": 1.0,
  "landSpeedModifier": 0.5,
  "waterSpeedModifier": 0.5,
  "airSpeedModifier": 1.0,
  "forms": []
}