{
  "name": "Ninetales",
  "offsets": {
    "DEFAULT": {
      "x": 0,
      "y": -0.5,
      "z": -0.2
    }
  },
  "baseSpeedModifier": 0.8,
  "landSpeedModifier": 1.0,
  "waterSpeedModifier": 0.5,
  "airSpeedModifier": 1.0,
  "forms": [
    {
      "name": "Alola",
      "offsets": {
        "DEFAULT": {
          "x": 0,
          "y": -0.3,
          "z": -0.2
        }
      },
      "baseSpeedModifier": 0.8,
      "landSpeedModifier": 1.0,
      "waterSpeedModifier": 0.5,
      "airSpeedModifier": 1.0
    }
  ]
}