{
  "name": "Zapdos",
  "offsets": {
    "DEFAULT": {
      "x": 0,
      "y": -0.4,
      "z": -0.3
    },
    "HOVERING": {
      "x": 0,
      "y": -0.1,
      "z": -0.5
    },
    "FLYING": {
      "x": 0,
      "y": 0.2,
      "z": 0.3
    }
  },
  "additionalSeats": [
    {
    "DEFAULT": {
      "x": 0,
      "y": -0.4,
      "z": -0.9
    },
    "HOVERING": {
      "x": 0,
      "y": -0.1,
      "z": -0.8
    },
    "FLYING": {
      "x": 0,
      "y": 0.2,
      "z": -0.1
     }
    }
  ],
  "baseSpeedModifier": 1.0,
  "landSpeedModifier": 0.5,
  "waterSpeedModifier": 0.5,
  "airSpeedModifier": 1.0,
  "forms": []
}