{
	"format_version": "1.8.0",
	"animations": {
		"animation.scyther.pose": {
			"loop": true,
			"bones": {
				"scyther": {
					"position": [0, -1.5, 0]
				},
				"abdomen": {
					"rotation": [7.5, 0, 10]
				},
				"spine": {
					"rotation": [-2.5, 15, 0]
				},
				"thorax": {
					"rotation": [7.5, 25, 0]
				},
				"neck": {
					"rotation": [25, -22.5, 0]
				},
				"left_shoulder": {
					"rotation": [-56.2576, 14.6914, 9.61518]
				},
				"left_arm": {
					"rotation": [-86.19205, 14.46394, 6.13141]
				},
				"left_upper_leg": {
					"rotation": [-1.86918, -16.59607, 0.02545],
					"position": [0, -0.75, 0]
				},
				"left_lower_leg": {
					"rotation": [4.92232, 3.45071, -45.76768],
					"position": [0, 0.25, 0]
				},
				"foot_left1": {
					"rotation": [7.64814, 4.61994, 18.27887]
				},
				"foot_left2": {
					"rotation": [-2.84624, 3.07207, 8.44394]
				},
				"foot_left3": {
					"rotation": [-3.73686, -5.46697, 16.28295]
				},
				"left_scythe": {
					"rotation": [4.6557, -1.91628, 4.06646]
				},
				"left_wing": {
					"rotation": [13.27968, 37.37427, 1.36019]
				},
				"left_upper_wing": {
					"rotation": [30, 0, 0]
				},
				"left_lower_wing": {
					"rotation": [12.5, 0, 0]
				},
				"right_wing": {
					"rotation": [13.27968, -37.37427, -1.36019]
				},
				"right_upper_wing": {
					"rotation": [30, 0, 0]
				},
				"right_lower_wing": {
					"rotation": [12.5, 0, 0]
				},
				"head": {
					"rotation": [-15.44582, -11.73507, 4.3361]
				},
				"jaw": {
					"rotation": [0, 0, 0]
				},
				"right_shoulder": {
					"rotation": [-89.23498, 16.14586, 33.04434]
				},
				"right_arm": {
					"rotation": [0, -15, 0]
				},
				"right_scythe": {
					"rotation": [-17.70232, -0.7532, -2.37393]
				},
				"right_upper_leg": {
					"rotation": [-9.98436, 0.75155, 12.38443],
					"position": [0, -0.1, 0]
				},
				"right_lower_leg": {
					"rotation": [-25.59196, -3.40487, 19.71975]
				},
				"foot_right1": {
					"rotation": [27.5, 27.5, -5]
				},
				"foot_right2": {
					"rotation": [10.10362, -1.61888, -7.32417]
				},
				"foot_right3": {
					"rotation": [7.48145, 0.35929, -15.53162]
				},
				"pupil_left": {
					"position": [0.2, 0.3, 0]
				},
				"pupil_right": {
					"position": [0, 0.2, 0]
				}
			}
		},
		"animation.scyther.ground_idle": {
			"loop": true,
			"bones": {
				"abdomen": {
					"rotation": ["7.5-math.sin(q.anim_time*90*2+90)*0.5", 0, 0]
				},
				"spine": {
					"rotation": [0, 0, 0]
				},
				"thorax": {
					"rotation": ["-5+math.sin(q.anim_time*90*2+150)*1", 0, 0]
				},
				"neck": {
					"rotation": [0, 0, 0]
				},
				"left_shoulder": {
					"rotation": [0.88045, "9.961558098+math.sin(q.anim_time*90*2+120)*0.5", 42.57673]
				},
				"left_arm": {
					"rotation": [-10.80522, "18.588768888+math.sin(q.anim_time*90*2+90)*1", 8.52371]
				},
				"left_upper_leg": {
					"rotation": ["0-math.sin(q.anim_time*90*2+90)*1", 0, 0]
				},
				"left_scythe": {
					"rotation": [-39.69554, "39.3776087857-math.sin(q.anim_time*90*2+150)*1", -6.67949]
				},
				"left_wing": {
					"rotation": [0, 40, 0]
				},
				"left_upper_wing": {
					"rotation": ["27.5+math.sin(q.anim_time*90*2+90)*1", 0, 0]
				},
				"left_lower_wing": {
					"rotation": ["-20.0703089793-math.sin(q.anim_time*90*2+90)*1", 4.69776, -1.71394]
				},
				"head": {
					"rotation": ["10+math.sin(q.anim_time*90*2+120)*1", 0, 0]
				},
				"jaw": {
					"rotation": [0, 0, 0]
				},
				"right_shoulder": {
					"rotation": [0.88045, "-9.9616-math.sin(q.anim_time*90*2+120)*0.5", -42.57673]
				},
				"right_arm": {
					"rotation": [-10.80522, "-18.5888-math.sin(q.anim_time*90*2+90)*1", -8.52371]
				},
				"right_scythe": {
					"rotation": [-39.69554, "-39.3776+math.sin(q.anim_time*90*2+150)*1", 6.67949]
				},
				"right_wing": {
					"rotation": [0, -40, 0]
				},
				"right_upper_wing": {
					"rotation": ["27.5+math.sin(q.anim_time*90*2+90)*1", 0, 0]
				},
				"right_lower_wing": {
					"rotation": ["-20.0703089793-math.sin(q.anim_time*90*2+90)*1", -4.69776, 1.71394]
				},
				"left_lower_crest": {
					"rotation": [0, 0, 0]
				},
				"foot_left1": {
					"rotation": ["0+math.sin(q.anim_time*90*2+90)*1", 0, 0],
					"position": [0, "0-math.sin(q.anim_time*90*2+90)*0.15", "0+math.sin(q.anim_time*90*2+90)*0.125"]
				},
				"foot_left2": {
					"rotation": ["0-math.sin(q.anim_time*90*2+90)*2", 0, 0]
				},
				"foot_left3": {
					"rotation": ["0-math.sin(q.anim_time*90*2-90)*2", 0, 0]
				},
				"right_upper_leg": {
					"rotation": ["0-math.sin(q.anim_time*90*2+90)*1", 0, 0]
				},
				"right_lower_leg": {
					"rotation": [0, 0, 0]
				},
				"foot_right1": {
					"rotation": ["0+math.sin(q.anim_time*90*2+90)*1", 0, 0],
					"position": [0, "0-math.sin(q.anim_time*90*2+90)*0.15", "0+math.sin(q.anim_time*90*2+90)*0.125"]
				},
				"foot_right2": {
					"rotation": ["0-math.sin(q.anim_time*90*2+90)*2", 0, 0]
				},
				"foot_right3": {
					"rotation": ["0-math.sin(q.anim_time*90*2-90)*2", 0, 0]
				}
			}
		},
		"animation.scyther.ground_walk": {
			"loop": true,
			"animation_length": 1.5,
			"bones": {
				"abdomen": {
					"rotation": ["0+math.sin(q.anim_time*90*2.67*2+45)*4", "-math.sin(q.anim_time*90*2.67+90)*6", "0-math.sin(q.anim_time*90*2.67+45)*4"],
					"position": [0, "0-math.sin(q.anim_time*90*2.67*2+90)*0.75", 0]
				},
				"spine": {
					"rotation": [0, 0, 0]
				},
				"thorax": {
					"rotation": ["15.6982-math.sin(q.anim_time*90*2.67*2+150)*5", "-math.sin(q.anim_time*90*2.67+90)*3", "math.sin(q.anim_time*90*2.67+120)*3"]
				},
				"neck": {
					"rotation": [0, 0, 0]
				},
				"left_shoulder": {
					"rotation": [-0.95805, "10.3877803652+math.sin(q.anim_time*90*2.67+100)*10", 32.40956]
				},
				"left_arm": {
					"rotation": [-12.02233, "-32.0113407907+math.sin(q.anim_time*90*2.67+120)*10", 18.62574]
				},
				"left_upper_leg": {
					"rotation": {
						"0.0": {
							"post": [26, 0, 0],
							"lerp_mode": "catmullrom"
						},
						"0.25": {
							"post": [16, 0, 0],
							"lerp_mode": "catmullrom"
						},
						"0.5": {
							"post": [-1.5, 0, 0],
							"lerp_mode": "catmullrom"
						},
						"0.75": {
							"post": [-26, 0, 0],
							"lerp_mode": "catmullrom"
						},
						"1.0": {
							"post": [-16, 0, 0],
							"lerp_mode": "catmullrom"
						},
						"1.25": {
							"post": [6, 0, 0],
							"lerp_mode": "catmullrom"
						},
						"1.5": {
							"post": [26, 0, 0],
							"lerp_mode": "catmullrom"
						}
					},
					"position": {
						"0.0": {
							"post": [0, -1, 0],
							"lerp_mode": "catmullrom"
						},
						"0.25": {
							"post": [0, 0, -0.5],
							"lerp_mode": "catmullrom"
						},
						"0.5": {
							"post": [0, -0.5, -1.5],
							"lerp_mode": "catmullrom"
						},
						"0.75": {
							"post": [0, -1, -1],
							"lerp_mode": "catmullrom"
						},
						"1.0": {
							"post": [0, -1, -0.5],
							"lerp_mode": "catmullrom"
						},
						"1.25": {
							"post": [0, -1, 0.5],
							"lerp_mode": "catmullrom"
						},
						"1.5": {
							"post": [0, -1, 0],
							"lerp_mode": "catmullrom"
						}
					}
				},
				"left_scythe": {
					"rotation": ["-292.6448904595+math.sin(q.anim_time*90*2.67+45)*10", "65.6509783208+math.sin(q.anim_time*90*2.67+45)*10", -325.55528]
				},
				"left_wing": {
					"rotation": [0, "40-math.sin(q.anim_time*90*2.67*2+90)*8", 0]
				},
				"left_upper_wing": {
					"rotation": [28.5, 0, 0]
				},
				"left_lower_wing": {
					"rotation": [-21.07031, 4.69776, -1.71394]
				},
				"head": {
					"rotation": ["2.5-math.sin(q.anim_time*90*2.67*2+45)*3", "math.sin(q.anim_time*90*2.67+90)*4", "-math.sin(q.anim_time*90*2.67+180)*2"]
				},
				"jaw": {
					"rotation": [0, 0, 0]
				},
				"right_shoulder": {
					"rotation": [-0.95805, "-10.3878+math.sin(q.anim_time*90*2.67+100)*10", -32.40956]
				},
				"right_arm": {
					"rotation": [-12.02233, "32.0113+math.sin(q.anim_time*90*2.67+120)*10", -18.62574]
				},
				"right_scythe": {
					"rotation": ["-292.6448904595+math.sin(q.anim_time*90*2.67+45)*10", "-65.651+math.sin(q.anim_time*90*2.67+45)*10", 325.55528]
				},
				"right_wing": {
					"rotation": [0, "-40+math.sin(q.anim_time*90*2.67*2+90)*8", 0]
				},
				"right_upper_wing": {
					"rotation": [28.5, 0, 0]
				},
				"right_lower_wing": {
					"rotation": [-21.07031, -4.69776, 1.71394]
				},
				"body": {
					"rotation": [0, 0, 0]
				},
				"left_lower_crest": {
					"rotation": [0, 0, 0]
				},
				"left_lower_leg": {
					"rotation": {
						"0.0": {
							"post": [0, 0, 0],
							"lerp_mode": "catmullrom"
						},
						"0.25": {
							"post": [10, 0, 0],
							"lerp_mode": "catmullrom"
						},
						"0.5": {
							"post": [-22.5, 0, 0],
							"lerp_mode": "catmullrom"
						},
						"0.75": {
							"post": [-20, 0, 0],
							"lerp_mode": "catmullrom"
						},
						"1.0": {
							"post": [-25, 0, 0],
							"lerp_mode": "catmullrom"
						},
						"1.25": {
							"post": [0, 0, 0],
							"lerp_mode": "catmullrom"
						},
						"1.5": {
							"post": [0, 0, 0],
							"lerp_mode": "catmullrom"
						}
					}
				},
				"foot_left1": {
					"rotation": {
						"0.0": {
							"post": [22.5, 0, 0],
							"lerp_mode": "catmullrom"
						},
						"0.25": {
							"post": [-62.5, 0, 0],
							"lerp_mode": "catmullrom"
						},
						"0.5": {
							"post": [-40, 0, 0],
							"lerp_mode": "catmullrom"
						},
						"0.75": {
							"post": [11, 0, 0],
							"lerp_mode": "catmullrom"
						},
						"1.0": {
							"post": [28.5, 0, 0],
							"lerp_mode": "catmullrom"
						},
						"1.25": {
							"post": [10, 0, 0],
							"lerp_mode": "catmullrom"
						},
						"1.5": {
							"post": [22.5, 0, 0],
							"lerp_mode": "catmullrom"
						}
					},
					"position": {
						"0.0": {
							"post": [0, 1.1, 0.13],
							"lerp_mode": "catmullrom"
						},
						"0.25": {
							"post": [0, 0.1, 1.13],
							"lerp_mode": "catmullrom"
						},
						"0.5": {
							"post": [0, 0.1, 2.13],
							"lerp_mode": "catmullrom"
						},
						"0.75": {
							"post": [0, -0.15, 0.125],
							"lerp_mode": "catmullrom"
						},
						"1.0": {
							"post": [0, 1.35, 0.13],
							"lerp_mode": "catmullrom"
						},
						"1.25": {
							"post": [0, 0.6, 0.13],
							"lerp_mode": "catmullrom"
						},
						"1.5": {
							"post": [0, 1.1, 0.13],
							"lerp_mode": "catmullrom"
						}
					}
				},
				"foot_left2": {
					"rotation": {
						"0.0": {
							"post": [12.5, 0, 0],
							"lerp_mode": "catmullrom"
						},
						"0.25": {
							"post": [17.5, 0, 0],
							"lerp_mode": "catmullrom"
						},
						"0.5": {
							"post": [27.5, 0, 0],
							"lerp_mode": "catmullrom"
						},
						"0.75": {
							"post": [13, 0, 0],
							"lerp_mode": "catmullrom"
						},
						"1.0": {
							"post": [5.5, 0, 0],
							"lerp_mode": "catmullrom"
						},
						"1.25": {
							"post": [-5, 0, 0],
							"lerp_mode": "catmullrom"
						},
						"1.5": {
							"post": [12.5, 0, 0],
							"lerp_mode": "catmullrom"
						}
					}
				},
				"foot_left3": {
					"rotation": {
						"0.0": {
							"post": [-13, 0, 0],
							"lerp_mode": "catmullrom"
						},
						"0.25": {
							"post": [37, 0, 0],
							"lerp_mode": "catmullrom"
						},
						"0.5": {
							"post": [7, 0, 0],
							"lerp_mode": "catmullrom"
						},
						"0.75": {
							"post": [22, 0, 0],
							"lerp_mode": "catmullrom"
						},
						"1.0": {
							"post": [7, 0, 0],
							"lerp_mode": "catmullrom"
						},
						"1.3333": {
							"post": [-10.5, 0, 0],
							"lerp_mode": "catmullrom"
						},
						"1.5": {
							"post": [-13, 0, 0],
							"lerp_mode": "catmullrom"
						}
					}
				},
				"toes_left": {
					"rotation": {
						"0.0": {
							"post": [-47.5, 0, 0],
							"lerp_mode": "catmullrom"
						},
						"0.25": {
							"post": [0, 0, 0],
							"lerp_mode": "catmullrom"
						},
						"0.75": {
							"post": [0, 0, 0],
							"lerp_mode": "catmullrom"
						},
						"1.0": {
							"post": [0, 0, 0],
							"lerp_mode": "catmullrom"
						},
						"1.25": {
							"post": [0, 0, 0],
							"lerp_mode": "catmullrom"
						},
						"1.5": {
							"post": [-47.5, 0, 0],
							"lerp_mode": "catmullrom"
						}
					}
				},
				"right_upper_leg": {
					"rotation": {
						"0.0": {
							"post": [-26, 0, 0],
							"lerp_mode": "catmullrom"
						},
						"0.25": {
							"post": [-16, 0, 0],
							"lerp_mode": "catmullrom"
						},
						"0.5": {
							"post": [6, 0, 0],
							"lerp_mode": "catmullrom"
						},
						"0.75": {
							"post": [26, 0, 0],
							"lerp_mode": "catmullrom"
						},
						"1.0": {
							"post": [16, 0, 0],
							"lerp_mode": "catmullrom"
						},
						"1.25": {
							"post": [-1.5, 0, 0],
							"lerp_mode": "catmullrom"
						},
						"1.5": {
							"post": [-26, 0, 0],
							"lerp_mode": "catmullrom"
						}
					},
					"position": {
						"0.0": {
							"post": [0, -1, -1],
							"lerp_mode": "catmullrom"
						},
						"0.25": {
							"post": [0, -1, -0.5],
							"lerp_mode": "catmullrom"
						},
						"0.5": {
							"post": [0, -1, 0.5],
							"lerp_mode": "catmullrom"
						},
						"0.75": {
							"post": [0, -1, 0],
							"lerp_mode": "catmullrom"
						},
						"1.0": {
							"post": [0, 0, -0.5],
							"lerp_mode": "catmullrom"
						},
						"1.25": {
							"post": [0, -0.5, -1.5],
							"lerp_mode": "catmullrom"
						},
						"1.5": {
							"post": [0, -1, -1],
							"lerp_mode": "catmullrom"
						}
					}
				},
				"right_lower_leg": {
					"rotation": {
						"0.0": {
							"post": [-20, 0, 0],
							"lerp_mode": "catmullrom"
						},
						"0.25": {
							"post": [-25, 0, 0],
							"lerp_mode": "catmullrom"
						},
						"0.5": {
							"post": [0, 0, 0],
							"lerp_mode": "catmullrom"
						},
						"0.75": {
							"post": [0, 0, 0],
							"lerp_mode": "catmullrom"
						},
						"1.0": {
							"post": [10, 0, 0],
							"lerp_mode": "catmullrom"
						},
						"1.25": {
							"post": [-22.5, 0, 0],
							"lerp_mode": "catmullrom"
						},
						"1.5": {
							"post": [-20, 0, 0],
							"lerp_mode": "catmullrom"
						}
					}
				},
				"foot_right1": {
					"rotation": {
						"0.0": {
							"post": [11, 0, 0],
							"lerp_mode": "catmullrom"
						},
						"0.25": {
							"post": [28.5, 0, 0],
							"lerp_mode": "catmullrom"
						},
						"0.5": {
							"post": [10, 0, 0],
							"lerp_mode": "catmullrom"
						},
						"0.75": {
							"post": [22.5, 0, 0],
							"lerp_mode": "catmullrom"
						},
						"1.0": {
							"post": [-62.5, 0, 0],
							"lerp_mode": "catmullrom"
						},
						"1.25": {
							"post": [-40, 0, 0],
							"lerp_mode": "catmullrom"
						},
						"1.5": {
							"post": [11, 0, 0],
							"lerp_mode": "catmullrom"
						}
					},
					"position": {
						"0.0": {
							"post": [0, -0.15, 0.125],
							"lerp_mode": "catmullrom"
						},
						"0.25": {
							"post": [0, 1.35, 0.13],
							"lerp_mode": "catmullrom"
						},
						"0.5": {
							"post": [0, 0.6, 0.13],
							"lerp_mode": "catmullrom"
						},
						"0.75": {
							"post": [0, 1.1, 0.13],
							"lerp_mode": "catmullrom"
						},
						"1.0": {
							"post": [0, 0.1, 1.13],
							"lerp_mode": "catmullrom"
						},
						"1.25": {
							"post": [0, 0.1, 2.13],
							"lerp_mode": "catmullrom"
						},
						"1.5": {
							"post": [0, -0.15, 0.125],
							"lerp_mode": "catmullrom"
						}
					}
				},
				"foot_right2": {
					"rotation": {
						"0.0": {
							"post": [13, 0, 0],
							"lerp_mode": "catmullrom"
						},
						"0.25": {
							"post": [5.5, 0, 0],
							"lerp_mode": "catmullrom"
						},
						"0.5": {
							"post": [-5, 0, 0],
							"lerp_mode": "catmullrom"
						},
						"0.75": {
							"post": [12.5, 0, 0],
							"lerp_mode": "catmullrom"
						},
						"1.0": {
							"post": [17.5, 0, 0],
							"lerp_mode": "catmullrom"
						},
						"1.375": {
							"post": [12.5, 0, 0],
							"lerp_mode": "catmullrom"
						},
						"1.5": {
							"post": [13, 0, 0],
							"lerp_mode": "catmullrom"
						}
					}
				},
				"foot_right3": {
					"rotation": {
						"0.0": {
							"post": [22, 0, 0],
							"lerp_mode": "catmullrom"
						},
						"0.25": {
							"post": [7, 0, 0],
							"lerp_mode": "catmullrom"
						},
						"0.5": {
							"post": [-10.5, 0, 0],
							"lerp_mode": "catmullrom"
						},
						"1.0": {
							"post": [37, 0, 0],
							"lerp_mode": "catmullrom"
						},
						"1.3333": {
							"post": [7, 0, 0],
							"lerp_mode": "catmullrom"
						},
						"1.5": {
							"post": [22, 0, 0],
							"lerp_mode": "catmullrom"
						}
					}
				},
				"toes_right": {
					"rotation": {
						"0.0": {
							"post": [0, 0, 0],
							"lerp_mode": "catmullrom"
						},
						"0.25": {
							"post": [0, 0, 0],
							"lerp_mode": "catmullrom"
						},
						"0.5": {
							"post": [0, 0, 0],
							"lerp_mode": "catmullrom"
						},
						"0.75": {
							"post": [-47.5, 0, 0],
							"lerp_mode": "catmullrom"
						},
						"1.0": {
							"post": [0, 0, 0],
							"lerp_mode": "catmullrom"
						},
						"1.5": {
							"post": [0, 0, 0],
							"lerp_mode": "catmullrom"
						}
					}
				}
			}
		},
		"animation.scyther.air_idle": {
			"loop": true,
			"bones": {
				"abdomen": {
					"rotation": ["2.5-math.sin(q.anim_time*90*4+120)*1", 0, "0-math.sin(q.anim_time*90*2+120)*1"]
				},
				"spine": {
					"rotation": [10, 0, 0]
				},
				"thorax": {
					"rotation": ["17.5+math.sin(q.anim_time*90*4+180)*1.5", "0-math.sin(q.anim_time*90*2+90)*1", "math.sin(q.anim_time*90*2+120)*1"],
					"position": [0, 0, -0.5]
				},
				"neck": {
					"rotation": [0, 0, 0]
				},
				"left_shoulder": {
					"rotation": [0.87473, -7.53642, "42.309680068-math.sin(q.anim_time*90*4+120)*0.5"]
				},
				"left_arm": {
					"rotation": [1.69478, "18.588768888+math.sin(q.anim_time*90*4+120)*4", "8.523710706-math.sin(q.anim_time*90*4+90)*2"]
				},
				"left_upper_leg": {
					"rotation": ["-15-math.sin(q.anim_time*90*2+45)*1", 0, "0-math.sin(q.anim_time*90*2+120)*1"]
				},
				"left_scythe": {
					"rotation": ["-71.15-math.sin(q.anim_time*90*4+45)*10", 71.7363, "-54.117-math.sin(q.anim_time*90*4+45)*10"]
				},
				"left_wing": {
					"rotation": [0, 62.5, 0]
				},
				"left_upper_wing": {
					"rotation": [47.5, "0+math.sin(q.anim_time*90*32+90)*20", "0+math.sin(q.anim_time*90*32+45)*20"]
				},
				"left_lower_wing": {
					"rotation": [-17.5, "0+math.sin(q.anim_time*90*32+90)*20", "0+math.sin(q.anim_time*90*32-120)*20"]
				},
				"left_lower_leg": {
					"rotation": [9.90532, 4.32875, -2.50477]
				},
				"foot_left1": {
					"rotation": ["15-math.sin(q.anim_time*90*2+45)*1", 0, "0-math.sin(q.anim_time*90*2+150)*2"]
				},
				"foot_left2": {
					"rotation": [-2.5, 0, 0]
				},
				"foot_left3": {
					"rotation": [22.5, 0, 0]
				},
				"toes_left": {
					"rotation": [22.5, 0, 0]
				},
				"head": {
					"rotation": ["-10+math.sin(q.anim_time*90*4+120)*1.5", "0-math.sin(q.anim_time*90*2+45)*1", 0]
				},
				"jaw": {
					"rotation": ["20+math.sin(q.anim_time*90*4+90)*1", 0, 0]
				},
				"right_shoulder": {
					"rotation": [0.87473, 7.53642, "-42.3097+math.sin(q.anim_time*90*4+120)*0.5"]
				},
				"right_arm": {
					"rotation": [1.69478, "-18.588768888-math.sin(q.anim_time*90*4+150)*4", "-8.5237+math.sin(q.anim_time*90*4+90)*2"]
				},
				"right_scythe": {
					"rotation": ["-130.5347-math.sin(q.anim_time*90*4+90)*10", -62.62308, "85.7809+math.sin(q.anim_time*90*4+90)*10"]
				},
				"right_wing": {
					"rotation": [0, -62.5, 0]
				},
				"right_upper_wing": {
					"rotation": [47.5, "0-math.sin(q.anim_time*90*32+90)*20", "0-math.sin(q.anim_time*90*32+45)*20"]
				},
				"right_lower_wing": {
					"rotation": [-17.5, "0-math.sin(q.anim_time*90*32+90)*20", "0-math.sin(q.anim_time*90*32-120)*20"]
				},
				"right_upper_leg": {
					"rotation": ["-15-math.sin(q.anim_time*90*2+45)*1", 0, "0-math.sin(q.anim_time*90*2+120)*1"]
				},
				"right_lower_leg": {
					"rotation": [9.90532, -4.32875, 2.50477]
				},
				"foot_right1": {
					"rotation": ["15-math.sin(q.anim_time*90*2+45)*1", 0, "0-math.sin(q.anim_time*90*2+60)*1"]
				},
				"foot_right2": {
					"rotation": [-2.5, 0, 0]
				},
				"foot_right3": {
					"rotation": [22.5, 0, 0]
				},
				"toes_right": {
					"rotation": [22.5, 0, 0]
				},
				"body": {
					"position": ["0+math.sin(q.anim_time*90*2+180)*0.5", "0+math.sin(q.anim_time*90*4+90)*0.5", 0]
				}
			}
		},
		"animation.scyther.air_fly": {
			"loop": true,
			"bones": {
				"abdomen": {
					"rotation": ["30-math.sin(q.anim_time*90*4+120)*1", 0, "-math.sin(q.anim_time*90*2+120)*1"]
				},
				"spine": {
					"rotation": [10, 0, 0]
				},
				"thorax": {
					"rotation": ["-12.5+math.sin(q.anim_time*90*4+180)*1.5", "-math.sin(q.anim_time*90*2+90)*1", "math.sin(q.anim_time*90*2+120)*1"],
					"position": [0, 0, -0.5]
				},
				"neck": {
					"rotation": [0, 0, 0]
				},
				"left_shoulder": {
					"rotation": [0.87473, -7.53642, "42.309680068-math.sin(q.anim_time*90*4+120)*0.5"]
				},
				"left_arm": {
					"rotation": [1.59806, "-1.4032+math.sin(q.anim_time*90*4+120)*1", 7.94411]
				},
				"left_upper_leg": {
					"rotation": ["-15-math.sin(q.anim_time*90*2+45)*1", 0, "0-math.sin(q.anim_time*90*2+120)*1"]
				},
				"left_scythe": {
					"rotation": [0, 45, 0]
				},
				"left_wing": {
					"rotation": [0, 62.5, 0]
				},
				"left_upper_wing": {
					"rotation": [47.5, "0+math.sin(q.anim_time*90*32+90)*20", "0+math.sin(q.anim_time*90*32+45)*20"]
				},
				"left_lower_wing": {
					"rotation": [-17.5, "0+math.sin(q.anim_time*90*32+90)*20", "0+math.sin(q.anim_time*90*32-120)*20"]
				},
				"left_lower_leg": {
					"rotation": [9.90532, 4.32875, -2.50477]
				},
				"foot_left1": {
					"rotation": ["15+math.sin(q.anim_time*90*4-120)*1", 0, 0]
				},
				"foot_left2": {
					"rotation": [10, 0, 0]
				},
				"foot_left3": {
					"rotation": ["40-math.sin(q.anim_time*90*4-45)*2", 0, 0]
				},
				"toes_left": {
					"rotation": [22.5, 0, 0]
				},
				"head": {
					"rotation": ["-52.5+math.sin(q.anim_time*90*4+120)*1.5", "-math.sin(q.anim_time*90*2+45)*1", 0],
					"position": [0, 2, 0]
				},
				"jaw": {
					"rotation": ["20+math.sin(q.anim_time*90*4+90)*1", 0, 0]
				},
				"right_shoulder": {
					"rotation": [0.87473, 7.53642, "-42.3097+math.sin(q.anim_time*90*4+120)*0.5"]
				},
				"right_arm": {
					"rotation": [1.59806, "1.4032-math.sin(q.anim_time*90*4+120)*1", -7.94411]
				},
				"right_scythe": {
					"rotation": [0, -45, 0]
				},
				"right_wing": {
					"rotation": [0, -62.5, 0]
				},
				"right_upper_wing": {
					"rotation": [47.5, "0-math.sin(q.anim_time*90*32+90)*20", "0-math.sin(q.anim_time*90*32+45)*20"]
				},
				"right_lower_wing": {
					"rotation": [-17.5, "0-math.sin(q.anim_time*90*32+90)*20", "0-math.sin(q.anim_time*90*32-120)*20"]
				},
				"right_upper_leg": {
					"rotation": ["-15-math.sin(q.anim_time*90*2+45)*1", 0, "0-math.sin(q.anim_time*90*2+120)*1"]
				},
				"right_lower_leg": {
					"rotation": [9.90532, -4.32875, 2.50477]
				},
				"foot_right1": {
					"rotation": ["15+math.sin(q.anim_time*90*4-120)*1", 0, 0]
				},
				"foot_right2": {
					"rotation": [10, 0, 0]
				},
				"foot_right3": {
					"rotation": ["40-math.sin(q.anim_time*90*4-45)*2", 0, 0]
				},
				"toes_right": {
					"rotation": [22.5, 0, 0]
				},
				"body": {
					"rotation": [37.5, 0, 0],
					"position": ["0+math.sin(q.anim_time*90*2+180)*0.5", "0+math.sin(q.anim_time*90*4+90)*0.5", 0]
				}
			}
		},
		"animation.scyther.battle_idle": {
			"loop": true,
			"bones": {
				"body": {
					"rotation": [0, 10, 0],
					"position": [0, -1, 0]
				},
				"abdomen": {
					"rotation": ["70.157696092+math.sin(q.anim_time*90*4+90)*2", 2.55868, 7.05239],
					"position": [0, "2+math.sin(q.anim_time*90*4-45)*0.25", "2+math.sin(q.anim_time*90*4+90)*0.25"]
				},
				"spine": {
					"rotation": [5.13135, -0.47093, 2.4512]
				},
				"thorax": {
					"rotation": ["7.5074506561-math.sin(q.anim_time*90*4+150)*2", -5.60921, 4.30494],
					"position": [0, 0, 0]
				},
				"neck": {
					"rotation": [-5, 0, 0]
				},
				"head": {
					"rotation": ["-57.5+math.sin(q.anim_time*90*4-45)*2", 0, 0]
				},
				"pupil_left": {
					"position": [0, 0.3, 0]
				},
				"pupil_right": {
					"position": [0, 0.3, 0]
				},
				"left_shoulder": {
					"rotation": ["-66.378199509+math.sin(q.anim_time*90*4-45)*3", 7.90055, -16.75871],
					"position": [0, 0, -1]
				},
				"left_arm": {
					"rotation": [0, "7.5+math.sin(q.anim_time*90*4+150)*1", 75]
				},
				"left_scythe": {
					"rotation": [-76.42424, "79.3833255059+math.sin(q.anim_time*90*4+90)*1", -69.14118]
				},
				"right_shoulder": {
					"rotation": [-64.36834, 22.4201, "-22.6898867799-math.sin(q.anim_time*90*4-45)*3"]
				},
				"right_arm": {
					"rotation": [0, "10-math.sin(q.anim_time*90*4+150)*3", -30]
				},
				"right_scythe": {
					"rotation": [91.285, "-43.8926504071-math.sin(q.anim_time*90*4+90)*3", -175.85202]
				},
				"left_wing": {
					"rotation": [-42.10115, 22.13105, -5.53725]
				},
				"left_lower_wing": {
					"rotation": ["-10+math.sin(q.anim_time*90*4-110)*5", 0, 0]
				},
				"right_wing": {
					"rotation": [-24.6401, -6.63379, -2.44048]
				},
				"right_lower_wing": {
					"rotation": ["-10+math.sin(q.anim_time*90*4-110)*5", 0, 0]
				},
				"left_upper_leg": {
					"rotation": ["35.0462389525+math.sin(q.anim_time*90*4+90)*3", 4.88119, 1.08482],
					"position": [0, -0.9, 0]
				},
				"left_lower_leg": {
					"rotation": ["-12.878588137-math.sin(q.anim_time*90*4+90)*5", -14.71275, -6.62686],
					"position": ["0-math.sin(q.anim_time*90*4+90)*0.25", "0-math.sin(q.anim_time*90*4+90)*0.05", "0+math.sin(q.anim_time*90*4+90)*0.35"]
				},
				"foot_left1": {
					"rotation": [4.56291, -5.48164, 8.20221]
				},
				"foot_left2": {
					"rotation": [-0.00243, 0.06825, -0.08504]
				},
				"foot_left3": {
					"rotation": ["-22.6326640557+math.sin(q.anim_time*90*4+90)*0.5", -2.40374, 6.0457]
				},
				"right_upper_leg": {
					"rotation": ["-44.0227059024+math.sin(q.anim_time*90*4+90)*3", -5.0464, 11.58037],
					"position": [0, 0, -2]
				},
				"foot_right1": {
					"rotation": [37.5, 0, 0]
				},
				"foot_right2": {
					"rotation": [-5.03932, 4.73227, -4.4175]
				},
				"foot_right3": {
					"rotation": ["13.2253489433+math.sin(q.anim_time*90*4+90)*2", 6.19826, -2.16626]
				},
				"left_upper_wing": {
					"rotation": ["0+math.sin(q.anim_time*90*4-90)*6", 0, 0]
				},
				"right_upper_wing": {
					"rotation": ["0+math.sin(q.anim_time*90*4-90)*6", 0, 0]
				},
				"toes_left": {
					"rotation": ["0+math.sin(q.anim_time*90*4+90)*1", 0, 0]
				},
				"right_lower_leg": {
					"rotation": ["0-math.sin(q.anim_time*90*4+90)*5", 0, 0],
					"position": ["0+math.sin(q.anim_time*90*4+90)*0.01", "0+math.sin(q.anim_time*90*4+90)*0.35", "0+math.sin(q.anim_time*90*4+90)*0.25"]
				},
				"toes_right": {
					"rotation": ["0+math.sin(q.anim_time*90*4+90)*1", 0, 0]
				}
			}
		},
		"animation.scyther.blink": {
			"animation_length": 0.1667,
			"bones": {
				"left_eyelid": {
					"position": {
						"0.0": [0.1, 0, -0.1],
						"0.125": [0.1, 0, -0.1],
						"0.1667": [0, 0, 0]
					}
				},
				"right_eyelid": {
					"position": {
						"0.0": [-0.1, 0, -0.1],
						"0.125": [-0.1, 0, -0.1],
						"0.1667": [0, 0, 0]
					}
				},
				"eyelid_angry_left": {
					"position": {
						"0.0": [-0.1, 0, 0.1],
						"0.125": {
							"pre": [-0.1, 0, 0.1],
							"post": [0, 0, 0]
						}
					}
				},
				"eyelid_left": {
					"position": {
						"0.0": [0.1, 0, -0.1],
						"0.125": {
							"pre": [0.1, 0, -0.1],
							"post": [0, 0, 0]
						}
					}
				},
				"eyelid_angry_right": {
					"position": {
						"0.0": [0.1, 0, 0.1],
						"0.125": {
							"pre": [0.1, 0, 0.1],
							"post": [0, 0, 0]
						}
					}
				},
				"eyelid_right": {
					"position": {
						"0.0": [-0.1, 0, -0.1],
						"0.125": {
							"pre": [-0.1, 0, -0.1],
							"post": [0, 0, 0]
						}
					}
				}
			}
		},
		"animation.scyther.cry": {
			"loop": true,
			"bones": {
				"neck": {
					"rotation": [-2.5, 0, 0]
				},
				"head": {
					"rotation": [-7.5, 0, 0]
				},
				"jaw": {
					"rotation": [45, 0, 0]
				}
			}
		},
		"animation.scyther.hold_item": {
			"loop": true,
			"bones": {
				"jaw": {
					"rotation": [20, 0, 0]
				}
			}
		}
	}
}