{
	"format_version": "1.8.0",
	"animations": {
		"animation.magearna.ground_idle": {
			"loop": true,
			"animation_length": 2,
			"bones": {
				"ear_right": {
					"rotation": [0, "5+Math.cos(query.anim_time * 180) * 1 ", "10+Math.cos(query.anim_time * 180) * 1 "]
				},
				"ear_left": {
					"rotation": [0, "-5-Math.cos(query.anim_time * 180) * 1 ", "-10-Math.cos(query.anim_time * 180) * 1 "]
				},
				"arm_right": {
					"rotation": [0, -25, -27.5]
				},
				"hand_right": {
					"rotation": [-5.03837, -8.64917, "15.3812551425-Math.cos(query.anim_time * 180) * 1 "]
				},
				"arm_left": {
					"rotation": [0, 5, 27.5]
				},
				"hand_left": {
					"rotation": [-2.61298, 9.65594, "-15.2207407344-Math.cos(query.anim_time * 180) * 1 "]
				},
				"head": {
					"rotation": ["0-Math.cos((query.anim_time - 0.0) * 180) * 1 ", 0, 0]
				},
				"arm_chest_right": {
					"rotation": [0, "12.5+Math.cos((query.anim_time - 0.2) * 180) * 2", "0-Math.cos((query.anim_time - 0.2) * 180) * 1"]
				},
				"hand_tip_right": {
					"rotation": [0, 0, "-17.5-Math.cos(query.anim_time * 180) * 1 "]
				},
				"arm_chest_left": {
					"rotation": [0, "-12.5-Math.cos((query.anim_time - 0.2) * 180) * 2", "0+Math.cos((query.anim_time - 0.2) * 180) * 1"]
				},
				"hand_tip_left": {
					"rotation": [0, 0, "17.5+Math.cos(query.anim_time * 180) * 1 "]
				},
				"dress_ball": {
					"rotation": [
						"Math.cos((query.anim_time - 0.0) * 180) * 1 ",
						"Math.cos((query.anim_time - 0.0) * 180) * 0.5",
						"Math.cos((query.anim_time - 0.0) * 180) * 0.2"
					]
				},
				"leg_right": {
					"rotation": [0, 0, -7.5]
				},
				"leg_left": {
					"rotation": [0, 0, 7.5]
				}
			}
		},
		"animation.magearna.ground_walk": {
			"loop": true,
			"animation_length": 4,
			"bones": {
				"body": {
					"rotation": [2.5, 0, 0]
				},
				"head": {
					"rotation": ["7.5+3*math.sin(q.anim_time*90*6-90)", "-5*math.sin(q.anim_time*90*3+40)", "-2*math.sin(q.anim_time*90*3+90)"]
				},
				"ear_right": {
					"rotation": ["1*math.sin(q.anim_time*90*6-120)", 0, "-(1*math.sin(q.anim_time*90*6-120))"]
				},
				"ear_left": {
					"rotation": ["1*math.sin(q.anim_time*90*6-20)", 0, "1*math.sin(q.anim_time*90*6-90)"]
				},
				"chest": {
					"rotation": ["-0.5*math.sin(q.anim_time*90*6-50)", "10*math.sin(q.anim_time*90*3)", "-4*math.cos(q.anim_time*90*3-50)"],
					"position": [0, "-0.2+0.1*math.sin(q.anim_time*90*6)", "0.1*math.cos(q.anim_time*90*6)"]
				},
				"arm_chest_right": {
					"rotation": [0, "-6*math.sin(q.anim_time*90*3-60)", "-32.5+1*math.sin(q.anim_time*90*6-60)"]
				},
				"hand_right": {
					"rotation": [0, "2-2*math.sin(q.anim_time*90*3-130)", "7.5+2*math.sin(q.anim_time*90*6-110)"],
					"position": [0.1, 0, 0]
				},
				"arm_chest_left": {
					"rotation": [0, "-6*math.sin(q.anim_time*90*3-60)", "32.5-1*math.sin(q.anim_time*90*6-60)"]
				},
				"hand_left": {
					"rotation": [0, "2+2*math.sin(q.anim_time*90*3-130)", -7.5],
					"position": [-0.1, 0, 0]
				},
				"leg_right": {
					"rotation": {
						"0.0": {
							"post": [1.89, -1.51, -6.65],
							"lerp_mode": "catmullrom"
						},
						"0.3333": {
							"post": [14.94548, 1.29256, -4.83045],
							"lerp_mode": "catmullrom"
						},
						"0.6667": {
							"post": [-3.66096, 10.59061, -1.47157],
							"lerp_mode": "catmullrom"
						},
						"1.0": {
							"post": [-12.39638, -1.61888, -7.32417],
							"lerp_mode": "catmullrom"
						},
						"1.6667": {
							"post": [14.94548, 1.29256, -4.83045],
							"lerp_mode": "catmullrom"
						},
						"2.0": {
							"post": [-3.66096, 10.59061, -1.47157],
							"lerp_mode": "catmullrom"
						},
						"2.3333": {
							"post": [-12.39638, -1.61888, -7.32417],
							"lerp_mode": "catmullrom"
						},
						"3.0": {
							"post": [14.94548, 1.29256, -4.83045],
							"lerp_mode": "catmullrom"
						},
						"3.3333": {
							"post": [-3.66096, 10.59061, -1.47157],
							"lerp_mode": "catmullrom"
						},
						"3.6667": {
							"post": [-12.39638, -1.61888, -7.32417],
							"lerp_mode": "catmullrom"
						},
						"4.0": {
							"post": [1.89, -1.51, -6.65],
							"lerp_mode": "catmullrom"
						}
					},
					"position": {
						"0.0": [0, -0.13, -0.01],
						"0.3333": [0, -0.25, 0.98079],
						"0.8333": [0, 0.9, -0.5],
						"1.0": [0, 0, -1],
						"1.6667": [0, -0.25, 0.98079],
						"2.1667": [0, 0.9, -0.5],
						"2.3333": [0, 0, -1],
						"3.0": [0, -0.25, 0.98079],
						"3.5": [0, 0.9, -0.5],
						"3.6667": [0, 0, -1],
						"4.0": [0, -0.13, -0.01]
					}
				},
				"foot_right": {
					"rotation": {
						"0.0": {
							"post": [7.37, 0, 0],
							"lerp_mode": "catmullrom"
						},
						"0.3333": {
							"post": [20, 0, 0],
							"lerp_mode": "catmullrom"
						},
						"0.5833": {
							"post": [39.05, 0, 0],
							"lerp_mode": "catmullrom"
						},
						"0.6667": {
							"post": [36.56, 0, 0],
							"lerp_mode": "catmullrom"
						},
						"0.8333": {
							"post": [23, 0, 0],
							"lerp_mode": "catmullrom"
						},
						"1.0": {
							"post": [0, 0, 0],
							"lerp_mode": "catmullrom"
						},
						"1.6667": {
							"post": [20, 0, 0],
							"lerp_mode": "catmullrom"
						},
						"1.9167": {
							"post": [39.05, 0, 0],
							"lerp_mode": "catmullrom"
						},
						"2.1667": {
							"post": [23, 0, 0],
							"lerp_mode": "catmullrom"
						},
						"2.3333": {
							"post": [0, 0, 0],
							"lerp_mode": "catmullrom"
						},
						"3.0": {
							"post": [20, 0, 0],
							"lerp_mode": "catmullrom"
						},
						"3.25": {
							"post": [39.05, 0, 0],
							"lerp_mode": "catmullrom"
						},
						"3.5": {
							"post": [23, 0, 0],
							"lerp_mode": "catmullrom"
						},
						"3.6667": {
							"post": [0, 0, 0],
							"lerp_mode": "catmullrom"
						},
						"4.0": {
							"post": [7.37, 0, 0],
							"lerp_mode": "catmullrom"
						}
					}
				},
				"leg_left": {
					"rotation": {
						"0.0": {
							"post": [-3.66096, -10.59061, 1.47157],
							"lerp_mode": "catmullrom"
						},
						"0.3333": {
							"post": [-12.39638, 1.61888, 7.32417],
							"lerp_mode": "catmullrom"
						},
						"1.0": {
							"post": [14.94548, -1.29256, 4.83045],
							"lerp_mode": "catmullrom"
						},
						"1.3333": {
							"post": [-3.66096, -10.59061, 1.47157],
							"lerp_mode": "catmullrom"
						},
						"1.6667": {
							"post": [-12.39638, 1.61888, 7.32417],
							"lerp_mode": "catmullrom"
						},
						"2.3333": {
							"post": [14.94548, -1.29256, 4.83045],
							"lerp_mode": "catmullrom"
						},
						"2.6667": {
							"post": [-3.66096, -10.59061, 1.47157],
							"lerp_mode": "catmullrom"
						},
						"3.0": {
							"post": [-12.39638, 1.61888, 7.32417],
							"lerp_mode": "catmullrom"
						},
						"3.6667": {
							"post": [14.94548, -1.29256, 4.83045],
							"lerp_mode": "catmullrom"
						},
						"4.0": {
							"post": [-3.66096, -10.59061, 1.47157],
							"lerp_mode": "catmullrom"
						}
					},
					"position": {
						"0.0": [0, 0.18, 0.13],
						"0.1667": [0, 0.9, -0.5],
						"0.3333": [0, 0, -1],
						"1.0": [0, -0.25, 0.98079],
						"1.5": [0, 0.9, -0.5],
						"1.6667": [0, 0, -1],
						"2.3333": [0, -0.25, 0.98079],
						"2.8333": [0, 0.9, -0.5],
						"3.0": [0, 0, -1],
						"3.6667": [0, -0.25, 0.98079],
						"4.0": [0, 0.18, 0.13]
					}
				},
				"foot_left": {
					"rotation": {
						"0.0": {
							"post": [36.56, 0, 0],
							"lerp_mode": "catmullrom"
						},
						"0.1667": {
							"post": [23, 0, 0],
							"lerp_mode": "catmullrom"
						},
						"0.3333": {
							"post": [0, 0, 0],
							"lerp_mode": "catmullrom"
						},
						"1.0": {
							"post": [20, 0, 0],
							"lerp_mode": "catmullrom"
						},
						"1.25": {
							"post": [39.05, 0, 0],
							"lerp_mode": "catmullrom"
						},
						"1.5": {
							"post": [23, 0, 0],
							"lerp_mode": "catmullrom"
						},
						"1.6667": {
							"post": [0, 0, 0],
							"lerp_mode": "catmullrom"
						},
						"2.3333": {
							"post": [20, 0, 0],
							"lerp_mode": "catmullrom"
						},
						"2.5833": {
							"post": [39.05, 0, 0],
							"lerp_mode": "catmullrom"
						},
						"2.8333": {
							"post": [23, 0, 0],
							"lerp_mode": "catmullrom"
						},
						"3.0": {
							"post": [0, 0, 0],
							"lerp_mode": "catmullrom"
						},
						"3.6667": {
							"post": [20, 0, 0],
							"lerp_mode": "catmullrom"
						},
						"3.9167": {
							"post": [39.05, 0, 0],
							"lerp_mode": "catmullrom"
						},
						"4.0": {
							"post": [36.56, 0, 0],
							"lerp_mode": "catmullrom"
						}
					}
				}
			}
		},
		"animation.magearna.quirk": {
			"animation_length": 0.5,
			"bones": {
				"ear_right": {
					"rotation": [0, 0, "(math.sin(q.anim_time*90*4*3)*1+4)"]
				},
				"ear_left": {
					"rotation": [0, 0, "(math.sin(q.anim_time*90*4*3)*1+4)"]
				}
			}
		},
		"animation.magearna.cry": {
			"animation_length": 1.25,
			"bones": {
				"body": {
					"position": {
						"0.0": [0, 0, 0],
						"0.25": {
							"pre": [0, -1, 0],
							"post": [0, -1, 0],
							"lerp_mode": "catmullrom"
						},
						"1.25": [0, 0, 0]
					}
				},
				"head": {
					"rotation": {
						"0.0": [0, 0, 0],
						"0.25": {
							"pre": [17.5, 0, 0],
							"post": [17.5, 0, 0],
							"lerp_mode": "catmullrom"
						},
						"0.2917": [17.68202, 0, 0],
						"0.625": [21.51284, 0, 0],
						"0.7083": [22.31798, 0, 0],
						"0.75": [22.5, 0, 0],
						"0.7917": [21.68089, 0, 0],
						"0.8333": [20.04812, 0, 0],
						"0.875": [18.05777, 0, 0],
						"0.9167": [15.87473, 0, 0],
						"1.0833": [6.62527, 0, 0],
						"1.125": [4.44223, 0, 0],
						"1.1667": [2.45188, 0, 0],
						"1.2083": [0.81911, 0, 0],
						"1.25": [0, 0, 0]
					}
				},
				"head_ai": {
					"rotation": {
						"0.0": [0, 0, 0],
						"0.25": {
							"pre": [17.5, 0, 0],
							"post": [17.5, 0, 0],
							"lerp_mode": "catmullrom"
						}
					}
				},
				"eyelid_right": {
					"position": {
						"0.0": [0, 0, 0],
						"0.0417": [0, 0, -0.0599],
						"0.0833": [0, 0, -0.23844],
						"0.1667": [0, 0, -0.76156],
						"0.2083": [0, 0, -0.9401],
						"0.25": [0, 0, -1],
						"0.375": {"pre": [0, 0, -1], "post": [0, 0, 0]}
					}
				},
				"eyelid_left": {
					"position": {
						"0.0": [0, 0, 0],
						"0.0417": [0, 0, -0.0599],
						"0.0833": [0, 0, -0.23844],
						"0.1667": [0, 0, -0.76156],
						"0.2083": [0, 0, -0.9401],
						"0.25": [0, 0, -1],
						"0.375": {"pre": [0, 0, -1], "post": [0, 0, 0]}
					}
				},
				"ear_right": {
					"rotation": {
						"0.0": [0, 5, 10],
						"0.25": {
							"pre": [-1.71394, 4.69776, -10.07031],
							"post": [-1.71394, 4.69776, -10.07031],
							"lerp_mode": "catmullrom"
						},
						"0.2917": [-1.71373, 4.51582, -10.06487],
						"0.625": [-1.70934, 0.68671, -9.95044],
						"0.7083": [-1.70842, -0.11807, -9.92639],
						"0.75": [-1.70821, -0.30001, -9.92095]
					}
				},
				"ear_left": {
					"rotation": {
						"0.0": [0, -5, -10],
						"0.25": {
							"pre": [-1.71394, -4.69776, 10.07031],
							"post": [-1.71394, -4.69776, 10.07031],
							"lerp_mode": "catmullrom"
						},
						"0.2917": [-1.71373, -4.51582, 10.06487],
						"0.625": [-1.70934, -0.68671, 9.95044],
						"0.7083": [-1.70842, 0.11807, 9.92639],
						"0.75": [-1.70821, 0.30001, 9.92095]
					}
				},
				"chest": {
					"rotation": {
						"0.0": [0, 0, 0],
						"0.25": {
							"pre": [12.5, 0, 0],
							"post": [12.5, 0, 0],
							"lerp_mode": "catmullrom"
						},
						"0.2917": [12.22694, 0, 0],
						"0.8333": [5.09392, 0, 0],
						"1.1667": [0.71165, 0, 0],
						"1.2083": [0.27306, 0, 0],
						"1.25": [0, 0, 0]
					}
				},
				"arm_chest_right": {
					"rotation": {
						"0.0": [0, 12.5, 0],
						"0.25": {
							"pre": [0, -17.5, 0],
							"post": [0, -17.5, 0],
							"lerp_mode": "catmullrom"
						},
						"0.2917": [0.18202, -17.5, 0],
						"0.625": [4.01284, -17.5, 0],
						"0.7083": [4.81798, -17.5, 0],
						"0.75": [5, -17.5, 0],
						"0.7917": [4.81798, -16.40785, 0],
						"0.8333": [4.45514, -14.23083, 0],
						"0.875": [4.01284, -11.57703, 0],
						"0.9167": [3.52772, -8.66631, 0],
						"1.0833": [1.47228, 3.66631, 0],
						"1.125": [0.98716, 6.57703, 0],
						"1.1667": [0.54486, 9.23083, 0],
						"1.2083": [0.18202, 11.40785, 0],
						"1.25": [0, 12.5, 0]
					}
				},
				"arm_right": {
					"rotation": {
						"0.0": [0, -25, -27.5],
						"0.25": {
							"pre": [0, -40, -27.5],
							"post": [0, -40, -27.5],
							"lerp_mode": "catmullrom"
						},
						"0.2917": [0, -40, -27.5],
						"0.75": [0, -40, -27.5],
						"0.7917": [0, -39.45393, -27.5],
						"0.8333": [0, -38.36541, -27.5],
						"0.875": [0, -37.03852, -27.5],
						"1.0833": [0, -29.41684, -27.5],
						"1.125": [0, -27.96148, -27.5],
						"1.1667": [0, -26.63459, -27.5],
						"1.2083": [0, -25.54607, -27.5],
						"1.25": [0, -25, -27.5]
					}
				},
				"hand_right": {
					"rotation": {
						"0.0": [-5.03837, -8.64917, 15.38126],
						"0.25": {
							"pre": [47.06514, -49.57814, -42.52749],
							"post": [47.06514, -49.57814, -42.52749],
							"lerp_mode": "catmullrom"
						},
						"0.2917": [47.06514, -49.57814, -42.52749],
						"0.75": [47.06514, -49.57814, -42.52749],
						"0.7917": [45.16831, -48.08813, -40.41932],
						"0.8333": [41.38729, -45.11801, -36.21703],
						"0.875": [36.77823, -41.49744, -31.09443],
						"0.9167": [31.72293, -37.52635, -25.47589],
						"0.9583": [26.4232, -33.36324, -19.58568],
						"1.0417": [15.60357, -24.86407, -7.56056],
						"1.0833": [10.30384, -20.70096, -1.67034],
						"1.125": [5.24854, -16.72987, 3.9482],
						"1.1667": [0.63948, -13.1093, 9.0708],
						"1.2083": [-3.14154, -10.13918, 13.27309],
						"1.25": [-5.03837, -8.64917, 15.38126]
					},
					"position": {
						"0.0": [0, 0, 0],
						"0.25": {
							"pre": [-0.72143, 0.32754, -0.61013],
							"post": [-0.72143, 0.32754, -0.61013],
							"lerp_mode": "catmullrom"
						},
						"0.2917": [-0.72143, 0.32754, -0.61013],
						"0.75": [-0.72143, 0.32754, -0.61013],
						"0.7917": [-0.69517, 0.31562, -0.58791],
						"0.8333": [-0.64281, 0.29185, -0.54364],
						"1.125": [-0.14243, 0.06467, -0.12046],
						"1.1667": [-0.07862, 0.03569, -0.06649],
						"1.2083": [-0.02626, 0.01192, -0.02221],
						"1.25": [0, 0, 0]
					}
				},
				"hand_tip_right": {
					"rotation": {
						"0.0": [0, 0, 17.5],
						"0.25": {
							"pre": [0, 0, -12.5],
							"post": [0, 0, -12.5],
							"lerp_mode": "catmullrom"
						},
						"0.2917": [0, 0, -12.5],
						"0.75": [0, 0, -12.5],
						"0.7917": [0, 0, -11.40785],
						"0.8333": [0, 0, -9.23083],
						"0.875": [0, 0, -6.57703],
						"0.9167": [0, 0, -3.66631],
						"1.0833": [0, 0, 8.66631],
						"1.125": [0, 0, 11.57703],
						"1.1667": [0, 0, 14.23083],
						"1.2083": [0, 0, 16.40785],
						"1.25": [0, 0, 17.5]
					}
				},
				"arm_chest_left": {
					"rotation": {
						"0.0": [0, -12.5, 0],
						"0.25": {
							"pre": [0, 30, 0],
							"post": [0, 30, 0],
							"lerp_mode": "catmullrom"
						},
						"0.2917": [0.18202, 30, 0],
						"0.625": [4.01284, 30, 0],
						"0.7083": [4.81798, 30, 0],
						"0.75": [5, 30, 0],
						"0.7917": [4.81798, 28.45279, 0],
						"0.8333": [4.45514, 25.36867, 0],
						"0.875": [4.01284, 21.60913, 0],
						"0.9167": [3.52772, 17.48561, 0],
						"1.0833": [1.47228, 0.01439, 0],
						"1.125": [0.98716, -4.10913, 0],
						"1.1667": [0.54486, -7.86867, 0],
						"1.2083": [0.18202, -10.95279, 0],
						"1.25": [0, -12.5, 0]
					}
				},
				"arm_left": {
					"rotation": {
						"0.0": [0, 5, 27.5],
						"0.25": {
							"pre": [0, 20, 27.5],
							"post": [0, 20, 27.5],
							"lerp_mode": "catmullrom"
						},
						"0.2917": [0, 20, 27.5],
						"0.75": [0, 20, 27.5],
						"0.7917": [0, 19.45393, 27.5],
						"0.8333": [0, 18.36541, 27.5],
						"0.875": [0, 17.03852, 27.5],
						"1.0833": [0, 9.41684, 27.5],
						"1.125": [0, 7.96148, 27.5],
						"1.1667": [0, 6.63459, 27.5],
						"1.2083": [0, 5.54607, 27.5],
						"1.25": [0, 5, 27.5]
					}
				},
				"hand_left": {
					"rotation": {
						"0.0": [-2.61298, 9.65594, -15.22074],
						"0.25": {
							"pre": [35.41997, 58.3624, 26.30986],
							"post": [35.41997, 58.3624, 26.30986],
							"lerp_mode": "catmullrom"
						},
						"0.2917": [35.41997, 58.3624, 26.30986],
						"0.75": [35.41997, 58.3624, 26.30986],
						"0.7917": [34.03538, 56.58924, 24.79794],
						"0.8333": [31.27542, 53.05473, 21.78417],
						"0.875": [27.91103, 48.74617, 18.11038],
						"0.9167": [24.22093, 44.02047, 14.08091],
						"0.9583": [20.35238, 39.06627, 9.8566],
						"1.0417": [12.4546, 28.95206, 1.23251],
						"1.0833": [8.58606, 23.99786, -2.9918],
						"1.125": [4.89595, 19.27216, -7.02126],
						"1.1667": [1.53156, 14.9636, -10.69505],
						"1.2083": [-1.22839, 11.42909, -13.70882],
						"1.25": [-2.61298, 9.65594, -15.22074]
					},
					"position": {
						"0.0": [0, 0, 0],
						"0.25": {
							"pre": [0.60214, 0.41739, -0.6806],
							"post": [0.60214, 0.41739, -0.6806],
							"lerp_mode": "catmullrom"
						},
						"0.2917": [0.60214, 0.41739, -0.6806],
						"0.75": [0.60214, 0.41739, -0.6806],
						"0.7917": [0.58022, 0.40219, -0.65582],
						"0.8333": [0.53653, 0.3719, -0.60643],
						"1.125": [0.11888, 0.08241, -0.13437],
						"1.1667": [0.06562, 0.04548, -0.07417],
						"1.2083": [0.02192, 0.01519, -0.02478],
						"1.25": [0, 0, 0]
					}
				},
				"hand_tip_left": {
					"rotation": {
						"0.0": [0, 0, 17.5],
						"1.25": [0, 0, 17.5]
					}
				},
				"dress_ball": {
					"rotation": {
						"0.0": [0, 0, 0],
						"0.75": {
							"pre": [-5, 0, 0],
							"post": [-5, 0, 0],
							"lerp_mode": "catmullrom"
						},
						"1.25": [2.5, 0, 0]
					}
				},
				"leg_right": {
					"rotation": [0, 0, -7.5]
				},
				"leg_left": {
					"rotation": [0, 0, 7.5]
				}
			}
		},
		"animation.magearna.sleep": {
			"loop": true,
			"animation_length": 2,
			"bones": {
				"magearna": {
					"rotation": [-15, 0, "Math.cos((query.anim_time - 0.0) * 180) * 1 "],
					"position": [0, -16, 0]
				},
				"head": {
					"position": [0, -6.25, 0]
				},
				"ear_right": {
					"rotation": [0, 17.5, "2.5-Math.cos((query.anim_time - 0.0) * 180) * 2"]
				},
				"ear_left": {
					"rotation": [0, "-12.5-(math.sin(q.anim_time*90*4*3)*1+1)", "-35-Math.cos((query.anim_time - 0.0) * 180) * 3"]
				},
				"arm_chest_right": {
					"rotation": [0, 0, -90]
				},
				"arm_chest_left": {
					"rotation": [0, 0, 90]
				},
				"dress_ball": {
					"position": [0, 7, 0]
				},
				"leg_right": {
					"rotation": [-70, 0, 0],
					"position": [1, 0, 1]
				},
				"foot_right": {
					"rotation": [120, 0, 0]
				},
				"leg_left": {
					"rotation": [-70, 0, 0],
					"position": [-1, 0, 1]
				},
				"foot_left": {
					"rotation": [120, 0, 0]
				}
			}
		},
		"animation.magearna.blink": {
			"animation_length": 0.1667,
			"bones": {
				"eyelid_right": {
					"position": {
						"0.0": [0, 0, -1],
						"0.125": {"pre": [0, 0, -1], "post": [0, 0, 0]}
					}
				},
				"eyelid_left": {
					"position": {
						"0.0": [0, 0, -1],
						"0.125": {"pre": [0, 0, -1], "post": [0, 0, 0]}
					}
				}
			}
		}
	}
}