{
	"format_version": "1.12.0",
	"minecraft:geometry": [
		{
			"description": {
				"identifier": "geometry.capsakid",
				"texture_width": 64,
				"texture_height": 64,
				"visible_bounds_width": 2,
				"visible_bounds_height": 2.5,
				"visible_bounds_offset": [0, 0.75, 0]
			},
			"bones": [
				{
					"name": "capsakid",
					"pivot": [0, 0, 0]
				},
				{
					"name": "body",
					"parent": "capsakid",
					"pivot": [0, 2.5, 0]
				},
				{
					"name": "torso",
					"parent": "body",
					"pivot": [0, 2.5, 0],
					"cubes": [
						{"origin": [-3, 2.5, -3], "size": [6, 4, 6], "uv": [0, 17]}
					]
				},
				{
					"name": "tail",
					"parent": "torso",
					"pivot": [0, 3.5, 3],
					"cubes": [
						{"origin": [-1, 3, 2.5], "size": [2, 2, 2], "uv": [36, 6]}
					]
				},
				{
					"name": "tail2",
					"parent": "tail",
					"pivot": [0, 4, 4.5],
					"cubes": [
						{"origin": [-0.5, 3.5, 4], "size": [1, 1, 2], "uv": [0, 17]}
					]
				},
				{
					"name": "torso2",
					"parent": "torso",
					"pivot": [0, 6.5, 0],
					"cubes": [
						{"origin": [-2.5, 4.5, -2.5], "size": [5, 5, 5], "uv": [21, 22]}
					]
				},
				{
					"name": "head",
					"parent": "torso2",
					"pivot": [0, 9, 0],
					"rotation": [5, 0, 0],
					"cubes": [
						{"origin": [-4.5, 9, -4.5], "size": [9, 8, 9], "uv": [0, 0]},
						{"origin": [-1, 9, -7], "size": [2, 1, 0], "uv": [4, 3]},
						{"origin": [-1.5, 10, -7], "size": [3, 2, 3], "uv": [36, 21]},
						{"origin": [-1, 16, 3.5], "size": [2, 2, 2], "pivot": [0, 17, 4.5], "rotation": [-45, 0, 0], "uv": [33, 0]}
					]
				},
				{
					"name": "mouth",
					"parent": "head",
					"pivot": [0, 10, -4.51],
					"cubes": [
						{"origin": [-3.5, 9, -4.51], "size": [7, 2, 0], "uv": [39, 0]}
					]
				},
				{
					"name": "mouth_open",
					"parent": "head",
					"pivot": [0, 9.25, 0.25],
					"cubes": [
						{"origin": [-3.5, 9.25, -4.27], "size": [7, 2, 0], "uv": [33, 4]},
						{"origin": [-1.5, 10.24, -6.77], "size": [3, 0, 3], "uv": [-3, 20]}
					]
				},
				{
					"name": "mouth_open_sad",
					"parent": "head",
					"pivot": [0, 9.25, 0.25],
					"cubes": [
						{"origin": [-3.5, 9.25, -4.27], "size": [7, 2, 0], "uv": [41, 2]},
						{"origin": [-1.5, 10.24, -6.77], "size": [3, 0, 3], "uv": [-3, 20]}
					]
				},
				{
					"name": "petal_top_left",
					"parent": "head",
					"pivot": [2.5, 17, -2],
					"rotation": [0, -20, 0],
					"cubes": [
						{"origin": [0.5, 17, -2], "size": [4, 2, 0], "uv": [0, 37]},
						{"origin": [2, 19, -2], "size": [1, 1, 0], "pivot": [2.5, 19, -2], "rotation": [-22.5, 0, 0], "uv": [8, 37]}
					]
				},
				{
					"name": "petal_top_right",
					"parent": "head",
					"pivot": [-2.5, 17, -2],
					"rotation": [0, 20, 0],
					"cubes": [
						{"origin": [-4.5, 17, -2], "size": [4, 2, 0], "uv": [0, 39], "mirror": true},
						{"origin": [-3, 19, -2], "size": [1, 1, 0], "pivot": [-2.5, 19, -2], "rotation": [-22.5, 0, 0], "uv": [8, 39], "mirror": true}
					]
				},
				{
					"name": "petal_left",
					"parent": "head",
					"pivot": [4.5, 15, -0.5],
					"rotation": [0, -32.5, 90],
					"cubes": [
						{"origin": [2.5, 15, -0.5], "size": [4, 2, 0], "uv": [0, 41]},
						{"origin": [4, 17, -0.5], "size": [1, 1, 0], "pivot": [4.5, 17, -0.5], "rotation": [-22.5, 0, 0], "uv": [8, 41]}
					]
				},
				{
					"name": "petal_right",
					"parent": "head",
					"pivot": [-4.5, 15, -0.5],
					"rotation": [0, 32.5, -90],
					"cubes": [
						{"origin": [-6.5, 15, -0.5], "size": [4, 2, 0], "uv": [0, 43], "mirror": true},
						{"origin": [-5, 17, -0.5], "size": [1, 1, 0], "pivot": [-4.5, 17, -0.5], "rotation": [-22.5, 0, 0], "uv": [8, 43], "mirror": true}
					]
				},
				{
					"name": "petal_bottom_left",
					"parent": "head",
					"pivot": [4.5, 12.5, 2.5],
					"rotation": [0, -62.5, 90],
					"cubes": [
						{"origin": [2.5, 12.5, 2.5], "size": [4, 2, 0], "uv": [0, 45]},
						{"origin": [4, 14.5, 2.5], "size": [1, 1, 0], "pivot": [4.5, 14.5, 2.5], "rotation": [-22.5, 0, 0], "uv": [8, 45]}
					]
				},
				{
					"name": "petal_bottom_right",
					"parent": "head",
					"pivot": [-4.5, 12.5, 2.5],
					"rotation": [0, 62.5, -90],
					"cubes": [
						{"origin": [-6.5, 12.5, 2.5], "size": [4, 2, 0], "uv": [0, 47], "mirror": true},
						{"origin": [-5, 14.5, 2.5], "size": [1, 1, 0], "pivot": [-4.5, 14.5, 2.5], "rotation": [-22.5, 0, 0], "uv": [8, 47], "mirror": true}
					]
				},
				{
					"name": "petal_back_left",
					"parent": "head",
					"pivot": [2.5, 10.75, 4.5],
					"rotation": [-90, 0, -15],
					"cubes": [
						{"origin": [0.5, 10.75, 4.5], "size": [4, 2, 0], "pivot": [2.5, 10.75, 4.5], "rotation": [0, 180, 0], "uv": [0, 49]},
						{"origin": [2, 12.75, 4.5], "size": [1, 1, 0], "pivot": [2.5, 12.75, 4.5], "rotation": [22.5, 0, 0], "uv": [8, 49]}
					]
				},
				{
					"name": "petal_back_right",
					"parent": "head",
					"pivot": [-2.5, 10.75, 4.5],
					"rotation": [-90, 0, 15],
					"cubes": [
						{"origin": [-4.5, 10.75, 4.5], "size": [4, 2, 0], "pivot": [-2.5, 10.75, 4.5], "rotation": [0, 180, 0], "uv": [0, 51], "mirror": true},
						{"origin": [-3, 12.75, 4.5], "size": [1, 1, 0], "pivot": [-2.5, 12.75, 4.5], "rotation": [22.5, 0, 0], "uv": [8, 51], "mirror": true}
					]
				},
				{
					"name": "eyes",
					"parent": "head",
					"pivot": [0, 13.5, -4.51]
				},
				{
					"name": "eye_left",
					"parent": "eyes",
					"pivot": [2.5, 13.5, -4.51],
					"cubes": [
						{"origin": [1, 12, -4.51], "size": [3, 3, 0], "uv": [27, 3]},
						{"origin": [1.5, 12, -4.52], "size": [2, 1, 0], "uv": [4, 0]}
					]
				},
				{
					"name": "eyebrow_left",
					"parent": "eye_left",
					"pivot": [2, 14, -4.54],
					"rotation": [0, 0, -5],
					"cubes": [
						{"origin": [0.5, 14, -4.54], "size": [4, 2, 0], "uv": [36, 10]}
					]
				},
				{
					"name": "eyelid_left",
					"parent": "eye_left",
					"pivot": [2.5, 13.5, -3.53],
					"cubes": [
						{"origin": [1, 12, -3.53], "size": [3, 3, 0], "uv": [36, 14]}
					]
				},
				{
					"name": "eye_right",
					"parent": "eyes",
					"pivot": [-2.5, 13.5, -4.51],
					"cubes": [
						{"origin": [-4, 12, -4.51], "size": [3, 3, 0], "uv": [27, 0]},
						{"origin": [-3.5, 12, -4.52], "size": [2, 1, 0], "uv": [4, 1]}
					]
				},
				{
					"name": "eyebrow_right",
					"parent": "eye_right",
					"pivot": [-2, 14, -4.54],
					"rotation": [0, 0, 5],
					"cubes": [
						{"origin": [-4.5, 14, -4.54], "size": [4, 2, 0], "uv": [36, 12]}
					]
				},
				{
					"name": "eyelid_right",
					"parent": "eye_right",
					"pivot": [-2.5, 13.5, -3.53],
					"cubes": [
						{"origin": [-4, 12, -3.53], "size": [3, 3, 0], "uv": [42, 14], "mirror": true}
					]
				},
				{
					"name": "arms",
					"parent": "torso2",
					"pivot": [0, 9, 0]
				},
				{
					"name": "arm_left",
					"parent": "arms",
					"pivot": [2.5, 9, 0],
					"cubes": [
						{"origin": [2.5, 9, -3], "size": [4, 0, 6], "uv": [-6, 27]}
					]
				},
				{
					"name": "arm_left2",
					"parent": "arm_left",
					"pivot": [6.5, 9, 0],
					"cubes": [
						{"origin": [6.5, 9, -1.5], "size": [2, 0, 3], "uv": [-3, 3]}
					]
				},
				{
					"name": "arm_right",
					"parent": "arms",
					"pivot": [-2.5, 9, 0],
					"cubes": [
						{"origin": [-6.5, 9, -3], "size": [4, 0, 6], "uv": [2, 27]}
					]
				},
				{
					"name": "arm_right2",
					"parent": "arm_right",
					"pivot": [-6.5, 9, 0],
					"cubes": [
						{"origin": [-8.5, 9, -1.5], "size": [2, 0, 3], "uv": [-3, 0]}
					]
				},
				{
					"name": "leaves",
					"parent": "torso2",
					"pivot": [0, 9, 0]
				},
				{
					"name": "leaf_front",
					"parent": "leaves",
					"pivot": [0, 9, -2.5],
					"cubes": [
						{"origin": [-3.5, 9, -6.5], "size": [7, 0, 4], "uv": [28, 17]}
					]
				},
				{
					"name": "leaf_back",
					"parent": "leaves",
					"pivot": [0, 9, 2.5],
					"cubes": [
						{"origin": [-3.5, 9, 2.5], "size": [7, 0, 4], "uv": [14, 17]}
					]
				},
				{
					"name": "legs",
					"parent": "body",
					"pivot": [0, 3.5, 0]
				},
				{
					"name": "leg_left",
					"parent": "legs",
					"pivot": [3, 3.5, 0],
					"cubes": [
						{"origin": [2, 1.25, -1], "size": [2, 4, 3], "pivot": [3, 3.5, 0], "rotation": [-22.5, 0, 0], "uv": [25, 32]}
					]
				},
				{
					"name": "foot_left",
					"parent": "leg_left",
					"pivot": [3, 1, 0.5],
					"cubes": [
						{"origin": [1.5, 0, -1.5], "size": [3, 1, 3], "inflate": 0.01, "uv": [35, 32]},
						{"origin": [2, 0, -3], "size": [2, 1, 2], "uv": [27, 6]}
					]
				},
				{
					"name": "leg_right",
					"parent": "legs",
					"pivot": [-3, 3.5, 0],
					"cubes": [
						{"origin": [-4, 1.25, -1], "size": [2, 4, 3], "pivot": [-3, 3.5, 0], "rotation": [-22.5, 0, 0], "uv": [15, 32]}
					]
				},
				{
					"name": "foot_right",
					"parent": "leg_right",
					"pivot": [-3, 1, 0.5],
					"cubes": [
						{"origin": [-4.5, 0, -1.5], "size": [3, 1, 3], "inflate": 0.01, "uv": [0, 33]},
						{"origin": [-4, 0, -3], "size": [2, 1, 2], "uv": [0, 6]}
					]
				}
			]
		}
	]
}