{
  "head": "head",
  "portraitScale": 1.75,
  "portraitTranslation": [ 0, 0.9, 0 ],
  "profileScale": 0.75,
  "profileTranslation": [ 0, 0.5, 0 ],
  "animations": {
    "faint": "q.bedrock_primary('toxicroak', 'faint', q.curve('one'))",
    "cry": "q.bedrock_stateful('toxicroak', 'cry')"
  },  
  "poses": {
    "standing": {
      "poseName": "standing",
      "transformTicks": 10,
      "isBattle": false,
      "poseTypes": [
        "STAND",
        "NONE",
        "PORTRAIT",
        "PROFILE"
      ],
      "animations": [
        "look",
        "bedrock(toxicroak, ground_idle)"
      ],
	  "quirks": [
        {
          "name": "blink",
          "animations": ["bedrock(toxicroak, blink)"]
        }
      ]
    },
    "walking": {
      "poseName": "walking",
      "transformTicks": 10,
      "poseTypes": [ "WALK" ],
      "animations": [ "bedrock(toxicroak, ground_walk)" ],
	  "quirks": [
        {
          "name": "blink",
          "animations": ["bedrock(toxicroak, blink)"]
        }
      ]
    },
    "battle-idle": {
      "poseName": "battle-idle",
      "transformTicks": 10,        
      "poseTypes": [
         "STAND"
       ],
       "isBattle": true,
       "isTouchingWater": false,
       "animations": [
         "bedrock(toxicroak, battle_idle)"
       ],
       "quirks": [
         {
           "name": "blink",
           "animations": ["bedrock(toxicroak, blink)"]
         }
       ]
   },
   "sleeping": {
       "poseName": "sleeping",
       "transformTicks": 10,
       "poseTypes": [ "SLEEP" ],
       "animations": [ "bedrock(toxicroak, sleep)" ]
   }
  }
}