{
  "portraitScale": 1.7,
  "portraitTranslation": [ 0, 0.9, 0 ],
  "profileScale": 0.8,
  "profileTranslation": [ 0, 0.7, 0 ],
  "rootBone": "diancie",
  "animations": {
	"faint": "q.bedrock_primary('diancie', 'faint')",
	"cry": "q.bedrock_stateful('diancie', 'cry')"
  },
  "poses": {
    "standing": {
      "poseName": "standing",
      "poseTypes": ["STAND","NONE","PORTRAIT","PROFILE","FLOAT"],
      "animations": [ "q.look('head')", "q.bedrock('diancie', 'air_idle')"],
		"quirks": [ 
		"q.bedrock_quirk('diancie', 'blink', 6, 12)",
		"q.bedrock_quirk('diancie', 'spin', 19, 22)"
		]
    },
    "walking": {
        "poseName": "walking",
        "poseTypes": [ "WALK", "SWIM" ],
        "animations": [ "q.bedrock('diancie', 'air_walk')" ],
        "quirks": [ "q.bedrock_quirk('diancie', 'blink', 6, 12)"]
	},
	"battle-idle": {
       "poseName": "battle-idle",
       "poseTypes": [ "STAND" ],
       "animations": [ "q.bedrock('diancie', 'air_idle')" ],
       "quirks": [ "q.bedrock_quirk('diancie', 'blink', 6, 12)"]
	},
	"flying": {
      "poseName": "flying",
      "poseTypes": [ "FLY" ],
      "animations": [ "q.bedrock('diancie', 'air_walk')" ],
      "quirks": [ "q.bedrock_quirk('diancie', 'blink', 6, 12)"]
    },
	"sleeping": {
      "poseName": "sleeping",
      "poseTypes": [ "SLEEP" ],
      "animations": [ "q.bedrock('diancie', 'sleep')" ]
    },
	"hovering": {
      "poseName": "hovering",
      "poseTypes": [ "HOVER" ],
      "animations": [ "q.bedrock('diancie', 'air_idle')"],
	  "quirks": [ "q.bedrock_quirk('diancie', 'blink', 6, 12)"]
      }
    }
  }