{
	"species": "cobblemon:kyogre",
	"order": 1,
	"variations": [
		{
			"aspects": [],
			"poser": "pokemans:kyogre",
			"model": "pokemans:kyogre.geo",
			"texture": "pokemans:textures/pokemon/0382_kyogre/kyogre.png",
			"layers": [
        {
              "name": "emissive",
              "emissive": true,
              "texture": "pokemans:textures/pokemon/0382_kyogre/kyogre_emissive.png",
              "translucent": true
        }
      ]
		},
		{
			"aspects": [ "shiny" ],
			"texture": "pokemans:textures/pokemon/0382_kyogre/kyogre_shiny.png",
			"layers": [
				{
					  "name": "emissive",
					  "emissive": true,
					  "texture": "pokemans:textures/pokemon/0382_kyogre/kyogre_emissive.png",
					  "translucent": true
				}
			  ]
		}
	]
}