{
	"format_version": "1.12.0",
	"minecraft:geometry": [
		{
			"description": {
				"identifier": "geometry.unknown",
				"texture_width": 256,
				"texture_height": 256,
				"visible_bounds_width": 4,
				"visible_bounds_height": 3.5,
				"visible_bounds_offset": [0, 1.25, 0]
			},
			"bones": [
				{
					"name": "swalot",
					"pivot": [0, 0, 0]
				},
				{
					"name": "body",
					"parent": "swalot",
					"pivot": [0, 0, 0],
					"cubes": [
						{"origin": [-12, 1, -12], "size": [24, 17, 24], "uv": [0, 0]},
						{"origin": [-11, 0, -11], "size": [22, 1, 22], "uv": [70, 46]},
						{"origin": [-12, 18, -12], "size": [24, 5, 22], "uv": [0, 41]}
					]
				},
				{
					"name": "pies",
					"parent": "body",
					"pivot": [0, 0, 0],
					"cubes": [
						{"origin": [-13, 0, -13], "size": [4, 5, 4], "uv": [86, 6]},
						{"origin": [9, 0, -13], "size": [4, 5, 4], "uv": [60, 79]},
						{"origin": [1, 0, -13], "size": [5, 5, 4], "uv": [80, 84]},
						{"origin": [9, 0, 9], "size": [4, 5, 5], "uv": [72, 0]},
						{"origin": [1, 0, 9], "size": [5, 5, 5], "uv": [0, 68]},
						{"origin": [-6, 0, 9], "size": [5, 5, 5], "uv": [60, 69]},
						{"origin": [-13, 0, 9], "size": [4, 5, 5], "uv": [72, 10]},
						{"origin": [9, 0, 1], "size": [4, 5, 6], "uv": [0, 52]},
						{"origin": [-6, 0, -13], "size": [5, 5, 4], "uv": [76, 75]},
						{"origin": [-13, 0, -7], "size": [4, 5, 6], "uv": [0, 0]},
						{"origin": [-13, 0, 1], "size": [4, 5, 6], "uv": [0, 11]},
						{"origin": [9, 0, -7], "size": [4, 5, 6], "uv": [0, 41]}
					]
				},
				{
					"name": "torzosup",
					"parent": "body",
					"pivot": [0, 22, 10],
					"cubes": [
						{"origin": [-10, 22, -11], "size": [20, 14, 20], "uv": [0, 68]},
						{"origin": [-6, 31, -12], "size": [2, 2, 1], "uv": [0, 3]},
						{"origin": [4, 31, -12], "size": [2, 2, 1], "uv": [0, 0]}
					]
				},
				{
					"name": "boca",
					"parent": "torzosup",
					"pivot": [0, -5, -20]
				},
				{
					"name": "1",
					"parent": "boca",
					"pivot": [0.5, 29, -11],
					"rotation": [-15, 0, 0],
					"cubes": [
						{"origin": [-2, 29, -15], "size": [5, 2, 4], "uv": [92, 37]}
					]
				},
				{
					"name": "2",
					"parent": "boca",
					"pivot": [0.5, 29, -11],
					"rotation": [15, 0, 0],
					"cubes": [
						{"origin": [-2, 27, -15], "size": [5, 2, 4], "uv": [90, 0]}
					]
				},
				{
					"name": "bigote",
					"parent": "boca",
					"pivot": [0, -5, -20]
				},
				{
					"name": "3",
					"parent": "bigote",
					"pivot": [-2, 30, -12],
					"rotation": [0, 0, -37.5],
					"cubes": [
						{"origin": [-5, 30, -13], "size": [3, 0, 1], "uv": [6, 22]}
					]
				},
				{
					"name": "bone",
					"parent": "3",
					"pivot": [-5, 30, -12],
					"rotation": [0, 0, -35],
					"cubes": [
						{"origin": [-8, 30, -13], "size": [3, 0, 1], "uv": [0, 22]}
					]
				},
				{
					"name": "bone2",
					"parent": "bone",
					"pivot": [-8, 30, -12],
					"rotation": [0, 0, 5],
					"cubes": [
						{"origin": [-11, 30, -13], "size": [3, 0, 1], "uv": [13, 16]}
					]
				},
				{
					"name": "bone3",
					"parent": "bone2",
					"pivot": [-11, 30, -12],
					"rotation": [0, 0, 22.5],
					"cubes": [
						{"origin": [-14, 30, -13], "size": [3, 0, 1], "uv": [13, 15]}
					]
				},
				{
					"name": "bone4",
					"parent": "bone3",
					"pivot": [-14, 30, -12],
					"rotation": [0, 0, 17.5],
					"cubes": [
						{"origin": [-17, 30, -13], "size": [3, 0, 1], "uv": [13, 14]}
					]
				},
				{
					"name": "bone5",
					"parent": "bone4",
					"pivot": [-17, 30, -12],
					"rotation": [0, 0, 35],
					"cubes": [
						{"origin": [-20, 30, -13], "size": [3, 0, 1], "uv": [13, 13]}
					]
				},
				{
					"name": "bone6",
					"parent": "bone5",
					"pivot": [-20, 30, -12],
					"rotation": [0, 0, 35],
					"cubes": [
						{"origin": [-23, 30, -13], "size": [3, 0, 1], "uv": [13, 12]}
					]
				},
				{
					"name": "bigote2",
					"parent": "boca",
					"pivot": [1, -5, -20]
				},
				{
					"name": "4",
					"parent": "bigote2",
					"pivot": [3, 30, -12],
					"rotation": [0, 0, 37.5],
					"cubes": [
						{"origin": [3, 30, -13], "size": [3, 0, 1], "uv": [13, 11]}
					]
				},
				{
					"name": "bone7",
					"parent": "4",
					"pivot": [6, 30, -12],
					"rotation": [0, 0, 35],
					"cubes": [
						{"origin": [6, 30, -13], "size": [3, 0, 1], "uv": [13, 5]}
					]
				},
				{
					"name": "bone8",
					"parent": "bone7",
					"pivot": [9, 30, -12],
					"rotation": [0, 0, -5],
					"cubes": [
						{"origin": [9, 30, -13], "size": [3, 0, 1], "uv": [13, 4]}
					]
				},
				{
					"name": "bone9",
					"parent": "bone8",
					"pivot": [12, 30, -12],
					"rotation": [0, 0, -22.5],
					"cubes": [
						{"origin": [12, 30, -13], "size": [3, 0, 1], "uv": [13, 3]}
					]
				},
				{
					"name": "bone10",
					"parent": "bone9",
					"pivot": [15, 30, -12],
					"rotation": [0, 0, -17.5],
					"cubes": [
						{"origin": [15, 30, -13], "size": [3, 0, 1], "uv": [13, 2]}
					]
				},
				{
					"name": "bone11",
					"parent": "bone10",
					"pivot": [18, 30, -12],
					"rotation": [0, 0, -35],
					"cubes": [
						{"origin": [18, 30, -13], "size": [3, 0, 1], "uv": [13, 1]}
					]
				},
				{
					"name": "bone12",
					"parent": "bone11",
					"pivot": [21, 30, -12],
					"rotation": [0, 0, -35],
					"cubes": [
						{"origin": [21, 30, -13], "size": [3, 0, 1], "uv": [13, 0]}
					]
				},
				{
					"name": "manos",
					"parent": "body",
					"pivot": [0, 0, 0]
				},
				{
					"name": "5",
					"parent": "manos",
					"pivot": [-11.66667, 20, -7.5],
					"rotation": [0, 0, -50],
					"cubes": [
						{"origin": [-18, 17, -9], "size": [6, 3, 3], "uv": [87, 17]},
						{"origin": [-17, 17, -11], "size": [5, 3, 2], "uv": [78, 100]},
						{"origin": [-17, 17, -6], "size": [5, 3, 2], "uv": [98, 87]}
					]
				},
				{
					"name": "6",
					"parent": "manos",
					"pivot": [11.96667, 20.3, -7.5],
					"rotation": [0, 0, 50],
					"cubes": [
						{"origin": [12, 17, -9], "size": [6, 3, 3], "uv": [80, 69]},
						{"origin": [12, 17, -11], "size": [5, 3, 2], "uv": [98, 69]},
						{"origin": [12, 17, -6], "size": [5, 3, 2], "uv": [94, 82]}
					]
				},
				{
					"name": "cuadrados",
					"parent": "body",
					"pivot": [0, 0, 0],
					"cubes": [
						{"origin": [12.025, 9, -10], "size": [0, 7, 7], "pivot": [12.025, 12.5, -6.5], "rotation": [-45, 0, 0], "uv": [96, 86]},
						{"origin": [12.025, 9, 1], "size": [0, 7, 7], "pivot": [12.025, 12.5, 4.5], "rotation": [-45, 0, 0], "uv": [96, 86]},
						{"origin": [-12.05, 9, 1], "size": [0, 7, 7], "pivot": [-12, 12.5, 4.5], "rotation": [-45, 0, 0], "uv": [96, 86]},
						{"origin": [-12.05, 9, -10], "size": [0, 7, 7], "pivot": [-12, 12.5, -6.5], "rotation": [-45, 0, 0], "uv": [96, 86]},
						{"origin": [-9, 9, -12.025], "size": [7, 7, 0], "pivot": [-5.5, 12.5, -12.025], "rotation": [0, 0, 45], "uv": [96, 93]},
						{"origin": [3, 9, 12.05], "size": [7, 7, 0], "pivot": [6.5, 12.5, 12], "rotation": [0, 0, 45], "uv": [96, 93]},
						{"origin": [-9, 9, 12.05], "size": [7, 7, 0], "pivot": [-5.5, 12.5, 12], "rotation": [0, 0, 45], "uv": [96, 93]},
						{"origin": [3, 9, -12.025], "size": [7, 7, 0], "pivot": [6.5, 12.5, -12.025], "rotation": [0, 0, 45], "uv": [96, 93]}
					]
				}
			]
		}
	]
}