{"format_version":"1.12.0","minecraft:geometry":[{"description":{"identifier":"geometry.furfrou","texture_width":128,"texture_height":128,"visible_bounds_width":4,"visible_bounds_height":3.5,"visible_bounds_offset":[0,1.25,0]},"bones":[{"name":"furfrou","pivot":[0,0,0]},{"name":"body","parent":"furfrou","pivot":[0,20.25,-8]},{"name":"torso","parent":"body","pivot":[0,15.65,7.5]},{"name":"hips","parent":"torso","pivot":[0,15.65,6],"cubes":[{"origin":[-4,11.65,1],"size":[8,8,7],"inflate":0.01,"uv":[0,30]}]},{"name":"tail","parent":"hips","pivot":[0,18.65,8],"rotation":[37.5,0,0],"cubes":[{"origin":[-1.5,15.65,7],"size":[3,5,2],"inflate":0.01,"uv":[34,73]}]},{"name":"tail2","parent":"tail","pivot":[0.16667,17.80428,8.72848],"cubes":[{"origin":[-2.5,14.65,9],"size":[5,7,7],"inflate":0.01,"uv":[30,36]},{"origin":[0,21.54031,9.03475],"size":[0,2,4],"inflate":0.01,"pivot":[2.5,22.54031,12.53475],"rotation":[30,0,0],"uv":[22,44]},{"origin":[0.5,16.41185,12.22789],"size":[0,2,4],"inflate":0.01,"pivot":[4.5,14.41185,11.22789],"rotation":[-32.5,0,0],"uv":[25,2]},{"origin":[0.5,14.41185,9.22789],"size":[0,2,4],"inflate":0.01,"pivot":[4.5,14.41185,11.22789],"rotation":[-32.5,0,0],"uv":[41,13]}]},{"name":"tail3","parent":"tail2","pivot":[0,18.15,15.5],"cubes":[{"origin":[-1.5,15.65,16],"size":[3,5,3],"inflate":0.01,"uv":[71,54]}]},{"name":"bone5","parent":"tail3","pivot":[0,15.65,19],"cubes":[{"origin":[0,15.65,19],"size":[0,5,5],"inflate":0.01,"uv":[50,52]}]},{"name":"waist","parent":"hips","pivot":[0,15.65,1],"cubes":[{"origin":[-3.5,11.65,-3],"size":[7,8,4],"uv":[0,45]}]},{"name":"chest","parent":"waist","pivot":[0,15.65,-3],"cubes":[{"origin":[-4,11.65,-12],"size":[8,8,9],"inflate":0.01,"uv":[0,0]},{"origin":[0,9.15,-11.5],"size":[0,3,1],"inflate":0.01,"pivot":[0,11.15,-11.5],"rotation":[-45,0,0],"uv":[4,29]},{"origin":[0,9.44289,-10.33579],"size":[0,3,1],"inflate":0.01,"pivot":[0,10.44289,-10.08579],"rotation":[-32.5,0,0],"uv":[4,29]}]},{"name":"leg_front_left","parent":"chest","pivot":[3,14.725,-9],"cubes":[{"origin":[1,10.725,-12],"size":[4,7,6],"inflate":0.02,"uv":[48,44]}]},{"name":"leg_front_left2","parent":"leg_front_left","pivot":[3,10.8054,-8.4678],"cubes":[{"origin":[1,7.0554,-11.4678],"size":[4,4,5],"uv":[53,27]}]},{"name":"bone","parent":"leg_front_left2","pivot":[3.01017,7.062,-8.78754],"cubes":[{"origin":[0.51,0.0454,-11.4778],"size":[5,7,6],"uv":[44,14]},{"origin":[3.01,16.9296,-0.74238],"size":[0,2,4],"pivot":[3.01,3.91779,14.50316],"rotation":[45,0,0],"uv":[0,3]},{"origin":[3.01,1.75205,-6.36904],"size":[0,1,3],"pivot":[3.01,2.25205,-4.86904],"rotation":[30,0,0],"uv":[0,22]},{"origin":[5.51,-0.4546,-11.4778],"size":[0,3,6],"pivot":[5.51,2.5454,-8.4778],"rotation":[0,0,-20],"uv":[18,39]},{"origin":[0.511,-0.4546,-11.4778],"size":[0,3,6],"pivot":[0.511,2.5454,-8.4778],"rotation":[0,0,20],"uv":[34,8]},{"origin":[0.51,2.0454,-11.4778],"size":[5,4,0],"pivot":[3.01,6.0454,-11.4778],"rotation":[-10,0,0],"uv":[62,45]}]},{"name":"leg_front_left3","parent":"bone","pivot":[3.01,1.04913,-9.35385],"cubes":[{"origin":[1.01,0.04913,-12.35385],"size":[4,2,3],"inflate":0.01,"uv":[68,0]},{"origin":[2.51,0.04913,-12.35385],"size":[1,2,3],"inflate":0.02,"uv":[44,73],"mirror":true}]},{"name":"back_foot_left4","parent":"leg_front_left3","pivot":[3.5,1.35424,8.43941]},{"name":"leg_front_right","parent":"chest","pivot":[-3,14.725,-9],"cubes":[{"origin":[-5,10.725,-12],"size":[4,7,6],"inflate":0.02,"uv":[22,50]}]},{"name":"leg_front_right2","parent":"leg_front_right","pivot":[-3,10.8054,-8.4678],"cubes":[{"origin":[-5,7.0554,-11.4678],"size":[4,4,5],"uv":[62,36]}]},{"name":"bone2","parent":"leg_front_right2","pivot":[-3.01017,7.062,-8.78754],"cubes":[{"origin":[-5.51,0.0454,-11.4778],"size":[5,7,6],"uv":[44,14]},{"origin":[-3.01,16.9296,-0.74238],"size":[0,2,4],"pivot":[-3.01,3.91779,14.50316],"rotation":[45,0,0],"uv":[0,13]},{"origin":[-3.01,11.85941,-4.12829],"size":[0,1,3],"pivot":[-3.01,3.12444,15.11192],"rotation":[30,0,0],"uv":[23,22]},{"origin":[-5.509,-0.4546,-11.4778],"size":[0,3,6],"pivot":[-5.509,2.5454,-8.4778],"rotation":[0,0,20],"uv":[36,44]},{"origin":[-0.69982,0.06608,-11.4778],"size":[0,3,6],"pivot":[-0.511,3.91779,11.50316],"rotation":[0,0,-12.5],"uv":[44,21]},{"origin":[-5.51,2.0454,-11.4778],"size":[5,4,0],"pivot":[-3.01,6.0454,-11.4778],"rotation":[-10,0,0],"uv":[71,30]}]},{"name":"leg_front_right3","parent":"bone2","pivot":[-3.01,1.04913,-9.35385],"cubes":[{"origin":[-5.01,0.04913,-12.35385],"size":[4,2,3],"inflate":0.01,"uv":[68,0]},{"origin":[-3.51,0.04913,-12.35385],"size":[1,2,3],"inflate":0.02,"uv":[44,73]}]},{"name":"back_foot_right4","parent":"leg_front_right3","pivot":[-3.5,1.35424,8.43941]},{"name":"neck","parent":"chest","pivot":[0.01,12.46206,-10.53049],"cubes":[{"origin":[-2.99,12.46206,-13.78049],"size":[6,8,6],"uv":[34,0]},{"origin":[0.01,13.46206,-15.78049],"size":[0,1,2],"pivot":[0.01,13.96206,-13.78049],"rotation":[-2.5,0,0],"uv":[23,34]},{"origin":[0.01,14.46206,-16.78049],"size":[0,1,3],"pivot":[0.01,14.46206,-13.78049],"rotation":[-20,0,0],"uv":[25,5]},{"origin":[0.01,15.71206,-17.78049],"size":[0,2,4],"pivot":[0.01,15.71206,-13.78049],"rotation":[-30,0,0],"uv":[23,19]}]},{"name":"neck2","parent":"neck","pivot":[0.01,20.46206,-10.78049],"cubes":[{"origin":[-2.49,19.46206,-13.28049],"size":[5,7,5],"uv":[56,57]}]},{"name":"head","parent":"neck2","pivot":[0.01,25.46206,-10.28049],"cubes":[{"origin":[-2.99,25.46206,-15.78049],"size":[6,6,9],"uv":[23,21]},{"origin":[-1.49,27.46206,-6.78049],"size":[3,0,5],"pivot":[0.01,27.46206,-6.78049],"rotation":[-27.5,0,0],"uv":[24,0]},{"origin":[-3.49,30.46206,-15.78049],"size":[7,4,9],"inflate":0.01,"uv":[0,17]},{"origin":[1.51,34.46206,-9.78049],"size":[2,0,6],"inflate":0.01,"pivot":[3.51,34.46206,-9.78049],"rotation":[7.5,10,0],"uv":[19,0]},{"origin":[-3.51,34.46206,-9.78049],"size":[2,0,6],"inflate":0.01,"pivot":[-3.51,34.46206,-9.78049],"rotation":[7.5,-10,0],"uv":[19,0],"mirror":true},{"origin":[3.51,30.46206,-9.78049],"size":[0,4,6],"inflate":0.01,"pivot":[3.51,32.46206,-9.78049],"rotation":[-17.5,17.5,0],"uv":[29,11]},{"origin":[-3.51,30.46206,-9.78049],"size":[0,4,6],"inflate":0.01,"pivot":[-3.51,32.46206,-9.78049],"rotation":[-17.5,-17.5,0],"uv":[29,11],"mirror":true},{"origin":[-3.49,34.46206,-12.78049],"size":[7,0,7],"inflate":0.01,"pivot":[0.01,34.46206,-12.78049],"rotation":[50.01483,0.02673,-0.2712],"uv":[40,36]},{"origin":[-1.49,34.46206,-11.26049],"size":[3,0,6],"inflate":0.01,"pivot":[0.01,34.46206,-11.26049],"rotation":[45,0,0],"uv":[17,17]},{"origin":[-3.49,34.46206,-10.76049],"size":[2,0,4],"inflate":0.01,"pivot":[-3.49,34.46206,-10.76049],"rotation":[35,-7.5,0],"uv":[0,0]},{"origin":[1.49,34.46206,-10.76049],"size":[2,0,4],"inflate":0.01,"pivot":[3.49,34.46206,-10.76049],"rotation":[35,7.5,0],"uv":[0,0],"mirror":true},{"origin":[0.01,31.46206,-16.78049],"size":[0,3,1],"pivot":[0.01,31.46206,-15.78049],"rotation":[22.5,0,0],"uv":[0,18]},{"origin":[0.01,32.46206,-15.78049],"size":[0,6,2],"pivot":[0.01,31.46206,-15.78049],"rotation":[10,0,0],"uv":[0,28]}]},{"name":"eyelid_left","parent":"head","pivot":[2.26,27.96206,-14.53049],"cubes":[{"origin":[1.76,27.46206,-15.53049],"size":[1,1,2],"inflate":0.02,"uv":[87,1]}]},{"name":"eyelid_right","parent":"head","pivot":[-2.26,27.96206,-14.53049],"cubes":[{"origin":[-2.76,27.46206,-15.53049],"size":[1,1,2],"inflate":0.02,"uv":[87,1],"mirror":true}]},{"name":"pupil_right","parent":"head","pivot":[-2.99,27.96206,-15.28049],"cubes":[{"origin":[-2.99,27.46206,-15.78049],"size":[0,1,1],"inflate":0.01,"uv":[29,20]}]},{"name":"pupil_left","parent":"head","pivot":[3.015,27.96206,-15.28049],"cubes":[{"origin":[3.015,27.46206,-15.78049],"size":[0,1,1],"inflate":0.01,"uv":[29,20],"mirror":true}]},{"name":"forehead_hair","parent":"head","pivot":[-1.85512,31.52262,-16.44437],"rotation":[-7.49294,-0.32621,2.52136],"cubes":[{"origin":[-2.99,29.46206,-16.78049],"size":[3,2,1],"pivot":[0.01,31.46206,-16.28049],"rotation":[-7.5,0,10],"uv":[75,14]}]},{"name":"forehead_hair2","parent":"forehead_hair","pivot":[-0.9837,29.54339,-16.47207],"rotation":[12.08681,-3.21132,14.65993],"cubes":[{"origin":[-2.81005,27.81967,-16.48619],"size":[2,2,0],"pivot":[-1.9837,29.80911,-16.51559],"rotation":[2.5,0,10],"uv":[0,0]}]},{"name":"forehead_hair3","parent":"forehead_hair2","pivot":[-3.22915,28.00458,-16.37763],"rotation":[20,0,0],"cubes":[{"origin":[-3.22915,27.00458,-16.37763],"size":[1,1,0],"pivot":[-3.22915,27.50458,-16.37763],"rotation":[2.5,0,10],"uv":[29,22]}]},{"name":"forehead_hair4","parent":"head","pivot":[1.85512,31.52262,-16.44437],"rotation":[-7.49294,0.32621,-2.52136],"cubes":[{"origin":[-0.01,29.46206,-16.78049],"size":[3,2,1],"pivot":[-0.01,31.46206,-16.28049],"rotation":[-7.5,0,-10],"uv":[75,14],"mirror":true}]},{"name":"forehead_hair5","parent":"forehead_hair4","pivot":[0.9837,29.54339,-16.47207],"rotation":[12.08681,3.21132,-14.65993],"cubes":[{"origin":[0.81005,27.81967,-16.48619],"size":[2,2,0],"pivot":[1.9837,29.80911,-16.51559],"rotation":[2.5,0,-10],"uv":[0,0],"mirror":true}]},{"name":"forehead_hair6","parent":"forehead_hair5","pivot":[3.22915,28.00458,-16.37763],"rotation":[20,0,0],"cubes":[{"origin":[2.22915,27.00458,-16.37763],"size":[1,1,0],"pivot":[3.22915,27.50458,-16.37763],"rotation":[2.5,0,-10],"uv":[29,22],"mirror":true}]},{"name":"hair_right","parent":"head","pivot":[-3.50833,30.45206,-15.78216],"rotation":[22.42287,-1.91134,27.12111],"cubes":[{"origin":[-3.5,28.45206,-15.79049],"size":[1,2,2],"uv":[22,50]},{"origin":[-3.5,26.45206,-15.79049],"size":[0,2,2],"uv":[0,0]},{"origin":[-3.5,27.45206,-13.79049],"size":[0,2,3],"pivot":[-3.5,28.45206,-13.79049],"rotation":[0,-65,0],"uv":[30,35]}]},{"name":"hair_left","parent":"head","pivot":[3.50833,30.45206,-15.78216],"rotation":[22.42287,1.91134,-27.12111],"cubes":[{"origin":[2.5,28.45206,-15.79049],"size":[1,2,2],"uv":[22,50],"mirror":true},{"origin":[3.5,26.45206,-15.79049],"size":[0,2,2],"uv":[0,0],"mirror":true},{"origin":[3.5,27.45206,-13.79049],"size":[0,2,3],"pivot":[3.5,28.45206,-13.79049],"rotation":[0,65,0],"uv":[30,35],"mirror":true}]},{"name":"hair_right2","parent":"head","pivot":[-2.99,31.96206,-13.78049],"rotation":[-5,-35,0],"cubes":[{"origin":[-3.49,30.46206,-13.78049],"size":[1,2,3],"inflate":0.01,"uv":[74,5]},{"origin":[-2.99,30.46206,-10.76049],"size":[0,2,3],"inflate":0.01,"uv":[30,33]}]},{"name":"hair_left2","parent":"head","pivot":[2.99,31.96206,-13.78049],"rotation":[-5,35,0],"cubes":[{"origin":[2.49,30.46206,-13.78049],"size":[1,2,3],"inflate":0.01,"uv":[74,5],"mirror":true},{"origin":[2.99,30.46206,-10.76049],"size":[0,2,3],"inflate":0.01,"uv":[30,33],"mirror":true}]},{"name":"hair_right3","parent":"head","pivot":[-3.065,32.96206,-11.78049],"rotation":[17.5,-35,0],"cubes":[{"origin":[-3.565,31.46206,-11.78049],"size":[1,3,3],"inflate":0.01,"uv":[0,19]},{"origin":[-3.065,31.46206,-8.76049],"size":[0,3,4],"inflate":0.01,"uv":[0,0]}]},{"name":"hair_left3","parent":"head","pivot":[3.065,32.96206,-11.78049],"rotation":[17.5,35,0],"cubes":[{"origin":[2.565,31.46206,-11.78049],"size":[1,3,3],"inflate":0.01,"uv":[0,19],"mirror":true},{"origin":[3.065,31.46206,-8.76049],"size":[0,3,4],"inflate":0.01,"uv":[0,0],"mirror":true}]},{"name":"back_hair","parent":"head","pivot":[0.01,33.81555,-10.34418],"cubes":[{"origin":[-1.49,31.46206,-9.78049],"size":[3,3,6],"inflate":0.01,"pivot":[0.01,34.46206,-9.78049],"rotation":[10,0,0],"uv":[14,64]},{"origin":[-0.99,33.07108,-3.7604],"size":[2,2,2],"inflate":0.01,"uv":[75,10]},{"origin":[-0.99,34.07108,-1.7604],"size":[2,0,2],"inflate":0.01,"pivot":[0.01,34.07108,-1.7604],"rotation":[-7.5,0,0],"uv":[33,0]},{"origin":[-0.49,34.07108,0.2396],"size":[1,0,1],"inflate":0.01,"pivot":[0.01,34.07108,-1.7604],"rotation":[-7.5,0,0],"uv":[5,25]}]},{"name":"back_hair_left","parent":"head","pivot":[2.01,29.50879,-6.89045],"rotation":[-27.86082,8.86042,-4.65468],"cubes":[{"origin":[0.51,27.16317,-9.22452],"size":[3,3,5],"inflate":0.01,"pivot":[2.01,30.16317,-10.22452],"rotation":[10,0,0],"uv":[0,70]},{"origin":[2.01,27.38073,-5.77578],"size":[2,0,3],"inflate":0.01,"pivot":[2.01,27.38073,-1.27578],"rotation":[-5.24133,17.43127,-1.5741],"uv":[2,19]},{"origin":[1.01,28.77218,-4.20443],"size":[2,2,2],"inflate":0.01,"uv":[75,10]},{"origin":[1.01,29.77218,-2.20443],"size":[2,0,2],"inflate":0.01,"pivot":[2.01,29.77218,-2.20443],"rotation":[-7.5,0,0],"uv":[33,0]},{"origin":[1.51,29.77218,-0.20443],"size":[1,0,1],"inflate":0.01,"pivot":[2.01,29.77218,-2.20443],"rotation":[-7.5,0,0],"uv":[5,25]}]},{"name":"back_hair_right","parent":"head","pivot":[-2.01,29.50879,-6.89045],"rotation":[-27.86082,-8.86042,4.65468],"cubes":[{"origin":[-3.51,27.16317,-9.22452],"size":[3,3,5],"inflate":0.01,"pivot":[-2.01,30.16317,-10.22452],"rotation":[10,0,0],"uv":[0,70],"mirror":true},{"origin":[-4.01,27.38073,-5.77578],"size":[2,0,3],"inflate":0.01,"pivot":[-2.01,27.38073,-1.27578],"rotation":[-5.24133,-17.43127,1.5741],"uv":[2,19],"mirror":true},{"origin":[-3.01,28.77218,-4.20443],"size":[2,2,2],"inflate":0.01,"uv":[75,10],"mirror":true},{"origin":[-3.01,29.77218,-2.20443],"size":[2,0,2],"inflate":0.01,"pivot":[-2.01,29.77218,-2.20443],"rotation":[-7.5,0,0],"uv":[33,0],"mirror":true},{"origin":[-2.51,29.77218,-0.20443],"size":[1,0,1],"inflate":0.01,"pivot":[-2.01,29.77218,-2.20443],"rotation":[-7.5,0,0],"uv":[5,25],"mirror":true}]},{"name":"back_hair3","parent":"head","pivot":[0.01,30.88066,-6.22488],"rotation":[-12.5,0,0],"cubes":[{"origin":[-1.49,28.46206,-7.03049],"size":[3,3,3],"inflate":0.01,"pivot":[0.01,31.46206,-10.03049],"rotation":[10,0,0],"uv":[52,0]},{"origin":[-0.99,30.07108,-4.0104],"size":[2,2,2],"inflate":0.01,"uv":[75,10]},{"origin":[-0.99,31.07108,-2.0104],"size":[2,0,1],"inflate":0.01,"pivot":[0.01,31.07108,-2.0104],"rotation":[-7.5,0,0],"uv":[34,2]},{"origin":[-0.49,31.07108,-1.0104],"size":[1,0,1],"inflate":0.01,"pivot":[0.01,31.07108,-2.0104],"rotation":[-7.5,0,0],"uv":[5,25]}]},{"name":"right_ear","parent":"head","pivot":[-3.01,30.46206,-10.78049],"cubes":[{"origin":[-4.01,26.46206,-12.78049],"size":[1,4,4],"uv":[24,73]}]},{"name":"bone7","parent":"right_ear","pivot":[-3.51,26.46206,-10.78049],"cubes":[{"origin":[-4.51,20.46206,-13.28049],"size":[2,6,5],"uv":[66,12]}]},{"name":"bone8","parent":"bone7","pivot":[-3.51,20.46206,-12.78049],"cubes":[{"origin":[-4.51,14.46206,-13.78049],"size":[2,6,6],"uv":[58,0]},{"origin":[-3.51,14.46206,-7.78049],"size":[0,6,5],"uv":[26,58]}]},{"name":"left_ear","parent":"head","pivot":[3.01,30.46206,-10.78049],"cubes":[{"origin":[3.01,26.46206,-12.78049],"size":[1,4,4],"uv":[24,73],"mirror":true}]},{"name":"bone3","parent":"left_ear","pivot":[3.51,26.46206,-10.78049],"cubes":[{"origin":[2.51,20.46206,-13.28049],"size":[2,6,5],"uv":[66,12],"mirror":true}]},{"name":"bone4","parent":"bone3","pivot":[3.51,20.46206,-12.78049],"cubes":[{"origin":[2.51,14.46206,-13.78049],"size":[2,6,6],"uv":[58,0],"mirror":true},{"origin":[3.51,14.46206,-7.78049],"size":[0,6,5],"uv":[26,58],"mirror":true}]},{"name":"snount","parent":"head","pivot":[-1.49,25.66206,-13.28049],"cubes":[{"origin":[-1.49,25.46206,-17.78049],"size":[3,3,2],"uv":[60,12]}]},{"name":"snount2","parent":"snount","pivot":[0.01,27.1009,-17.22487],"rotation":[-2.5,0,0],"cubes":[{"origin":[-0.99,26.43844,-19.7521],"size":[2,2,2],"uv":[64,69]},{"origin":[-0.49,27.68844,-21.7521],"size":[1,1,2],"pivot":[0.01,27.93844,-19.7521],"rotation":[-22.5,0,0],"uv":[30,40]}]},{"name":"leg_back_left","parent":"body","pivot":[3,16.8,5],"cubes":[{"origin":[1,10.8,2.25],"size":[4,7,6],"inflate":0.02,"uv":[36,57]}]},{"name":"leg_back_left2","parent":"leg_back_left","pivot":[3.01,11.17752,3.01063],"rotation":[30,0,0],"cubes":[{"origin":[1,5.74609,2.92587],"size":[4,5,4],"inflate":-0.01,"pivot":[1,9.64609,2.92587],"rotation":[5,0,0],"uv":[52,69]}]},{"name":"leg_back_left3","parent":"leg_back_left2","pivot":[3.0082,6.93551,7.68999],"rotation":[-32.5,0,0],"cubes":[{"origin":[1,4.00279,2.76316],"size":[4,2,5],"uv":[68,69]},{"origin":[0.51,-3.00721,2.75316],"size":[5,7,6],"uv":[44,14]},{"origin":[3.01,-0.50721,8.25316],"size":[0,2,4],"pivot":[3.01,-0.00721,8.75316],"rotation":[45,0,0],"uv":[14,55]},{"origin":[3.01,-1.30056,7.86192],"size":[0,1,3],"pivot":[3.01,-0.80056,9.36192],"rotation":[30,0,0],"uv":[0,33]},{"origin":[5.33915,-3.47661,2.77497],"size":[0,3,6],"pivot":[5.51,-0.00721,5.75316],"rotation":[0,0,-20],"uv":[16,67]},{"origin":[0.511,-3.00721,2.75316],"size":[0,3,6],"pivot":[0.511,-0.00721,5.75316],"rotation":[0,0,12.5],"uv":[44,64]},{"origin":[0.51,-1.00721,2.75316],"size":[5,4,0],"pivot":[3.01,2.99279,2.75316],"rotation":[-10,0,0],"uv":[71,30]}]},{"name":"back_foot_left","parent":"leg_back_left3","pivot":[3.01,-2.10348,4.87711],"rotation":[2.5,0,0],"cubes":[{"origin":[1.01,-3.03805,1.87854],"size":[4,2,3],"inflate":0.01,"uv":[68,0]},{"origin":[2.61,-3.03805,1.87854],"size":[1,2,3],"inflate":0.02,"uv":[44,73],"mirror":true}]},{"name":"back_foot_left2","parent":"back_foot_left","pivot":[3.5,-1.63295,2.6718]},{"name":"leg_back_right","parent":"body","pivot":[-3,16.8,5],"cubes":[{"origin":[-5,10.8,2.25],"size":[4,7,6],"inflate":0.02,"uv":[0,57]}]},{"name":"leg_back_right2","parent":"leg_back_right","pivot":[-3.01,11.17752,3.01063],"rotation":[30,0,0],"cubes":[{"origin":[-5,5.74609,2.92587],"size":[4,5,4],"inflate":-0.01,"pivot":[-1,9.64609,2.92587],"rotation":[5,0,0],"uv":[68,45]}]},{"name":"leg_back_right3","parent":"leg_back_right2","pivot":[-3.0082,6.93551,7.68999],"rotation":[-32.5,0,0],"cubes":[{"origin":[-5,4.00279,2.76316],"size":[4,2,5],"uv":[66,23]},{"origin":[-5.51,-3.00721,2.75316],"size":[5,7,6],"uv":[44,14]},{"origin":[-3.01,-0.50721,8.25316],"size":[0,2,4],"pivot":[-3.01,-0.00721,8.75316],"rotation":[45,0,0],"uv":[14,53]},{"origin":[-3.01,-1.30056,7.86192],"size":[0,1,3],"pivot":[-3.01,-0.80056,9.36192],"rotation":[30,0,0],"uv":[29,2]},{"origin":[-5.33915,-3.47661,2.77497],"size":[0,3,6],"pivot":[-5.51,-0.00721,5.75316],"rotation":[0,0,20],"uv":[32,64]},{"origin":[-0.511,-3.00721,2.75316],"size":[0,3,6],"pivot":[-0.511,-0.00721,5.75316],"rotation":[0,0,-12.5],"uv":[36,47]},{"origin":[-5.51,-1.00721,2.75316],"size":[5,4,0],"pivot":[-3.01,2.99279,2.75316],"rotation":[-10,0,0],"uv":[71,30]}]},{"name":"back_foot_right","parent":"leg_back_right3","pivot":[-3.01,-2.10348,4.87711],"rotation":[2.5,0,0],"cubes":[{"origin":[-5.01,-3.03805,1.87854],"size":[4,2,3],"inflate":0.01,"uv":[68,0]},{"origin":[-3.61,-3.03805,1.87854],"size":[1,2,3],"inflate":0.02,"uv":[44,73]}]},{"name":"back_foot_right2","parent":"back_foot_right","pivot":[-3.5,-1.63295,2.6718]}]}]}