{
	"credit": "Made with Blockbench",
	"texture_size": [64, 64],
	"textures": {
		"0": "item/2png"
	},
	"elements": [
		{
			"name": "Body",
			"from": [4, 0, 4],
			"to": [12, 8, 12],
			"rotation": {"angle": 0, "axis": "y", "origin": [8, 4, 8]},
			"faces": {
				"north": {"uv": [8, 6, 10, 7], "texture": "#0"},
				"east": {"uv": [7, 6, 8, 7], "texture": "#0"},
				"south": {"uv": [5, 6, 7, 7], "texture": "#0"},
				"west": {"uv": [4, 6, 5, 7], "texture": "#0"},
				"up": {"uv": [7, 6, 5, 5], "rotation": 180, "texture": "#0"},
				"down": {"uv": [9, 5, 7, 6], "rotation": 180, "texture": "#0"}
			}
		},
		{
			"name": "Body Layer",
			"from": [3.75, -0.25, 3.75],
			"to": [12.25, 8.25, 12.25],
			"rotation": {"angle": 0, "axis": "y", "origin": [8, 4, 8]},
			"faces": {
				"north": {"uv": [8, 10, 10, 11], "texture": "#0"},
				"east": {"uv": [7, 10, 8, 11], "texture": "#0"},
				"south": {"uv": [5, 10, 7, 11], "texture": "#0"},
				"west": {"uv": [4, 10, 5, 11], "texture": "#0"},
				"up": {"uv": [7, 10, 5, 9], "rotation": 180, "texture": "#0"},
				"down": {"uv": [9, 9, 7, 10], "rotation": 180, "texture": "#0"}
			}
		}
	],
	"groups": [
		{
			"name": "Body",
			"origin": [8, 24, 8],
			"color": 0,
			"children": [0, 1]
		}
	]
}