{
	"credit": "Made with Blockbench",
	"texture_size": [64, 64],
	"textures": {
		"0": "item/2png"
	},
	"elements": [
		{
			"name": "Left Arm",
			"from": [4, 0, 4],
			"to": [12, 8, 12],
			"rotation": {"angle": 0, "axis": "y", "origin": [8, 4, 8]},
			"faces": {
				"north": {"uv": [11, 15, 12, 16], "texture": "#0"},
				"east": {"uv": [10, 15, 11, 16], "texture": "#0"},
				"south": {"uv": [9, 15, 10, 16], "texture": "#0"},
				"west": {"uv": [8, 15, 9, 16], "texture": "#0"},
				"up": {"uv": [10, 15, 9, 14], "rotation": 180, "texture": "#0"},
				"down": {"uv": [11, 14, 10, 15], "rotation": 180, "texture": "#0"}
			}
		},
		{
			"name": "Left Arm Layer",
			"from": [3.75, -0.25, 3.75],
			"to": [12.25, 8.25, 12.25],
			"rotation": {"angle": 0, "axis": "y", "origin": [8, 4, 8]},
			"faces": {
				"north": {"uv": [15, 15, 16, 16], "texture": "#0"},
				"east": {"uv": [14, 15, 15, 16], "texture": "#0"},
				"south": {"uv": [13, 15, 14, 16], "texture": "#0"},
				"west": {"uv": [12, 15, 13, 16], "texture": "#0"},
				"up": {"uv": [14, 15, 13, 14], "rotation": 180, "texture": "#0"},
				"down": {"uv": [15, 14, 14, 15], "rotation": 180, "texture": "#0"}
			}
		}
	],
	"groups": [
		{
			"name": "LeftArm",
			"origin": [3, 22, 8],
			"color": 0,
			"children": [0, 1]
		}
	]
}