{
	"credit": "Made with Blockbench",
	"texture_size": [64, 64],
	"textures": {
		"0": "item/2png"
	},
	"elements": [
		{
			"name": "Right Leg",
			"from": [3.9, 0, 4],
			"to": [11.9, 8, 12],
			"rotation": {"angle": 0, "axis": "y", "origin": [7.9, 4, 8]},
			"faces": {
				"north": {"uv": [3, 7, 4, 8], "texture": "#0"},
				"east": {"uv": [2, 7, 3, 8], "texture": "#0"},
				"south": {"uv": [1, 7, 2, 8], "texture": "#0"},
				"west": {"uv": [0, 7, 1, 8], "texture": "#0"},
				"up": {"uv": [2, 7, 1, 6], "rotation": 180, "texture": "#0"},
				"down": {"uv": [3, 6, 2, 7], "rotation": 180, "texture": "#0"}
			}
		},
		{
			"name": "Right Leg Layer",
			"from": [4.65, 0.75, 4.75],
			"to": [11.15, 7.25, 11.25],
			"rotation": {"angle": 0, "axis": "y", "origin": [7.9, 4, 8]},
			"faces": {
				"north": {"uv": [3, 11, 4, 12], "texture": "#0"},
				"east": {"uv": [2, 11, 3, 12], "texture": "#0"},
				"south": {"uv": [1, 11, 2, 12], "texture": "#0"},
				"west": {"uv": [0, 11, 1, 12], "texture": "#0"},
				"up": {"uv": [2, 11, 1, 10], "rotation": 180, "texture": "#0"},
				"down": {"uv": [3, 10, 2, 11], "rotation": 180, "texture": "#0"}
			}
		}
	],
	"groups": [
		{
			"name": "RightLeg",
			"origin": [9.9, 12, 8],
			"color": 0,
			"children": [0, 1]
		}
	]
}