{
	"credit": "Made with Blockbench",
	"texture_size": [64, 64],
	"textures": {
		"0": "item/2png"
	},
	"elements": [
		{
			"name": "Left Leg",
			"from": [4.1, 0, 4],
			"to": [12.1, 8, 12],
			"rotation": {"angle": 0, "axis": "y", "origin": [8.1, 4, 8]},
			"faces": {
				"north": {"uv": [7, 15, 8, 16], "texture": "#0"},
				"east": {"uv": [6, 15, 7, 16], "texture": "#0"},
				"south": {"uv": [5, 15, 6, 16], "texture": "#0"},
				"west": {"uv": [4, 15, 5, 16], "texture": "#0"},
				"up": {"uv": [6, 15, 5, 14], "rotation": 180, "texture": "#0"},
				"down": {"uv": [7, 14, 6, 15], "rotation": 180, "texture": "#0"}
			}
		},
		{
			"name": "Left Leg Layer",
			"from": [3.85, -0.25, 3.75],
			"to": [12.35, 8.25, 12.25],
			"rotation": {"angle": 0, "axis": "y", "origin": [8.1, 4, 8]},
			"faces": {
				"north": {"uv": [3, 15, 4, 16], "texture": "#0"},
				"east": {"uv": [2, 15, 3, 16], "texture": "#0"},
				"south": {"uv": [1, 15, 2, 16], "texture": "#0"},
				"west": {"uv": [0, 15, 1, 16], "texture": "#0"},
				"up": {"uv": [2, 15, 1, 14], "rotation": 180, "texture": "#0"},
				"down": {"uv": [3, 14, 2, 15], "rotation": 180, "texture": "#0"}
			}
		}
	],
	"groups": [
		{
			"name": "LeftLeg",
			"origin": [6.1, 12, 8],
			"color": 0,
			"children": [0, 1]
		}
	]
}