{
  "pools": [
    {
      "rolls": {
        "min": 1,
        "max": 1
      },
      "entries": [
        {
          "type": "minecraft:item",
          "name": "cobbleversebadges:hoenn_rain_badge",
          "conditions": [
            {
              "condition": "rctmod:defeat_count",
              "comparator": "==",
              "count": 1
            }
          ]
        },
        {
          "type": "minecraft:item",
          "name": "cobblemon:master_ball",
          "conditions": [
            {
              "condition": "rctmod:defeat_count",
              "comparator": "==",
              "count": 1
            }
          ]
        }
      ]
    },
    {
      "rolls": {
        "min": 1,
        "max": 1
      },
      "entries": [
        {
          "type": "minecraft:item",
          "name": "tmcraft:tm_waterfall"
        },
        {
          "type": "minecraft:item",
          "name": "tmcraft:tm_waterpulse"
        }
      ]
    }
  ],
  "random_sequence": "rctmod:trainers/single/hoenn_adriano"
}