{
  "pools": [
    {
      "rolls": {
        "min": 1,
        "max": 1
      },
      "entries": [
        {
          "type": "minecraft:item",
          "name": "lumymon:cloning_catalyst",
          "conditions": [
            {
              "condition": "rctmod:defeat_count",
              "comparator": "==",
              "count": 1
            }
          ]
        },
        {
          "type": "minecraft:loot_table",
          "value": "rctmod:generic/team_rocket/tms",
          "weight": 1,
          "conditions": []
        }
      ]
    }
  ],
  "random_sequence": "rctmod:trainers/single/team_rocket_admin_apollo"
}