{
    "enabled": "true",
    "neededInstalledMods": [],
    "neededUninstalledMods": [],
    "spawns": [
        {
            "id": "arcanine-2",
            "pokemon": "arcanine hisuian",
            "presets": [
                "natural"
            ],
            "type": "pokemon",
            "context": "grounded",
            "bucket": "uncommon",
            "level": "38-57",
            "weight": 5.0,
            "condition": {
                "canSeeSky": true,
                "biomes": [
                    "minecraft:stony_shore"
                ]
            }
        }
    ]
}