{
    "enabled": true,
    "neededInstalledMods": [],
    "neededUninstalledMods": [],
    "spawns": [
        {
            "id": "articuno-1",
            "pokemon": "articuno",
            "presets": ["natural"],
            "type": "pokemon",
            "context": "grounded",
            "bucket": "ultra-rare",
            "level": "50",
            "weight": 1.0,
            "condition": {
                "biomes": [
                    "cobbleverse:custom_spawn"
                ]
            }
        },
        {
            "id": "articuno-galarian",
            "pokemon": "articuno galarian",
            "presets": ["natural"],
            "type": "pokemon",
            "context": "grounded",
            "bucket": "ultra-rare",
            "level": "60",
            "weight": 4.0,
            "condition": {
                "canSeeSky": true,
                "structures": [
                    "cobbleverse:dyna_tree"
                ],
                "timeRange": "night"
            }
        }
    ]
}