{
    "enabled": true,
    "neededInstalledMods": [],
    "neededUninstalledMods": [],
    "spawns": [
        {
            "id": "suicune-1",
            "pokemon": "suicune",
            "presets": [],
            "type": "pokemon",
            "context": "grounded",
            "bucket": "ultra-rare",
            "level": "60",
            "weight": 35.0,
            "condition": {
                "structures": [
                    "cobbleverse:burned_tower"
                ]
            }
        }
    ]
}