{
    "enabled": true,
    "neededInstalledMods": [],
    "neededUninstalledMods": [],
    "spawns": [
        {
            "id": "froslass-1",
            "pokemon": "froslass",
            "presets": [
                "natural"
            ],
            "type": "pokemon",
            "context": "grounded",
            "bucket": "rare",
            "level": "45-50",
            "weight": 2.0,
            "condition": {
                "minY": 140,
                "biomes": [
                    "#cobblemon:is_freezing"
                ]
            }
        }
    ]
}
