{
    "enabled": true,
    "neededInstalledMods": [],
    "neededUninstalledMods": [],
    "spawns": [
        {
            "id": "cinccino-1",
            "pokemon": "cinccino",
            "type": "pokemon",
            "context": "grounded",
            "bucket": "rare",
            "level": "20-35",
            "weight": 4.1,
            "condition": {
                "canSeeSky": true,
                "biomes": [
                    "minecraft:birch_forest"
                ]
            }
        }
    ]
}