{
    "enabled": true,
    "neededInstalledMods": [],
    "neededUninstalledMods": [],
    "spawns": [
        {
            "id": "dewpider-1",
            "pokemon": "dewpider",
            "type": "pokemon",
            "context": "fishing",
            "bucket": "uncommon",
            "level": "15-27",
            "weight": 7,
            "condition": {
                "biomes": [
                    "#cobblemon:is_freshwater"
                ]
            }
        },
        {
            "id": "dewpider-2",
            "pokemon": "dewpider",
            "presets": [
                "natural",
                "water"
            ],
            "type": "pokemon",
            "context": "grounded",
            "bucket": "common",
            "level": "8-30",
            "weight": 3,
            "condition": {
                "biomes": [
                    "#cobblemon:is_swamp"

                ],
                "neededNearbyBlocks": [
                    "minecraft:water"
                ]
                
            }
        },
        {
            "id": "dewpider-3",
            "pokemon": "dewpider",
            "presets": [
                "water"
            ],
            "type": "pokemon",
            "context": "submerged",
            "bucket": "common",
            "level": "5-30",
            "weight": 5.0,
            "condition": {
                "canSeeSky": true,
                "biomes": [
                    "#cobblemon:is_spooky"
                ]
            },
            "anticondition": {
                "biomes": [
                    "#cobblemon:is_freezing",
                    "#cobblemon:is_cold"
                ]
            }
        }
       
        
    ]
}