{
    "enabled": true,
    "neededInstalledMods": [],
    "neededUninstalledMods": [],
    "spawns": [
        {
            "id": "celesteela-1",
            "pokemon": "celesteela",
            "presets": [
                "urban"
            ],
            "type": "pokemon",
            "context": "grounded",
            "bucket": "ultra-rare",
            "level": "75-100",
            "weight": 0.4,
            "condition": {
                "canSeeSky": true,
                "biomes": [
			"#cobblemon:is_jungle",
			"#cobblemon:is_savanna",
			"#cobblemon:is_bamboo",
			"#minecraft:is_beach"
                 ]
            }
        }
    ]
}