{
    "enabled": true,
    "neededInstalledMods": [],
    "neededUninstalledMods": [],
    "spawns": [
        {
            "id": "spectrier-1",
            "pokemon": "spectrier",
            "presets": [
                "natural"
            ],
            "type": "pokemon",
            "context": "grounded",
            "bucket": "ultra-rare",
            "level": "60",
            "weight": 3.0,
            "condition": {
                "biomes": [
                    "minecraft:dark_forest"
                ]
            }
        }
    ]
}
        