{
    "enabled": true,
    "neededInstalledMods": [],
    "neededUninstalledMods": [],
    "spawns": [
        {
            "id": "bellibolt-1",
            "pokemon": "bellibolt",
            "type": "pokemon",
            "context": "grounded",
            "bucket": "uncommon",
            "level": "25-43",
            "weight": 1.8,
            "condition": {
                "canSeeSky": true,
                "biomes": [
                    "#cobblemon:is_forest"
                ]
            }
        }
    ]
}