{
    "enabled": true,
    "neededInstalledMods": [],
    "neededUninstalledMods": [],
    "spawns": [
        {
            "id": "gougingfire-1",
            "pokemon": "gougingfire",
            "presets": [
                "natural"
            ],
            "type": "pokemon",
            "context": "grounded",
            "bucket": "rare",
            "level": "70-75",
            "weight": 3.5,
            "condition": {
                "canSeeSky": true,
                "biomes": [
                    "minecraft:basalt_deltas"
                ]
            }
      	  }
		  ]
}