{
    "enabled": true,
    "neededInstalledMods": [],
    "neededUninstalledMods": [],
    "spawns": [
        {
            "id": "ironcrown-1",
            "pokemon": "ironcrown",
            "presets": [
                "natural"
            ],
            "type": "pokemon",
            "context": "grounded",
            "bucket": "rare",
            "level": "50-65",
            "weight": 5.5,
            "condition": {
                "canSeeSky": true,
                "biomes": [
                    "#cobblemon:is_lush"
                ],
                "timeRange": "night"
            }
      	  }
		  ]
}