{
    "enabled": true,
    "neededInstalledMods": [],
    "neededUninstalledMods": [],
    "spawns": [
        {
            "id": "terapagos-1",
            "pokemon": "terapagos",
            "presets": [
                "natural"
            ],
            "type": "pokemon",
            "context": "grounded",
            "bucket": "ultra-rare",
            "level": "30",
            "weight": 2,
            "condition": {
                "maxY": 0,
                "biomes": [
                    "#cobblemon:is_lush"
                ],
                "neededNearbyBlocks": [
                    "minecraft:amethyst_block",
                    "minecraft:amethyst_cluster",
                    "minecraft:budding_amethyst",
                    "minecraft:large_amethyst_bud",
                    "minecraft:medium_amethyst_bud",
                    "minecraft:small_amethyst_bud"
                ]
            }
        }
    ]
}
