{
  "implemented": true,
  "nationalPokedexNumber": 539,
  "name": "Sawk",
  "primaryType": "fighting",
  "maleRatio": 1,
  "height": 14,
  "weight": 510,
  "pokedex": [
    "cobblemon.species.sawk.desc"
  ],
  "labels": [
    "gen5"
  ],
  "aspects": [],
  "abilities": [
    "sturdy",
    "innerfocus",
    "h:moldbreaker"
  ],
  "eggGroups": [
    "human_like"
  ],
  "baseStats": {
    "hp": 75,
    "attack": 125,
    "defence": 75,
    "special_attack": 30,
    "special_defence": 75,
    "speed": 85
  },
  "evYield": {
    "hp": 0,
    "attack": 2,
    "defence": 0,
    "special_attack": 0,
    "special_defence": 0,
    "speed": 0
  },
  "baseExperienceYield": 163,
  "experienceGroup": "medium_fast",
  "catchRate": 45,
  "eggCycles": 20,
  "baseFriendship": 50,
  "baseScale": 1,
  "hitbox": {
    "width": 1,
    "height": 1,
    "fixed": false
  },
  "drops": {
    "amount": 3,
    "entries": [
      {
        "item": "cobblemon:black_belt",
        "percentage": 5.0
      },
      {
        "item": "cobblemon:bluk_berry",
        "percentage": 5.0
      },
      {
        "item": "cobblemon:expert_belt",
        "percentage": 5.0
      }
    ]
  },
  "moves": [
    "1:rocksmash",
    "1:leer",
    "1:bide",
    "1:karatechop",
    "5:focusenergy",
    "10:doublekick",
    "15:quickguard",
    "20:lowsweep",
    "25:bulkup",
    "30:retaliate",
    "35:brickbreak",
    "40:counter",
    "45:endure",
    "50:reversal",
    "55:closecombat",
    "tm:block",
    "tm:brickbreak",
    "tm:bulkup",
    "tm:bulldoze",
    "tm:closecombat",
    "tm:coaching",
    "tm:dig",
    "tm:dualchop",
    "tm:earthquake",
    "tm:endure",
    "tm:facade",
    "tm:firepunch",
    "tm:fling",
    "tm:focusblast",
    "tm:focusenergy",
    "tm:focuspunch",
    "tm:gigaimpact",
    "tm:grassknot",
    "tm:helpinghand",
    "tm:icepunch",
    "tm:knockoff",
    "tm:laserfocus",
    "tm:lowkick",
    "tm:lowsweep",
    "tm:megakick",
    "tm:megapunch",
    "tm:painsplit",
    "tm:payback",
    "tm:poisonjab",
    "tm:poweruppunch",
    "tm:protect",
    "tm:raindance",
    "tm:rest",
    "tm:retaliate",
    "tm:revenge",
    "tm:reversal",
    "tm:rockslide",
    "tm:rocksmash",
    "tm:rocktomb",
    "tm:scaryface",
    "tm:sleeptalk",
    "tm:stoneedge",
    "tm:strength",
    "tm:substitute",
    "tm:sunnyday",
    "tm:superpower",
    "tm:taunt",
    "tm:terablast",
    "tm:throatchop",
    "tm:thunderpunch",
    "tm:workup",
    "tm:zenheadbutt",
    "tutor:block",
    "tutor:bulkup",
    "tutor:bulldoze",
    "tutor:coaching",
    "tutor:dualchop",
    "tutor:firepunch",
    "tutor:focusenergy",
    "tutor:focuspunch",
    "tutor:gigaimpact",
    "tutor:helpinghand",
    "tutor:icepunch",
    "tutor:knockoff",
    "tutor:laserfocus",
    "tutor:lowkick",
    "tutor:painsplit",
    "tutor:poisonjab",
    "tutor:rest",
    "tutor:rockslide",
    "tutor:rocksmash",
    "tutor:sleeptalk",
    "tutor:stoneedge",
    "tutor:superpower",
    "tutor:throatchop",
    "tutor:thunderpunch",
    "tutor:zenheadbutt"
  ],
  "evolutions": []
}