{
  "implemented": true,
  "nationalPokedexNumber": 640,
  "name": "Virizion",
  "primaryType": "grass",
  "secondaryType": "fighting",
  "maleRatio": -1,
  "height": 20,
  "weight": 2000,
  "pokedex": [
    "cobblemon.species.virizion.desc"
  ],
  "labels": [
    "gen5",
    "legendary"
  ],
  "aspects": [],
  "abilities": [
    "justified",
    "h:justified"
  ],
  "eggGroups": [
    "undiscovered"
  ],
  "baseStats": {
    "hp": 91,
    "attack": 90,
    "defence": 72,
    "special_attack": 90,
    "special_defence": 129,
    "speed": 108
  },
  "evYield": {
    "hp": 0,
    "attack": 0,
    "defence": 0,
    "special_attack": 0,
    "special_defence": 3,
    "speed": 0
  },
  "baseExperienceYield": 290,
  "experienceGroup": "slow",
  "catchRate": 3,
  "eggCycles": 80,
  "baseFriendship": 35,
  "baseScale": 1,
  "hitbox": {
    "width": 1,
    "height": 1,
    "fixed": false
  },
  "drops": {
    "amount": 1,
    "entries": [
      {
        "item": "cobblemon:miracle_seed"
      }
    ]
  },
  "moves": [
    "1:quickattack",
    "1:leer",
    "1:takedown",
    "1:helpinghand",
    "1:workup",
    "7:magicalleaf",
    "14:quickguard",
    "21:doublekick",
    "28:retaliate",
    "35:gigadrain",
    "42:synthesis",
    "49:sacredsword",
    "56:swordsdance",
    "63:leafblade",
    "70:closecombat",
    "tm:aerialace",
    "tm:airslash",
    "tm:aurasphere",
    "tm:block",
    "tm:bodyslam",
    "tm:bounce",
    "tm:brickbreak",
    "tm:bulletseed",
    "tm:calmmind",
    "tm:closecombat",
    "tm:coaching",
    "tm:cut",
    "tm:doubleedge",
    "tm:endure",
    "tm:energyball",
    "tm:facade",
    "tm:falseswipe",
    "tm:flash",
    "tm:focusblast",
    "tm:gigadrain",
    "tm:gigaimpact",
    "tm:grassknot",
    "tm:grassyglide",
    "tm:helpinghand",
    "tm:hyperbeam",
    "tm:laserfocus",
    "tm:leafblade",
    "tm:leafstorm",
    "tm:lightscreen",
    "tm:magicalleaf",
    "tm:megahorn",
    "tm:naturepower",
    "tm:protect",
    "tm:psychup",
    "tm:reflect",
    "tm:rest",
    "tm:retaliate",
    "tm:revenge",
    "tm:reversal",
    "tm:roar",
    "tm:rocksmash",
    "tm:safeguard",
    "tm:scaryface",
    "tm:seedbomb",
    "tm:sleeptalk",
    "tm:smartstrike",
    "tm:solarbeam",
    "tm:solarblade",
    "tm:stoneedge",
    "tm:strength",
    "tm:substitute",
    "tm:sunnyday",
    "tm:superpower",
    "tm:swift",
    "tm:swordsdance",
    "tm:synthesis",
    "tm:takedown",
    "tm:taunt",
    "tm:terablast",
    "tm:trailblaze",
    "tm:upperhand",
    "tm:vacuumwave",
    "tm:workup",
    "tm:worryseed",
    "tm:xscissor",
    "tm:zenheadbutt",
    "tutor:aerialace",
    "tutor:block",
    "tutor:bounce",
    "tutor:calmmind",
    "tutor:coaching",
    "tutor:energyball",
    "tutor:falseswipe",
    "tutor:gigadrain",
    "tutor:gigaimpact",
    "tutor:grassyglide",
    "tutor:helpinghand",
    "tutor:hyperbeam",
    "tutor:laserfocus",
    "tutor:magicalleaf",
    "tutor:megahorn",
    "tutor:rest",
    "tutor:rocksmash",
    "tutor:seedbomb",
    "tutor:sleeptalk",
    "tutor:stoneedge",
    "tutor:superpower",
    "tutor:swift",
    "tutor:synthesis",
    "tutor:vacuumwave",
    "tutor:worryseed",
    "tutor:xscissor",
    "tutor:zenheadbutt"
  ],
  "evolutions": []
}