{
	"format_version": "1.12.0",
	"minecraft:geometry": [
		{
			"description": {
				"identifier": "geometry.magearna",
				"texture_width": 128,
				"texture_height": 128,
				"visible_bounds_width": 4,
				"visible_bounds_height": 4.5,
				"visible_bounds_offset": [0, 1.75, 0]
			},
			"bones": [
				{
					"name": "magearna",
					"pivot": [0, 0, 0]
				},
				{
					"name": "locator_root",
					"parent": "magearna",
					"pivot": [0, 0, 0],
					"locators": {
						"root": [0, 0, 0]
					}
				},
				{
					"name": "locator_top",
					"parent": "magearna",
					"pivot": [0, 0, 0],
					"locators": {
						"top": [0, 41, 0]
					}
				},
				{
					"name": "body",
					"parent": "magearna",
					"pivot": [0, 0, 0]
				},
				{
					"name": "locator_middle",
					"parent": "body",
					"pivot": [0, 19, 0],
					"locators": {
						"middle": [0, 19, 0]
					}
				},
				{
					"name": "locator_target",
					"parent": "body",
					"pivot": [0, 26, -10],
					"locators": {
						"target": [0, 26, -10]
					}
				},
				{
					"name": "torso",
					"parent": "body",
					"pivot": [0, 17, 0]
				},
				{
					"name": "head",
					"parent": "torso",
					"pivot": [0, 26.7, 0]
				},
				{
					"name": "head_ai",
					"parent": "head",
					"pivot": [0, 26.7, 0]
				},
				{
					"name": "head_angle",
					"parent": "head_ai",
					"pivot": [0, 26.7, 0],
					"cubes": [
						{"origin": [-0.5, 28.7, -3.5], "size": [1, 1, 0], "inflate": 0.01, "uv": [32, 8]},
						{"origin": [-3.5, 26.7, -3.5], "size": [7, 7, 5], "uv": [0, 0]},
						{"origin": [-0.5, 33.7, 0.2], "size": [1, 1, 1], "uv": [18, 13]}
					]
				},
				{
					"name": "head_tip",
					"parent": "head_angle",
					"pivot": [0, 32.45, 2.6],
					"rotation": [45, 0, 0],
					"cubes": [
						{"origin": [-3, 29.15, -2.245], "size": [6, 5, 5], "inflate": -0.04, "uv": [0, 12]},
						{"origin": [-0.5, 29.15, -2.245], "size": [1, 5, 5], "inflate": -0.035, "uv": [15, 27]}
					]
				},
				{
					"name": "head_gear",
					"parent": "head_angle",
					"pivot": [0, 0, 0]
				},
				{
					"name": "head_gear_right",
					"parent": "head_gear",
					"pivot": [0, 26.7, 0],
					"cubes": [
						{"origin": [-4.5, 25.7, -0.5], "size": [3, 9, 1], "inflate": 0.001, "uv": [38, 0]}
					]
				},
				{
					"name": "head_gear_left",
					"parent": "head_gear",
					"pivot": [0, 26.7, 0],
					"cubes": [
						{"origin": [1.5, 25.7, -0.5], "size": [3, 9, 1], "inflate": 0.001, "uv": [46, 0]}
					]
				},
				{
					"name": "head_gear_top",
					"parent": "head_gear",
					"pivot": [-3, 26.7, 0],
					"cubes": [
						{"origin": [-1.5, 33.7, -0.5], "size": [3, 1, 1], "inflate": 0.001, "uv": [46, 19]}
					]
				},
				{
					"name": "gears",
					"parent": "head_gear",
					"pivot": [0, 26.7, 0]
				},
				{
					"name": "gear_up_middle",
					"parent": "gears",
					"pivot": [0, 35.2, 0],
					"cubes": [
						{"origin": [-1.5, 33.7, -0.5], "size": [3, 3, 1], "inflate": 0.01, "uv": [46, 11]}
					]
				},
				{
					"name": "gear_right_up",
					"parent": "gears",
					"pivot": [-4, 34.2, 0],
					"rotation": [0, 0, -45],
					"cubes": [
						{"origin": [-5.5, 32.7, -0.5], "size": [3, 3, 1], "inflate": 0.01, "uv": [38, 11]}
					]
				},
				{
					"name": "gear_right_middle",
					"parent": "gears",
					"pivot": [-5, 30.2, 0],
					"cubes": [
						{"origin": [-6.5, 28.7, -0.5], "size": [3, 3, 1], "inflate": 0.01, "uv": [38, 15]}
					]
				},
				{
					"name": "gear_right_down",
					"parent": "gears",
					"pivot": [-4.5, 26.7, 0],
					"rotation": [0, 0, 45],
					"cubes": [
						{"origin": [-5, 25.7, -0.5], "size": [2, 3, 1], "inflate": 0.01, "uv": [39, 19]}
					]
				},
				{
					"name": "gear_left_up",
					"parent": "gears",
					"pivot": [4, 34.2, 0],
					"rotation": [0, 0, 45],
					"cubes": [
						{"origin": [2.5, 32.7, -0.5], "size": [3, 3, 1], "inflate": 0.01, "uv": [54, 11]}
					]
				},
				{
					"name": "gear_left_middle",
					"parent": "gears",
					"pivot": [5, 30.2, 0],
					"cubes": [
						{"origin": [3.5, 28.7, -0.5], "size": [3, 3, 1], "inflate": 0.01, "uv": [54, 15]}
					]
				},
				{
					"name": "gear_left_down",
					"parent": "gears",
					"pivot": [4.5, 26.7, 0],
					"rotation": [0, 0, -45],
					"cubes": [
						{"origin": [3, 25.7, -0.5], "size": [2, 3, 1], "inflate": 0.01, "uv": [55, 19]}
					]
				},
				{
					"name": "eyes",
					"parent": "head_angle",
					"pivot": [0, 26.5, 0]
				},
				{
					"name": "mask_right",
					"parent": "eyes",
					"pivot": [-2.8, 30.85, -3.501],
					"cubes": [
						{"origin": [-3.8, 27.6, -3.501], "size": [3, 4, 0], "uv": [25, 3]},
						{"origin": [-4.8, 30.6, -3.501], "size": [3, 3, 0], "uv": [25, 0]}
					]
				},
				{
					"name": "eye_right",
					"parent": "mask_right",
					"pivot": [-2.3, 29.6, -3.5],
					"cubes": [
						{"origin": [-3.3, 28.1, -3.5], "size": [2, 3, 1], "inflate": 0.01, "uv": [31, 0]}
					]
				},
				{
					"name": "pupil_right",
					"parent": "eye_right",
					"pivot": [-2, 29.6, -3.5],
					"cubes": [
						{"origin": [-2.5, 28.6, -3.5], "size": [1, 2, 1], "inflate": 0.02, "uv": [31, 4]}
					]
				},
				{
					"name": "eye_shine_right",
					"parent": "pupil_right",
					"pivot": [-2, 29.6, -3.5],
					"cubes": [
						{"origin": [-2.5, 29.1, -3.5], "size": [1, 1, 1], "inflate": 0.03, "uv": [25, 7]}
					]
				},
				{
					"name": "locator_eye_right",
					"parent": "eye_right",
					"pivot": [-2.3, 29.6, -3.5],
					"locators": {
						"eye_right": [-2.3, 29.6, -3.5]
					}
				},
				{
					"name": "eyelid_worried_right",
					"parent": "mask_right",
					"pivot": [-2, 29.6, -2],
					"cubes": [
						{"origin": [-2.5, 28.6, -2.5], "size": [1, 2, 1], "inflate": 0.025, "uv": [28, 31]}
					]
				},
				{
					"name": "eyelid_right",
					"parent": "mask_right",
					"pivot": [-2, 29.6, -2],
					"cubes": [
						{"origin": [-2.5, 28.6, -2.5], "size": [1, 2, 1], "inflate": 0.04, "uv": [28, 35]},
						{"origin": [-2.5, 29.1, -2.5], "size": [1, 1, 1], "inflate": 0.045, "uv": [28, 38]}
					]
				},
				{
					"name": "mask_left",
					"parent": "eyes",
					"pivot": [2.8, 30.85, -3.501],
					"cubes": [
						{"origin": [0.8, 27.6, -3.501], "size": [3, 4, 0], "uv": [25, 13]},
						{"origin": [1.8, 30.6, -3.501], "size": [3, 3, 0], "uv": [25, 10]}
					]
				},
				{
					"name": "eye_left",
					"parent": "mask_left",
					"pivot": [2.3, 29.6, -3.5],
					"cubes": [
						{"origin": [1.3, 28.1, -3.5], "size": [2, 3, 1], "inflate": 0.01, "uv": [31, 10]}
					]
				},
				{
					"name": "pupil_left",
					"parent": "eye_left",
					"pivot": [2, 29.6, -3.5],
					"cubes": [
						{"origin": [1.5, 28.6, -3.5], "size": [1, 2, 1], "inflate": 0.02, "uv": [31, 14]}
					]
				},
				{
					"name": "eye_shine_left",
					"parent": "pupil_left",
					"pivot": [2, 29.6, -3.5],
					"cubes": [
						{"origin": [1.5, 29.1, -3.5], "size": [1, 1, 1], "inflate": 0.03, "uv": [25, 17]}
					]
				},
				{
					"name": "locator_eye_left",
					"parent": "eye_left",
					"pivot": [2.3, 29.6, -3.5],
					"locators": {
						"eye_left": [2.3, 29.6, -3.5]
					}
				},
				{
					"name": "eyelid_worried_left",
					"parent": "mask_left",
					"pivot": [2, 29.6, -2],
					"cubes": [
						{"origin": [1.5, 28.6, -2.5], "size": [1, 2, 1], "inflate": 0.025, "uv": [33, 31]}
					]
				},
				{
					"name": "eyelid_left",
					"parent": "mask_left",
					"pivot": [2, 29.6, -2],
					"cubes": [
						{"origin": [1.5, 28.6, -2.5], "size": [1, 2, 1], "inflate": 0.04, "uv": [33, 35]},
						{"origin": [1.5, 29.1, -2.5], "size": [1, 1, 1], "inflate": 0.045, "uv": [33, 38]}
					]
				},
				{
					"name": "mouth",
					"parent": "head_angle",
					"pivot": [0, -0.1, 0],
					"cubes": [
						{"origin": [-0.5, 27, -3.5], "size": [1, 1, 0], "inflate": 0.01, "uv": [30, 8]}
					]
				},
				{
					"name": "locator_mouth",
					"parent": "mouth",
					"pivot": [0, 27.5, -3.5],
					"locators": {
						"mouth": [0, 27.5, -3.5]
					}
				},
				{
					"name": "ears",
					"parent": "head_angle",
					"pivot": [0, 0, 0]
				},
				{
					"name": "ear_right",
					"parent": "ears",
					"pivot": [-0.5, 34.7, 0.6],
					"cubes": [
						{"origin": [-14.5, 34.2, 0.6], "size": [14, 7, 0], "uv": [55, 0]}
					]
				},
				{
					"name": "ear_left",
					"parent": "ears",
					"pivot": [0.5, 34.7, 0.6],
					"cubes": [
						{"origin": [0.5, 34.2, 0.6], "size": [14, 7, 0], "uv": [83, 0]}
					]
				},
				{
					"name": "locator_head",
					"parent": "head_angle",
					"pivot": [0, 34, 0],
					"locators": {
						"head": [0, 34, 0]
					}
				},
				{
					"name": "locator_face",
					"parent": "head_angle",
					"pivot": [0, 29, -3.5],
					"locators": {
						"face": [0, 29, -3.5]
					}
				},
				{
					"name": "locator_item_face",
					"parent": "head_angle",
					"pivot": [0, 29.5, -3.5],
					"locators": {
						"item_face": [0, 29.5, -3.5]
					}
				},
				{
					"name": "chest",
					"parent": "torso",
					"pivot": [0, 23, 0],
					"cubes": [
						{"origin": [-0.5, 25.5, -0.5], "size": [1, 2, 1], "uv": [0, 22]},
						{"origin": [-0.5, 18.5, -0.5], "size": [1, 2, 1], "uv": [27, 20]},
						{"origin": [-1.5, 15.5, -1.5], "size": [3, 4, 3], "uv": [27, 23]}
					]
				},
				{
					"name": "heart",
					"parent": "chest",
					"pivot": [0, 17.7, 0],
					"cubes": [
						{"origin": [-2.5, 20.5, -2.5], "size": [5, 5, 5], "uv": [0, 22]},
						{"origin": [-2.5, 20.5, -2.5], "size": [5, 5, 5], "inflate": 0.1, "uv": [0, 32]},
						{"origin": [-1, 22, -2.5], "size": [2, 2, 1], "inflate": 0.12, "uv": [16, 23]},
						{"origin": [-0.5, 24.2, -2.5], "size": [1, 1, 1], "inflate": 0.02, "uv": [22, 23]},
						{"origin": [-0.5, 20.7, -2.5], "size": [1, 1, 1], "inflate": 0.02, "uv": [22, 25]}
					]
				},
				{
					"name": "arms_chest",
					"parent": "chest",
					"pivot": [0, 23, 0]
				},
				{
					"name": "arm_chest_right",
					"parent": "arms_chest",
					"pivot": [-4.5, 23.4, 0],
					"cubes": [
						{"origin": [-6.5, 21.4, -2], "size": [4, 4, 4], "inflate": -0.1, "uv": [63, 8]}
					]
				},
				{
					"name": "arm_right",
					"parent": "arm_chest_right",
					"pivot": [-6, 23.4, 0],
					"cubes": [
						{"origin": [-9.5, 22.9, -0.5], "size": [4, 1, 1], "uv": [66, 16]}
					]
				},
				{
					"name": "hand_right",
					"parent": "arm_right",
					"pivot": [-8.5, 23.4, 0],
					"cubes": [
						{"origin": [-13.5, 21.9, -1.5], "size": [5, 3, 3], "uv": [63, 18]},
						{"origin": [-15, 22.4, -1], "size": [2, 2, 2], "uv": [67, 24]}
					]
				},
				{
					"name": "hand_tip_right",
					"parent": "hand_right",
					"pivot": [-14, 23.6, 0],
					"cubes": [
						{"origin": [-16, 22.6, -0.5], "size": [2, 1, 1], "uv": [68, 28]}
					]
				},
				{
					"name": "locator_hand_right",
					"parent": "hand_right",
					"pivot": [-14.1, 23.4, 0],
					"locators": {
						"hand_right": [-14.1, 23.4, 0],
						"item": [-15.2, 22.6, 0]
					}
				},
				{
					"name": "arm_chest_left",
					"parent": "arms_chest",
					"pivot": [4.5, 23.4, 0],
					"cubes": [
						{"origin": [2.5, 21.4, -2], "size": [4, 4, 4], "inflate": -0.1, "uv": [80, 8]}
					]
				},
				{
					"name": "arm_left",
					"parent": "arm_chest_left",
					"pivot": [6, 23.4, 0],
					"cubes": [
						{"origin": [5.5, 22.9, -0.5], "size": [4, 1, 1], "uv": [83, 16]}
					]
				},
				{
					"name": "hand_left",
					"parent": "arm_left",
					"pivot": [8.5, 23.4, 0],
					"cubes": [
						{"origin": [8.5, 21.9, -1.5], "size": [5, 3, 3], "uv": [80, 18]},
						{"origin": [13, 22.4, -1], "size": [2, 2, 2], "uv": [84, 24]}
					]
				},
				{
					"name": "hand_tip_left",
					"parent": "hand_left",
					"pivot": [14, 23.6, 0],
					"cubes": [
						{"origin": [14, 22.6, -0.5], "size": [2, 1, 1], "uv": [85, 28]}
					]
				},
				{
					"name": "locator_hand_left",
					"parent": "hand_left",
					"pivot": [14.1, 23.4, 0],
					"locators": {
						"hand_left": [14.1, 23.4, 0]
					}
				},
				{
					"name": "dress_ball",
					"parent": "chest",
					"pivot": [0, 18, 0],
					"cubes": [
						{"origin": [-7, 17.7, -7], "size": [14, 3, 14], "uv": [31, 31]},
						{"origin": [-10, 17.7, -10], "size": [20, 0, 20], "uv": [13, 49]},
						{"origin": [-10, 3.7, -10], "size": [20, 14, 0], "uv": [73, 91]},
						{"origin": [-10, 3.7, 10], "size": [20, 14, 0], "uv": [73, 63]},
						{"origin": [-10, 3.7, -10], "size": [0, 14, 20], "uv": [73, 57]},
						{"origin": [10, 3.7, -10], "size": [0, 14, 20], "uv": [73, 29]}
					]
				},
				{
					"name": "medals",
					"parent": "dress_ball",
					"pivot": [0, 18, 0]
				},
				{
					"name": "medal_front",
					"parent": "medals",
					"pivot": [0, 18, 0],
					"cubes": [
						{"origin": [-3, 7.7, -10], "size": [6, 6, 1], "inflate": 0.01, "uv": [97, 8]},
						{"origin": [-3, 7.7, -11], "size": [0, 6, 1], "uv": [97, 14]},
						{"origin": [3, 7.7, -11], "size": [0, 6, 1], "uv": [99, 14]},
						{"origin": [-3, 7.7, -11], "size": [6, 6, 0], "uv": [101, 15]},
						{"origin": [-3, 13.7, -11], "size": [6, 0, 1], "uv": [96, 21]},
						{"origin": [-3, 7.7, -11], "size": [6, 0, 1], "uv": [96, 22]}
					]
				},
				{
					"name": "medal_back",
					"parent": "medals",
					"pivot": [0, 18, 0],
					"cubes": [
						{"origin": [-3, 7.7, 9], "size": [6, 6, 1], "inflate": 0.01, "uv": [97, 24]},
						{"origin": [-3, 7.7, 10], "size": [0, 6, 1], "uv": [97, 30]},
						{"origin": [3, 7.7, 10], "size": [0, 6, 1], "uv": [99, 30]},
						{"origin": [-3, 7.7, 11], "size": [6, 6, 0], "uv": [101, 31]},
						{"origin": [-3, 13.7, 10], "size": [6, 0, 1], "uv": [96, 37]},
						{"origin": [-3, 7.7, 10], "size": [6, 0, 1], "uv": [96, 38]}
					]
				},
				{
					"name": "dress_ball_vinyl",
					"parent": "dress_ball",
					"pivot": [0, 18, 0],
					"cubes": [
						{"origin": [-10, 3.7, -10], "size": [20, 14, 20], "inflate": 0.01, "uv": [0, 86]}
					]
				},
				{
					"name": "legs",
					"parent": "body",
					"pivot": [0, 0, 0]
				},
				{
					"name": "leg_right",
					"parent": "legs",
					"pivot": [-3, 16.5, 0],
					"cubes": [
						{"origin": [-5, 8, -2], "size": [4, 4, 4], "uv": [0, 54]},
						{"origin": [-4.5, 11, -1.5], "size": [3, 8, 3], "uv": [2, 43]}
					]
				},
				{
					"name": "foot_right",
					"parent": "leg_right",
					"pivot": [-3, 8, -1],
					"cubes": [
						{"origin": [-4, 4, -1], "size": [2, 4, 2], "uv": [4, 66]},
						{"origin": [-4.5, 5.2, -1.5], "size": [3, 1, 3], "uv": [2, 62]},
						{"origin": [-3.5, 0, -0.5], "size": [1, 4, 1], "uv": [6, 72]}
					]
				},
				{
					"name": "locator_foot_primary",
					"parent": "foot_right",
					"pivot": [-3, 1, 0],
					"locators": {
						"foot_primary": [-3, 1, 0]
					}
				},
				{
					"name": "leg_left",
					"parent": "legs",
					"pivot": [3, 16.5, 0],
					"cubes": [
						{"origin": [1, 8, -2], "size": [4, 4, 4], "uv": [16, 54]},
						{"origin": [1.5, 11, -1.5], "size": [3, 8, 3], "uv": [18, 43]}
					]
				},
				{
					"name": "foot_left",
					"parent": "leg_left",
					"pivot": [3, 8, -1],
					"cubes": [
						{"origin": [2, 4, -1], "size": [2, 4, 2], "uv": [20, 66]},
						{"origin": [1.5, 5.2, -1.5], "size": [3, 1, 3], "uv": [18, 62]},
						{"origin": [2.5, 0, -0.5], "size": [1, 4, 1], "uv": [22, 72]}
					]
				},
				{
					"name": "locator_foot_secondary",
					"parent": "foot_left",
					"pivot": [3, 1, 0],
					"locators": {
						"foot_secondary": [3, 1, 0]
					}
				}
			]
		}
	]
}