{
  "enabled": true,
  "neededInstalledMods": [],
  "neededUninstalledMods": [],
  "spawns": [
        {
            "id": "diancie-1",
            "pokemon": "diancie",
            "presets": [
                "natural"
            ],
            "type": "pokemon",
            "context": "grounded",
            "bucket": "rare",
            "level": "10-35",
            "weight": 25.0,
            "condition": {
                "minSkyLight": 0,
                "maxSkyLight": 7,
                "biomes": [
                    "#cobblemon:is_overworld"
                ],
                "neededNearbyBlocks": [
                    "#minecraft:diamond_ores"
                ]
            },
            "anticondition": {
                "biomes": [
                    "#cobblemon:is_deep_dark"
                ]
            }
        },
        {
            "id": "diancie-2",
            "pokemon": "diancie",
            "presets": [
                "natural"
            ],
            "type": "pokemon",
            "context": "grounded",
            "bucket": "ultra-rare",
            "level": "25-50",
            "weight": 8.0,
            "condition": {
                "biomes": [
                    "#cobblemon:nether/is_quartz"
                ],
                "neededBaseBlocks": [
                    "minecraft:quartz_block"
                ]
            }
        },
        {
            "id": "diancie-3",
            "pokemon": "diancie",
            "type": "pokemon",
            "context": "grounded",
            "bucket": "rare",
            "level": "25-50",
            "weight": 8.0,
            "condition": {
                "biomes": [
                    "the_bumblezone:crystal_canyon"
                ]
            },
            "anticondition": {
                "structures": [
                    "#the_bumblezone:sempiternal_sanctums"
                ]
            }
        },
		{
            "id": "diancie-4",
            "pokemon": "diancie",
            "presets": [
                "natural"
            ],
            "type": "pokemon",
            "context": "grounded",
            "bucket": "rare",
            "level": "10-35",
            "weight": 30.0,
            "condition": {
                "minSkyLight": 0,
                "maxSkyLight": 7,
                "biomes": [
                    "#cobblemon:is_overworld"
                ],
                "neededNearbyBlocks": [
                    "#cobblemon:gemstones"
                ]
            },
            "anticondition": {
                "biomes": [
                    "#cobblemon:is_deep_dark"
                ]
            }
        }
    ]
}