{
	"format_version": "1.8.0",
	"animations": {
		"animation.latias.air_idle": {
			"loop": true,
			"bones": {
				"body": {
					"rotation": [-16, 0, "(math.cos(q.anim_time *25*4-20)*0.8)"],
					"position": ["(math.cos(q.anim_time *25*4-20)*2)", "7.697+(math.cos(q.anim_time *50*4-20)*0.7)", "-2.7755+(math.sin(q.anim_time *50*4-20)*0.5)"]
				},
				"head": {
					"rotation": ["4-(math.sin(q.anim_time *50*4-120)*2)", 0, 0]
				},
				"hands_left": {
					"rotation": [31, "-10+(math.sin(q.anim_time *50*4-20)*5)", 0]
				},
				"hands_right": {
					"rotation": [31, "10-(math.sin(q.anim_time *50*4-20)*5)", 0]
				},
				"wing_left": {
					"rotation": [0, 0, "-45+(math.sin(q.anim_time *50*4-20)*2)"]
				},
				"foot_left": {
					"rotation": [0, 20, "-40+(math.sin(q.anim_time *50*4-20)*2)"]
				},
				"foot_right": {
					"rotation": [0, -20, "40-(math.sin(q.anim_time *50*4-20)*2)"]
				},
				"mouth": {
					"position": [0, 0, 0]
				},
				"wing_right": {
					"rotation": [0, 0, "45-(math.sin(q.anim_time *50*4-20)*2)"]
				},
				"wing_left2": {
					"rotation": [0, 0, "(math.sin(q.anim_time *50*4-20)*2)"]
				},
				"wing_right2": {
					"rotation": [0, 0, "-(math.sin(q.anim_time *50*4-20)*2)"]
				},
				"neck": {
					"rotation": ["-2-(math.sin(q.anim_time *50*4-20)*2)", 0, 0]
				},
				"neck2": {
					"rotation": ["-2-(math.sin(q.anim_time *50*4-120)*0.5)", 0, 0]
				}
			}
		},
		"animation.latias.sleep": {
			"loop": true,
			"bones": {
				"body": {
					"rotation": [-16, 0, "(math.cos(q.anim_time *12.5*4-20)*0.8)"],
					"position": ["(math.cos(q.anim_time *12.5*4-20)*2)", "7.697+(math.cos(q.anim_time *25*4-20)*0.5)", "-2.7755+(math.sin(q.anim_time *12.5*4-20)*0.5)"]
				},
				"head": {
					"rotation": ["2-(math.sin(q.anim_time *25*4-120)*3)", 0, 0]
				},
				"hands_left": {
					"rotation": [0, -5, 0],
					"position": [3.6, -1, 2]
				},
				"hands_right": {
					"rotation": [0, 5, 0],
					"position": [-3.6, -1, 2]
				},
				"wing_left": {
					"rotation": [0, 0, "-45+(math.sin(q.anim_time *25*4-20)*2)"]
				},
				"foot_left": {
					"rotation": [0, 20, "-40+(math.sin(q.anim_time *25*4-20)*2)"]
				},
				"foot_right": {
					"rotation": [0, -20, "40-(math.sin(q.anim_time *25*4-20)*2)"]
				},
				"mouth": {
					"position": [0, 0, 0]
				},
				"eye_left": {
					"position": [1, 0, 0]
				},
				"eye_right": {
					"position": [-1, 0, 0]
				},
				"arm_left": {
					"position": [9, 0, 0]
				},
				"arm_right": {
					"position": [-7, 0, 0]
				},
				"mouth_open": {
					"position": [0, -1, 0]
				},
				"wing_right": {
					"rotation": [0, 0, "45-(math.sin(q.anim_time *25*4-20)*2)"]
				},
				"neck": {
					"rotation": ["4-(math.sin(q.anim_time *25*4-20)*2)", 0, 0]
				},
				"neck2": {
					"rotation": ["7-(math.sin(q.anim_time *25*4-120)*0.5)", 0, 0]
				}
			}
		},
		"animation.latias.air_walk": {
			"loop": true,
			"bones": {
				"body": {
					"rotation": [0, "math.sin(q.anim_time *50*6+20)*0.1", "-math.sin(q.anim_time *50*6+20)*0.6"],
					"position": ["-0.0111+math.sin(q.anim_time *50*6+20)*0.4", "3+math.sin(q.anim_time *25*6+20)*0.4", "-0.6+math.sin(q.anim_time *50*3.5+20)*0.4"]
				},
				"head": {
					"rotation": ["-8+math.sin(q.anim_time *60*6+20)*0.1", 0, 0]
				},
				"hands_left": {
					"rotation": [51, -11, "-13+math.sin(q.anim_time *25*6+20)*3"],
					"position": [1.8, -2.3, 0]
				},
				"hands_right": {
					"rotation": [51, 11, "13-math.sin(q.anim_time *25*6+20)*3"],
					"position": [-1.8, -2.3, 0]
				},
				"foot_left": {
					"rotation": [0, 0, "-40+(math.sin(q.anim_time *50*6-20)*1.5)"]
				},
				"foot_right": {
					"rotation": [0, 0, "40-(math.sin(q.anim_time *50*6-20)*1.5)"]
				},
				"arm_left": {
					"rotation": [0, 0, "-33-math.sin(q.anim_time *25*6+20)*1"],
					"position": [1.25311, 0.82445, 0]
				},
				"arm_right": {
					"rotation": [0, 0, "33+math.sin(q.anim_time *25*6+20)*1"],
					"position": [-1.25311, 0.82445, 0]
				},
				"wing_left": {
					"rotation": [0, 0, -52]
				},
				"wing_right": {
					"rotation": [0, 0, 52]
				},
				"latias": {
					"position": [0, 0, -0.4]
				},
				"neck": {
					"rotation": ["-2+math.sin(q.anim_time *60*6+20)*0.5", 0, 0]
				},
				"neck2": {
					"rotation": ["math.sin(q.anim_time *60*6+20)*0.1", 0, 0]
				}
			}
		},
		"animation.latias.water_idle": {
			"loop": true,
			"bones": {
				"body": {
					"rotation": ["-math.cos(q.anim_time *50*2+20)*5", 0, 0],
					"position": [0, "2+math.sin(q.anim_time *50*2+20)*1.2", 0]
				},
				"head": {
					"rotation": ["-7+math.sin(q.anim_time *50*2+120)*3", 0, 0]
				},
				"hands_left": {
					"rotation": [0, -5, 0],
					"position": [3.6, -1, 2]
				},
				"hands_right": {
					"rotation": [0, 5, 0],
					"position": [-3.6, -1, 2]
				},
				"wing_left": {
					"rotation": [0, 0, "-45-math.sin(q.anim_time *50*2+20)*6"]
				},
				"foot_left": {
					"rotation": [0, 0, "-40-(math.sin(q.anim_time *50*2+20)*10)"]
				},
				"foot_right": {
					"rotation": [0, 0, "40+(math.sin(q.anim_time *50*2+20)*10)"]
				},
				"arm_left": {
					"position": [6, 0, 0]
				},
				"arm_right": {
					"position": [-7, 0, 0]
				},
				"wing_right": {
					"rotation": [0, 0, "45+math.sin(q.anim_time *50*2+20)*6"]
				},
				"latias": {
					"position": [0, 0, -1.2]
				},
				"wing_left2": {
					"rotation": [0, 0, "math.sin(q.anim_time *50*2+50)*6"]
				},
				"wing_right2": {
					"rotation": [0, 0, "-math.sin(q.anim_time *50*2+50)*6"]
				},
				"neck": {
					"rotation": ["math.sin(q.anim_time *50*2+20)*5", 0, 0]
				},
				"neck2": {
					"rotation": ["math.sin(q.anim_time *50*2+50)*5", 0, 0]
				}
			}
		},
		"animation.latias.water_swim": {
			"loop": true,
			"bones": {
				"body": {
					"rotation": ["-math.cos(q.anim_time *70*5+20)*4", 0, 0],
					"position": [0, "math.sin(q.anim_time *70*5+20)*1.2", 0]
				},
				"head": {
					"rotation": ["-6+math.sin(q.anim_time *70*5+90)*5", 0, 0]
				},
				"hands_left": {
					"rotation": [0, -5, 0],
					"position": [3.6, -1, 2]
				},
				"hands_right": {
					"rotation": [0, 5, 0],
					"position": [-3.6, -1, 2]
				},
				"wing_left": {
					"rotation": [0, 0, "-55+math.sin(q.anim_time *70*5+20)*2"]
				},
				"foot_left": {
					"rotation": [0, 0, "-40-(math.sin(q.anim_time *70*5+20)*3)"]
				},
				"foot_right": {
					"rotation": [0, 0, "40+(math.sin(q.anim_time *70*5+20)*3)"]
				},
				"arm_left": {
					"position": [6.7, 0, 0]
				},
				"arm_right": {
					"position": [-6.7, 0, 0]
				},
				"wing_right": {
					"rotation": [0, 0, "55-math.sin(q.anim_time *70*5+20)*2"]
				},
				"latias": {
					"position": [0, 0, -0.9]
				},
				"wing_left2": {
					"rotation": [0, 0, "math.sin(q.anim_time *70*5+20)*3"]
				},
				"wing_right2": {
					"rotation": [0, 0, "-math.sin(q.anim_time *70*5+20)*3"]
				},
				"neck": {
					"rotation": ["math.sin(q.anim_time *70*5+20)*2", 0, 0]
				},
				"neck2": {
					"rotation": ["math.sin(q.anim_time *70*5+50)*4", 0, 0]
				}
			}
		},
		"animation.latias.blink": {
			"animation_length": 0.1667,
			"bones": {
				"eye_left": {
					"position": [1, 0, 0]
				},
				"eye_right": {
					"position": [-2, 0, 0]
				}
			}
		},
		"animation.latias.cry": {
			"animation_length": 1.5417,
			"bones": {
				"neck": {
					"rotation": {
						"0.0": {
							"post": [0, 0, 0],
							"lerp_mode": "catmullrom"
						},
						"0.0833": {
							"post": [5, 0, 0],
							"lerp_mode": "catmullrom"
						},
						"0.2083": {
							"post": [10, 0, 0],
							"lerp_mode": "catmullrom"
						},
						"0.2917": {
							"post": [-2.5, 0, 0],
							"lerp_mode": "catmullrom"
						},
						"0.5833": {
							"post": [0, 0, 0],
							"lerp_mode": "catmullrom"
						},
						"1.0417": {
							"post": [2.5, 0, 0],
							"lerp_mode": "catmullrom"
						},
						"1.5417": {
							"post": [-2.5, 0, 0],
							"lerp_mode": "catmullrom"
						},
						"2.0417": {
							"post": [0, 0, 0],
							"lerp_mode": "catmullrom"
						}
					}
				},
				"eye_left": {
					"position": {
						"0.125": {"pre": [0, 0, 0], "post": [1, 0, 0]},
						"0.4167": {"pre": [1, 0, 0], "post": [0, 0, 0]}
					}
				},
				"eye_right": {
					"position": {
						"0.125": {"pre": [0, 0, 0], "post": [-1, 0, 0]},
						"0.4167": {"pre": [-1, 0, 0], "post": [0, 0, 0]}
					}
				}
			}
		},
		"animation.latias.battle_idle": {
			"loop": true,
			"bones": {
				"head": {
					"rotation": ["2-(math.sin(q.anim_time *60*4-120)*1.5)", 0, 0]
				},
				"body": {
					"rotation": [-21, 0, "(math.cos(q.anim_time *30*4-20)*0.8)"],
					"position": ["(math.cos(q.anim_time *30*4-20)*2)", "8.5208+(math.cos(q.anim_time *60*4-20)*0.4)", "-2.9544+(math.sin(q.anim_time *60*4-20)*0.5)"]
				},
				"wing_left": {
					"rotation": [0, 0, "-45+(math.sin(q.anim_time *60*4-20)*1)"]
				},
				"wing_right": {
					"rotation": [0, 0, "45-(math.sin(q.anim_time *60*4-20)*1)"]
				},
				"hand_left": {
					"rotation": [49.13647, "-5.1938+(math.sin(q.anim_time *60*4-20)*5)", -3.00825],
					"position": [0.52064, -1.98366, -3.43425]
				},
				"hand_right": {
					"rotation": [49.13647, "5.1938-(math.sin(q.anim_time *60*4-20)*5)", 3.00825],
					"position": [-0.52064, -1.98366, -3.43425]
				},
				"arm_left": {
					"rotation": [5.86314, "-22.2794778299+(math.sin(q.anim_time *60*4-20)*2)", -15.15549]
				},
				"arm_right": {
					"rotation": [5.86314, "22.2794778299-(math.sin(q.anim_time *60*4-20)*2)", 15.15549]
				},
				"neck": {
					"rotation": ["8-(math.sin(q.anim_time *60*4-20)*0.4)", 0, 0]
				},
				"wing_left2": {
					"rotation": [0, 0, "(math.sin(q.anim_time *60*4-20)*1)"]
				},
				"wing_right2": {
					"rotation": [0, 0, "-(math.sin(q.anim_time *60*4-20)*1)"]
				},
				"neck2": {
					"rotation": ["-3-(math.sin(q.anim_time *60*4-60)*1)", 0, 0]
				},
				"mouth_closed": {
					"position": [0, -1, 0]
				}
			}
		},
		"animation.latias.recoil": {
			"animation_length": 2.4167,
			"bones": {
				"body": {
					"rotation": {
						"0.0": {
							"post": [0, 0, 0],
							"lerp_mode": "catmullrom"
						},
						"0.2917": {
							"post": [-2.5, 0, 0],
							"lerp_mode": "catmullrom"
						},
						"0.625": {
							"post": [0, 0, 0],
							"lerp_mode": "catmullrom"
						},
						"0.9583": {
							"post": [-1, 0, 0],
							"lerp_mode": "catmullrom"
						},
						"1.375": {
							"post": [3.5, 0, 0],
							"lerp_mode": "catmullrom"
						},
						"1.75": {
							"post": [0, 0, 0],
							"lerp_mode": "catmullrom"
						}
					},
					"position": {
						"0.0": [0, 0, 0],
						"0.2917": [0, 1, 1],
						"0.625": [0, 0.1, 0]
					}
				},
				"neck": {
					"rotation": {
						"0.0833": {
							"pre": [0, 0, 0],
							"post": [0, 0, 0],
							"lerp_mode": "catmullrom"
						},
						"0.2083": {
							"post": [-5, 0, 0],
							"lerp_mode": "catmullrom"
						},
						"0.3333": {
							"post": [-7.5, 0, 0],
							"lerp_mode": "catmullrom"
						},
						"0.5417": {
							"post": [-5, 0, 0],
							"lerp_mode": "catmullrom"
						},
						"0.875": {
							"post": [-2.5, 0, 0],
							"lerp_mode": "catmullrom"
						},
						"1.0833": {
							"post": [-5, 0, 0],
							"lerp_mode": "catmullrom"
						},
						"1.3333": {
							"post": [2.5, 0, 0],
							"lerp_mode": "catmullrom"
						},
						"1.625": {
							"post": [0, 0, 0],
							"lerp_mode": "catmullrom"
						}
					}
				},
				"neck2": {
					"rotation": {
						"0.0": {
							"post": [0, 0, 0],
							"lerp_mode": "catmullrom"
						},
						"0.0417": {
							"post": [5.5, 0, 0],
							"lerp_mode": "catmullrom"
						},
						"0.125": {
							"post": [2, 0, 0],
							"lerp_mode": "catmullrom"
						},
						"0.2083": {
							"post": [2, 0, 0],
							"lerp_mode": "catmullrom"
						},
						"0.25": {
							"post": [-3, 0, 0],
							"lerp_mode": "catmullrom"
						},
						"0.625": {
							"post": [2, 0, 0],
							"lerp_mode": "catmullrom"
						},
						"0.7917": {
							"post": [0, 0, 0],
							"lerp_mode": "catmullrom"
						},
						"1.0": {
							"post": [-6.98, 0, 0],
							"lerp_mode": "catmullrom"
						},
						"1.2083": {
							"post": [1.09, 0, 0],
							"lerp_mode": "catmullrom"
						},
						"1.5": {
							"post": [0, 0, 0],
							"lerp_mode": "catmullrom"
						},
						"1.5833": {
							"post": [0, -0.7, 0],
							"lerp_mode": "catmullrom"
						},
						"1.875": {
							"post": [0, 0.7, 0],
							"lerp_mode": "catmullrom"
						},
						"2.125": {
							"post": [0, 0, 0],
							"lerp_mode": "catmullrom"
						}
					}
				},
				"head": {
					"rotation": {
						"0.0": {
							"post": [0, 0, 0],
							"lerp_mode": "catmullrom"
						},
						"0.0417": {
							"post": [5, 0, 0],
							"lerp_mode": "catmullrom"
						},
						"0.1667": {
							"post": [20.13, 0, 0],
							"lerp_mode": "catmullrom"
						},
						"0.2083": {
							"post": [10.13, 0, 0],
							"lerp_mode": "catmullrom"
						},
						"0.2917": {
							"post": [0.13, 0, 0],
							"lerp_mode": "catmullrom"
						},
						"0.4167": {
							"post": [-7.37, 0, 0],
							"lerp_mode": "catmullrom"
						},
						"0.625": {
							"post": [2.63, 0, 0],
							"lerp_mode": "catmullrom"
						},
						"0.875": {
							"post": [2.63, 0, 0],
							"lerp_mode": "catmullrom"
						},
						"1.0833": {
							"post": [-0.65, 0, 0],
							"lerp_mode": "catmullrom"
						},
						"1.2083": {
							"post": [11.62, 3.8, 0],
							"lerp_mode": "catmullrom"
						},
						"1.3333": {
							"post": [-0.64, 5, 0],
							"lerp_mode": "catmullrom"
						},
						"1.5833": {
							"post": [-0.19, -15.83, 0],
							"lerp_mode": "catmullrom"
						},
						"1.875": {
							"post": [0, 0, 0],
							"lerp_mode": "catmullrom"
						},
						"2.125": {
							"post": [0, 0, 0],
							"lerp_mode": "catmullrom"
						}
					}
				},
				"eyes_left": {
					"position": {
						"0.2917": {"pre": [0, 0, 0], "post": [1, 0, 0]},
						"0.75": {"pre": [1, 0, 0], "post": [0, 0, 0]}
					}
				},
				"eyes_right": {
					"position": {
						"0.2917": {"pre": [0, 0, 0], "post": [-1, 0, 0]},
						"0.75": {"pre": [-1, 0, 0], "post": [0, 0, 0]}
					}
				},
				"mouth_closed": {
					"position": {
						"0.75": {"pre": [0, 0, 0], "post": [0, -1, 0]},
						"1.7083": {"pre": [0, -1, 0], "post": [0, 0, 0]}
					}
				},
				"wing_left": {
					"rotation": {
						"0.125": {
							"pre": [0, 0, 0],
							"post": [0, 0, 0],
							"lerp_mode": "catmullrom"
						},
						"0.25": {
							"post": [0, 0, -10],
							"lerp_mode": "catmullrom"
						},
						"0.7083": {
							"post": [0, 0, 5],
							"lerp_mode": "catmullrom"
						},
						"1.1667": {
							"post": [0, 0, 0],
							"lerp_mode": "catmullrom"
						},
						"1.5": {
							"post": [0, 0, 10],
							"lerp_mode": "catmullrom"
						},
						"1.8333": {
							"post": [0, 0, -3.47],
							"lerp_mode": "catmullrom"
						},
						"2.25": {
							"post": [0, 0, 0],
							"lerp_mode": "catmullrom"
						}
					}
				},
				"wing_left2": {
					"rotation": {
						"0.9583": [0, 0, 0],
						"1.375": [0, 0, -7.5],
						"1.7083": [0, 0, 2.5],
						"2.0833": [0, 0, 0]
					}
				},
				"wing_right": {
					"rotation": {
						"0.125": {
							"pre": [0, 0, 0],
							"post": [0, 0, 0],
							"lerp_mode": "catmullrom"
						},
						"0.25": {
							"post": [0, 0, 10],
							"lerp_mode": "catmullrom"
						},
						"0.7083": {
							"post": [0, 0, -5],
							"lerp_mode": "catmullrom"
						},
						"1.1667": {
							"post": [0, 0, 0],
							"lerp_mode": "catmullrom"
						},
						"1.5": {
							"post": [0, 0, -10],
							"lerp_mode": "catmullrom"
						},
						"1.8333": {
							"post": [0, 0, 3.47],
							"lerp_mode": "catmullrom"
						},
						"2.25": {
							"post": [0, 0, 0],
							"lerp_mode": "catmullrom"
						}
					}
				},
				"wing_right2": {
					"rotation": {
						"0.9583": [0, 0, 0],
						"1.375": [0, 0, 7.5],
						"1.7083": [0, 0, -2.5],
						"2.0833": [0, 0, 0]
					}
				},
				"arm_left": {
					"rotation": {
						"0.1667": {
							"pre": [0, 0, 0],
							"post": [0, 0, 0],
							"lerp_mode": "catmullrom"
						},
						"0.2917": {
							"post": [0, 12.5, -15],
							"lerp_mode": "catmullrom"
						},
						"0.875": {
							"post": [0, 0, 0],
							"lerp_mode": "catmullrom"
						}
					}
				},
				"arm_right": {
					"rotation": {
						"0.1667": {
							"pre": [0, 0, 0],
							"post": [0, 0, 0],
							"lerp_mode": "catmullrom"
						},
						"0.2917": {
							"post": [0, -12.5, 15],
							"lerp_mode": "catmullrom"
						},
						"0.875": {
							"post": [0, 0, 0],
							"lerp_mode": "catmullrom"
						}
					}
				},
				"hand_left": {
					"rotation": {
						"0.0417": {
							"pre": [0, 0, 0],
							"post": [0, 0, 0],
							"lerp_mode": "catmullrom"
						},
						"0.125": {
							"post": [0, -12.5, 0],
							"lerp_mode": "catmullrom"
						},
						"0.2917": {
							"post": [-10, 37.5, 15],
							"lerp_mode": "catmullrom"
						},
						"1.0417": {
							"post": [-10, 2.5, 0],
							"lerp_mode": "catmullrom"
						},
						"1.5833": {
							"post": [0, 0, 0],
							"lerp_mode": "catmullrom"
						}
					},
					"position": {
						"0.1667": [0, 0, 0],
						"0.2917": [0, 0, 2],
						"1.6667": [0, 0, 0]
					}
				},
				"hand_right": {
					"rotation": {
						"0.0417": {
							"pre": [0, 0, 0],
							"post": [0, 0, 0],
							"lerp_mode": "catmullrom"
						},
						"0.125": {
							"post": [0, 12.5, 0],
							"lerp_mode": "catmullrom"
						},
						"0.2917": {
							"post": [-10, -37.5, -15],
							"lerp_mode": "catmullrom"
						},
						"1.0417": {
							"post": [-10, -2.5, 0],
							"lerp_mode": "catmullrom"
						},
						"1.5833": {
							"post": [0, 0, 0],
							"lerp_mode": "catmullrom"
						}
					},
					"position": {
						"0.1667": [0, 0, 0],
						"0.2917": [0, 0, 2],
						"1.6667": [0, 0, 0]
					}
				},
				"mouth_recoil": {
					"position": {
						"0.2917": {"pre": [0, 0, 0], "post": [0, -1, 0]},
						"0.75": {"pre": [0, -1, 0], "post": [0, 0, 0]}
					}
				}
			}
		}
	}
}