{
	"format_version": "1.8.0",
	"animations": {
		"animation.salamence.ground_idle": {
			"loop": true,
			"animation_length": 16.08333,
			"bones": {
				"bone": {
					"rotation": [0, 0, 0],
					"position": [0, 0, 0],
					"scale": 1
				},
				"base": {
					"rotation": [0, 0, 0],
					"position": [0, "1+Math.cos((query.anim_time) * 90 * 1) * -0.5", 0],
					"scale": 1
				},
				"head": {
					"rotation": ["2+Math.cos((query.anim_time-0.8) * 90 * 1) * -3", 0, 0]
				},
				"wing2": {
					"rotation": [0, 0, "20+Math.cos((query.anim_time) * 90 * 2) * -3"]
				},
				"wing": {
					"rotation": [0, 0, "-20+Math.cos((query.anim_time) * 80 * 2) * -3"]
				},
				"jaw": {
					"rotation": ["-0.5+Math.cos((query.anim_time) * 90 * 1) * -3", 0, 0]
				},
				"tail_base": {
					"rotation": ["Math.cos((query.anim_time) * 90 * 1) * -3", "-25+Math.cos((query.anim_time) * 90 * 1) * -3", 0]
				},
				"tailjoint1": {
					"rotation": ["Math.cos((query.anim_time) * 90 * 1) * -2", "-15+Math.cos((query.anim_time) * 90 * 1) * -3", 0],
					"position": [0, 0, 0]
				},
				"tailjoint2": {
					"rotation": ["-10+Math.cos((query.anim_time) * 90 * 1) * -3", "-20+Math.cos((query.anim_time) * 90 * 1) * -25", 0]
				},
				"tailjoint3": {
					"rotation": [0, "-20+Math.cos((query.anim_time) * 90 * 1) * -25", 0]
				},
				"tailtip": {
					"rotation": ["Math.cos((query.anim_time) * 90 * 1) * 10", "Math.cos((query.anim_time) * 90 * 1) * -10", 0]
				}
			}
		},
		"animation.salamence.air_idle": {
			"loop": true,
			"bones": {
				"bone": {
					"position": [0, "1+Math.cos((query.anim_time) * 90 * 1) * 1", 0]
				},
				"head": {
					"rotation": [22.5, 0, 0]
				},
				"jaw": {
					"rotation": ["-37.5+Math.cos((query.anim_time) * 90 * 0.5) * -5", 0, 0]
				},
				"head_base": {
					"rotation": [-17.5, 0, 0]
				},
				"tail_base": {
					"rotation": [0, "Math.cos((query.anim_time) * 90 * 2) * 10", 0]
				},
				"tailjoint1": {
					"rotation": [0, "Math.cos((query.anim_time-0.25) * 90 * 2) * 10", 0]
				},
				"tailjoint2": {
					"rotation": [0, "Math.cos((query.anim_time-0.5) * 90 * 2) * 10", 0]
				},
				"tailjoint3": {
					"rotation": [0, "Math.cos((query.anim_time-0.75) * 90 * 2) * 10", 0]
				},
				"tailtip": {
					"rotation": [0, "Math.cos((query.anim_time-1) * 90 * 2) * 10", 0]
				},
				"wing2": {
					"rotation": [0, 0, 30]
				},
				"wing": {
					"rotation": [0, 0, -30]
				},
				"foreleg1": {
					"rotation": [0, 0, -27.5]
				},
				"LEG2": {
					"rotation": [0, 0, 7.5]
				},
				"foreleg2": {
					"rotation": [0, 0, 25]
				},
				"foreleg3": {
					"rotation": [0, 0, -40]
				},
				"foreleg4": {
					"rotation": [0, 0, 37.5]
				},
				"toes2": {
					"rotation": [0, 0, 117.5],
					"position": [0, 0, 0]
				},
				"toes4": {
					"rotation": [0, 0, 107.5]
				},
				"toes3": {
					"rotation": [0, 0, -117.5]
				},
				"toes1": {
					"rotation": [0, 0, -125],
					"position": [0, 0, 0],
					"scale": 1
				}
			}
		},
		"animation.salamence.air_fly": {
			"loop": true,
			"bones": {
				"bone": {
					"rotation": [0, "Math.cos((query.anim_time) * 90 * 1) * 2", 0],
					"position": [0, "Math.cos((query.anim_time) * 90 * 2) * 1", 0]
				},
				"head": {
					"rotation": ["22.5+Math.cos((query.anim_time-1) * 90 * 0.5) * 5", 0, 0]
				},
				"jaw": {
					"rotation": ["-37.5+Math.cos((query.anim_time-1) * 90 * 0.5) * -15", 0, 0]
				},
				"head_base": {
					"rotation": ["-17.5+Math.cos((query.anim_time-1) * 90 * 0.5) * -10", 0, 0]
				},
				"tail_base": {
					"rotation": [0, "Math.cos((query.anim_time) * 90 * 2) * 10", 0]
				},
				"tailjoint1": {
					"rotation": [0, "Math.cos((query.anim_time-0.25) * 90 * 2) * 10", 0]
				},
				"tailjoint2": {
					"rotation": [0, "Math.cos((query.anim_time-0.5) * 90 * 2) * 10", 0]
				},
				"tailjoint3": {
					"rotation": [0, "Math.cos((query.anim_time-0.75) * 90 * 2) * 10", 0]
				},
				"tailtip": {
					"rotation": [0, "Math.cos((query.anim_time-1) * 90 * 2) * 10", 0]
				},
				"wing2": {
					"rotation": [0, 0, "30+Math.cos((query.anim_time+0.25) * 90 * 0.5) * -10"]
				},
				"wing": {
					"rotation": [0, 0, "-30+Math.cos((query.anim_time) * 90 * 0.5) * 10"]
				},
				"LEG1": {
					"rotation": [0, 0, "Math.cos((query.anim_time-1) * 90 * 0.5) * 2"]
				},
				"foreleg1": {
					"rotation": [0, 0, -35]
				},
				"toes1": {
					"rotation": [0, 0, -117.5]
				},
				"LEG2": {
					"rotation": [0, 0, "Math.cos((query.anim_time) * 90 * 0.5) * -2"]
				},
				"foreleg2": {
					"rotation": [0, 0, 35]
				},
				"toes2": {
					"rotation": [0, 0, 90]
				},
				"LEG3": {
					"rotation": [0, 0, "Math.cos((query.anim_time) * 90 * 0.5) * 2"]
				},
				"foreleg3": {
					"rotation": [0, 0, -42.5]
				},
				"toes3": {
					"rotation": [0, 0, -105]
				},
				"LEG4": {
					"rotation": [0, 0, "Math.cos((query.anim_time-1) * 90 * 0.5) * -2"]
				},
				"foreleg4": {
					"rotation": [0, 0, 35]
				},
				"toes4": {
					"rotation": [0, 0, 110]
				}
			}
		},
		"animation.salamence.ground_walk": {
			"loop": true,
			"bones": {
				"base": {
					"rotation": [0, 0, 0],
					"position": [0, "1+Math.cos((query.anim_time) * 90 * 5) * 0.1", 0]
				},
				"head": {
					"rotation": ["+Math.cos((query.anim_time-1) * 90 * 0.5) * 5", 0, 0]
				},
				"tail_base": {
					"rotation": [0, "Math.cos((query.anim_time) * 90 * 2) * 10", 0]
				},
				"tailjoint1": {
					"rotation": [0, "Math.cos((query.anim_time-0.25) * 90 * 2) * 10", 0]
				},
				"tailjoint2": {
					"rotation": [0, "Math.cos((query.anim_time-0.5) * 90 * 2) * 10", 0]
				},
				"tailjoint3": {
					"rotation": [0, "Math.cos((query.anim_time-0.75) * 90 * 2) * 10", 0]
				},
				"tailtip": {
					"rotation": [0, "Math.cos((query.anim_time-1) * 90 * 2) * 10", 0]
				},
				"wing2": {
					"rotation": [0, 0, "15+Math.cos((query.anim_time+0.5) * 90 * 2) * -20"]
				},
				"wing": {
					"rotation": [0, 0, "-15-Math.cos((query.anim_time+0.75) * 90 * 2) * -20"]
				},
				"LEG1": {
					"rotation": [
						"math.clamp(math.sin(query.anim_time*90*2*2+20)*20,-15,14)+math.clamp(math.sin(query.anim_time*90*2*2+20)*30,10,30)+math.clamp(-math.sin(query.anim_time*90*2*2+20)*15,6,3)-29.7169",
						-14.8454,
						-2.17258
					]
				},
				"foreleg1": {
					"rotation": ["-math.clamp(math.sin(query.anim_time*90*2*2+30)*-10,0,50)-math.clamp(math.sin(query.anim_time*90*2*2+30*2)*-45,-25,-8)", 0, 0]
				},
				"LEG2": {
					"rotation": [
						"math.clamp(math.sin(query.anim_time*90*2*2+100)*20,-15,14)+math.clamp(math.sin(query.anim_time*90*2*2+100)*30,10,30)+math.clamp(-math.sin(query.anim_time*90*2*2+100)*15,6,3)-29.5626",
						11.76916,
						4.24155
					]
				},
				"foreleg2": {
					"rotation": ["-0.3047+math.clamp(math.sin(query.anim_time*90*2*2+30)*-10,0,50)+math.clamp(math.sin(query.anim_time*90*2*2+30)*-45,-25,-8)", 12.17464, -2.85501]
				},
				"LEG3": {
					"rotation": [
						"math.clamp(math.sin(query.anim_time*90*2*2+60)*20,-15,14)+math.clamp(math.sin(query.anim_time*90*2*2+60)*30,10,30)+math.clamp(-math.sin(query.anim_time*90*2*2+60)*15,6,3)",
						0,
						0
					]
				},
				"foreleg3": {
					"rotation": ["-30.5606-math.clamp(math.sin(query.anim_time*90*2*2+30)*-10,0,50)-math.clamp(math.sin(query.anim_time*90*2*2+30*2)*-45,-25,-8)", -17.42265, 1.6697]
				},
				"LEG4": {
					"rotation": [
						"math.clamp(math.sin(query.anim_time*90*2*2-80)*20,-15,14)+math.clamp(math.sin(query.anim_time*90*2*2-80)*30,10,30)+math.clamp(-math.sin(query.anim_time*90*2*2-80)*15,6,3)-30",
						0,
						0
					]
				},
				"foreleg4": {
					"rotation": ["19.0775+math.clamp(math.sin(query.anim_time*90*2*2+30)*-10,0,50)+math.clamp(math.sin(query.anim_time*90*2*2+30)*-45,-25,-8)", 34.95196, -1.96233]
				}
			}
		},
		"animation.salamence.blink": {
			"animation_length": 0.25,
			"bones": {
				"eyelid": {
					"position": {
						"0.0": [1, 0, 0],
						"0.2083": [1, 0, 0],
						"0.25": [0, 0, 0]
					}
				},
				"eyelid2": {
					"position": {
						"0.0": [-1, 0, 0],
						"0.2083": [-1, 0, 0],
						"0.25": [0, 0, 0]
					}
				}
			}
		}
	}
}