{
  "head": "head",
  "portraitScale": 1.25,
  "portraitTranslation": [
    0,
    0.3,
    0
  ],
  "profileScale": 1,
  "profileTranslation": [
    0,
    0.3,
    0
  ],
  "poses": {
    "standing": {
      "poseName": "standing",
      "transformTicks": 10,
      "poseTypes": [
        "STAND",
        "NONE",
        "PORTRAIT",
        "PROFILE",
        "SLEEP"
      ],
      "animations": [
        "look",
        "bedrock(bagon, ground_idle)"
      ]
    },
    "walking": {
      "poseName": "walking",
      "transformTicks": 10,
      "poseTypes": [
        "WALK"
      ],
      "animations": [
        "bedrock(bagon, ground_walk)"
      ]
    },
    "sleeping": {
      "poseName": "sleeping",
      "transformTicks": 10,
      "poseTypes": [
        "SLEEP"
      ],
      "animations": [
        "bedrock(bagon, sleep)"
      ]
    }
  }
}