{
  "head": "head",
  "portraitScale": 1,
  "portraitTranslation": [
    0,
    0.2,
    0
  ],
  "profileScale": 1,
  "profileTranslation": [
    0,
    0.2,
    0
  ],
  "poses": {
    "standing": {
      "poseName": "standing",
      "transformTicks": 10,
      "poseTypes": [
        "STAND",
        "NONE",
        "PORTRAIT",
        "PROFILE"
      ],
      "animations": [
        "bedrock(shelgon, ground_idle)"
      ]
    },
    "walking": {
      "poseName": "walking",
      "transformTicks": 10,
      "poseTypes": [
        "WALK"
      ],
      "animations": [
        "bedrock(shelgon, ground_walk)"
      ]
    }
  }
}