{
    "target": "cobblemon:mew",
	"shoulderMountable": true,
	  "baseScale": 0.65,
  "hitbox": {
    "width": 0.6,
    "height": 1.2,
    "fixed": false
  },
    "behaviour": {
        "resting": {
            "canSleep": true,
            "depth": "normal",
            "light": "0-4"
        },
        "moving": {
            "canLook": true,
            "walk": {
                "canWalk": true,
                "walkSpeed": 0.4
            },
            "fly": {
                "canFly": true,
                "flySpeedHorizontal": 0.3
            }
        }
    }
}