{
	"format_version": "1.8.0",
	"animations": {
		"animation.regidrago.ground_idle": {
			"loop": true,
			"animation_length": 2,
			"bones": {
				"body": {
					"rotation": [-7.5, 0, 0]
				},
				"torso": {
					"rotation": [2.5, 0, 0],
					"position": [0, "1+Math.cos((query.anim_time - 0.0) * 180) * 0.25", 0]
				},
				"arm_right": {
					"rotation": [-6.94294, -1.45883, "-54.635706402+Math.cos((query.anim_time - 0.0) * 180) * 8"],
					"position": [7, -1, 0]
				},
				"arm_left": {
					"rotation": [-4.72003, -1.21858, "52.342816586-Math.cos((query.anim_time - 0.0) * 180) * 8"],
					"position": [-8, -1, -1]
				},
				"leg_left": {
					"rotation": ["Math.cos((query.anim_time - 0.0) * 180) * 1 ", 0, 0],
					"position": [0, "0+Math.cos((query.anim_time - 0.0) * 180) * 0.25", 0]
				},
				"leg_right": {
					"rotation": ["Math.cos((query.anim_time - 0.0) * 180) * 1 ", 0, 0],
					"position": [0, "0+Math.cos((query.anim_time - 0.0) * 180) * 0.25", 0]
				}
			}
		},
		"animation.regidrago.blink": {
			"animation_length": 0.1667,
			"bones": {
				"eyelid_center": {
					"position": {
						"0.0": [0, 0, -0.1],
						"0.125": [0, 0, -0.1],
						"0.1667": [0, 0, 0]
					}
				},
				"eyelid_bottom": {
					"position": {
						"0.0": [0, 0, -0.1],
						"0.125": [0, 0, -0.1],
						"0.1667": [0, 0, 0]
					}
				},
				"eyelid_top": {
					"position": {
						"0.0": [0, 0, -0.1],
						"0.125": [0, 0, -0.1],
						"0.1667": [0, 0, 0]
					}
				},
				"eyelid_left_top": {
					"position": {
						"0.0": [0, 0, -0.1],
						"0.125": [0, 0, -0.1],
						"0.1667": [0, 0, 0]
					}
				},
				"eyelid_left_bottom": {
					"position": {
						"0.0": [0, 0, -0.1],
						"0.125": [0, 0, -0.1],
						"0.1667": [0, 0, 0]
					}
				},
				"eyelid_right_top": {
					"position": {
						"0.0": [0, 0, -0.1],
						"0.125": [0, 0, -0.1],
						"0.1667": [0, 0, 0]
					}
				},
				"eyelid_right_bottom": {
					"position": {
						"0.0": [0, 0, -0.1],
						"0.125": [0, 0, -0.1],
						"0.1667": [0, 0, 0]
					}
				}
			}
		},
		"animation.regidrago.physical": {
			"animation_length": 2,
			"bones": {
				"body": {
					"position": [0, 24, 0]
				},
				"torso": {
					"rotation": {
						"0.0": [5, 0, 0],
						"1.3333": [5.40961, -22.40972, -2.06754],
						"1.375": [15.38401, -21.00911, -1.93832],
						"2.0": [5, 0, 0]
					}
				},
				"arm_right": {
					"rotation": {
						"0.0": [-90, -67.5, 89.99999],
						"0.0417": [-83.4471, -67.40899, 83.4471],
						"0.0833": [-70.38495, -67.22757, 70.38495],
						"0.125": [-54.46219, -67.00642, 54.46219],
						"0.1667": [-36.99787, -66.76386, 36.99787],
						"0.2083": [-18.68907, -66.50957, 18.68907],
						"0.2917": [18.68907, -65.99043, -18.68907],
						"0.3333": [36.99787, -65.73614, -36.99787],
						"0.375": [54.46219, -65.49358, -54.46219],
						"0.4167": [70.38495, -65.27243, -70.38495],
						"0.4583": [83.4471, -65.09101, -83.4471],
						"0.5": [89.99999, -65, -89.99999],
						"0.5417": [84.70475, -64.44979, -84.37163],
						"0.5833": [73.70432, -63.31408, -72.68304],
						"0.625": [59.99, -61.90902, -58.11652],
						"0.6667": [44.74849, -60.36143, -41.93529],
						"0.7083": [28.6319, -58.74272, -24.83441],
						"0.7917": [-4.49173, -55.49253, 10.27156],
						"0.8333": [-20.70804, -53.95943, 27.42759],
						"0.875": [-36.01386, -52.57805, 43.58561],
						"0.9167": [-49.46486, -51.47879, 57.72477],
						"0.9583": [-58.73234, -50.98766, 67.32538],
						"1.0": [-61.03878, -52.2938, 69.44582],
						"1.0417": [-59.48966, -55.17103, 67.46797],
						"1.0833": [-55.81609, -58.88756, 63.22916],
						"1.125": [-50.94397, -63.04688, 57.71155],
						"1.2083": [-40.02101, -71.62721, 45.40039],
						"1.25": [-35.07135, -75.54121, 39.77118],
						"1.2917": [-31.42803, -78.74252, 35.51156],
						"1.3333": [-30.47744, -80.55267, 34.08324],
						"1.375": [-25.40661, -80.82113, 28.56234],
						"1.4167": [-8.00781, -80.14424, 10.54679],
						"1.4583": [17.6779, -78.61708, -15.86185],
						"1.5": [42.63126, -76.68435, -41.51565],
						"1.5417": [58.05136, -74.91167, -57.49171],
						"1.5833": {
							"pre": [60.33617, -73.63726, -60.14101],
							"post": [60.33617, -73.63726, -60.14101],
							"lerp_mode": "catmullrom"
						},
						"1.6667": {
							"post": [-47.68116, -68.18173, 51.102],
							"lerp_mode": "catmullrom"
						},
						"1.8333": {
							"post": [82.90258, -70.11111, -82.12936],
							"lerp_mode": "catmullrom"
						},
						"2.0": [-90, -67.5, 89.99999]
					},
					"position": {
						"0.0": [19, 3, 3],
						"0.0417": [19, 3, 2.78157],
						"0.0833": [19, 3, 2.34617],
						"0.125": [19, 3, 1.81541],
						"0.1667": [19, 3, 1.23326],
						"0.2083": [19, 3, 0.62297],
						"0.2917": [19, 3, -0.62297],
						"0.3333": [19, 3, -1.23326],
						"0.375": [19, 3, -1.81541],
						"0.4167": [19, 3, -2.34617],
						"0.4583": [19, 3, -2.78157],
						"0.5": [19, 3, -3],
						"0.5417": [19, 2.84975, -3.39166],
						"0.5833": [19, 2.59664, -4.05142],
						"0.625": [19, 2.30783, -4.80427],
						"0.6667": [19, 1.99974, -5.60734],
						"0.7083": [19, 1.67959, -6.44186],
						"0.75": [19, 1.35142, -7.29731],
						"1.0": [19, -0.68037, -12.59349],
						"1.0833": [19, -1.35142, -14.34269],
						"1.125": [19, -1.67959, -15.19814],
						"1.1667": [19, -1.99974, -16.03266],
						"1.2083": [19, -2.30783, -16.83573],
						"1.25": [19, -2.59664, -17.58858],
						"1.2917": [19, -2.84975, -18.24834],
						"1.3333": [19, -3, -18.64],
						"2.0": [19, 3, 3]
					}
				},
				"arm_left": {
					"rotation": {
						"0.0": [-450, 57.5, -270],
						"0.0417": [-443.44711, 58.13709, -263.44711],
						"0.0833": [-430.38495, 59.40702, -250.38495],
						"0.125": [-414.46219, 60.95506, -234.46219],
						"0.1667": [-396.99787, 62.65298, -216.99787],
						"0.2083": [-378.68907, 64.43301, -198.68907],
						"0.2917": [-341.31092, 68.06699, -161.31092],
						"0.3333": [-323.00213, 69.84702, -143.00213],
						"0.375": [-305.5378, 71.54494, -125.5378],
						"0.4167": [-289.61504, 73.09298, -109.61504],
						"0.4583": [-276.55289, 74.36291, -96.55289],
						"0.5": [-269.99999, 75, -89.99999],
						"0.5417": [-275.35829, 74.32566, -95.59189],
						"0.5833": [-286.48897, 72.92669, -107.20515],
						"0.625": [-300.36459, 71.18542, -121.67838],
						"0.6667": [-315.78396, 69.2539, -137.75674],
						"0.7083": [-332.08686, 67.21613, -154.74987],
						"0.7917": [-365.58569, 63.04807, -189.63883],
						"0.8333": [-381.97986, 61.02274, -206.69198],
						"0.875": [-397.44697, 59.12831, -222.7567],
						"0.9167": [-411.02821, 57.49351, -236.82052],
						"0.9583": [-420.35872, 56.4369, -246.38464],
						"1.0": [-420.56482, 57.22449, -246.4197],
						"1.0417": [-414.24489, 59.66901, -239.70627],
						"1.0833": [-404.40002, 62.99572, -229.34385],
						"1.125": [-392.64902, 66.78435, -217.00357],
						"1.1667": [-380.10689, 70.74245, -203.83557],
						"1.2083": [-367.73964, 74.61318, -190.83525],
						"1.25": [-356.60183, 78.11218, -179.08802],
						"1.2917": [-348.16006, 80.83942, -170.102],
						"1.3333": [-345.06614, 82.06671, -166.60257],
						"1.375": [-342.6902, 81.28638, -163.74631],
						"1.4167": [-333.58236, 78.79921, -153.79286],
						"1.4583": [-320.47885, 74.91411, -139.6053],
						"1.5": [-308.9136, 70.59171, -126.99296],
						"1.5417": [-303.9619, 66.92304, -121.29554],
						"1.5833": {
							"pre": [-307.43784, 64.47913, -124.43177],
							"post": [-307.43784, 64.47913, -124.43177],
							"lerp_mode": "catmullrom"
						},
						"1.6667": {
							"post": [-391.44175, 60.30428, -215.38365],
							"lerp_mode": "catmullrom"
						},
						"1.8333": {
							"post": [-299.40036, 74.20809, -118.57368],
							"lerp_mode": "catmullrom"
						},
						"2.0": [-450, 57.5, -270]
					},
					"position": {
						"0.0": [-19, -27, 7],
						"0.0417": [-19, -27, 6.78157],
						"0.0833": [-19, -27, 6.34617],
						"0.125": [-19, -27, 5.81541],
						"0.1667": [-19, -27, 5.23326],
						"0.2083": [-19, -27, 4.62297],
						"0.2917": [-19, -27, 3.37703],
						"0.3333": [-19, -27, 2.76674],
						"0.375": [-19, -27, 2.18459],
						"0.4167": [-19, -27, 1.65383],
						"0.4583": [-19, -27, 1.21843],
						"0.5": [-19, -27, 1],
						"0.5417": [-19, -26.92487, 0.58329],
						"0.5833": [-19, -26.79832, -0.11864],
						"0.625": [-19, -26.65391, -0.91963],
						"0.6667": [-19, -26.49987, -1.77405],
						"0.7083": [-19, -26.3398, -2.66193],
						"0.75": [-19, -26.17571, -3.57207],
						"0.7917": [-19, -26.00887, -4.49748],
						"1.0": [-19, -25.15982, -9.20689],
						"1.0417": [-19, -24.99113, -10.14252],
						"1.0833": [-19, -24.82429, -11.06793],
						"1.125": [-19, -24.6602, -11.97807],
						"1.1667": [-19, -24.50013, -12.86595],
						"1.2083": [-19, -24.34609, -13.72037],
						"1.25": [-19, -24.20168, -14.52136],
						"1.2917": [-19, -24.07513, -15.22329],
						"1.3333": [-19, -24, -15.64],
						"2.0": [-19, -27, 7]
					}
				},
				"leg_left": {
					"rotation": {
						"0.0": [-10, 0, -7.5],
						"2.0": [-10, 0, -7.5]
					}
				},
				"leg_right": {
					"rotation": {
						"0.0": [-10, 0, 7.5],
						"2.0": [-10, 0, 7.5]
					}
				},
				"regidrago": {
					"rotation": {
						"0.0": [0, 0, 0],
						"0.6667": [15, 0, 0]
					},
					"position": {
						"0.0": [0, 0, 0],
						"0.0417": [0, 0, 0.40045],
						"0.0833": [0, 0, 1.1987],
						"0.125": [0, 0, 2.17175],
						"0.1667": [0, 0, 3.23902],
						"0.2083": [0, 0, 4.35789],
						"0.2917": [0, 0, 6.64211],
						"0.3333": [0, 0, 7.76098],
						"0.375": [0, 0, 8.82825],
						"0.4167": [0, 0, 9.8013],
						"0.4583": [0, 0, 10.59955],
						"0.5": [0, 0, 11],
						"0.5417": [0, 0, 13.32675],
						"0.5833": [0, 0, 25.27622],
						"0.625": [0, 0, 36.98796],
						"0.6667": [0, 0, 38.99],
						"0.7083": [0, 0, 37.62227],
						"0.75": [0, 0, 34.49198],
						"0.7917": [0, 0, 30.19634],
						"0.8333": [0, 0, 25.40526],
						"0.875": [0, 0, 20.81762],
						"0.9167": [0, 0, 17.11162],
						"0.9583": [0, 0, 14.9],
						"1.0": [0, 0, 13.91714],
						"1.0417": [0, 0, 13.11571],
						"1.0833": [0, 0, 12.37563],
						"1.125": [0, 0, 11.67052],
						"1.1667": [0, 0, 10.98926],
						"1.2083": [0, 0, 10.32601],
						"1.25": [0, 0, 9.67724],
						"1.2917": [0, 0, 9.04056],
						"1.4583": [0, 0, 6.59119],
						"1.625": [0, 0, 4.27553],
						"1.7083": [0, 0, 3.17028],
						"1.75": [0, 0, 2.63354],
						"1.7917": [0, 0, 2.10973],
						"1.8333": [0, 0, 1.60178],
						"1.875": [0, 0, 1.11455],
						"1.9167": [0, 0, 0.65737],
						"1.9583": [0, 0, 0.25232],
						"2.0": [0, 0, 0]
					}
				}
			}
		},
		"animation.regidrago.battle_idle": {
			"loop": true,
			"animation_length": 2,
			"bones": {
				"regidrago": {
					"rotation": ["2.5-Math.cos((query.anim_time - 0.0) * 180) * 10", 0, 0],
					"position": [0, 0, 0]
				},
				"torso": {
					"rotation": [5, 0, 0]
				},
				"arm_left": {
					"rotation": [-450, "57.5-Math.cos((query.anim_time - 0.0) * 180) * 20", -270],
					"position": [-19, -27, 7]
				},
				"arm_right": {
					"rotation": [-90, "-67.5+Math.cos((query.anim_time - 0.0) * 180) * 20", 89.99999],
					"position": [19, 3, 3]
				},
				"leg_left": {
					"rotation": [57.5, 0, -7.5],
					"position": [0, 1, -2]
				},
				"leg_right": {
					"rotation": [60, 0, 7.5],
					"position": [0, 1, -4]
				}
			}
		},
		"animation.regidrago.cry": {
			"animation_length": 2.5,
			"bones": {
				"regidrago": {
					"rotation": {
						"0.0": [0, 0, 0],
						"2.5": [0, 0, 0]
					},
					"position": {
						"0.0": [0, 48, 0],
						"2.5": [0, 0, 0]
					}
				},
				"torso": {
					"rotation": {
						"0.0": [5, 0, 0],
						"2.4583": [2.5, 0, 0]
					},
					"position": [0, 1, 0]
				},
				"arm_left": {
					"rotation": {
						"0.0": [-450, 57.5, -270],
						"0.25": {
							"pre": [-450, 57.5, -270],
							"post": [-450, 57.5, -270],
							"lerp_mode": "catmullrom"
						},
						"0.375": {
							"post": [-450, 25, -270],
							"lerp_mode": "catmullrom"
						},
						"0.5": {
							"post": [-443.51486, 47.85264, -256.16794],
							"lerp_mode": "catmullrom"
						},
						"0.7083": {
							"post": [-455.87658, 17.84497, -281.35651],
							"lerp_mode": "catmullrom"
						},
						"0.875": {
							"post": [-447.54041, 41.75521, -265.81278],
							"lerp_mode": "catmullrom"
						},
						"1.0417": {
							"post": [-617.96258, 81.57618, -435.44104],
							"lerp_mode": "catmullrom"
						},
						"1.1667": {
							"post": [-550.27482, 87.66449, -366.6497],
							"lerp_mode": "catmullrom"
						},
						"1.3333": {
							"post": [-588.05993, 80.51881, -402.85143],
							"lerp_mode": "catmullrom"
						},
						"1.5": {
							"post": [-526.33501, 77.17472, -337.27781],
							"lerp_mode": "catmullrom"
						},
						"1.625": {
							"post": [-566.92794, 72.89769, -377.72034],
							"lerp_mode": "catmullrom"
						},
						"2.0": [-450, 57.5, -270],
						"2.4583": [-4.72003, -1.21858, 52.34282]
					},
					"position": {
						"0.0": [-19, -19, 7],
						"0.375": {
							"pre": [-19, -33.42, 7],
							"post": [-19, -33.42, 7],
							"lerp_mode": "catmullrom"
						},
						"2.0": [-19, -27, 7],
						"2.4583": [-8, -1, -1]
					},
					"scale": {
						"0.0": [1.5, 1.5, 1.5],
						"2.4583": [1, 1, 1]
					}
				},
				"arm_right": {
					"rotation": {
						"0.0": [90, -65, -90],
						"0.25": {
							"pre": [66, -65.33333, -66],
							"post": [66, -65.33333, -66],
							"lerp_mode": "catmullrom"
						},
						"0.375": {
							"post": [-72.66322, -42.35126, 80.51176],
							"lerp_mode": "catmullrom"
						},
						"0.5": {
							"post": [-107.05778, -58.5573, 124.89603],
							"lerp_mode": "catmullrom"
						},
						"0.7083": {
							"post": [-77.63631, -37.71477, 86.59188],
							"lerp_mode": "catmullrom"
						},
						"0.875": {
							"post": [-89.50651, -65.70408, 99.58574],
							"lerp_mode": "catmullrom"
						},
						"1.0417": {
							"post": [-268.57156, -71.6859, 278.3736],
							"lerp_mode": "catmullrom"
						},
						"1.1667": {
							"post": [-248.49487, -81.88329, 257.57558],
							"lerp_mode": "catmullrom"
						},
						"1.3333": {
							"post": [-246.14277, -73.10271, 255.36845],
							"lerp_mode": "catmullrom"
						},
						"1.5": {
							"post": [-155.0676, -73.43437, 161.88589],
							"lerp_mode": "catmullrom"
						},
						"1.625": {
							"post": [-224.6396, -75.07923, 233.62543],
							"lerp_mode": "catmullrom"
						},
						"2.0": [-90, -67.5, 89.99999],
						"2.4583": [-6.94294, -1.45883, -54.63571]
					},
					"position": {
						"0.0": [19, -8, 3],
						"0.375": {
							"pre": [19, 6.96, 3],
							"post": [19, 6.96, 3],
							"lerp_mode": "catmullrom"
						},
						"2.0": [19, 3, 3],
						"2.4583": [7, -1, 0]
					},
					"scale": {
						"0.0": [1.5, 1.5, 1.5],
						"2.4583": [1, 1, 1]
					}
				},
				"leg_left": {
					"rotation": {
						"0.0": [-10, 0, -7.5],
						"2.0": [-10, 0, -7.5],
						"2.4583": [0, 0, 0]
					},
					"position": [0, 0, 0]
				},
				"leg_right": {
					"rotation": {
						"0.0": [-10, 0, 7.5],
						"2.0": [-10, 0, 7.5],
						"2.4583": ["Math.cos((query.anim_time - 0.0) * 180) * 1 ", 0, 0]
					},
					"position": [0, "0+Math.cos((query.anim_time - 0.0) * 180) * 0.25", 0]
				}
			}
		},
		"animation.regidrago.faint": {
			"animation_length": 1,
			"bones": {
				"regidrago": {
					"rotation": [0, 0, 0],
					"position": [0, 0, 0]
				},
				"body": {
					"rotation": {
						"0.0": [0, 0, 0],
						"0.0417": [-25, 0, 0],
						"0.1667": [-32.5, 0, 0],
						"0.4167": [-47.5, 0, 0],
						"0.7083": [-60, 0, 0],
						"0.8333": [-75, 0, 0],
						"1.0": [-52.5, 0, 0]
					},
					"position": {
						"0.0": [0, 0, 0],
						"0.0417": [0, 9, 12],
						"0.1667": [0, 14, 41],
						"0.4167": [0, 0, 79],
						"0.7083": [0, -8, 110],
						"0.8333": [0, -6, 124],
						"1.0": [0, -17, 135]
					}
				},
				"torso": {
					"rotation": [5, 0, 0]
				},
				"eye_top": {
					"position": [0, 0, 0]
				},
				"arm_left": {
					"rotation": {
						"0.0": [-450, 57.5, -270],
						"0.125": [-450, 27.5, -270],
						"0.375": [-450, 55, -270],
						"0.625": [-450, 65, -270],
						"0.875": [-450, 87.5, -270],
						"1.0": [-450, 42.5, -270]
					},
					"position": [-19, -27, 7]
				},
				"arm_right": {
					"rotation": {
						"0.0": [-90, -67.5, 89.99999],
						"0.125": [-90, -47.5, 90],
						"0.375": [-90, -42.5, 90],
						"0.625": [-90, -25, 90],
						"0.875": [-89.99999, -72.5, 89.99999],
						"1.0": [89.99999, -67.5, -89.99999]
					},
					"position": [19, 3, 3]
				},
				"legs": {
					"rotation": {
						"0.0": [-2.5, 0, 0],
						"0.2083": [-30, 0, 0],
						"0.5": [-45, 0, 0],
						"0.7917": [-62.5, 0, 0],
						"1.0": [0, 0, 0]
					}
				},
				"leg_left": {
					"rotation": [-10, 0, -7.5]
				},
				"leg_right": {
					"rotation": [-10, 0, 7.5]
				}
			}
		},
		"animation.regidrago.ground_walk": {
			"loop": true,
			"animation_length": 2,
			"bones": {
				"body": {
					"rotation": ["2.5+Math.cos((query.anim_time - 0.0) * 180) * 5", 0, 0],
					"position": [0, "8+Math.cos((query.anim_time - 0.0) * 180) * 2", 0]
				},
				"torso": {
					"rotation": [0, 0, 0]
				},
				"arm_left": {
					"rotation": [0, "-17.5-Math.cos((query.anim_time - 0.0) * 180) * 10", 45]
				},
				"arm_right": {
					"rotation": [0, "17.5+Math.cos((query.anim_time - 0.0) * 180) * 10", -45]
				},
				"leg_left": {
					"rotation": ["17.1096711992-Math.cos((query.anim_time - 0.0) * 180) * 5", 3.73171, -11.93845]
				},
				"leg_right": {
					"rotation": ["17.1096711992+Math.cos((query.anim_time - 0.0) * 180) * 5", -3.73171, 11.93845]
				}
			}
		}
	}
}