{
	"format_version": "1.8.0",
	"animations": {
		"animation.pokemans_tornadus_therian.pose_test": {
			"loop": true,
			"bones": {
				"tail_cloud": {
					"rotation": [10, 0, 0]
				},
				"tail_cloud2": {
					"rotation": [-17.5, 0, 0]
				},
				"tail_cloud3": {
					"rotation": [-2.5, 0, 0]
				},
				"tail_cloud4": {
					"rotation": [30, 0, 0]
				},
				"tail_cloud5": {
					"rotation": [-35, 0, 0]
				},
				"bone21": {
					"rotation": [15, 0, 0]
				},
				"bone19": {
					"rotation": [7.5, 0, 0]
				},
				"tail_main": {
					"rotation": [12.5, 0, 0]
				},
				"bone26": {
					"rotation": [22.5, 0, 0]
				},
				"bone25": {
					"rotation": [20, 0, 0]
				},
				"bone22": {
					"rotation": [17.5, 0, 0]
				},
				"wing_right": {
					"rotation": [0, 0, -20]
				},
				"bone": {
					"rotation": [0, 0, -17.5]
				},
				"bone3": {
					"rotation": [0, 0, -27.5]
				},
				"wing_left": {
					"rotation": [0, 0, 17.5]
				},
				"bone17": {
					"rotation": [0, 0, 30]
				},
				"bone18": {
					"rotation": [0, 0, 17.5]
				},
				"bone23": {
					"rotation": [0, 0, 7.5]
				},
				"bone24": {
					"rotation": [0, 0, 5]
				},
				"bone29": {
					"rotation": [0, 0, -5]
				},
				"bone30": {
					"rotation": [0, 0, -5]
				},
				"bone31": {
					"rotation": [0, 0, -7.5]
				},
				"bone32": {
					"rotation": [0, 0, -5]
				},
				"bone33": {
					"rotation": [0, 0, 2.5]
				},
				"bone34": {
					"rotation": [0, 0, 5]
				},
				"bone35": {
					"rotation": [0, 0, 5]
				},
				"bone39": {
					"rotation": [0, 0, 7.5]
				},
				"bone40": {
					"rotation": [0, 0, -10]
				},
				"bone47": {
					"rotation": [0, 0, -7.5]
				},
				"bone48": {
					"rotation": [0, 0, 10]
				},
				"wings_close": {
					"scale": 0
				}
			}
		},
		"animation.pokemans_tornadus_therian.pose_test3": {
			"loop": true,
			"bones": {
				"tail_cloud": {
					"rotation": [10, 0, 0]
				},
				"tail_cloud2": {
					"rotation": [-17.5, 0, 0]
				},
				"tail_cloud3": {
					"rotation": [-2.5, 0, 0]
				},
				"tail_cloud4": {
					"rotation": [30, 0, 0]
				},
				"tail_cloud5": {
					"rotation": [-35, 0, 0]
				},
				"bone21": {
					"rotation": [15, 0, 0]
				},
				"bone19": {
					"rotation": [7.5, 0, 0]
				},
				"tail_main": {
					"rotation": [25, 0, 0]
				},
				"bone26": {
					"rotation": [32.5, 0, 0]
				},
				"bone25": {
					"rotation": [20, 0, 0]
				},
				"bone22": {
					"rotation": [25, 0, 0]
				},
				"wing_right": {
					"rotation": [0, 0, -20]
				},
				"bone": {
					"rotation": [0, 0, -17.5]
				},
				"bone3": {
					"rotation": [0, 0, -27.5]
				},
				"wing_left": {
					"rotation": [0, 0, 17.5]
				},
				"bone17": {
					"rotation": [0, 0, 30]
				},
				"bone18": {
					"rotation": [0, 0, 17.5]
				},
				"bone23": {
					"rotation": [0, 0, 7.5]
				},
				"bone24": {
					"rotation": [0, 0, 5]
				},
				"bone29": {
					"rotation": [0, 0, -5]
				},
				"bone30": {
					"rotation": [0, 0, -5]
				},
				"bone31": {
					"rotation": [0, 0, -7.5]
				},
				"bone32": {
					"rotation": [0, 0, -5]
				},
				"bone33": {
					"rotation": [0, 0, 2.5]
				},
				"bone34": {
					"rotation": [0, 0, 5]
				},
				"bone35": {
					"rotation": [0, 0, 5]
				},
				"bone39": {
					"rotation": [0, 0, 7.5]
				},
				"bone40": {
					"rotation": [0, 0, -10]
				},
				"bone47": {
					"rotation": [0, 0, -7.5]
				},
				"bone48": {
					"rotation": [0, 0, 10]
				},
				"bone20": {
					"rotation": [5, 0, 0]
				},
				"wings": {
					"scale": 0
				},
				"leg_right": {
					"position": [-2, 0, 0]
				},
				"leg_left": {
					"position": [2, 0, 0]
				}
			}
		},
		"animation.pokemans_tornadus_therian.air_idle": {
			"loop": true,
			"bones": {
				"tail_cloud": {
					"rotation": ["-27.5+(math.clamp(-math.sin((query.anim_time) * 90 * 3+90)*-6,-55,55))", 0, 0]
				},
				"tail_cloud2": {
					"rotation": ["-17.5+(math.clamp(-math.sin((query.anim_time) * 90 * 3+120)*-8,-55,55))", 0, 0]
				},
				"tail_cloud3": {
					"rotation": ["7.5+(math.clamp(-math.sin((query.anim_time) * 90 * 3+150)*-10,-55,55))", 0, 0]
				},
				"tail_cloud4": {
					"rotation": ["30+(math.clamp(-math.sin((query.anim_time) * 90 * 3+180)*-12,-55,55))", 0, 0]
				},
				"tail_cloud5": {
					"rotation": ["-35+(math.clamp(-math.sin((query.anim_time) * 90 * 3+220)*-14,-55,55))", 0, 0]
				},
				"bone21": {
					"rotation": ["15+(math.clamp(-math.sin((query.anim_time) * 90 * 3+150)*2,-55,55))", 0, 0]
				},
				"bone20": {
					"rotation": [12.5, 0, 0]
				},
				"bone19": {
					"rotation": [7.5, 0, 0]
				},
				"tail_main": {
					"rotation": [22.5, 0, 0]
				},
				"bone26": {
					"rotation": ["27.5+(math.clamp(-math.sin((query.anim_time) * 90 * 3+230)*6,-55,55))", 0, 0]
				},
				"bone25": {
					"rotation": [20, 0, 0]
				},
				"bone22": {
					"rotation": ["17.5+(math.clamp(-math.sin((query.anim_time) * 90 * 3+190)*4,-55,55))", 0, 0]
				},
				"wing_right": {
					"rotation": [
						"-3.1718+(math.clamp(-math.sin((query.anim_time) * 90 * 3+90)*-25,-55,55))",
						"-20.7577+(math.clamp(-math.sin((query.anim_time) * 90 * 3+90)*45,-55,55))",
						-9.47767
					]
				},
				"bone": {
					"rotation": [0, "25-math.sin((query.anim_time) * 90 * 3+30)*20", -17.5]
				},
				"bone3": {
					"rotation": [0, "25-math.sin((query.anim_time) * 90 * 3+60)*30", -20]
				},
				"wing_left": {
					"rotation": [
						"-3.1718+(math.clamp(-math.sin((query.anim_time) * 90 * 3+90)*-25,-55,55))",
						"20.7577+(math.clamp(-math.sin((query.anim_time) * 90 * 3+90)*-45,-55,55))",
						9.47767
					]
				},
				"bone17": {
					"rotation": [0, "-25-math.sin((query.anim_time) * 90 * 3+60)*-30", 20]
				},
				"bone18": {
					"rotation": [0, "-25-math.sin((query.anim_time) * 90 * 3+30)*-20", 17.5]
				},
				"body": {
					"rotation": ["35-math.sin((query.anim_time) * 90 * 3-90)*2", 0, 0],
					"position": [0, "5+math.clamp(math.sin((query.anim_time) * 90 * 3-120)*2,-5,5)", 0]
				},
				"chest": {
					"rotation": ["-10+math.sin((query.anim_time) * 90 * 3+40)*3", 0, 0]
				},
				"neck": {
					"rotation": ["17.5-math.sin((query.anim_time) * 90 * 3+40)*10", 0, 0]
				},
				"head": {
					"rotation": [-15, 0, 0]
				},
				"leg_right": {
					"rotation": ["-61.4893-math.sin((query.anim_time) * 90 * 3+30)*10", -4.80797, "4.7712-math.sin((query.anim_time) * 90 * 3+30)*3"]
				},
				"leg_right3": {
					"rotation": ["20-math.sin((query.anim_time) * 90 * 3-60)*5", 0, 0]
				},
				"foe_right": {
					"rotation": ["-17.5-math.sin((query.anim_time) * 90 * 3-90)*8", 0, 0]
				},
				"finger_1_right": {
					"rotation": [25, 0, 0]
				},
				"finger_1_right2": {
					"rotation": [20, 0, 0]
				},
				"bone7": {
					"rotation": [50, 0, 0]
				},
				"finger_1_left2": {
					"rotation": [35, 0, 0]
				},
				"bone9": {
					"rotation": [17.5, 0, 0]
				},
				"leg_left": {
					"rotation": ["-61.4893-math.sin((query.anim_time) * 90 * 3+30)*10", 4.80797, "-4.7712-math.sin((query.anim_time) * 90 * 3+30)*-3"]
				},
				"foe_left": {
					"rotation": ["-17.5-math.sin((query.anim_time) * 90 * 3-90)*8", 0, 0]
				},
				"finger_1_left": {
					"rotation": [22.5, 0, 0]
				},
				"bone11": {
					"rotation": [22.5, 0, 0]
				},
				"finger_1_right4": {
					"rotation": [12.5, 0, 0]
				},
				"bone13": {
					"rotation": [40, 0, 0]
				},
				"finger_1_left3": {
					"rotation": [40, 0, 0]
				},
				"bone15": {
					"rotation": [22.5, 0, 0]
				},
				"bone23": {
					"rotation": [0, 0, 5]
				},
				"bone24": {
					"rotation": [0, 0, 2.5]
				},
				"bone31": {
					"rotation": [0, 0, -5]
				},
				"bone32": {
					"rotation": [0, 0, -2.5]
				},
				"wings_close": {
					"scale": 0
				},
				"wings": {
					"rotation": [50, 0, 0]
				},
				"leg_left3": {
					"rotation": ["20-math.sin((query.anim_time) * 90 * 3-60)*5", 0, 0]
				},
				"torso": {
					"rotation": [-17.5, 0, 0]
				}
			}
		},
		"animation.pokemans_tornadus_therian.air_fly": {
			"loop": true,
			"bones": {
				"tail_cloud": {
					"rotation": ["-27.5+(math.clamp(-math.sin((query.anim_time) * 90 * 3+90)*-6,-55,55))", 0, 0]
				},
				"tail_cloud2": {
					"rotation": ["-17.5+(math.clamp(-math.sin((query.anim_time) * 90 * 3+120)*-8,-55,55))", 0, 0]
				},
				"tail_cloud3": {
					"rotation": ["7.5+(math.clamp(-math.sin((query.anim_time) * 90 * 3+150)*-10,-55,55))", 0, 0]
				},
				"tail_cloud4": {
					"rotation": ["30+(math.clamp(-math.sin((query.anim_time) * 90 * 3+180)*-12,-55,55))", 0, 0]
				},
				"tail_cloud5": {
					"rotation": ["-35+(math.clamp(-math.sin((query.anim_time) * 90 * 3+220)*-14,-55,55))", 0, 0]
				},
				"bone21": {
					"rotation": ["15+(math.clamp(-math.sin((query.anim_time) * 90 * 3+150)*2,-55,55))", 0, 0]
				},
				"bone20": {
					"rotation": [12.5, 0, 0]
				},
				"bone19": {
					"rotation": [7.5, 0, 0]
				},
				"tail_main": {
					"rotation": [22.5, 0, 0]
				},
				"bone26": {
					"rotation": ["27.5+(math.clamp(-math.sin((query.anim_time) * 90 * 3+230)*6,-55,55))", 0, 0]
				},
				"bone25": {
					"rotation": [20, 0, 0]
				},
				"bone22": {
					"rotation": ["17.5+(math.clamp(-math.sin((query.anim_time) * 90 * 3+190)*4,-55,55))", 0, 0]
				},
				"wing_right": {
					"rotation": [
						"-3.1718+(math.clamp(-math.sin((query.anim_time) * 90 * 3+90)*-25,-55,55))",
						"-20.7577+(math.clamp(-math.sin((query.anim_time) * 90 * 3+90)*45,-55,55))",
						-9.47767
					]
				},
				"bone": {
					"rotation": [0, "25-math.sin((query.anim_time) * 90 * 3+30)*20", -17.5]
				},
				"bone3": {
					"rotation": [0, "25-math.sin((query.anim_time) * 90 * 3+60)*30", -20]
				},
				"wing_left": {
					"rotation": [
						"-3.1718+(math.clamp(-math.sin((query.anim_time) * 90 * 3+90)*-25,-55,55))",
						"20.7577+(math.clamp(-math.sin((query.anim_time) * 90 * 3+90)*-45,-55,55))",
						9.47767
					]
				},
				"bone17": {
					"rotation": [0, "-25-math.sin((query.anim_time) * 90 * 3+60)*-30", 20]
				},
				"bone18": {
					"rotation": [0, "-25-math.sin((query.anim_time) * 90 * 3+30)*-20", 17.5]
				},
				"body": {
					"rotation": ["35-math.sin((query.anim_time) * 90 * 3-90)*2", 0, 0],
					"position": [0, "5+math.clamp(math.sin((query.anim_time) * 90 * 3-120)*2,-5,5)", 0]
				},
				"chest": {
					"rotation": ["-10+math.sin((query.anim_time) * 90 * 3+40)*3", 0, 0]
				},
				"neck": {
					"rotation": ["17.5-math.sin((query.anim_time) * 90 * 3+40)*10", 0, 0]
				},
				"head": {
					"rotation": [-32.5, 0, 0]
				},
				"leg_right": {
					"rotation": ["-61.4893-math.sin((query.anim_time) * 90 * 3+30)*10", -4.80797, "4.7712-math.sin((query.anim_time) * 90 * 3+30)*3"]
				},
				"leg_right3": {
					"rotation": ["20-math.sin((query.anim_time) * 90 * 3-60)*5", 0, 0]
				},
				"foe_right": {
					"rotation": ["-17.5-math.sin((query.anim_time) * 90 * 3-90)*8", 0, 0]
				},
				"finger_1_right": {
					"rotation": [25, 0, 0]
				},
				"finger_1_right2": {
					"rotation": [20, 0, 0]
				},
				"bone7": {
					"rotation": [50, 0, 0]
				},
				"finger_1_left2": {
					"rotation": [35, 0, 0]
				},
				"bone9": {
					"rotation": [17.5, 0, 0]
				},
				"leg_left": {
					"rotation": ["-61.4893-math.sin((query.anim_time) * 90 * 3+30)*10", 4.80797, "-4.7712-math.sin((query.anim_time) * 90 * 3+30)*-3"]
				},
				"foe_left": {
					"rotation": ["-17.5-math.sin((query.anim_time) * 90 * 3-90)*8", 0, 0]
				},
				"finger_1_left": {
					"rotation": [22.5, 0, 0]
				},
				"bone11": {
					"rotation": [22.5, 0, 0]
				},
				"finger_1_right4": {
					"rotation": [12.5, 0, 0]
				},
				"bone13": {
					"rotation": [40, 0, 0]
				},
				"finger_1_left3": {
					"rotation": [40, 0, 0]
				},
				"bone15": {
					"rotation": [22.5, 0, 0]
				},
				"bone23": {
					"rotation": [0, 0, 5]
				},
				"bone24": {
					"rotation": [0, 0, 2.5]
				},
				"bone31": {
					"rotation": [0, 0, -5]
				},
				"bone32": {
					"rotation": [0, 0, -2.5]
				},
				"wings_close": {
					"scale": 0
				},
				"wings": {
					"rotation": [50, 0, 0]
				},
				"leg_left3": {
					"rotation": ["20-math.sin((query.anim_time) * 90 * 3-60)*5", 0, 0]
				},
				"torso": {
					"rotation": [7.5, 0, 0]
				}
			}
		},
		"animation.pokemans_tornadus_therian.ground_walk": {
			"loop": true,
			"animation_length": 1,
			"bones": {
				"tail_cloud": {
					"rotation": ["10+math.sin(q.anim_time* 90 * 4-80)*2", 0, 0]
				},
				"tail_cloud2": {
					"rotation": ["-17.5+math.sin(q.anim_time* 90 * 4-120)*4", 0, 0]
				},
				"tail_cloud3": {
					"rotation": ["-2.5+math.sin(q.anim_time* 90 * 4-160)*6", 0, 0]
				},
				"tail_cloud4": {
					"rotation": ["30+math.sin(q.anim_time* 90 * 4-200)*8", 0, 0]
				},
				"tail_cloud5": {
					"rotation": ["-35+math.sin(q.anim_time* 90 * 4-240)*10", 0, 0]
				},
				"bone21": {
					"rotation": ["15+math.sin(q.anim_time* 90 * 4-80)*2", "0+math.sin(q.anim_time* 90 * 4-80)*2", "0+math.sin(q.anim_time* 90 * 4-80)*2"]
				},
				"bone19": {
					"rotation": [7.5, 0, 0]
				},
				"tail_main": {
					"rotation": [25, 0, 0]
				},
				"bone26": {
					"rotation": [32.5, 0, 0]
				},
				"bone25": {
					"rotation": ["20+math.sin(q.anim_time* 90 * 4-120)*4", "0+math.sin(q.anim_time* 90 * 4-80)*2", "0+math.sin(q.anim_time* 90 * 4-80)*2"]
				},
				"bone22": {
					"rotation": [25, 0, 0]
				},
				"wing_right": {
					"rotation": [0, 0, -20]
				},
				"bone": {
					"rotation": [0, 0, -17.5]
				},
				"bone3": {
					"rotation": [0, 0, -27.5]
				},
				"wing_left": {
					"rotation": [0, 0, 17.5]
				},
				"bone17": {
					"rotation": [0, 0, 30]
				},
				"bone18": {
					"rotation": [0, 0, 17.5]
				},
				"bone23": {
					"rotation": [0, 0, 7.5]
				},
				"bone24": {
					"rotation": [0, 0, 5]
				},
				"bone29": {
					"rotation": [0, 0, -5]
				},
				"bone30": {
					"rotation": [0, 0, -5]
				},
				"bone31": {
					"rotation": [0, 0, -7.5]
				},
				"bone32": {
					"rotation": [0, 0, -5]
				},
				"bone33": {
					"rotation": [0, 0, 2.5]
				},
				"bone34": {
					"rotation": [0, 0, 5]
				},
				"bone35": {
					"rotation": [0, 0, 5]
				},
				"bone39": {
					"rotation": [0, 0, 7.5]
				},
				"bone40": {
					"rotation": [0, 0, -10]
				},
				"bone47": {
					"rotation": [0, 0, -7.5]
				},
				"bone48": {
					"rotation": [0, 0, 10]
				},
				"body": {
					"rotation": ["0+math.sin(q.anim_time* 90 *4-80)*1", "0+math.sin(q.anim_time* 90 * 4-160)*1", 0],
					"position": [0, "0+math.sin(q.anim_time*360*1)*0.5", 0]
				},
				"torso": {
					"rotation": [15, 0, 0]
				},
				"bone20": {
					"rotation": [5, 0, 0]
				},
				"bone27": {
					"rotation": ["0+math.sin(q.anim_time* 90 * 4-160)*2", 0, 0]
				},
				"wings": {
					"scale": 0
				},
				"neck": {
					"rotation": ["0+math.sin(q.anim_time* 90 * 4-80)*2", 0, 0]
				},
				"head": {
					"rotation": ["-12.5+math.sin(q.anim_time* 90 * 4-80)*1", 0, 0]
				},
				"leg_right": {
					"rotation": {
						"0.0": [-21, 0, 0],
						"0.0833": [-18.08, 0, 0],
						"0.4167": [26.21, 0, 0],
						"0.5": [30, 0, 0],
						"0.6667": [26.21, 0, 0],
						"0.9167": [-18.08, 0, 0],
						"1.0": [-21, 0, 0]
					},
					"position": {
						"0.0": [-1, 0, 0],
						"0.2083": [-1, 1.25, 0],
						"0.4167": [-1, 0, 0],
						"0.625": {
							"pre": [-1, 1.25, 0],
							"post": [-1, 1.25, 0],
							"lerp_mode": "catmullrom"
						},
						"0.7083": {
							"post": [-1, 1.5, 0],
							"lerp_mode": "catmullrom"
						},
						"0.7917": {
							"post": [-1, 1.25, 0],
							"lerp_mode": "catmullrom"
						},
						"0.9167": {
							"post": [-1, 0.21, 0],
							"lerp_mode": "catmullrom"
						},
						"1.0": [-1, 0, 0]
					}
				},
				"leg_right3": {
					"rotation": {
						"0.0": [-12.5, 0, 0],
						"0.2083": [-3.12, 0, 0],
						"0.5": [-17, 0, 0],
						"0.5833": [-18.75, 0, 0],
						"0.7917": [-40, 0, 0],
						"1.0": [-12.5, 0, 0]
					}
				},
				"foe_right": {
					"rotation": {
						"0.0": [22.5, 0, 0],
						"0.0417": [35, 0, 0],
						"0.2083": [10, 0, 0],
						"0.375": [-5, 0, 0],
						"0.5417": [7.5, 0, 0],
						"0.75": [55, 0, 0],
						"0.9167": [15.42, 0, 0],
						"1.0": [22.5, 0, 0]
					}
				},
				"leg_left": {
					"rotation": {
						"0.0": [30, 0, 0],
						"0.1667": [26.21, 0, 0],
						"0.4167": [-18.08, 0, 0],
						"0.5": [-21, 0, 0],
						"0.5833": [-18.08, 0, 0],
						"0.9167": [26.21, 0, 0],
						"1.0": [30, 0, 0]
					},
					"position": {
						"0.0": {
							"post": [1, 0.21, 0],
							"lerp_mode": "catmullrom"
						},
						"0.125": {
							"post": [1, 1.25, 0],
							"lerp_mode": "catmullrom"
						},
						"0.2083": {
							"post": [1, 1.5, 0],
							"lerp_mode": "catmullrom"
						},
						"0.2917": {
							"post": [1, 1.25, 0],
							"lerp_mode": "catmullrom"
						},
						"0.4167": {
							"post": [1, 0.21, 0],
							"lerp_mode": "catmullrom"
						},
						"0.5": [1, 0, 0],
						"0.7083": [1, 1.25, 0],
						"0.9167": [1, 0, 0],
						"1.0": [1, 0.21, 0]
					}
				},
				"leg_left3": {
					"rotation": {
						"0.0": [-17, 0, 0],
						"0.0833": [-18.75, 0, 0],
						"0.2917": [-40, 0, 0],
						"0.5": [-12.5, 0, 0],
						"0.7083": [-3.12, 0, 0],
						"1.0": [-17, 0, 0]
					}
				},
				"foe_left": {
					"rotation": {
						"0.0": [4.38, 0, 0],
						"0.0417": [7.5, 0, 0],
						"0.25": [55, 0, 0],
						"0.5": [22.5, 0, 0],
						"0.5417": [35, 0, 0],
						"0.7083": [10, 0, 0],
						"0.875": [-5, 0, 0],
						"1.0": [4.38, 0, 0]
					}
				}
			}
		},
		"animation.pokemans_tornadus_therian.ground_idle": {
			"loop": true,
			"bones": {
				"tail_cloud": {
					"rotation": [10, 0, 0]
				},
				"tail_cloud2": {
					"rotation": ["-17.5+math.sin(q.anim_time*120*1-200)*1.5", 0, 0]
				},
				"tail_cloud3": {
					"rotation": ["-2.5+math.sin(q.anim_time*120*1-240)*2.5", 0, 0]
				},
				"tail_cloud4": {
					"rotation": ["30+math.sin(q.anim_time*120*1-280)*3.5", 0, 0]
				},
				"tail_cloud5": {
					"rotation": ["-35+math.sin(q.anim_time*120*1-320)*4.5", 0, 0]
				},
				"bone21": {
					"rotation": ["15+math.sin(q.anim_time*120*1-200)*1.5", 0, 0]
				},
				"bone19": {
					"rotation": [7.5, 0, 0]
				},
				"tail_main": {
					"rotation": [25, 0, 0]
				},
				"bone26": {
					"rotation": [32.5, 0, 0]
				},
				"bone25": {
					"rotation": ["20+math.sin(q.anim_time*120*1-240)*2.5", 0, 0]
				},
				"bone22": {
					"rotation": [25, 0, 0]
				},
				"wing_right": {
					"rotation": [0, 0, -20]
				},
				"bone": {
					"rotation": [0, 0, -17.5]
				},
				"bone3": {
					"rotation": [0, 0, -27.5]
				},
				"wing_left": {
					"rotation": [0, 0, 17.5]
				},
				"bone17": {
					"rotation": [0, 0, 30]
				},
				"bone18": {
					"rotation": [0, 0, 17.5]
				},
				"bone23": {
					"rotation": [0, 0, 7.5]
				},
				"bone24": {
					"rotation": [0, 0, 5]
				},
				"bone29": {
					"rotation": [0, 0, -5]
				},
				"bone30": {
					"rotation": [0, 0, -5]
				},
				"bone31": {
					"rotation": [0, 0, -7.5]
				},
				"bone32": {
					"rotation": [0, 0, -5]
				},
				"bone33": {
					"rotation": [0, 0, 2.5]
				},
				"bone34": {
					"rotation": [0, 0, 5]
				},
				"bone35": {
					"rotation": [0, 0, 5]
				},
				"bone39": {
					"rotation": [0, 0, 7.5]
				},
				"bone40": {
					"rotation": [0, 0, -10]
				},
				"bone47": {
					"rotation": [0, 0, -7.5]
				},
				"bone48": {
					"rotation": [0, 0, 10]
				},
				"torso": {
					"rotation": ["5+math.cos(q.anim_time*120*1-160)*1.5", 0, 0],
					"position": [0, "0+math.cos(q.anim_time*120*1-40)*0.3", "0+math.cos(q.anim_time*120*1)*0.2"]
				},
				"bone20": {
					"rotation": [5, 0, 0]
				},
				"chest": {
					"rotation": ["5+math.sin(q.anim_time*120*1-200)*1.5", 0, 0]
				},
				"wings": {
					"scale": 0
				},
				"neck": {
					"rotation": ["2.5+math.sin(q.anim_time*120*1-240)*1.5", 0, 0]
				},
				"head": {
					"rotation": ["0+math.sin(q.anim_time*120*1-280)*1.5", 0, 0]
				},
				"leg_right": {
					"position": [-2, 0, 0]
				},
				"leg_left": {
					"position": [2, 0, 0]
				},
				"wing_close_right": {
					"rotation": [0, 0, "0+math.sin(q.anim_time*120*1-200)*1.5"]
				},
				"wing_close_left": {
					"rotation": [0, 0, "0+math.sin(q.anim_time*120*1-200)*-1.5"]
				}
			}
		},
		"animation.pokemans_tornadus_therian.battle_idle": {
			"loop": true,
			"bones": {
				"tail_cloud": {
					"rotation": ["-27.5+(math.clamp(-math.sin((query.anim_time) * 90 * 3+90)*-6,-55,55))", 0, 0]
				},
				"tail_cloud2": {
					"rotation": ["-17.5+(math.clamp(-math.sin((query.anim_time) * 90 * 3+120)*-8,-55,55))", 0, 0]
				},
				"tail_cloud3": {
					"rotation": ["7.5+(math.clamp(-math.sin((query.anim_time) * 90 * 3+150)*-10,-55,55))", 0, 0]
				},
				"tail_cloud4": {
					"rotation": ["30+(math.clamp(-math.sin((query.anim_time) * 90 * 3+180)*-12,-55,55))", 0, 0]
				},
				"tail_cloud5": {
					"rotation": ["-35+(math.clamp(-math.sin((query.anim_time) * 90 * 3+220)*-14,-55,55))", 0, 0]
				},
				"bone21": {
					"rotation": ["15+(math.clamp(-math.sin((query.anim_time) * 90 * 3+150)*2,-55,55))", 0, 0]
				},
				"bone20": {
					"rotation": [12.5, 0, 0]
				},
				"bone19": {
					"rotation": [7.5, 0, 0]
				},
				"tail_main": {
					"rotation": [22.5, 0, 0]
				},
				"bone26": {
					"rotation": ["27.5+(math.clamp(-math.sin((query.anim_time) * 90 * 3+230)*6,-55,55))", 0, 0]
				},
				"bone25": {
					"rotation": [20, 0, 0]
				},
				"bone22": {
					"rotation": ["17.5+(math.clamp(-math.sin((query.anim_time) * 90 * 3+190)*4,-55,55))", 0, 0]
				},
				"wing_right": {
					"rotation": [
						"-3.1718+(math.clamp(-math.sin((query.anim_time) * 90 * 3+90)*-25,-55,55))",
						"-20.7577+(math.clamp(-math.sin((query.anim_time) * 90 * 3+90)*45,-55,55))",
						-9.47767
					]
				},
				"bone": {
					"rotation": [0, "25-math.sin((query.anim_time) * 90 * 3+30)*20", -17.5]
				},
				"bone3": {
					"rotation": [0, "25-math.sin((query.anim_time) * 90 * 3+60)*30", -20]
				},
				"wing_left": {
					"rotation": [
						"-3.1718+(math.clamp(-math.sin((query.anim_time) * 90 * 3+90)*-25,-55,55))",
						"20.7577+(math.clamp(-math.sin((query.anim_time) * 90 * 3+90)*-45,-55,55))",
						9.47767
					]
				},
				"bone17": {
					"rotation": [0, "-25-math.sin((query.anim_time) * 90 * 3+60)*-30", 20]
				},
				"bone18": {
					"rotation": [0, "-25-math.sin((query.anim_time) * 90 * 3+30)*-20", 17.5]
				},
				"body": {
					"rotation": ["35-math.sin((query.anim_time) * 90 * 3-90)*2", 0, 0],
					"position": [0, "5+math.clamp(math.sin((query.anim_time) * 90 * 3-120)*2,-5,5)", 0]
				},
				"chest": {
					"rotation": ["-10+math.sin((query.anim_time) * 90 * 3+40)*3", 0, 0]
				},
				"neck": {
					"rotation": ["12.5+math.sin((query.anim_time) * 90 * 3+40)*5", 0, 0]
				},
				"head": {
					"rotation": [-5, 0, 0]
				},
				"leg_right": {
					"rotation": ["-81.3392-math.sin((query.anim_time) * 90 * 3+30)*10", -6.82842, "3.2912-math.sin((query.anim_time) * 90 * 3+30)*3"]
				},
				"leg_right3": {
					"rotation": ["20-math.sin((query.anim_time) * 90 * 3-60)*5", 0, 0]
				},
				"foe_right": {
					"rotation": ["-17.5-math.sin((query.anim_time) * 90 * 3-90)*8", 0, 0]
				},
				"finger_1_right": {
					"rotation": [25, 0, 0]
				},
				"finger_1_right2": {
					"rotation": [20, 0, 0]
				},
				"bone7": {
					"rotation": [50, 0, 0]
				},
				"finger_1_left2": {
					"rotation": [35, 0, 0]
				},
				"bone9": {
					"rotation": [17.5, 0, 0]
				},
				"leg_left": {
					"rotation": ["-68.7853-math.sin((query.anim_time) * 90 * 3+30)*10", 6.11017, "-2.6274-math.sin((query.anim_time) * 90 * 3+30)*-3"]
				},
				"foe_left": {
					"rotation": ["-17.5-math.sin((query.anim_time) * 90 * 3-90)*8", 0, 0]
				},
				"finger_1_left": {
					"rotation": [22.5, 0, 0]
				},
				"bone11": {
					"rotation": [22.5, 0, 0]
				},
				"finger_1_right4": {
					"rotation": [12.5, 0, 0]
				},
				"bone13": {
					"rotation": [40, 0, 0]
				},
				"finger_1_left3": {
					"rotation": [40, 0, 0]
				},
				"bone15": {
					"rotation": [22.5, 0, 0]
				},
				"bone23": {
					"rotation": [0, 0, 5]
				},
				"bone24": {
					"rotation": [0, 0, 2.5]
				},
				"bone31": {
					"rotation": [0, 0, -5]
				},
				"bone32": {
					"rotation": [0, 0, -2.5]
				},
				"wings_close": {
					"scale": 0
				},
				"wings": {
					"rotation": [50, 0, 0]
				},
				"leg_left3": {
					"rotation": ["25-math.sin((query.anim_time) * 90 * 3-60)*5", 0, 0]
				},
				"torso": {
					"rotation": [-17.5, 0, 0]
				}
			}
		},
		"animation.pokemans_tornadus_therian.blink": {
			"animation_length": 0.125,
			"bones": {
				"eye_left_lid": {
					"position": {
						"0.0": [-0.06, 0, -0.08],
						"0.125": [0, 0, 0]
					}
				},
				"eye_right_lid": {
					"position": {
						"0.0": [-0.06, 0, -0.08],
						"0.125": [0, 0, 0]
					}
				}
			}
		},
		"animation.pokemans_tornadus_therian.cry": {
			"animation_length": 1.5833,
			"bones": {
				"body": {
					"position": {
						"0.4583": {
							"pre": [0, 0, 0],
							"post": [0, 0, 0],
							"lerp_mode": "catmullrom"
						},
						"0.5": {
							"post": [0, 1, 0],
							"lerp_mode": "catmullrom"
						},
						"0.5417": {
							"post": [0, 0, 0],
							"lerp_mode": "catmullrom"
						},
						"0.5833": {
							"post": [0, 1, 0],
							"lerp_mode": "catmullrom"
						},
						"0.75": {
							"post": [0, 0, 0],
							"lerp_mode": "catmullrom"
						},
						"0.7917": {
							"post": [0, 1, 0],
							"lerp_mode": "catmullrom"
						},
						"0.8333": {
							"post": [0, 0, 0],
							"lerp_mode": "catmullrom"
						},
						"0.875": {
							"post": [0, 1, 0],
							"lerp_mode": "catmullrom"
						},
						"1.0833": {
							"post": [0, 0, 0],
							"lerp_mode": "catmullrom"
						},
						"1.125": {
							"post": [0, 1, 0],
							"lerp_mode": "catmullrom"
						},
						"1.1667": {
							"post": [0, 0, 0],
							"lerp_mode": "catmullrom"
						},
						"1.2083": {
							"post": [0, 1, 0],
							"lerp_mode": "catmullrom"
						},
						"1.25": {
							"post": [0, 0, 0],
							"lerp_mode": "catmullrom"
						}
					}
				},
				"chest": {
					"rotation": {
						"0.0": {
							"post": [0, 0, 0],
							"lerp_mode": "catmullrom"
						},
						"0.25": {
							"post": [-10, 0, 0],
							"lerp_mode": "catmullrom"
						},
						"0.5": {
							"post": [-10, 0, 0],
							"lerp_mode": "catmullrom"
						},
						"0.6667": {
							"post": [-2.5, 0, 0],
							"lerp_mode": "catmullrom"
						},
						"0.8333": {
							"post": [-10, 0, 0],
							"lerp_mode": "catmullrom"
						},
						"1.0417": {
							"post": [-2.5, 0, 0],
							"lerp_mode": "catmullrom"
						},
						"1.2083": {
							"post": [-10, 0, 0],
							"lerp_mode": "catmullrom"
						},
						"1.5833": {
							"post": [0, 0, 0],
							"lerp_mode": "catmullrom"
						}
					}
				},
				"neck": {
					"rotation": {
						"0.0": {
							"post": [0, 0, 0],
							"lerp_mode": "catmullrom"
						},
						"0.5": {
							"post": [-5, 0, 0],
							"lerp_mode": "catmullrom"
						},
						"0.6667": {
							"post": [-12.5, 0, 0],
							"lerp_mode": "catmullrom"
						},
						"0.8333": {
							"post": [-5, 0, 0],
							"lerp_mode": "catmullrom"
						},
						"1.0417": {
							"post": [-12.5, 0, 0],
							"lerp_mode": "catmullrom"
						},
						"1.2083": {
							"post": [-5, 0, 0],
							"lerp_mode": "catmullrom"
						},
						"1.5833": {
							"post": [0, 0, 0],
							"lerp_mode": "catmullrom"
						}
					}
				},
				"head": {
					"rotation": {
						"0.0": {
							"post": [0, 0, 0],
							"lerp_mode": "catmullrom"
						},
						"0.25": {
							"post": [-17.5, 0, 0],
							"lerp_mode": "catmullrom"
						},
						"0.5": {
							"post": [-17.5, 0, 0],
							"lerp_mode": "catmullrom"
						},
						"0.6667": {
							"post": [-10, 0, 0],
							"lerp_mode": "catmullrom"
						},
						"0.8333": {
							"post": [-17.5, 0, 0],
							"lerp_mode": "catmullrom"
						},
						"1.0417": {
							"post": [-10, 0, 0],
							"lerp_mode": "catmullrom"
						},
						"1.2083": {
							"post": [-17.5, 0, 0],
							"lerp_mode": "catmullrom"
						},
						"1.5833": {
							"post": [0, 0, 0],
							"lerp_mode": "catmullrom"
						}
					}
				},
				"jaw": {
					"rotation": {
						"0.0": {
							"post": [0, 0, 0],
							"lerp_mode": "catmullrom"
						},
						"0.5": {
							"post": [42.5, 0, 0],
							"lerp_mode": "catmullrom"
						},
						"0.8333": {
							"post": [42.5, 0, 0],
							"lerp_mode": "catmullrom"
						},
						"1.2083": {
							"post": [42.5, 0, 0],
							"lerp_mode": "catmullrom"
						},
						"1.5833": {
							"post": [0, 0, 0],
							"lerp_mode": "catmullrom"
						}
					}
				}
			}
		},
		"animation.pokemans_tornadus_therian.physical_attack": {
			"animation_length": 2.1667,
			"bones": {
				"body": {
					"rotation": {
						"0.0": {
							"post": [0, 0, 0],
							"lerp_mode": "catmullrom"
						},
						"0.875": {
							"post": [0, 0, 0],
							"lerp_mode": "catmullrom"
						},
						"1.125": {
							"post": [12.5, 0, 0],
							"lerp_mode": "catmullrom"
						},
						"1.375": {
							"post": [0, 0, 0],
							"lerp_mode": "catmullrom"
						}
					},
					"position": {
						"0.0": [0, -0.2, 0],
						"0.2083": {
							"pre": [0, -0.2, 0.2],
							"post": [0, -0.2, 0.2],
							"lerp_mode": "catmullrom"
						},
						"0.375": {
							"post": [0, -0.03, 3.38],
							"lerp_mode": "catmullrom"
						},
						"0.5833": {
							"post": [0, 0.1, 5.52],
							"lerp_mode": "catmullrom"
						},
						"0.8333": {
							"post": [0, -0.2, 6.8],
							"lerp_mode": "catmullrom"
						},
						"1.0833": {
							"post": [0, -1.2, -9],
							"lerp_mode": "catmullrom"
						},
						"1.375": {
							"post": [0, -0.02, -1.62],
							"lerp_mode": "catmullrom"
						},
						"1.5833": [0, 0.3, 0],
						"2.1667": [0, -0.2, 0]
					}
				},
				"torso": {
					"rotation": {
						"0.0": {
							"post": [0, 0, 0],
							"lerp_mode": "catmullrom"
						},
						"1.0": {
							"post": [0, 0, 0],
							"lerp_mode": "catmullrom"
						},
						"1.1667": {
							"post": [20, 0, 0],
							"lerp_mode": "catmullrom"
						},
						"1.4167": {
							"post": [0, 0, 0],
							"lerp_mode": "catmullrom"
						},
						"2.1667": {
							"post": [0, 0, 0],
							"lerp_mode": "catmullrom"
						}
					}
				},
				"chest": {
					"rotation": {
						"0.0": {
							"post": [0, 0, 0],
							"lerp_mode": "catmullrom"
						},
						"1.0": {
							"post": [0, 0, 0],
							"lerp_mode": "catmullrom"
						},
						"1.1667": {
							"post": [7.5, 0, 0],
							"lerp_mode": "catmullrom"
						},
						"1.4167": {
							"post": [0, 0, 0],
							"lerp_mode": "catmullrom"
						},
						"2.1667": {
							"post": [0, 0, 0],
							"lerp_mode": "catmullrom"
						}
					}
				},
				"neck": {
					"rotation": {
						"0.0": {
							"post": [0, 0, 0],
							"lerp_mode": "catmullrom"
						},
						"1.0": {
							"post": [0, 0, 0],
							"lerp_mode": "catmullrom"
						},
						"1.1667": {
							"post": [15, 0, 0],
							"lerp_mode": "catmullrom"
						},
						"1.4167": {
							"post": [0, 0, 0],
							"lerp_mode": "catmullrom"
						},
						"2.1667": {
							"post": [0, 0, 0],
							"lerp_mode": "catmullrom"
						}
					}
				},
				"head": {
					"rotation": {
						"0.0": {
							"post": [0, 0, 0],
							"lerp_mode": "catmullrom"
						},
						"1.0": {
							"post": [0, 0, 0],
							"lerp_mode": "catmullrom"
						},
						"1.1667": {
							"post": [-17.5, 0, 0],
							"lerp_mode": "catmullrom"
						},
						"1.4167": {
							"post": [0, 0, 0],
							"lerp_mode": "catmullrom"
						},
						"2.1667": {
							"post": [0, 0, 0],
							"lerp_mode": "catmullrom"
						}
					}
				},
				"leg_right": {
					"rotation": {
						"0.0": {
							"post": [0, 0, 0],
							"lerp_mode": "catmullrom"
						},
						"0.5417": {
							"post": [0, 0, 0],
							"lerp_mode": "catmullrom"
						},
						"0.9583": {
							"post": [0, 0, 0],
							"lerp_mode": "catmullrom"
						},
						"1.1667": {
							"post": [-27.5, 0, 0],
							"lerp_mode": "catmullrom"
						},
						"1.375": {
							"post": [-15, 0, 0],
							"lerp_mode": "catmullrom"
						},
						"2.1667": {
							"post": [0, 0, 0],
							"lerp_mode": "catmullrom"
						}
					}
				},
				"leg_left": {
					"rotation": {
						"0.0": {
							"post": [0, 0, 0],
							"lerp_mode": "catmullrom"
						},
						"0.5417": {
							"post": [0, 0, 0],
							"lerp_mode": "catmullrom"
						},
						"0.9583": {
							"post": [0, 0, 0],
							"lerp_mode": "catmullrom"
						},
						"1.1667": {
							"post": [-42.5, 0, 0],
							"lerp_mode": "catmullrom"
						},
						"1.375": {
							"post": [-35, 0, 0],
							"lerp_mode": "catmullrom"
						},
						"2.1667": {
							"post": [0, 0, 0],
							"lerp_mode": "catmullrom"
						}
					}
				}
			}
		}
	}
}