{
	"format_version": "1.8.0",
	"animations": {
		"animation.pokemans_palkia.pose": {
			"loop": true,
			"bones": {
				"waist": {
					"rotation": [10, 0, 0]
				},
				"left_arm": {
					"rotation": [0, 0, -22.5]
				},
				"left_elbow": {
					"rotation": [-90, 0, 0]
				},
				"mouth": {
					"rotation": [22.5, 0, 0]
				},
				"tail": {
					"rotation": [-22.5, 0, 0],
					"position": [0, 0, -2]
				},
				"tail_segment_1": {
					"rotation": [22.5, 0, 0],
					"position": [0, 0, -1]
				},
				"tail_segment_2": {
					"rotation": [22.5, 0, 0],
					"position": [0, 0, -1]
				},
				"tail_segment_3": {
					"rotation": [22.5, 0, 0],
					"position": [0, 0, -1]
				},
				"tail_segment_4": {
					"rotation": [22.5, 0, 0],
					"position": [0, 0, -1]
				},
				"right_leg": {
					"rotation": [0, 22.5, 0]
				},
				"left_leg": {
					"rotation": [0, -22.5, 0]
				},
				"left_disk": {
					"rotation": [90, 0, 0]
				},
				"left_arm2": {
					"rotation": [90, 0, 0],
					"position": [-1, -5, 6]
				},
				"right_arm": {
					"rotation": [0, 0, 22.5]
				},
				"right_disk": {
					"rotation": [90, 0, 0]
				},
				"right_arm2": {
					"rotation": [90, 0, 0],
					"position": [-1, -5, 6]
				},
				"right_elbow": {
					"rotation": [-90, 0, 0]
				}
			}
		},
		"animation.pokemans_palkia.blank": {
			"loop": true,
			"animation_length": 2,
			"bones": {
				"waist": {
					"position": [0, 0, -1]
				},
				"left_arm": {
					"rotation": [0, 0, -22.5]
				},
				"left_elbow": {
					"rotation": [-90, 0, 0]
				},
				"left_disk": {
					"rotation": [90, 0, 0]
				},
				"left_arm2": {
					"rotation": [90, 0, 0],
					"position": [-1, -5, 6]
				},
				"right_arm": {
					"rotation": [0, 0, 22.5]
				},
				"right_disk": {
					"rotation": [90, 0, 0]
				},
				"right_arm2": {
					"rotation": [90, 0, 0],
					"position": [-1, -5, 6]
				},
				"right_elbow": {
					"rotation": [-90, 0, 0]
				},
				"neck_segment_1": {
					"rotation": [5, 0, 0],
					"position": [0, 0.2, 0.6]
				}
			}
		},
		"animation.pokemans_palkia.sleep": {
			"loop": true,
			"animation_length": 2,
			"bones": {
				"waist": {
					"position": [0, 0, -1]
				},
				"left_arm": {
					"rotation": [-12.45392, 1.08089, 12.38206],
					"position": [-1, 0, 0]
				},
				"left_elbow": {
					"rotation": [-90, 0, 0]
				},
				"left_disk": {
					"rotation": [90, 0, 0]
				},
				"left_arm2": {
					"rotation": [90, 0, 0],
					"position": [-1, -5, 6]
				},
				"right_arm": {
					"rotation": [-42.73421, -15.69986, -16.32495]
				},
				"right_disk": {
					"rotation": [90, 0, 0]
				},
				"right_arm2": {
					"rotation": [90, 0, 0],
					"position": [-1, -5, 6]
				},
				"right_elbow": {
					"rotation": [-90, 0, 0]
				},
				"neck_segment_1": {
					"rotation": [5, 0, 0],
					"position": [0, 0.2, 0.6]
				},
				"palkia": {
					"rotation": [0, 0, -90],
					"position": [0, -19, 0]
				},
				"right_wing": {
					"rotation": [-78.07929, 6.76518, -23.90872]
				},
				"left_wing": {
					"rotation": [-67.5, 0, 0]
				},
				"neck": {
					"rotation": [22.5, 0, 0]
				},
				"head": {
					"rotation": [22.5, 0, 0]
				},
				"tail": {
					"rotation": [-132.73421, 15.69986, 16.32495],
					"position": [0, -1, -10]
				},
				"tail_segment_1": {
					"rotation": ["-45-math.sin(query.anim_time*90*2+60)*2", 0, 0],
					"position": [0, 1, -4]
				},
				"tail_segment_2": {
					"rotation": [-45, 0, 0],
					"position": [0, 1, -4]
				},
				"tail_segment_3": {
					"rotation": [-22.5, 0, 0]
				},
				"tail_segment_4": {
					"rotation": [-22.5, 0, 0]
				},
				"right_leg": {
					"rotation": [-67.5, 0, 0],
					"position": [3, 0, 0]
				},
				"left_leg": {
					"rotation": [-20.94102, 8.42106, "20.941+math.sin(query.anim_time*90*2)*2"],
					"position": [0, 0, -1]
				},
				"left_eyelid": {
					"position": [1, 0, 0]
				},
				"right_eyelid": {
					"position": [-1, 0, 0]
				}
			}
		},
		"animation.pokemans_palkia.ground_walk": {
			"loop": true,
			"animation_length": 2,
			"bones": {
				"waist": {
					"rotation": [67.5, 0, 0],
					"position": [0, 0, -1]
				},
				"left_arm": {
					"rotation": [-24.76579, -15.69986, -6.17505]
				},
				"left_elbow": {
					"rotation": ["-90-math.sin(query.anim_time*90*2)*4", 0, 0]
				},
				"left_disk": {
					"rotation": [90, 0, 0]
				},
				"left_arm2": {
					"rotation": [90, 0, 0],
					"position": [-1, -5, 6]
				},
				"right_arm": {
					"rotation": [-24.76579, 15.69986, 6.17505]
				},
				"right_disk": {
					"rotation": [90, 0, 0]
				},
				"right_arm2": {
					"rotation": [90, 0, 0],
					"position": [-1, -5, 6]
				},
				"right_elbow": {
					"rotation": ["-90-math.sin(query.anim_time*90*2)*4", 0, 0]
				},
				"neck_segment_1": {
					"rotation": ["5+math.sin(query.anim_time*90*2)*4", 0, 0],
					"position": [0, 0.2, 0.6]
				},
				"palkia": {
					"rotation": ["math.sin(query.anim_time*90*2+60)*4", 0, 0],
					"position": [0, 20, 0]
				},
				"right_wing": {
					"rotation": [0, "math.sin(query.anim_time*90*2)*6", 0]
				},
				"right_wing_feathers": {
					"rotation": [-22.5, 0, 0]
				},
				"left_wing": {
					"rotation": [0, "-math.sin(query.anim_time*90*2)*6", 0]
				},
				"left_wing_feathers": {
					"rotation": [-22.5, 0, 0]
				},
				"neck": {
					"rotation": [-45, 0, 0]
				},
				"tail": {
					"rotation": ["-67.5+math.sin(query.anim_time*90*2+80)*10", 0, 0],
					"position": [0, 0, -8]
				},
				"tail_segment_1": {
					"rotation": ["math.sin(query.anim_time*90*2+60)*8", 0, 0]
				},
				"tail_segment_2": {
					"rotation": ["math.sin(query.anim_time*90*2-40)*6", 0, 0]
				},
				"tail_segment_3": {
					"rotation": ["math.sin(query.anim_time*90*2+60)*4", 0, 0]
				},
				"tail_segment_4": {
					"rotation": ["math.sin(query.anim_time*90*2+40)*2", 0, 0]
				},
				"right_leg": {
					"rotation": ["90+math.sin(query.anim_time*90*2+80)*6", 0, 22.5]
				},
				"right_leg_joint": {
					"rotation": ["math.sin(query.anim_time*90*2)*6", 0, 0]
				},
				"right_leg_foot": {
					"rotation": ["math.sin(query.anim_time*90*2)*6", 0, 0]
				},
				"left_leg": {
					"rotation": ["90+math.sin(query.anim_time*90*2+80)*6", 0, -22.5]
				},
				"left_leg_joint": {
					"rotation": ["math.sin(query.anim_time*90*2)*6", 0, 0]
				},
				"left_leg_foot": {
					"rotation": ["math.sin(query.anim_time*90*2)*6", 0, 0]
				}
			}
		},
		"animation.pokemans_palkia.ground_idle": {
			"loop": true,
			"animation_length": 2,
			"bones": {
				"waist": {
					"rotation": ["10+math.sin(query.anim_time*90*2)*2", 0, 0]
				},
				"left_arm": {
					"rotation": ["-math.sin(query.anim_time*90*2+60)*4", 0, "-22.5-math.sin(query.anim_time*90*2-60)*4"]
				},
				"left_elbow": {
					"rotation": ["-90-math.sin(query.anim_time*90*2+80)*4", 0, 0]
				},
				"left_disk": {
					"rotation": [90, 0, 0]
				},
				"left_arm2": {
					"rotation": [90, 0, 0],
					"position": [-1, -5, 6]
				},
				"right_arm": {
					"rotation": ["-math.sin(query.anim_time*90*2+60)*4", 0, "22.5+math.sin(query.anim_time*90*2-60)*4"]
				},
				"right_disk": {
					"rotation": [90, 0, 0]
				},
				"right_arm2": {
					"rotation": [90, 0, 0],
					"position": [-1, -5, 6]
				},
				"right_elbow": {
					"rotation": [-90, 0, 0]
				},
				"neck_segment_1": {
					"rotation": [5, 0, 0],
					"position": [0, 0.2, 0.6]
				},
				"neck": {
					"rotation": ["-math.sin(query.anim_time*90*2+40)*4", 0, 0]
				},
				"tail": {
					"rotation": ["math.sin(query.anim_time*90*2-30)*4", 0, 0]
				},
				"tail_segment_1": {
					"rotation": ["math.sin(query.anim_time*90*2+30)*6", 0, 0]
				},
				"tail_segment_2": {
					"rotation": ["math.sin(query.anim_time*90*2+30)*8", 0, 0]
				},
				"tail_segment_4": {
					"rotation": ["math.sin(query.anim_time*90*2-30)*10", 0, 0]
				}
			}
		},
		"animation.pokemans_palkia.blink": {
			"animation_length": 0.1667,
			"bones": {
				"left_eyelid": {
					"position": {
						"0.0": [1, 0, 0],
						"0.125": [1, 0, 0],
						"0.1667": [0, 0, 0]
					}
				},
				"right_eyelid": {
					"position": {
						"0.0": [-1, 0, 0],
						"0.125": [-1, 0, 0],
						"0.1667": [0, 0, 0]
					}
				}
			}
		},
		"animation.pokemans_palkia.cry": {
			"animation_length": 2,
			"bones": {
				"palkia": {
					"position": {
						"0.0": {
							"post": [0, 0, 0],
							"lerp_mode": "catmullrom"
						},
						"0.5": {
							"post": [0, 0, 0],
							"lerp_mode": "catmullrom"
						},
						"0.5417": {
							"post": [0, 0, 0],
							"lerp_mode": "catmullrom"
						},
						"0.5833": {
							"post": [0, 1, 0],
							"lerp_mode": "catmullrom"
						},
						"0.625": {
							"post": [0, 0, 0],
							"lerp_mode": "catmullrom"
						},
						"0.6667": {
							"post": [0, 1, 0],
							"lerp_mode": "catmullrom"
						},
						"0.7083": {
							"post": [0, 0, 0],
							"lerp_mode": "catmullrom"
						},
						"0.75": {
							"post": [0, 1, 0],
							"lerp_mode": "catmullrom"
						},
						"0.7917": {
							"post": [0, 0, 0],
							"lerp_mode": "catmullrom"
						},
						"0.8333": {
							"post": [0, 1, 0],
							"lerp_mode": "catmullrom"
						},
						"0.875": {
							"post": [0, 0, 0],
							"lerp_mode": "catmullrom"
						},
						"0.9167": {
							"post": [0, 1, 0],
							"lerp_mode": "catmullrom"
						},
						"0.9583": {
							"post": [0, 0, 0],
							"lerp_mode": "catmullrom"
						},
						"1.0": {
							"post": [0, 1, 0],
							"lerp_mode": "catmullrom"
						},
						"1.0417": {
							"post": [0, 0, 0],
							"lerp_mode": "catmullrom"
						},
						"1.0833": {
							"post": [0, 1, 0],
							"lerp_mode": "catmullrom"
						},
						"1.125": {
							"post": [0, 0, 0],
							"lerp_mode": "catmullrom"
						},
						"1.1667": {
							"post": [0, 1, 0],
							"lerp_mode": "catmullrom"
						},
						"1.25": {
							"post": [0, 0, 0],
							"lerp_mode": "catmullrom"
						},
						"1.75": {
							"post": [0, 0, 0],
							"lerp_mode": "catmullrom"
						}
					}
				},
				"torso": {
					"rotation": {
						"0.0": {
							"post": [0, 0, 0],
							"lerp_mode": "catmullrom"
						},
						"0.25": {
							"post": [22.5, 0, 0],
							"lerp_mode": "catmullrom"
						},
						"0.5": {
							"post": [-22.5, 0, 0],
							"lerp_mode": "catmullrom"
						},
						"1.25": {
							"post": [-22.5, 0, 0],
							"lerp_mode": "catmullrom"
						},
						"1.75": {
							"post": [0, 0, 0],
							"lerp_mode": "catmullrom"
						}
					}
				},
				"left_arm": {
					"rotation": {
						"0.0": {
							"post": [0, 0, 0],
							"lerp_mode": "catmullrom"
						},
						"0.25": {
							"post": [0, 0, 0],
							"lerp_mode": "catmullrom"
						},
						"0.5": {
							"post": [-11.52421, -42.85882, 28.8368],
							"lerp_mode": "catmullrom"
						},
						"0.75": {
							"post": [-35.30468, -47.62091, 32.04089],
							"lerp_mode": "catmullrom"
						},
						"1.25": {
							"post": [-35.30468, -47.62091, 32.04089],
							"lerp_mode": "catmullrom"
						},
						"1.75": {
							"post": [0, 0, 0],
							"lerp_mode": "catmullrom"
						}
					}
				},
				"right_arm": {
					"rotation": {
						"0.0": {
							"post": [0, 0, 0],
							"lerp_mode": "catmullrom"
						},
						"0.25": {
							"post": [0, 0, 0],
							"lerp_mode": "catmullrom"
						},
						"0.5": {
							"post": [-11.52421, 42.85882, -28.8368],
							"lerp_mode": "catmullrom"
						},
						"0.75": {
							"post": [-35.30468, 47.62091, -32.04089],
							"lerp_mode": "catmullrom"
						},
						"1.25": {
							"post": [-35.30468, 47.62091, -32.04089],
							"lerp_mode": "catmullrom"
						},
						"1.75": {
							"post": [0, 0, 0],
							"lerp_mode": "catmullrom"
						}
					}
				},
				"neck_segment_1": {
					"rotation": {
						"0.0": {
							"post": [0, 0, 0],
							"lerp_mode": "catmullrom"
						},
						"0.2083": {
							"post": [22.5, 0, 0],
							"lerp_mode": "catmullrom"
						},
						"0.5": {
							"post": [0, 0, 0],
							"lerp_mode": "catmullrom"
						},
						"1.25": {
							"post": [0, 0, 0],
							"lerp_mode": "catmullrom"
						},
						"1.75": {
							"post": [0, 0, 0],
							"lerp_mode": "catmullrom"
						}
					},
					"position": {
						"0.0": {
							"post": [0, 0, 0],
							"lerp_mode": "catmullrom"
						},
						"0.2083": {
							"post": [0, 0.3, 2.4],
							"lerp_mode": "catmullrom"
						},
						"0.5": {
							"post": [0, 0, 0],
							"lerp_mode": "catmullrom"
						},
						"1.25": {
							"post": [0, 0, 0],
							"lerp_mode": "catmullrom"
						},
						"1.75": {
							"post": [0, 0, 0],
							"lerp_mode": "catmullrom"
						}
					}
				},
				"mouth": {
					"rotation": {
						"0.0": {
							"post": [0, 0, 0],
							"lerp_mode": "catmullrom"
						},
						"0.25": {
							"post": [0, 0, 0],
							"lerp_mode": "catmullrom"
						},
						"0.5": {
							"post": [22.5, 0, 0],
							"lerp_mode": "catmullrom"
						},
						"1.25": {
							"post": [22.5, 0, 0],
							"lerp_mode": "catmullrom"
						},
						"1.75": {
							"post": [0, 0, 0],
							"lerp_mode": "catmullrom"
						}
					},
					"position": {
						"0.0": {
							"post": [0, 0, 0],
							"lerp_mode": "catmullrom"
						},
						"0.25": {
							"post": [0, 0, 0],
							"lerp_mode": "catmullrom"
						},
						"0.5": {
							"post": [0, 1, 0],
							"lerp_mode": "catmullrom"
						},
						"1.25": {
							"post": [0, 1, 0],
							"lerp_mode": "catmullrom"
						},
						"1.75": {
							"post": [0, 0, 0],
							"lerp_mode": "catmullrom"
						}
					}
				},
				"tail_segment_1": {
					"rotation": {
						"0.0": {
							"post": [0, 0, 0],
							"lerp_mode": "catmullrom"
						},
						"0.25": {
							"post": [0, 0, 0],
							"lerp_mode": "catmullrom"
						},
						"0.5": {
							"post": [22.5, 0, 0],
							"lerp_mode": "catmullrom"
						},
						"1.25": {
							"post": [22.5, 0, 0],
							"lerp_mode": "catmullrom"
						}
					}
				}
			},
			"sound_effects": {
				"0.1": {
					"effect": "pokemon.palkia.cry"
				}
			}
		},
		"animation.pokemans_palkia.faint": {
			"animation_length": 3,
			"bones": {
				"palkia": {
					"rotation": {
						"0.0": {
							"post": [0, 0, 0],
							"lerp_mode": "catmullrom"
						},
						"0.75": {
							"post": [0, 0, 0],
							"lerp_mode": "catmullrom"
						},
						"1.0": {
							"post": [12.5, 0, 0],
							"lerp_mode": "catmullrom"
						}
					},
					"position": {
						"0.0": {
							"post": [0, 0, 0],
							"lerp_mode": "catmullrom"
						},
						"0.0417": {
							"post": [0, 0, 0],
							"lerp_mode": "catmullrom"
						},
						"0.0833": {
							"post": [0, 1, 0],
							"lerp_mode": "catmullrom"
						},
						"0.125": {
							"post": [0, 0, 0],
							"lerp_mode": "catmullrom"
						},
						"0.5": {
							"post": [0, -1.13, 0],
							"lerp_mode": "catmullrom"
						},
						"0.5417": {
							"post": [0, -1.13, 0],
							"lerp_mode": "catmullrom"
						},
						"0.5833": {
							"post": [0, -1.13, 0],
							"lerp_mode": "catmullrom"
						},
						"0.625": {
							"post": [0, -1.13, 0],
							"lerp_mode": "catmullrom"
						},
						"0.6667": {
							"post": [0, -1.13, 0],
							"lerp_mode": "catmullrom"
						},
						"0.7083": {
							"post": [0, -1.13, 0],
							"lerp_mode": "catmullrom"
						},
						"0.75": {
							"post": [0, 0, 0],
							"lerp_mode": "catmullrom"
						},
						"1.0": {
							"post": [0, -26, 0],
							"lerp_mode": "catmullrom"
						},
						"1.0417": {
							"post": [0, -25, 0],
							"lerp_mode": "catmullrom"
						},
						"1.0833": {
							"post": [0, -26, 0],
							"lerp_mode": "catmullrom"
						},
						"1.125": {
							"post": [0, -25, 0],
							"lerp_mode": "catmullrom"
						},
						"1.1667": {
							"post": [0, -26, 0],
							"lerp_mode": "catmullrom"
						},
						"1.2083": {
							"post": [0, -25, 0],
							"lerp_mode": "catmullrom"
						},
						"1.25": {
							"post": [0, -26, 0],
							"lerp_mode": "catmullrom"
						},
						"1.2917": {
							"post": [0, -25, 0],
							"lerp_mode": "catmullrom"
						}
					}
				},
				"waist": {
					"rotation": {
						"0.0": {
							"post": [0, 0, 0],
							"lerp_mode": "catmullrom"
						},
						"0.25": {
							"post": [0, -22.5, 0],
							"lerp_mode": "catmullrom"
						},
						"0.625": {
							"post": [45, -22.5, 0],
							"lerp_mode": "catmullrom"
						},
						"1.0": {
							"post": [67.5, -22.5, 0],
							"lerp_mode": "catmullrom"
						}
					}
				},
				"torso": {
					"rotation": {
						"0.0": {
							"post": [0, 0, 0],
							"lerp_mode": "catmullrom"
						},
						"0.25": {
							"post": [0, 0, 0],
							"lerp_mode": "catmullrom"
						},
						"0.75": {
							"post": [0, 0, 0],
							"lerp_mode": "catmullrom"
						}
					}
				},
				"left_arm": {
					"rotation": {
						"0.0": {
							"post": [0, 0, 0],
							"lerp_mode": "catmullrom"
						},
						"0.25": {
							"post": [22.5, -22.5, 0],
							"lerp_mode": "catmullrom"
						},
						"0.625": {
							"post": [43.21266, -1.54217, 8.42413],
							"lerp_mode": "catmullrom"
						},
						"1.0": {
							"post": [2.14466, -43.10948, -51.63033],
							"lerp_mode": "catmullrom"
						}
					},
					"position": {
						"0.0": {
							"post": [0, 0, 0],
							"lerp_mode": "catmullrom"
						},
						"1.0": {
							"post": [5, -3, 0],
							"lerp_mode": "catmullrom"
						}
					}
				},
				"right_arm": {
					"rotation": {
						"0.0": {
							"post": [0, 0, 0],
							"lerp_mode": "catmullrom"
						},
						"0.25": {
							"post": [47.26579, 15.69986, 16.32495],
							"lerp_mode": "catmullrom"
						},
						"0.625": {
							"post": [45, 0, 0],
							"lerp_mode": "catmullrom"
						},
						"1.0": {
							"post": [69.05898, 40.78947, 59.63881],
							"lerp_mode": "catmullrom"
						}
					},
					"position": {
						"0.0": {
							"post": [0, 0, 0],
							"lerp_mode": "catmullrom"
						},
						"1.0": {
							"post": [-6, -2, 0],
							"lerp_mode": "catmullrom"
						}
					}
				},
				"right_wing": {
					"rotation": {
						"0.0": {
							"post": [0, 0, 0],
							"lerp_mode": "catmullrom"
						},
						"0.5": {
							"post": [0, 0, 0],
							"lerp_mode": "catmullrom"
						},
						"0.75": {
							"post": [-90, 0, 0],
							"lerp_mode": "catmullrom"
						}
					}
				},
				"left_wing": {
					"rotation": {
						"0.0": {
							"post": [0, 0, 0],
							"lerp_mode": "catmullrom"
						},
						"0.75": {
							"post": [0, 0, 0],
							"lerp_mode": "catmullrom"
						},
						"1.0": {
							"post": [-90, 0, 0],
							"lerp_mode": "catmullrom"
						}
					}
				},
				"neck": {
					"rotation": {
						"0.0": {
							"post": [0, 0, 0],
							"lerp_mode": "catmullrom"
						},
						"0.25": {
							"post": [22.5, 0, 0],
							"lerp_mode": "catmullrom"
						},
						"1.0": {
							"post": [-67.5, 0, 0],
							"lerp_mode": "catmullrom"
						}
					},
					"position": {
						"0.0": {
							"post": [0, 0, 0],
							"lerp_mode": "catmullrom"
						},
						"1.0": {
							"post": [0, 4, 0],
							"lerp_mode": "catmullrom"
						}
					}
				},
				"head": {
					"rotation": {
						"0.0": {
							"post": [0, 0, 0],
							"lerp_mode": "catmullrom"
						},
						"0.25": {
							"post": [22.5, 0, 0],
							"lerp_mode": "catmullrom"
						}
					},
					"position": {
						"0.0": {
							"post": [0, 0, 0],
							"lerp_mode": "catmullrom"
						},
						"0.25": {
							"post": [0, 0.2, 2.5],
							"lerp_mode": "catmullrom"
						}
					}
				},
				"tail": {
					"rotation": {
						"0.0": {
							"post": [0, 0, 0],
							"lerp_mode": "catmullrom"
						},
						"0.25": {
							"post": [0, 0, 0],
							"lerp_mode": "catmullrom"
						},
						"0.375": {
							"post": [-66.63966, 6.23182, -0.18302],
							"lerp_mode": "catmullrom"
						}
					},
					"position": {
						"0.0": {
							"post": [0, 0, 0],
							"lerp_mode": "catmullrom"
						},
						"0.25": {
							"post": [0, 0, 0],
							"lerp_mode": "catmullrom"
						},
						"0.375": {
							"post": [0.5, 0, -7],
							"lerp_mode": "catmullrom"
						}
					}
				},
				"tail_segment_1": {
					"rotation": {
						"0.0": {
							"post": [0, 0, 0],
							"lerp_mode": "catmullrom"
						},
						"0.25": {
							"post": [12.52132, -17.79153, 4.23526],
							"lerp_mode": "catmullrom"
						}
					},
					"position": {
						"0.0": {
							"post": [0, 0, 0],
							"lerp_mode": "catmullrom"
						},
						"0.25": {
							"post": [0, 0, -2],
							"lerp_mode": "catmullrom"
						}
					}
				},
				"right_leg": {
					"rotation": {
						"0.0": {
							"post": [0, 0, 0],
							"lerp_mode": "catmullrom"
						},
						"0.75": {
							"post": [104.34325, -28.23489, 14.34325],
							"lerp_mode": "catmullrom"
						}
					}
				},
				"left_leg": {
					"rotation": {
						"0.0": {
							"post": [0, 0, 0],
							"lerp_mode": "catmullrom"
						},
						"0.25": {
							"post": [0, -22.5, 0],
							"lerp_mode": "catmullrom"
						},
						"0.75": {
							"post": [0, -22.5, 0],
							"lerp_mode": "catmullrom"
						},
						"1.0": {
							"post": [112.5, -22.5, 0],
							"lerp_mode": "catmullrom"
						}
					},
					"position": {
						"0.0": {
							"post": [0, 0, 0],
							"lerp_mode": "catmullrom"
						},
						"0.25": {
							"post": [0, 0, 5],
							"lerp_mode": "catmullrom"
						},
						"0.75": {
							"post": [0, 0, 5],
							"lerp_mode": "catmullrom"
						}
					}
				}
			}
		},
		"animation.pokemans_palkia.battle_idle": {
			"loop": true,
			"animation_length": 2,
			"bones": {
				"waist": {
					"rotation": ["20+math.sin(query.anim_time*90*2)*2", 0, 0]
				},
				"left_arm": {
					"rotation": ["-math.sin(query.anim_time*90*2+60)*4", 0, "-22.5-math.sin(query.anim_time*90*2-60)*4"]
				},
				"left_elbow": {
					"rotation": ["-90-math.sin(query.anim_time*90*2+80)*4", 0, 0]
				},
				"left_disk": {
					"rotation": [90, 0, 0]
				},
				"left_arm2": {
					"rotation": [90, 0, 0],
					"position": [-1, -5, 6]
				},
				"right_arm": {
					"rotation": ["-math.sin(query.anim_time*90*2+60)*4", 0, "22.5+math.sin(query.anim_time*90*2-60)*4"]
				},
				"right_disk": {
					"rotation": [90, 0, 0]
				},
				"right_arm2": {
					"rotation": [90, 0, 0],
					"position": [-1, -5, 6]
				},
				"right_elbow": {
					"rotation": [-90, 0, 0]
				},
				"neck_segment_1": {
					"rotation": [5, 0, 0],
					"position": [0, 0.2, 0.6]
				},
				"neck": {
					"rotation": ["-10-math.sin(query.anim_time*90*2+40)*4", 0, 0]
				},
				"tail": {
					"rotation": ["-12.5+math.sin(query.anim_time*90*2-30)*4", 0, 0]
				},
				"tail_segment_1": {
					"rotation": ["math.sin(query.anim_time*90*2+30)*6", 0, 0]
				},
				"tail_segment_2": {
					"rotation": ["math.sin(query.anim_time*90*2+30)*8", 0, 0]
				},
				"tail_segment_4": {
					"rotation": ["math.sin(query.anim_time*90*2-30)*10", 0, 0]
				},
				"right_wing": {
					"rotation": [0, 22.5, 0]
				},
				"left_wing": {
					"rotation": [0, -22.5, 0]
				},
				"right_leg": {
					"rotation": [0, 22.5, 0]
				},
				"left_leg": {
					"rotation": [0, -22.5, 0]
				}
			}
		},
		"animation.pokemans_palkia.physical_attack": {
			"animation_length": 2,
			"bones": {
				"palkia": {
					"rotation": {
						"0.0": {
							"post": [0, 0, 0],
							"lerp_mode": "catmullrom"
						},
						"0.5": {
							"post": [-22.5, 22.5, 0],
							"lerp_mode": "catmullrom"
						},
						"0.75": {
							"post": [0.47897, -19.44825, 16.67676],
							"lerp_mode": "catmullrom"
						},
						"1.25": {
							"post": [0.47897, -19.44825, 16.67676],
							"lerp_mode": "catmullrom"
						},
						"1.375": {
							"post": [0, 0, 0],
							"lerp_mode": "catmullrom"
						}
					},
					"position": {
						"0.0": {
							"post": [0, 0, 0],
							"lerp_mode": "catmullrom"
						},
						"0.25": {
							"post": [0, 24, -6],
							"lerp_mode": "catmullrom"
						},
						"0.75": {
							"post": [0, 27, -6.73],
							"lerp_mode": "catmullrom"
						},
						"0.7917": {
							"post": [0, 26.98, -7.74],
							"lerp_mode": "catmullrom"
						},
						"0.8333": {
							"post": [0, 27, -6.73],
							"lerp_mode": "catmullrom"
						},
						"0.875": {
							"post": [0, 26.98, -7.74],
							"lerp_mode": "catmullrom"
						},
						"0.9167": {
							"post": [0, 27, -6.73],
							"lerp_mode": "catmullrom"
						},
						"0.9583": {
							"post": [0, 26.98, -7.74],
							"lerp_mode": "catmullrom"
						},
						"1.0": {
							"post": [0, 27, -6.73],
							"lerp_mode": "catmullrom"
						},
						"1.0417": {
							"post": [0, 26.98, -7.74],
							"lerp_mode": "catmullrom"
						},
						"1.25": {
							"post": [0, 24, -6],
							"lerp_mode": "catmullrom"
						},
						"1.375": {
							"post": [0, 0, 0],
							"lerp_mode": "catmullrom"
						},
						"1.4167": {
							"post": [0, 1, 0],
							"lerp_mode": "catmullrom"
						},
						"1.4583": {
							"post": [0, 0, 0],
							"lerp_mode": "catmullrom"
						},
						"1.5": {
							"post": [0, 1, 0],
							"lerp_mode": "catmullrom"
						},
						"1.5417": {
							"post": [0, 0, 0],
							"lerp_mode": "catmullrom"
						},
						"1.5833": {
							"post": [0, 1, 0],
							"lerp_mode": "catmullrom"
						},
						"1.625": {
							"post": [0, 0, 0],
							"lerp_mode": "catmullrom"
						},
						"1.6667": {
							"post": [0, 1, 0],
							"lerp_mode": "catmullrom"
						}
					}
				},
				"chest": {
					"rotation": {
						"0.0": {
							"post": [0, 0, 0],
							"lerp_mode": "catmullrom"
						},
						"0.25": {
							"post": [0, 0, 0],
							"lerp_mode": "catmullrom"
						},
						"1.375": {
							"post": [0, 0, 0],
							"lerp_mode": "catmullrom"
						}
					}
				},
				"left_arm": {
					"rotation": {
						"0.0": {
							"post": [0, 0, 0],
							"lerp_mode": "catmullrom"
						},
						"0.25": {
							"post": [24.14867, -20.70481, -9.00717],
							"lerp_mode": "catmullrom"
						},
						"0.75": {
							"post": [30.36119, -40.78947, -20.94102],
							"lerp_mode": "catmullrom"
						},
						"1.25": {
							"post": [30.36119, -40.78947, -20.94102],
							"lerp_mode": "catmullrom"
						},
						"1.375": {
							"post": [0, 0, 0],
							"lerp_mode": "catmullrom"
						}
					}
				},
				"left_elbow": {
					"rotation": {
						"0.0": {
							"post": [0, 0, 0],
							"lerp_mode": "catmullrom"
						},
						"0.5": {
							"post": [0, 67.5, 0],
							"lerp_mode": "catmullrom"
						},
						"0.75": {
							"post": [0, 22.5, 0],
							"lerp_mode": "catmullrom"
						},
						"1.25": {
							"post": [0, 22.5, 0],
							"lerp_mode": "catmullrom"
						},
						"1.375": {
							"post": [0, 0, 0],
							"lerp_mode": "catmullrom"
						}
					}
				},
				"right_arm": {
					"rotation": {
						"0.0": {
							"post": [0, 0, 0],
							"lerp_mode": "catmullrom"
						},
						"0.25": {
							"post": [24.14867, 20.70481, 9.00717],
							"lerp_mode": "catmullrom"
						},
						"0.5": {
							"post": [67.5, 67.5, 90],
							"lerp_mode": "catmullrom"
						},
						"0.75": {
							"post": [23.90872, -29.26518, 11.92071],
							"lerp_mode": "catmullrom"
						},
						"1.25": {
							"post": [23.90872, -29.26518, 11.92071],
							"lerp_mode": "catmullrom"
						},
						"1.375": {
							"post": [0, 0, 0],
							"lerp_mode": "catmullrom"
						}
					},
					"position": {
						"0.0": {
							"post": [0, 0, 0],
							"lerp_mode": "catmullrom"
						},
						"0.25": {
							"post": [0, 0, 0],
							"lerp_mode": "catmullrom"
						},
						"0.5": {
							"post": [-4, 2, 0],
							"lerp_mode": "catmullrom"
						},
						"1.375": {
							"post": [0, 0, 0],
							"lerp_mode": "catmullrom"
						}
					}
				},
				"right_elbow": {
					"rotation": {
						"0.0": {
							"post": [0, 0, 0],
							"lerp_mode": "catmullrom"
						},
						"0.5": {
							"post": [0, 0, 0],
							"lerp_mode": "catmullrom"
						},
						"0.75": {
							"post": [0, -22.5, 0],
							"lerp_mode": "catmullrom"
						},
						"1.25": {
							"post": [0, -22.5, 0],
							"lerp_mode": "catmullrom"
						},
						"1.375": {
							"post": [0, 0, 0],
							"lerp_mode": "catmullrom"
						}
					}
				},
				"right_wing": {
					"rotation": {
						"0.0": {
							"post": [0, 0, 0],
							"lerp_mode": "catmullrom"
						},
						"0.25": {
							"post": [0, 45, 0],
							"lerp_mode": "catmullrom"
						},
						"1.375": {
							"post": [0, 0, 0],
							"lerp_mode": "catmullrom"
						}
					},
					"position": {
						"0.0": {
							"post": [0, 0, 0],
							"lerp_mode": "catmullrom"
						},
						"0.25": {
							"post": [0, 0, 2],
							"lerp_mode": "catmullrom"
						},
						"1.375": {
							"post": [0, 0, 0],
							"lerp_mode": "catmullrom"
						}
					}
				},
				"left_wing": {
					"rotation": {
						"0.0": {
							"post": [0, 0, 0],
							"lerp_mode": "catmullrom"
						},
						"0.25": {
							"post": [0, -45, 0],
							"lerp_mode": "catmullrom"
						},
						"1.375": {
							"post": [0, 0, 0],
							"lerp_mode": "catmullrom"
						}
					},
					"position": {
						"0.0": {
							"post": [0, 0, 0],
							"lerp_mode": "catmullrom"
						},
						"0.25": {
							"post": [0, 0, 2],
							"lerp_mode": "catmullrom"
						},
						"1.375": {
							"post": [0, 0, 0],
							"lerp_mode": "catmullrom"
						}
					}
				},
				"neck": {
					"rotation": {
						"0.0": {
							"post": [0, 0, 0],
							"lerp_mode": "catmullrom"
						},
						"1.375": {
							"post": [0, 0, 0],
							"lerp_mode": "catmullrom"
						}
					}
				},
				"neck_segment_1": {
					"rotation": {
						"0.0": {
							"post": [0, 0, 0],
							"lerp_mode": "catmullrom"
						},
						"0.25": {
							"post": [30, 0, 0],
							"lerp_mode": "catmullrom"
						},
						"1.375": {
							"post": [0, 0, 0],
							"lerp_mode": "catmullrom"
						}
					},
					"position": {
						"0.0": {
							"post": [0, 0, 0],
							"lerp_mode": "catmullrom"
						},
						"0.25": {
							"post": [0, 1.5, 2.8],
							"lerp_mode": "catmullrom"
						},
						"1.375": {
							"post": [0, 0, 0],
							"lerp_mode": "catmullrom"
						}
					}
				},
				"tail": {
					"rotation": {
						"0.0": {
							"post": [0, 0, 0],
							"lerp_mode": "catmullrom"
						},
						"0.25": {
							"post": [0, 0, 0],
							"lerp_mode": "catmullrom"
						},
						"1.375": {
							"post": [0, 0, 0],
							"lerp_mode": "catmullrom"
						}
					},
					"position": {
						"0.0": {
							"post": [0, 0, 0],
							"lerp_mode": "catmullrom"
						},
						"0.25": {
							"post": [0, 0, 0],
							"lerp_mode": "catmullrom"
						},
						"1.375": {
							"post": [0, 0, 0],
							"lerp_mode": "catmullrom"
						}
					}
				},
				"right_leg": {
					"rotation": {
						"0.0": {
							"post": [0, 0, 0],
							"lerp_mode": "catmullrom"
						},
						"0.25": {
							"post": [45, 0, 0],
							"lerp_mode": "catmullrom"
						},
						"1.375": {
							"post": [0, 0, 0],
							"lerp_mode": "catmullrom"
						}
					}
				},
				"left_leg": {
					"rotation": {
						"0.0": {
							"post": [0, 0, 0],
							"lerp_mode": "catmullrom"
						},
						"0.25": {
							"post": [45, 0, 0],
							"lerp_mode": "catmullrom"
						},
						"1.375": {
							"post": [0, 0, 0],
							"lerp_mode": "catmullrom"
						}
					}
				}
			}
		},
		"animation.pokemans_palkia.special_attack": {
			"animation_length": 1.25,
			"bones": {
				"palkia": {
					"rotation": {
						"0.0": {
							"post": [0, 0, 0],
							"lerp_mode": "catmullrom"
						},
						"0.25": {
							"post": [22.5, 0, 0],
							"lerp_mode": "catmullrom"
						},
						"0.5": {
							"post": [-22.5, 0, 0],
							"lerp_mode": "catmullrom"
						},
						"1.0": {
							"post": [-22.5, 0, 0],
							"lerp_mode": "catmullrom"
						},
						"1.25": {
							"post": [0, 0, 0],
							"lerp_mode": "catmullrom"
						}
					},
					"position": {
						"0.0": {
							"post": [0, 0, 0],
							"lerp_mode": "catmullrom"
						},
						"0.25": {
							"post": [0, 20, 0],
							"lerp_mode": "catmullrom"
						},
						"0.5": {
							"post": [0, 20.27, 0],
							"lerp_mode": "catmullrom"
						},
						"0.5417": {
							"post": [0, 19, 0],
							"lerp_mode": "catmullrom"
						},
						"0.5833": {
							"post": [0, 20.27, 0],
							"lerp_mode": "catmullrom"
						},
						"0.625": {
							"post": [0, 19, 0],
							"lerp_mode": "catmullrom"
						},
						"0.6667": {
							"post": [0, 20.27, 0],
							"lerp_mode": "catmullrom"
						},
						"0.7083": {
							"post": [0, 19, 0],
							"lerp_mode": "catmullrom"
						},
						"0.75": {
							"post": [0, 20.27, 0],
							"lerp_mode": "catmullrom"
						},
						"0.7917": {
							"post": [0, 19, 0],
							"lerp_mode": "catmullrom"
						},
						"1.0": {
							"post": [0, 20.27, 0],
							"lerp_mode": "catmullrom"
						},
						"1.25": {
							"post": [0, 0, 0],
							"lerp_mode": "catmullrom"
						}
					}
				},
				"left_arm": {
					"rotation": {
						"0.0": {
							"post": [0, 0, 0],
							"lerp_mode": "catmullrom"
						},
						"0.25": {
							"post": [0, 0, 0],
							"lerp_mode": "catmullrom"
						},
						"0.5": {
							"post": [0, -67.5, 0],
							"lerp_mode": "catmullrom"
						},
						"1.0": {
							"post": [0, -67.5, 0],
							"lerp_mode": "catmullrom"
						},
						"1.25": {
							"post": [0, 0, 0],
							"lerp_mode": "catmullrom"
						}
					}
				},
				"left_elbow": {
					"rotation": {
						"0.0": {
							"post": [0, 0, 0],
							"lerp_mode": "catmullrom"
						},
						"0.25": {
							"post": [0, 0, 0],
							"lerp_mode": "catmullrom"
						},
						"0.5": {
							"post": [0, 22.5, 0],
							"lerp_mode": "catmullrom"
						},
						"1.0": {
							"post": [0, 22.5, 0],
							"lerp_mode": "catmullrom"
						},
						"1.25": {
							"post": [0, 0, 0],
							"lerp_mode": "catmullrom"
						}
					}
				},
				"right_arm": {
					"rotation": {
						"0.0": {
							"post": [0, 0, 0],
							"lerp_mode": "catmullrom"
						},
						"0.25": {
							"post": [0, 0, 0],
							"lerp_mode": "catmullrom"
						},
						"0.5": {
							"post": [0, 67.5, 0],
							"lerp_mode": "catmullrom"
						},
						"1.0": {
							"post": [0, 67.5, 0],
							"lerp_mode": "catmullrom"
						},
						"1.25": {
							"post": [0, 0, 0],
							"lerp_mode": "catmullrom"
						}
					}
				},
				"right_elbow": {
					"rotation": {
						"0.0": {
							"post": [0, 0, 0],
							"lerp_mode": "catmullrom"
						},
						"0.25": {
							"post": [0, 0, 0],
							"lerp_mode": "catmullrom"
						},
						"0.5": {
							"post": [0, -22.5, 0],
							"lerp_mode": "catmullrom"
						},
						"1.0": {
							"post": [0, -22.5, 0],
							"lerp_mode": "catmullrom"
						},
						"1.25": {
							"post": [0, 0, 0],
							"lerp_mode": "catmullrom"
						}
					}
				},
				"neck": {
					"rotation": {
						"0.0": {
							"post": [0, 0, 0],
							"lerp_mode": "catmullrom"
						},
						"0.25": {
							"post": [0, 0, 0],
							"lerp_mode": "catmullrom"
						},
						"0.5": {
							"post": [-22.5, 0, 0],
							"lerp_mode": "catmullrom"
						},
						"1.0": {
							"post": [-22.5, 0, 0],
							"lerp_mode": "catmullrom"
						},
						"1.25": {
							"post": [0, 0, 0],
							"lerp_mode": "catmullrom"
						}
					}
				},
				"head": {
					"rotation": {
						"0.0": {
							"post": [0, 0, 0],
							"lerp_mode": "catmullrom"
						},
						"0.25": {
							"post": [0, 0, 0],
							"lerp_mode": "catmullrom"
						},
						"0.5": {
							"post": [45, 0, 0],
							"lerp_mode": "catmullrom"
						},
						"1.0": {
							"post": [45, 0, 0],
							"lerp_mode": "catmullrom"
						},
						"1.25": {
							"post": [0, 0, 0],
							"lerp_mode": "catmullrom"
						}
					},
					"position": {
						"0.0": {
							"post": [0, 0, 0],
							"lerp_mode": "catmullrom"
						},
						"0.25": {
							"post": [0, 0, 0],
							"lerp_mode": "catmullrom"
						},
						"0.5": {
							"post": [0, 2, 5],
							"lerp_mode": "catmullrom"
						},
						"1.0": {
							"post": [0, 2, 5],
							"lerp_mode": "catmullrom"
						},
						"1.25": {
							"post": [0, 0, 0],
							"lerp_mode": "catmullrom"
						}
					}
				},
				"mouth": {
					"rotation": {
						"0.0": {
							"post": [0, 0, 0],
							"lerp_mode": "catmullrom"
						},
						"0.25": {
							"post": [0, 0, 0],
							"lerp_mode": "catmullrom"
						},
						"0.5": {
							"post": [22.5, 0, 0],
							"lerp_mode": "catmullrom"
						},
						"1.0": {
							"post": [22.5, 0, 0],
							"lerp_mode": "catmullrom"
						},
						"1.25": {
							"post": [0, 0, 0],
							"lerp_mode": "catmullrom"
						}
					}
				},
				"tail": {
					"rotation": {
						"0.0": {
							"post": [0, 0, 0],
							"lerp_mode": "catmullrom"
						},
						"0.25": {
							"post": [-22.5, 0, 0],
							"lerp_mode": "catmullrom"
						},
						"1.0": {
							"post": [-22.5, 0, 0],
							"lerp_mode": "catmullrom"
						},
						"1.25": {
							"post": [0, 0, 0],
							"lerp_mode": "catmullrom"
						}
					},
					"position": {
						"0.0": {
							"post": [0, 0, 0],
							"lerp_mode": "catmullrom"
						},
						"0.25": {
							"post": [0, 0, -2],
							"lerp_mode": "catmullrom"
						},
						"1.0": {
							"post": [0, 0, -2],
							"lerp_mode": "catmullrom"
						},
						"1.25": {
							"post": [0, 0, 0],
							"lerp_mode": "catmullrom"
						}
					}
				},
				"right_leg": {
					"rotation": {
						"0.0": {
							"post": [0, 0, 0],
							"lerp_mode": "catmullrom"
						},
						"0.25": {
							"post": [22.5, 0, 0],
							"lerp_mode": "catmullrom"
						},
						"1.0": {
							"post": [22.5, 0, 0],
							"lerp_mode": "catmullrom"
						},
						"1.25": {
							"post": [0, 0, 0],
							"lerp_mode": "catmullrom"
						}
					}
				},
				"left_leg": {
					"rotation": {
						"0.0": {
							"post": [0, 0, 0],
							"lerp_mode": "catmullrom"
						},
						"0.25": {
							"post": [22.5, 0, 0],
							"lerp_mode": "catmullrom"
						},
						"1.0": {
							"post": [22.5, 0, 0],
							"lerp_mode": "catmullrom"
						},
						"1.25": {
							"post": [0, 0, 0],
							"lerp_mode": "catmullrom"
						}
					}
				}
			}
		}
	}
}