{
	"format_version": "1.8.0",
	"animations": {
		"animation.pokemans_typenull.pose": {
			"loop": true,
			"bones": {
				"neck2": {
					"rotation": [7.5, 0, 0]
				},
				"neck3": {
					"rotation": [-15, 0, 0]
				},
				"head": {
					"rotation": [-27.5, 0, 0]
				},
				"leg_b_left": {
					"rotation": [5, 0, -12.5],
					"position": [0, -1, 0]
				},
				"leg_b_left2": {
					"rotation": [0, 0, 5]
				},
				"leg_b_left4": {
					"rotation": [0, 0, 7.5],
					"position": [0.23, 0, 0]
				},
				"leg_b_left5": {
					"rotation": [-2.5, 0, 0]
				},
				"leg_b_right": {
					"rotation": [-15, 0, 12.5],
					"position": [0, -1, 0]
				},
				"leg_b_right2": {
					"rotation": [17.5, 0, 0]
				},
				"leg_b_right3": {
					"rotation": [-40, 0, 0]
				},
				"leg_b_right4": {
					"rotation": [21.80633, 5.68422, -13.9042]
				},
				"leg_b_right5": {
					"rotation": [15, 0, 0]
				},
				"leg_f_left": {
					"rotation": [-42.41941, -4.23874, -19.32034]
				},
				"leg_f_left2": {
					"rotation": [10, 0, 0]
				},
				"leg_f_left3": {
					"rotation": [12.5, 0, 0]
				},
				"leg_f_foe2": {
					"rotation": [5.83401, -2.26891, 12.32131]
				},
				"leg_f_foe3": {
					"rotation": [18.7042, 0.0232, 4.47173]
				},
				"leg_f_foe4": {
					"rotation": [22.5, 0, 0]
				},
				"leg_f_right": {
					"rotation": [-18.56197, 29.14089, 32.56885]
				},
				"leg_f_right2": {
					"rotation": [-69.89375, -0.97302, -12.46267]
				},
				"leg_f_right3": {
					"rotation": [-0.07673, 9.96156, -13.38045]
				},
				"leg_f_foe6": {
					"rotation": [57.55076, -11.00232, -13.86529]
				},
				"leg_f_foe2_2": {
					"rotation": [35, 0, 0]
				},
				"leg_f_foe7": {
					"rotation": [70, 0, 0]
				},
				"leg_f_foe3_2": {
					"rotation": [32.5, 0, 0]
				},
				"leg_f_foe8": {
					"rotation": [-12.5, 0, 0]
				},
				"leg_f_foe4_2": {
					"rotation": [-7.5, 0, 0]
				},
				"torso": {
					"rotation": [7.5, 0, 0]
				}
			}
		},
		"animation.pokemans_typenull.ground_walk": {
			"loop": true,
			"animation_length": 1,
			"bones": {
				"tail": {
					"rotation": [0, "0+Math.cos((query.anim_time) * 90 * 4*2) * 3", 0]
				},
				"neck5": {
					"rotation": ["-7.5+Math.cos((query.anim_time) * 90 * 4*2) * 3", 0, 0]
				},
				"leg_b_left": {
					"rotation": {
						"0.0": [26.5, 0, 0],
						"0.1667": [22.71, 0, 0],
						"0.4167": [-15.08, 0, 0],
						"0.5": [-18, 0, 0],
						"0.5833": [-15.08, 0, 0],
						"0.9167": [22.71, 0, 0],
						"1.0": [26.5, 0, 0]
					},
					"position": {
						"0.0": {
							"post": [0, 0.21, 0],
							"lerp_mode": "catmullrom"
						},
						"0.125": {
							"post": [0, 0.55, 0],
							"lerp_mode": "catmullrom"
						},
						"0.2083": {
							"post": [0, 0.6, 0],
							"lerp_mode": "catmullrom"
						},
						"0.2917": {
							"post": [0, 0.75, 0],
							"lerp_mode": "catmullrom"
						},
						"0.4167": {
							"post": [0, 0.21, 0],
							"lerp_mode": "catmullrom"
						},
						"0.5": [0, 0, 0],
						"0.7083": [0, 0.2, 0],
						"0.9167": [0, 0, 0],
						"1.0": [0, 0.21, 0]
					}
				},
				"leg_b_left2": {
					"rotation": {
						"0.0": {
							"post": [-9.5, 0, 0],
							"lerp_mode": "catmullrom"
						},
						"0.125": {
							"post": [-35.75, 0, 0],
							"lerp_mode": "catmullrom"
						},
						"0.25": [-48.75, 0, 0],
						"0.4167": [-21, 0, 0],
						"0.5": [-12.5, 0, 0],
						"0.7083": [-15.62, 0, 0],
						"1.0": [-9.5, 0, 0]
					}
				},
				"leg_b_left5": {
					"rotation": {
						"0.0": [4.38, 0, 0],
						"0.0417": [7.5, 0, 0],
						"0.25": [55, 0, 0],
						"0.375": [13.75, 0, 0],
						"0.5": [35, 0, 0],
						"0.7083": [10, 0, 0],
						"0.875": [-5, 0, 0],
						"1.0": [4.38, 0, 0]
					}
				},
				"leg_f_left": {
					"rotation": {
						"0.0": [-21, 0, 0],
						"0.0833": [-18.08, 0, 0],
						"0.4167": [26.21, 0, 0],
						"0.5": [30, 0, 0],
						"0.6667": [26.21, 0, 0],
						"0.9167": [-18.08, 0, 0],
						"1.0": [-21, 0, 0]
					},
					"position": {
						"0.0": [0, 0, 0],
						"0.2083": [0, 1.25, 0],
						"0.4167": [0, 0, 0],
						"0.625": {
							"pre": [0, 1.25, 0],
							"post": [0, 1.25, 0],
							"lerp_mode": "catmullrom"
						},
						"0.7083": {
							"post": [0, 1.5, 0],
							"lerp_mode": "catmullrom"
						},
						"0.7917": {
							"post": [0, 1.25, 0],
							"lerp_mode": "catmullrom"
						},
						"0.9167": {
							"post": [0, 0.21, 0],
							"lerp_mode": "catmullrom"
						},
						"1.0": [0, 0, 0]
					}
				},
				"leg_f_left2": {
					"rotation": {
						"0.0": [-12.5, 0, 0],
						"0.2083": [-3.12, 0, 0],
						"0.5": [-17, 0, 0],
						"0.5833": [-18.75, 0, 0],
						"0.7917": [-40, 0, 0],
						"1.0": [-12.5, 0, 0]
					}
				},
				"leg_f_foe": {
					"rotation": {
						"0.0": [22.5, 0, 0],
						"0.0417": [35, 0, 0],
						"0.2083": [10, 0, 0],
						"0.375": [-5, 0, 0],
						"0.5417": [7.5, 0, 0],
						"0.75": [55, 0, 0],
						"0.9167": [15.42, 0, 0],
						"1.0": [22.5, 0, 0]
					}
				},
				"leg_f_right": {
					"rotation": {
						"0.0": [30, 0, 0],
						"0.1667": [26.21, 0, 0],
						"0.4167": [-18.08, 0, 0],
						"0.5": [-21, 0, 0],
						"0.5833": [-18.08, 0, 0],
						"0.9167": [26.21, 0, 0],
						"1.0": [30, 0, 0]
					},
					"position": {
						"0.0": {
							"post": [0, 0.21, 0],
							"lerp_mode": "catmullrom"
						},
						"0.125": {
							"post": [0, 1.25, 0],
							"lerp_mode": "catmullrom"
						},
						"0.2083": {
							"post": [0, 1.5, 0],
							"lerp_mode": "catmullrom"
						},
						"0.2917": {
							"post": [0, 1.25, 0],
							"lerp_mode": "catmullrom"
						},
						"0.4167": {
							"post": [0, 0.21, 0],
							"lerp_mode": "catmullrom"
						},
						"0.5": [0, 0, 0],
						"0.7083": [0, 1.25, 0],
						"0.9167": [0, 0, 0],
						"1.0": [0, 0.21, 0]
					}
				},
				"leg_f_right2": {
					"rotation": {
						"0.0": [-17, 0, 0],
						"0.0833": [-18.75, 0, 0],
						"0.2917": [-40, 0, 0],
						"0.5": [-12.5, 0, 0],
						"0.7083": [-3.12, 0, 0],
						"1.0": [-17, 0, 0]
					}
				},
				"leg_f_foe5": {
					"rotation": {
						"0.0": [4.38, 0, 0],
						"0.0417": [7.5, 0, 0],
						"0.25": [55, 0, 0],
						"0.5": [22.5, 0, 0],
						"0.5417": [35, 0, 0],
						"0.7083": [10, 0, 0],
						"0.875": [-5, 0, 0],
						"1.0": [4.38, 0, 0]
					}
				},
				"skill": {
					"scale": 0
				},
				"skill2": {
					"scale": 0
				},
				"bone6": {
					"rotation": [0, 0, 15]
				},
				"bone5": {
					"rotation": [0, 0, -15]
				},
				"bone7": {
					"rotation": [-7.5, 0, 0]
				},
				"leg_b_right": {
					"rotation": {
						"0.0": [-18, 0, 0],
						"0.0833": [-15.08, 0, 0],
						"0.4167": [22.71, 0, 0],
						"0.5": [26.5, 0, 0],
						"0.6667": [22.71, 0, 0],
						"0.9167": [-15.08, 0, 0],
						"1.0": [-18, 0, 0]
					},
					"position": {
						"0.0": [0, 0, 0],
						"0.4167": [0, 0, 0],
						"0.5": {
							"pre": [0, 0.21, 0],
							"post": [0, 0.21, 0],
							"lerp_mode": "catmullrom"
						},
						"0.625": {
							"post": [0, 0.65, 0],
							"lerp_mode": "catmullrom"
						},
						"0.7083": {
							"post": [0, 0.6, 0],
							"lerp_mode": "catmullrom"
						},
						"0.7917": {
							"post": [0, 0.65, 0],
							"lerp_mode": "catmullrom"
						},
						"0.9167": {
							"post": [0, 0.21, 0],
							"lerp_mode": "catmullrom"
						},
						"1.0": [0, 0, 0]
					}
				},
				"leg_b_right2": {
					"rotation": {
						"0.0": [-12.5, 0, 0],
						"0.2083": [-15.62, 0, 0],
						"0.5": {
							"pre": [-9.5, 0, 0],
							"post": [-9.5, 0, 0],
							"lerp_mode": "catmullrom"
						},
						"0.625": {
							"post": [-35.75, 0, 0],
							"lerp_mode": "catmullrom"
						},
						"0.75": [-48.75, 0, 0],
						"0.9167": [-21, 0, 0],
						"1.0": [-12.5, 0, 0]
					}
				},
				"leg_b_right5": {
					"rotation": {
						"0.0": [35, 0, 0],
						"0.2083": [10, 0, 0],
						"0.375": [-5, 0, 0],
						"0.5417": [7.5, 0, 0],
						"0.75": [55, 0, 0],
						"0.875": [13.75, 0, 0],
						"1.0": [35, 0, 0]
					}
				},
				"torso": {
					"rotation": ["2.5+Math.cos((query.anim_time) * 90 * 4*2 - 90) * 2", 0, "0+Math.cos((query.anim_time) * 90 * 4) * 2"],
					"position": [0, "0+Math.cos((query.anim_time) * 90 * 4*2) * 0.2", 0]
				},
				"neck3": {
					"rotation": ["7.5+Math.cos((query.anim_time) * 90 * 4*2) * -3", 0, "Math.cos((query.anim_time) * 90 * 4 - 30) * 1"],
					"position": [0, 0, -0.83]
				},
				"chest2": {
					"rotation": ["-2.5+Math.cos((query.anim_time) * 90 * 4*2) * 2", 0, "0+Math.cos((query.anim_time) * 90 * 4) * -2"],
					"position": [0, 0.3, 0]
				}
			}
		},
		"animation.pokemans_typenull.ground_idle": {
			"loop": true,
			"bones": {
				"neck4": {
					"rotation": ["0+Math.cos((query.anim_time) * 90 * 2 - 90) * -1", 0, 0]
				},
				"neck5": {
					"rotation": ["0+Math.cos((query.anim_time) * 90 * 2 - 90) * -1", 0, 0]
				},
				"leg_b_left": {
					"rotation": ["0+Math.cos((query.anim_time) * 90 * 2) * -4", 0, -12.5],
					"position": [0, "Math.cos((query.anim_time)*90*2)*-0.03", "Math.cos((query.anim_time)*90*2)*-0.07"]
				},
				"leg_b_left2": {
					"rotation": [0, 0, 7.5]
				},
				"leg_b_left3": {
					"rotation": ["0+Math.cos((query.anim_time-50) * 90 * 2) * 6", 0, 0]
				},
				"leg_b_left4": {
					"rotation": [0, 0, 5]
				},
				"leg_b_left5": {
					"rotation": ["0+Math.cos((query.anim_time) * 90 * 2) * -3.1", 0, 0],
					"position": [0, "-0.2-Math.cos((query.anim_time)*90*2)*0.1", "-Math.cos((query.anim_time)*90*2)*-0.2"]
				},
				"leg_f_left": {
					"rotation": [0, 0, -12.5],
					"position": [0, "-0.16+Math.cos((query.anim_time) * 90 * 2 - 90) * -0.2", "0+Math.cos((query.anim_time) * 90 * 2 - 45) * 0.2"]
				},
				"leg_f_left2": {
					"rotation": [0, 0, -2.5],
					"position": [0, "0+Math.cos((query.anim_time) * 90 * 2 - 90) * -0.2", "0+Math.cos((query.anim_time) * 90 * 2 - 45) * 0.2"]
				},
				"leg_f_foe": {
					"rotation": ["-0.4001+Math.cos((query.anim_time) * 90 * 2-90) * 0.7", -3.83501, 11.90609],
					"position": [0, "-0.58-Math.cos((query.anim_time)*90*2+30)*0.3", "-Math.cos((query.anim_time)*90*2+30)*0.3"]
				},
				"leg_f_right": {
					"rotation": [0, 0, 12.5],
					"position": [0, "-0.16+Math.cos((query.anim_time) * 90 * 2 - 90) * -0.2", "0+Math.cos((query.anim_time) * 90 * 2 - 45) * 0.2"]
				},
				"leg_f_right2": {
					"rotation": [0, 0, -2.5]
				},
				"leg_f_right3": {
					"rotation": [0, 0, -5],
					"position": [0, "0+Math.cos((query.anim_time) * 90 * 2 - 90) * -0.2", "0+Math.cos((query.anim_time) * 90 * 2 - 45) * 0.2"]
				},
				"leg_f_foe5": {
					"rotation": ["2.4284471099+Math.cos((query.anim_time) * 90 * 2-90) * 0.7", 1.74909, -4.68482],
					"position": [0, "-0.11-Math.cos((query.anim_time)*90*2+30)*0.3", "-Math.cos((query.anim_time)*90*2+30)*0.3"]
				},
				"leg_f_foe7": {
					"rotation": [0, -5, 0]
				},
				"leg_f_foe8": {
					"rotation": [-10, 0, 0]
				},
				"skill": {
					"scale": 0
				},
				"leg_b_right": {
					"rotation": ["0+Math.cos((query.anim_time) * 90 * 2) * -4", 0, 12.5]
				},
				"leg_b_right2": {
					"rotation": [0, 0, -7.5]
				},
				"leg_b_right3": {
					"rotation": ["0+Math.cos((query.anim_time-50) * 90 * 2) * 6", 0, 0]
				},
				"leg_b_right4": {
					"rotation": [0, 0, -5]
				},
				"leg_b_right5": {
					"rotation": ["0+Math.cos((query.anim_time) * 90 * 2) * -3.4", 0, 0],
					"position": [0, "-0.2-Math.cos((query.anim_time)*90*2)*-0.2", "-Math.cos((query.anim_time)*90*2)*-0.2"]
				},
				"torso": {
					"rotation": ["0+Math.cos((query.anim_time) * 90 * 2 - 90) * -1", 0, 0]
				},
				"body": {
					"position": [0, "0+Math.cos((query.anim_time) * 90 * 2) * 0.2", "0+Math.cos((query.anim_time) * 90 * 2) * 0.2"]
				}
			}
		},
		"animation.pokemans_typenull.battle_idle": {
			"loop": true,
			"bones": {
				"tail": {
					"rotation": [0, "0+Math.cos((query.anim_time) * 90 * 4) * 3", 0]
				},
				"neck4": {
					"rotation": ["7.5+Math.cos((query.anim_time) * 90 * 2 - 90) * -1", 0, 0]
				},
				"neck5": {
					"rotation": ["-7.5+Math.cos((query.anim_time) * 90 * 2 - 90) * -1", 0, 0]
				},
				"leg_b_left": {
					"rotation": ["0+Math.cos((query.anim_time) * 90 * 2) * -4", 0, -12.5],
					"position": [0, "Math.cos((query.anim_time)*90*2)*-0.03", "Math.cos((query.anim_time)*90*2)*-0.07"]
				},
				"leg_b_left2": {
					"rotation": [0, 0, 7.5]
				},
				"leg_b_left3": {
					"rotation": ["0+Math.cos((query.anim_time-50) * 90 * 2) * 6", 0, 0]
				},
				"leg_b_left4": {
					"rotation": [0, 0, 5]
				},
				"leg_b_left5": {
					"rotation": ["0+Math.cos((query.anim_time) * 90 * 2) * -3.1", 0, 0],
					"position": [0, "-0.2-Math.cos((query.anim_time)*90*2)*0.1", "-Math.cos((query.anim_time)*90*2)*-0.2"]
				},
				"leg_f_left": {
					"rotation": [-10, 0, -17.5],
					"position": [0, "-0.16+Math.cos((query.anim_time) * 90 * 2 - 90) * -0.2", "0+Math.cos((query.anim_time) * 90 * 2 - 45) * 0.2"]
				},
				"leg_f_left2": {
					"rotation": [-27.5, 0, -2.5],
					"position": [0, "0+Math.cos((query.anim_time) * 90 * 2 - 90) * -0.2", "0+Math.cos((query.anim_time) * 90 * 2 - 45) * 0.2"]
				},
				"leg_f_foe": {
					"rotation": ["34.3667+Math.cos((query.anim_time) * 90 * 2-90) * 0.7", -18.1426, 6.74175],
					"position": [0, "-0.35-Math.cos((query.anim_time)*90*2+30)*0.3", "-Math.cos((query.anim_time)*90*2+30)*0.3"]
				},
				"leg_f_right": {
					"rotation": [-10, 0, 17.5],
					"position": [0, "-0.16+Math.cos((query.anim_time) * 90 * 2 - 90) * -0.2", "0+Math.cos((query.anim_time) * 90 * 2 - 45) * 0.2"]
				},
				"leg_f_right2": {
					"rotation": [-27.5, 0, -2.5]
				},
				"leg_f_right3": {
					"rotation": [0, 0, -5],
					"position": [0, "0+Math.cos((query.anim_time) * 90 * 2 - 90) * -0.2", "0+Math.cos((query.anim_time) * 90 * 2 - 45) * 0.2"]
				},
				"leg_f_foe5": {
					"rotation": ["29.2729+Math.cos((query.anim_time) * 90 * 2-90) * 0.7", 17.52046, -0.92577],
					"position": [0, "-0.11-Math.cos((query.anim_time)*90*2+30)*0.3", "-Math.cos((query.anim_time)*90*2+30)*0.3"]
				},
				"leg_f_foe7": {
					"rotation": [0, -5, 0]
				},
				"leg_f_foe8": {
					"rotation": [-10, 0, 0]
				},
				"skill2": {
					"scale": 0
				},
				"skill3": {
					"scale": 0
				},
				"skill4": {
					"scale": 0
				},
				"skill5": {
					"scale": 0
				},
				"skill6": {
					"scale": 0
				},
				"skill7": {
					"scale": 0
				},
				"skill8": {
					"scale": 0
				},
				"skill9": {
					"scale": 0
				},
				"leg_b_right": {
					"rotation": ["0+Math.cos((query.anim_time) * 90 * 2) * -4", 0, 12.5]
				},
				"leg_b_right2": {
					"rotation": [0, 0, -7.5]
				},
				"leg_b_right3": {
					"rotation": ["0+Math.cos((query.anim_time-50) * 90 * 2) * 6", 0, 0]
				},
				"leg_b_right4": {
					"rotation": [0, 0, -5]
				},
				"leg_b_right5": {
					"rotation": ["0+Math.cos((query.anim_time) * 90 * 2) * -3.4", 0, 0],
					"position": [0, "-0.2-Math.cos((query.anim_time)*90*2)*-0.2", "-Math.cos((query.anim_time)*90*2)*-0.2"]
				},
				"torso": {
					"rotation": ["10+Math.cos((query.anim_time) * 90 * 2 - 90) * -1", 0, 0]
				},
				"body": {
					"position": [0, "0+Math.cos((query.anim_time) * 90 * 2) * 0.2", "0+Math.cos((query.anim_time) * 90 * 2) * 0.2"]
				}
			}
		},
		"animation.pokemans_typenull.blink": {
			"animation_length": 0.2083,
			"bones": {
				"eye_right": {
					"position": {
						"0.0": [0, 0, 0.08],
						"0.2083": [0, 0, 0]
					}
				},
				"eye_left": {
					"position": {
						"0.0": [0, 0, 0.08],
						"0.2083": [0, 0, 0]
					}
				}
			}
		},
		"animation.pokemans_typenull.cry": {
			"animation_length": 1.6667,
			"bones": {
				"neck4": {
					"rotation": {
						"0.0": {
							"post": [0, 0, 0],
							"lerp_mode": "catmullrom"
						},
						"0.3333": {
							"post": [0, 0, 0],
							"lerp_mode": "catmullrom"
						},
						"0.5833": {
							"post": [-12.5, 0, 0],
							"lerp_mode": "catmullrom"
						},
						"1.0417": {
							"post": [-12.5, 0, 0],
							"lerp_mode": "catmullrom"
						},
						"1.375": {
							"post": [2.5, 0, 0],
							"lerp_mode": "catmullrom"
						},
						"1.6667": {
							"post": [0, 0, 0],
							"lerp_mode": "catmullrom"
						}
					}
				},
				"neck5": {
					"rotation": {
						"0.0": {
							"post": [0, 0, 0],
							"lerp_mode": "catmullrom"
						},
						"0.1667": {
							"post": [7.5, 0, 0],
							"lerp_mode": "catmullrom"
						},
						"0.3333": {
							"post": [0, 0, 0],
							"lerp_mode": "catmullrom"
						},
						"0.5833": {
							"post": [-12.5, 0, 0],
							"lerp_mode": "catmullrom"
						},
						"1.0417": {
							"post": [-12.5, 0, 0],
							"lerp_mode": "catmullrom"
						},
						"1.375": {
							"post": [2.5, 0, 0],
							"lerp_mode": "catmullrom"
						},
						"1.6667": {
							"post": [0, 0, 0],
							"lerp_mode": "catmullrom"
						}
					}
				},
				"mouth": {
					"rotation": {
						"0.0": {
							"post": [0, 0, 0],
							"lerp_mode": "catmullrom"
						},
						"0.3333": {
							"post": [0, 0, 0],
							"lerp_mode": "catmullrom"
						},
						"0.5833": {
							"post": [45, 0, 0],
							"lerp_mode": "catmullrom"
						},
						"1.0417": {
							"post": [45, 0, 0],
							"lerp_mode": "catmullrom"
						},
						"1.375": {
							"post": [0, 0, 0],
							"lerp_mode": "catmullrom"
						},
						"1.6667": {
							"post": [0, 0, 0],
							"lerp_mode": "catmullrom"
						}
					}
				},
				"tail": {
					"rotation": [0, "0+Math.cos((query.anim_time) * 90 * 4*6) * 3", 0]
				},
				"neck3": {
					"rotation": {
						"0.0": {
							"post": [0, 0, 0],
							"lerp_mode": "catmullrom"
						},
						"0.1667": {
							"post": [7.5, 0, 0],
							"lerp_mode": "catmullrom"
						},
						"1.375": {
							"post": [0, 0, 0],
							"lerp_mode": "catmullrom"
						},
						"1.6667": {
							"post": [0, 0, 0],
							"lerp_mode": "catmullrom"
						}
					}
				},
				"head": {
					"rotation": {
						"0.0": {
							"post": [0, 0, 0],
							"lerp_mode": "catmullrom"
						},
						"0.4583": {
							"post": [-22.5, 0, 0],
							"lerp_mode": "catmullrom"
						},
						"1.0417": {
							"post": [-25, 0, 0],
							"lerp_mode": "catmullrom"
						},
						"1.6667": {
							"post": [0, 0, 0],
							"lerp_mode": "catmullrom"
						}
					}
				}
			},
			"sound_effects": {
				"0.1": {
					"effect": "pokemon.typenull.cry"
				}
			}
		}
	}
}