{
	"format_version": "1.8.0",
	"animations": {
		"animation.pokemans_kyurem.pose": {
			"loop": true,
			"bones": {
				"neck": {
					"rotation": [7.5, 0, 0]
				},
				"body": {
					"position": [0, -2, 0]
				},
				"arm_right": {
					"rotation": [0, 0, 42.5]
				},
				"arm_left": {
					"rotation": [0, 10, -47.5]
				},
				"right_leg": {
					"rotation": [0, 0, -12.5]
				},
				"ankle_right": {
					"rotation": [0, 0, 5]
				},
				"foot_right": {
					"rotation": [0, 0, 7.5]
				},
				"left_leg": {
					"rotation": [0, 0, 12.5]
				},
				"ankle_left": {
					"rotation": [0, 0, -5]
				},
				"foot_left": {
					"rotation": [0, 0, -7.5]
				},
				"forearm_right": {
					"rotation": [0, 70, 0]
				},
				"forearm_left": {
					"rotation": [0, -82.5, 0]
				}
			}
		},
		"animation.pokemans_kyurem.ground_idle": {
			"loop": true,
			"animation_length": 4,
			"bones": {
				"neck": {
					"rotation": [7.5, 0, 0]
				},
				"body": {
					"position": {
						"0.0": {
							"post": [0, -2, 0],
							"lerp_mode": "catmullrom"
						},
						"4.0": {
							"post": [0, -2, 0],
							"lerp_mode": "catmullrom"
						}
					}
				},
				"arm_right": {
					"rotation": {
						"0.0": {
							"post": [0, 0, 42.5],
							"lerp_mode": "catmullrom"
						},
						"2.0": {
							"post": [0, -12.5, 42.5],
							"lerp_mode": "catmullrom"
						},
						"4.0": {
							"post": [0, 0, 42.5],
							"lerp_mode": "catmullrom"
						}
					}
				},
				"arm_left": {
					"rotation": {
						"0.0": {
							"post": [0, 10, -47.5],
							"lerp_mode": "catmullrom"
						},
						"2.0": {
							"post": [0, 25, -47.5],
							"lerp_mode": "catmullrom"
						},
						"4.0": {
							"post": [0, 10, -47.5],
							"lerp_mode": "catmullrom"
						}
					}
				},
				"right_leg": {
					"rotation": {
						"0.0": [0, 0, -12.5],
						"2.0": [0, 0, -17.5],
						"4.0": [0, 0, -12.5]
					}
				},
				"ankle_right": {
					"rotation": {
						"0.0": [0, 0, 5],
						"2.0": [0, 0, 10],
						"4.0": [0, 0, 5]
					}
				},
				"foot_right": {
					"rotation": [0, 0, 7.5]
				},
				"left_leg": {
					"rotation": {
						"0.0": [0, 0, 12.5],
						"2.0": [0, 0, 17.5],
						"4.0": [0, 0, 12.5]
					}
				},
				"ankle_left": {
					"rotation": {
						"0.0": [0, 0, -5],
						"2.0": [0, 0, -10],
						"4.0": [0, 0, -5]
					}
				},
				"foot_left": {
					"rotation": [0, 0, -7.5]
				},
				"forearm_right": {
					"rotation": {
						"0.0": {
							"post": [0, 70, 0],
							"lerp_mode": "catmullrom"
						},
						"2.0": {
							"post": [0, 62.5, 0],
							"lerp_mode": "catmullrom"
						},
						"4.0": {
							"post": [0, 70, 0],
							"lerp_mode": "catmullrom"
						}
					}
				},
				"forearm_left": {
					"rotation": {
						"0.0": {
							"post": [0, -82.5, 0],
							"lerp_mode": "catmullrom"
						},
						"2.0": {
							"post": [0, -77.5, 0],
							"lerp_mode": "catmullrom"
						},
						"4.0": {
							"post": [0, -82.5, 0],
							"lerp_mode": "catmullrom"
						}
					}
				},
				"body2": {
					"rotation": {
						"0.0": {
							"post": [0, 0, 0],
							"lerp_mode": "catmullrom"
						},
						"2.0": {
							"post": [5, 0, 0],
							"lerp_mode": "catmullrom"
						},
						"4.0": {
							"post": [0, 0, 0],
							"lerp_mode": "catmullrom"
						}
					}
				},
				"neck1": {
					"rotation": {
						"0.0": {
							"post": [0, 0, 0],
							"lerp_mode": "catmullrom"
						},
						"1.0": {
							"post": [-5, 1, 0],
							"lerp_mode": "catmullrom"
						},
						"2.0": {
							"post": [-10, 0, 0],
							"lerp_mode": "catmullrom"
						},
						"3.0": {
							"post": [-5, -1, 0],
							"lerp_mode": "catmullrom"
						},
						"4.0": {
							"post": [0, 0, 0],
							"lerp_mode": "catmullrom"
						}
					}
				},
				"neck2": {
					"rotation": {
						"0.0": {
							"post": [0, 0, 0],
							"lerp_mode": "catmullrom"
						},
						"1.0": {
							"post": [-1.25, 1, 0],
							"lerp_mode": "catmullrom"
						},
						"2.0": {
							"post": [-2.5, 0, 0],
							"lerp_mode": "catmullrom"
						},
						"3.0": {
							"post": [-1.25, -1, 0],
							"lerp_mode": "catmullrom"
						},
						"4.0": {
							"post": [0, 0, 0],
							"lerp_mode": "catmullrom"
						}
					}
				},
				"neck3": {
					"rotation": {
						"0.0": {
							"post": [0, 0, 0],
							"lerp_mode": "catmullrom"
						},
						"2.0": {
							"post": [-2.5, 0, 0],
							"lerp_mode": "catmullrom"
						},
						"4.0": {
							"post": [0, 0, 0],
							"lerp_mode": "catmullrom"
						}
					}
				},
				"neck4": {
					"rotation": {
						"0.0": {
							"post": [0, 0, 0],
							"lerp_mode": "catmullrom"
						},
						"2.0": {
							"post": [7.5, 0, 0],
							"lerp_mode": "catmullrom"
						},
						"4.0": {
							"post": [0, 0, 0],
							"lerp_mode": "catmullrom"
						}
					}
				},
				"bodyice_left": {
					"rotation": {
						"0.0": {
							"post": [0, 0, 0],
							"lerp_mode": "catmullrom"
						},
						"2.0": {
							"post": [0, 0, 5],
							"lerp_mode": "catmullrom"
						},
						"4.0": {
							"post": [0, 0, 0],
							"lerp_mode": "catmullrom"
						}
					}
				},
				"bodyice_right": {
					"rotation": {
						"0.0": {
							"post": [0, 0, 0],
							"lerp_mode": "catmullrom"
						},
						"2.0": {
							"post": [0, 0, -5],
							"lerp_mode": "catmullrom"
						},
						"4.0": {
							"post": [0, 0, 0],
							"lerp_mode": "catmullrom"
						}
					}
				},
				"tail": {
					"rotation": {
						"0.0": {
							"post": [0, 0, 0],
							"lerp_mode": "catmullrom"
						},
						"1.0": {
							"post": [-7.51365, 2.41476, -0.64743],
							"lerp_mode": "catmullrom"
						},
						"2.0": {
							"post": [-15, 0, 0],
							"lerp_mode": "catmullrom"
						},
						"3.0": {
							"post": [-7.51365, -2.41476, 0.64743],
							"lerp_mode": "catmullrom"
						},
						"4.0": {
							"post": [0, 0, 0],
							"lerp_mode": "catmullrom"
						}
					}
				},
				"bodymain": {
					"position": {
						"0.0": {
							"post": [0, 0, 0],
							"lerp_mode": "catmullrom"
						},
						"2.0": {
							"post": [0, 3, 0],
							"lerp_mode": "catmullrom"
						},
						"4.0": {
							"post": [0, 0, 0],
							"lerp_mode": "catmullrom"
						}
					}
				}
			}
		},
		"animation.pokemans_kyurem.ground_walk": {
			"loop": true,
			"animation_length": 4,
			"bones": {
				"neck": {
					"rotation": [7.5, "0+math.cos((query.anim_time)*180)*2", 0]
				},
				"body": {
					"position": [0, -2, 0]
				},
				"arm_right": {
					"rotation": ["0-math.cos((query.anim_time-0.2)*360)*5", "-10-math.cos((query.anim_time-0.2)*360)*2", "47.5-math.cos((query.anim_time-0.2)*360)*4"]
				},
				"arm_left": {
					"rotation": ["0-math.cos((query.anim_time-0.2)*360)*5", "10+math.cos((query.anim_time-0.2)*360)*2", "-47.5+math.cos((query.anim_time-0.2)*360)*4"]
				},
				"right_leg": {
					"rotation": {
						"0.0": {
							"post": [28.79338, 16.08367, -27.22772],
							"lerp_mode": "catmullrom"
						},
						"0.375": {
							"post": [-9.40804, -3.40487, -19.71975],
							"lerp_mode": "catmullrom"
						},
						"0.5833": {
							"post": [-14.76117, -1.94088, -12.36228],
							"lerp_mode": "catmullrom"
						},
						"1.0": {
							"post": [12.32648, 2.86313, -6.93488],
							"lerp_mode": "catmullrom"
						},
						"1.8333": {
							"post": [46.53632, 21.05515, -18.09811],
							"lerp_mode": "catmullrom"
						},
						"2.0": {
							"post": [28.79338, 16.08367, -27.22772],
							"lerp_mode": "catmullrom"
						},
						"2.375": {
							"post": [-9.40804, -3.40487, -19.71975],
							"lerp_mode": "catmullrom"
						},
						"2.5833": {
							"post": [-14.76117, -1.94088, -12.36228],
							"lerp_mode": "catmullrom"
						},
						"3.0": {
							"post": [12.32648, 2.86313, -6.93488],
							"lerp_mode": "catmullrom"
						},
						"3.8333": {
							"post": [46.53632, 21.05515, -18.09811],
							"lerp_mode": "catmullrom"
						},
						"4.0": {
							"post": [28.79338, 16.08367, -27.22772],
							"lerp_mode": "catmullrom"
						}
					},
					"position": {
						"0.0": {
							"post": [0, 0.47, 3.38],
							"lerp_mode": "catmullrom"
						},
						"0.25": {
							"post": [0, 0.73, 1.99],
							"lerp_mode": "catmullrom"
						},
						"0.5833": {
							"post": [0, -1.5, -0.75],
							"lerp_mode": "catmullrom"
						},
						"1.0": {
							"post": [0, -2, 1.25],
							"lerp_mode": "catmullrom"
						},
						"1.25": {
							"post": [0, -1.32, 1.8],
							"lerp_mode": "catmullrom"
						},
						"1.4583": {
							"post": [0, -2.23, 2.17],
							"lerp_mode": "catmullrom"
						},
						"1.8333": {
							"post": [0, -3.5, 3.25],
							"lerp_mode": "catmullrom"
						},
						"2.0": {
							"post": [0, -1.53, 3.38],
							"lerp_mode": "catmullrom"
						},
						"2.25": {
							"post": [0, 0.73, 1.99],
							"lerp_mode": "catmullrom"
						},
						"2.5833": {
							"post": [0, -1.5, -0.75],
							"lerp_mode": "catmullrom"
						},
						"3.0": {
							"post": [0, -3, 1.25],
							"lerp_mode": "catmullrom"
						},
						"3.25": {
							"post": [0, -1.32, 1.8],
							"lerp_mode": "catmullrom"
						},
						"3.4583": {
							"post": [0, -2.23, 2.17],
							"lerp_mode": "catmullrom"
						},
						"3.8333": {
							"post": [0, -3.5, 3.25],
							"lerp_mode": "catmullrom"
						},
						"4.0": {
							"post": [0, -1.53, 3.38],
							"lerp_mode": "catmullrom"
						}
					}
				},
				"ankle_right": {
					"rotation": {
						"0.0": {
							"post": [-16.83, -3.53, -8.09],
							"lerp_mode": "catmullrom"
						},
						"0.25": {
							"post": [-36.01061, -7.42618, -10.0833],
							"lerp_mode": "catmullrom"
						},
						"0.375": {
							"post": [-42.5, 0, 0],
							"lerp_mode": "catmullrom"
						},
						"0.5833": {
							"post": [-17.51319, 1.66508, 2.02926],
							"lerp_mode": "catmullrom"
						},
						"1.0": {
							"post": [-32.5, 0, 0],
							"lerp_mode": "catmullrom"
						},
						"1.8333": {
							"post": [-5, 0, 0],
							"lerp_mode": "catmullrom"
						},
						"2.0": {
							"post": [-16.83, -3.53, -8.09],
							"lerp_mode": "catmullrom"
						},
						"2.25": {
							"post": [-36.01061, -7.42618, -10.0833],
							"lerp_mode": "catmullrom"
						},
						"2.375": {
							"post": [-42.5, 0, 0],
							"lerp_mode": "catmullrom"
						},
						"2.5833": {
							"post": [-17.51319, 1.66508, 2.02926],
							"lerp_mode": "catmullrom"
						},
						"3.0": {
							"post": [-32.5, 0, 0],
							"lerp_mode": "catmullrom"
						},
						"3.8333": {
							"post": [-5, 0, 0],
							"lerp_mode": "catmullrom"
						},
						"4.0": {
							"post": [-16.83, -3.53, -8.09],
							"lerp_mode": "catmullrom"
						}
					}
				},
				"foot_right": {
					"rotation": {
						"0.0": {
							"post": [96.89, 1.85, -3.33],
							"lerp_mode": "catmullrom"
						},
						"0.25": {
							"post": [54.17, 0, 0],
							"lerp_mode": "catmullrom"
						},
						"0.375": {
							"post": [62.5, 0, 0],
							"lerp_mode": "catmullrom"
						},
						"0.5833": {
							"post": [32.10382, -5.35355, 8.45862],
							"lerp_mode": "catmullrom"
						},
						"1.0": {
							"post": [19.82648, -2.86313, 6.93488],
							"lerp_mode": "catmullrom"
						},
						"1.6667": {
							"post": [41.55488, -9.90169, -7.0991],
							"lerp_mode": "catmullrom"
						},
						"1.8333": {
							"post": [45, 0, 0],
							"lerp_mode": "catmullrom"
						},
						"2.0": {
							"post": [96.89, 1.85, -3.33],
							"lerp_mode": "catmullrom"
						},
						"2.25": {
							"post": [54.17, 0, 0],
							"lerp_mode": "catmullrom"
						},
						"2.375": {
							"post": [62.5, 0, 0],
							"lerp_mode": "catmullrom"
						},
						"2.5833": {
							"post": [32.10382, -5.35355, 8.45862],
							"lerp_mode": "catmullrom"
						},
						"3.0": {
							"post": [19.82648, -2.86313, 6.93488],
							"lerp_mode": "catmullrom"
						},
						"3.6667": {
							"post": [41.55488, -9.90169, -7.0991],
							"lerp_mode": "catmullrom"
						},
						"3.8333": {
							"post": [45, 0, 0],
							"lerp_mode": "catmullrom"
						},
						"4.0": {
							"post": [96.89, 1.85, -3.33],
							"lerp_mode": "catmullrom"
						}
					}
				},
				"left_leg": {
					"rotation": {
						"0.0": {
							"post": [12.32648, -2.86313, 6.93488],
							"lerp_mode": "catmullrom"
						},
						"0.8333": {
							"post": [46.53632, -21.05515, 18.09811],
							"lerp_mode": "catmullrom"
						},
						"1.0": {
							"post": [28.79338, -16.08367, 27.22772],
							"lerp_mode": "catmullrom"
						},
						"1.375": {
							"post": [-9.40804, 3.40487, 19.71975],
							"lerp_mode": "catmullrom"
						},
						"1.5833": {
							"post": [-14.76117, 1.94088, 12.36228],
							"lerp_mode": "catmullrom"
						},
						"2.0": {
							"post": [12.32648, -2.86313, 6.93488],
							"lerp_mode": "catmullrom"
						},
						"2.8333": {
							"post": [46.53632, -21.05515, 18.09811],
							"lerp_mode": "catmullrom"
						},
						"3.0": {
							"post": [28.79338, -16.08367, 27.22772],
							"lerp_mode": "catmullrom"
						},
						"3.375": {
							"post": [-9.40804, 3.40487, 19.71975],
							"lerp_mode": "catmullrom"
						},
						"3.5833": {
							"post": [-14.76117, 1.94088, 12.36228],
							"lerp_mode": "catmullrom"
						},
						"4.0": {
							"post": [12.32648, -2.86313, 6.93488],
							"lerp_mode": "catmullrom"
						}
					},
					"position": {
						"0.0": {
							"post": [0, -3, 1.25],
							"lerp_mode": "catmullrom"
						},
						"0.25": {
							"post": [0, -1.32, 1.8],
							"lerp_mode": "catmullrom"
						},
						"0.4583": {
							"post": [0, -2.23, 2.17],
							"lerp_mode": "catmullrom"
						},
						"0.8333": {
							"post": [0, -3.5, 3.25],
							"lerp_mode": "catmullrom"
						},
						"1.0": {
							"post": [0, -1.53, 3.38],
							"lerp_mode": "catmullrom"
						},
						"1.25": {
							"post": [0, 0.73, 1.99],
							"lerp_mode": "catmullrom"
						},
						"1.5833": {
							"post": [0, -1.5, -0.75],
							"lerp_mode": "catmullrom"
						},
						"2.0": {
							"post": [0, -3, 1.25],
							"lerp_mode": "catmullrom"
						},
						"2.25": {
							"post": [0, -1.32, 1.8],
							"lerp_mode": "catmullrom"
						},
						"2.4583": {
							"post": [0, -2.23, 2.17],
							"lerp_mode": "catmullrom"
						},
						"2.8333": {
							"post": [0, -3.5, 3.25],
							"lerp_mode": "catmullrom"
						},
						"3.0": {
							"post": [0, -1.53, 3.38],
							"lerp_mode": "catmullrom"
						},
						"3.25": {
							"post": [0, 0.73, 1.99],
							"lerp_mode": "catmullrom"
						},
						"3.5833": {
							"post": [0, -1.5, -0.75],
							"lerp_mode": "catmullrom"
						},
						"4.0": {
							"post": [0, -3, 1.25],
							"lerp_mode": "catmullrom"
						}
					}
				},
				"ankle_left": {
					"rotation": {
						"0.0": {
							"post": [-32.5, 0, 0],
							"lerp_mode": "catmullrom"
						},
						"0.8333": {
							"post": [-5, 0, 0],
							"lerp_mode": "catmullrom"
						},
						"1.0": {
							"post": [-16.83, 3.53, 8.09],
							"lerp_mode": "catmullrom"
						},
						"1.25": {
							"post": [-36.01061, 7.42618, 10.0833],
							"lerp_mode": "catmullrom"
						},
						"1.375": {
							"post": [-42.5, 0, 0],
							"lerp_mode": "catmullrom"
						},
						"1.5833": {
							"post": [-17.51319, -1.66508, -2.02926],
							"lerp_mode": "catmullrom"
						},
						"2.0": {
							"post": [-32.5, 0, 0],
							"lerp_mode": "catmullrom"
						},
						"2.8333": {
							"post": [-5, 0, 0],
							"lerp_mode": "catmullrom"
						},
						"3.0": {
							"post": [-16.83, 3.53, 8.09],
							"lerp_mode": "catmullrom"
						},
						"3.25": {
							"post": [-36.01061, 7.42618, 10.0833],
							"lerp_mode": "catmullrom"
						},
						"3.375": {
							"post": [-42.5, 0, 0],
							"lerp_mode": "catmullrom"
						},
						"3.5833": {
							"post": [-17.51319, -1.66508, -2.02926],
							"lerp_mode": "catmullrom"
						},
						"4.0": {
							"post": [-32.5, 0, 0],
							"lerp_mode": "catmullrom"
						}
					}
				},
				"foot_left": {
					"rotation": {
						"0.0": {
							"post": [19.82648, 2.86313, -6.93488],
							"lerp_mode": "catmullrom"
						},
						"0.6667": {
							"post": [41.55488, 9.90169, 7.0991],
							"lerp_mode": "catmullrom"
						},
						"0.8333": {
							"post": [45, 0, 0],
							"lerp_mode": "catmullrom"
						},
						"1.0": {
							"post": [96.89, -1.85, 3.33],
							"lerp_mode": "catmullrom"
						},
						"1.25": {
							"post": [54.17, 0, 0],
							"lerp_mode": "catmullrom"
						},
						"1.375": {
							"post": [62.5, 0, 0],
							"lerp_mode": "catmullrom"
						},
						"1.5833": {
							"post": [32.10382, 5.35355, -8.45862],
							"lerp_mode": "catmullrom"
						},
						"2.0": {
							"post": [19.82648, 2.86313, -6.93488],
							"lerp_mode": "catmullrom"
						},
						"2.6667": {
							"post": [41.55488, 9.90169, 7.0991],
							"lerp_mode": "catmullrom"
						},
						"2.8333": {
							"post": [45, 0, 0],
							"lerp_mode": "catmullrom"
						},
						"3.0": {
							"post": [96.89, -1.85, 3.33],
							"lerp_mode": "catmullrom"
						},
						"3.25": {
							"post": [54.17, 0, 0],
							"lerp_mode": "catmullrom"
						},
						"3.375": {
							"post": [62.5, 0, 0],
							"lerp_mode": "catmullrom"
						},
						"3.5833": {
							"post": [32.10382, 5.35355, -8.45862],
							"lerp_mode": "catmullrom"
						},
						"4.0": {
							"post": [19.82648, 2.86313, -6.93488],
							"lerp_mode": "catmullrom"
						}
					}
				},
				"forearm_right": {
					"rotation": ["0-math.cos((query.anim_time-0.3)*360)*6", "82.5+math.cos((query.anim_time-0.3)*360)*2", 0]
				},
				"forearm_left": {
					"rotation": ["0-math.cos((query.anim_time-0.3)*360)*6", "-82.5-math.cos((query.anim_time-0.3)*360)*2", 0]
				},
				"legs": {
					"rotation": [0, 0, 0],
					"position": [0, 0, -5]
				},
				"toes_right": {
					"rotation": {
						"0.0": {
							"post": [18.94, -0.24, -0.32],
							"lerp_mode": "catmullrom"
						},
						"0.2917": {
							"post": [-30, 0, 0],
							"lerp_mode": "catmullrom"
						},
						"0.5833": {
							"post": [0, 0, 0],
							"lerp_mode": "catmullrom"
						},
						"1.0": {
							"post": [0, 0, 0],
							"lerp_mode": "catmullrom"
						},
						"1.125": {
							"post": [-14.29, 0, 0],
							"lerp_mode": "catmullrom"
						},
						"1.2917": {
							"post": [-27.5, 0, 0],
							"lerp_mode": "catmullrom"
						},
						"1.6667": {
							"post": [-43.05244, 3.24767, 4.38677],
							"lerp_mode": "catmullrom"
						},
						"1.8333": {
							"post": [40, 0, 0],
							"lerp_mode": "catmullrom"
						},
						"2.0": {
							"post": [28.94, -0.24, -0.32],
							"lerp_mode": "catmullrom"
						},
						"2.2917": {
							"post": [-30, 0, 0],
							"lerp_mode": "catmullrom"
						},
						"2.5833": {
							"post": [0, 0, 0],
							"lerp_mode": "catmullrom"
						},
						"3.0": {
							"post": [0, 0, 0],
							"lerp_mode": "catmullrom"
						},
						"3.125": {
							"post": [-14.29, 0, 0],
							"lerp_mode": "catmullrom"
						},
						"3.2917": {
							"post": [-27.5, 0, 0],
							"lerp_mode": "catmullrom"
						},
						"3.6667": {
							"post": [-43.05244, 3.24767, 4.38677],
							"lerp_mode": "catmullrom"
						},
						"3.8333": {
							"post": [27.5, 0, 0],
							"lerp_mode": "catmullrom"
						},
						"4.0": {
							"post": [36.44, -0.24, -0.32],
							"lerp_mode": "catmullrom"
						}
					}
				},
				"toes_left": {
					"rotation": {
						"0.0": {
							"post": [0, 0, 0],
							"lerp_mode": "catmullrom"
						},
						"0.125": {
							"post": [-14.29, 0, 0],
							"lerp_mode": "catmullrom"
						},
						"0.2917": {
							"post": [-27.5, 0, 0],
							"lerp_mode": "catmullrom"
						},
						"0.6667": {
							"post": [-43.05244, -3.24767, -4.38677],
							"lerp_mode": "catmullrom"
						},
						"0.8333": {
							"post": [27.5, 0, 0],
							"lerp_mode": "catmullrom"
						},
						"1.0": {
							"post": [26.44, 0.24, 0.32],
							"lerp_mode": "catmullrom"
						},
						"1.2917": {
							"post": [-30, 0, 0],
							"lerp_mode": "catmullrom"
						},
						"1.5833": {
							"post": [0, 0, 0],
							"lerp_mode": "catmullrom"
						},
						"2.0": {
							"post": [0, 0, 0],
							"lerp_mode": "catmullrom"
						},
						"2.125": {
							"post": [-14.29, 0, 0],
							"lerp_mode": "catmullrom"
						},
						"2.2917": {
							"post": [-27.5, 0, 0],
							"lerp_mode": "catmullrom"
						},
						"2.6667": {
							"post": [-43.05244, -3.24767, -4.38677],
							"lerp_mode": "catmullrom"
						},
						"2.8333": {
							"post": [22.5, 0, 0],
							"lerp_mode": "catmullrom"
						},
						"3.0": {
							"post": [36.44, 0.24, 0.32],
							"lerp_mode": "catmullrom"
						},
						"3.2917": {
							"post": [-30, 0, 0],
							"lerp_mode": "catmullrom"
						},
						"3.5833": {
							"post": [0, 0, 0],
							"lerp_mode": "catmullrom"
						},
						"4.0": {
							"post": [0, 0, 0],
							"lerp_mode": "catmullrom"
						}
					}
				},
				"bodymain": {
					"rotation": [0, "0-math.cos((query.anim_time+0.2)*180)*3", "0-math.cos((query.anim_time+0.2)*180)*5"],
					"position": [0, "0+math.clamp((math.sin((query.anim_time)*360)*2),0,2)", 0]
				},
				"body1": {
					"position": {
						"0.5417": [0, 0, 0],
						"0.5833": [0, 1, 0],
						"0.625": [0, 0, 0],
						"0.6667": [0, 1, 0],
						"0.7083": [0, 0, 0],
						"1.5417": [0, 0, 0],
						"1.5833": [0, 1, 0],
						"1.625": [0, 0, 0],
						"1.6667": [0, 1, 0],
						"1.7083": [0, 0, 0],
						"2.5417": [0, 0, 0],
						"2.5833": [0, 1, 0],
						"2.625": [0, 0, 0],
						"2.6667": [0, 1, 0],
						"2.7083": [0, 0, 0],
						"3.5417": [0, 0, 0],
						"3.5833": [0, 1, 0],
						"3.625": [0, 0, 0],
						"3.6667": [0, 1, 0],
						"3.7083": [0, 0, 0]
					}
				},
				"body2": {
					"rotation": [0, "0-math.cos((query.anim_time)*180)*0.5", "0+math.cos((query.anim_time)*180)*2"]
				},
				"body3": {
					"rotation": [0, "0+math.cos((query.anim_time-0.2)*180)*1", 0]
				},
				"head": {
					"rotation": [0, "0+math.cos((query.anim_time)*180)*1", 0]
				},
				"neck1": {
					"rotation": ["-5-math.clamp((math.sin((query.anim_time-0.2)*360)*2),0,4)", 0, 0]
				},
				"neck2": {
					"rotation": ["0-math.clamp((math.sin((query.anim_time-0.3)*360)*1),0,4)", 0, 0]
				}
			}
		},
		"animation.pokemans_kyurem.cry": {
			"loop": true,
			"animation_length": 2.5,
			"bones": {
				"body": {
					"position": [0, -2, 0]
				},
				"arm_right": {
					"rotation": {
						"0.0": {
							"post": [0, 0, 42.5],
							"lerp_mode": "catmullrom"
						},
						"0.5": {
							"post": [0, -30, 42.5],
							"lerp_mode": "catmullrom"
						},
						"1.5": {
							"post": [0, -30, 42.5],
							"lerp_mode": "catmullrom"
						},
						"2.5": {
							"post": [0, 0, 42.5],
							"lerp_mode": "catmullrom"
						}
					}
				},
				"arm_left": {
					"rotation": {
						"0.0": {
							"post": [0, 10, -47.5],
							"lerp_mode": "catmullrom"
						},
						"0.5": {
							"post": [-19.55933, 9.99038, -44.96148],
							"lerp_mode": "catmullrom"
						},
						"1.5": {
							"post": [-19.55933, 9.99038, -44.96148],
							"lerp_mode": "catmullrom"
						},
						"2.5": {
							"post": [0, 10, -47.5],
							"lerp_mode": "catmullrom"
						}
					}
				},
				"right_leg": {
					"rotation": [0, 0, -12.5]
				},
				"ankle_right": {
					"rotation": [0, 0, 5]
				},
				"foot_right": {
					"rotation": [0, 0, 7.5]
				},
				"left_leg": {
					"rotation": [0, 0, 12.5]
				},
				"ankle_left": {
					"rotation": [0, 0, -5]
				},
				"foot_left": {
					"rotation": [0, 0, -7.5]
				},
				"forearm_right": {
					"rotation": {
						"0.0": {
							"post": [0, 70, 0],
							"lerp_mode": "catmullrom"
						},
						"0.5": {
							"post": [0, 55, 0],
							"lerp_mode": "catmullrom"
						},
						"1.5": {
							"post": [0, 55, 0],
							"lerp_mode": "catmullrom"
						},
						"2.5": {
							"post": [0, 70, 0],
							"lerp_mode": "catmullrom"
						}
					}
				},
				"forearm_left": {
					"rotation": {
						"0.0": {
							"post": [0, -82.5, 0],
							"lerp_mode": "catmullrom"
						},
						"0.5": {
							"post": [0, -47.5, 0],
							"lerp_mode": "catmullrom"
						},
						"1.5": {
							"post": [0, -47.5, 0],
							"lerp_mode": "catmullrom"
						},
						"2.5": {
							"post": [0, -82.5, 0],
							"lerp_mode": "catmullrom"
						}
					}
				},
				"bodymain": {
					"rotation": {
						"0.0": {
							"post": [0, 0, 0],
							"lerp_mode": "catmullrom"
						},
						"0.5": {
							"post": [-15, 0, 0],
							"lerp_mode": "catmullrom"
						},
						"2.5": {
							"post": [0, 0, 0],
							"lerp_mode": "catmullrom"
						}
					},
					"position": {
						"0.0": {
							"post": [0, 0, 0],
							"lerp_mode": "catmullrom"
						},
						"0.5": {
							"post": [0, 0, 0],
							"lerp_mode": "catmullrom"
						},
						"0.5833": {
							"post": [0, 0, 0],
							"lerp_mode": "catmullrom"
						},
						"0.625": {
							"post": [0, 1, 0],
							"lerp_mode": "catmullrom"
						},
						"0.6667": {
							"post": [0, 0, 0],
							"lerp_mode": "catmullrom"
						},
						"0.7083": {
							"post": [0, 1, 0],
							"lerp_mode": "catmullrom"
						},
						"0.75": {
							"post": [0, 0, 0],
							"lerp_mode": "catmullrom"
						},
						"0.7917": {
							"post": [0, 1, 0],
							"lerp_mode": "catmullrom"
						},
						"0.8333": {
							"post": [0, 0, 0],
							"lerp_mode": "catmullrom"
						},
						"0.875": {
							"post": [0, 1, 0],
							"lerp_mode": "catmullrom"
						},
						"0.9167": {
							"post": [0, 0, 0],
							"lerp_mode": "catmullrom"
						},
						"0.9583": {
							"post": [0, 1, 0],
							"lerp_mode": "catmullrom"
						},
						"1.0": {
							"post": [0, 0, 0],
							"lerp_mode": "catmullrom"
						},
						"1.0417": {
							"post": [0, 1, 0],
							"lerp_mode": "catmullrom"
						},
						"1.0833": {
							"post": [0, 0, 0],
							"lerp_mode": "catmullrom"
						},
						"1.125": {
							"post": [0, 1, 0],
							"lerp_mode": "catmullrom"
						},
						"1.1667": {
							"post": [0, 0, 0],
							"lerp_mode": "catmullrom"
						},
						"1.2083": {
							"post": [0, 1, 0],
							"lerp_mode": "catmullrom"
						},
						"1.25": {
							"post": [0, 1, 0],
							"lerp_mode": "catmullrom"
						},
						"1.2917": {
							"post": [0, 0, 0],
							"lerp_mode": "catmullrom"
						},
						"1.3333": {
							"post": [0, 1, 0],
							"lerp_mode": "catmullrom"
						},
						"1.375": {
							"post": [0, 1, 0],
							"lerp_mode": "catmullrom"
						},
						"1.4167": {
							"post": [0, 0, 0],
							"lerp_mode": "catmullrom"
						},
						"1.4583": {
							"post": [0, 1, 0],
							"lerp_mode": "catmullrom"
						},
						"1.5": {
							"post": [0, 0, 0],
							"lerp_mode": "catmullrom"
						},
						"2.5": {
							"post": [0, 0, 0],
							"lerp_mode": "catmullrom"
						}
					}
				},
				"body2": {
					"rotation": {
						"0.0": {
							"post": [0, 0, 0],
							"lerp_mode": "catmullrom"
						},
						"0.5833": {
							"post": [-20, 0, 0],
							"lerp_mode": "catmullrom"
						},
						"1.5": {
							"post": [-20, 0, 0],
							"lerp_mode": "catmullrom"
						},
						"2.5": {
							"post": [0, 0, 0],
							"lerp_mode": "catmullrom"
						}
					},
					"position": {
						"0.0": {
							"post": [0, 0, 0],
							"lerp_mode": "catmullrom"
						},
						"0.5833": {
							"post": [0, 0, 3],
							"lerp_mode": "catmullrom"
						},
						"1.5": {
							"post": [0, 0, 3],
							"lerp_mode": "catmullrom"
						},
						"2.5": {
							"post": [0, 0, 0],
							"lerp_mode": "catmullrom"
						}
					}
				},
				"neck1": {
					"rotation": {
						"0.0": {
							"post": [0, 0, 0],
							"lerp_mode": "catmullrom"
						},
						"0.6667": {
							"post": [-27.5, 0, 0],
							"lerp_mode": "catmullrom"
						},
						"1.5": {
							"post": [-27.5, 0, 0],
							"lerp_mode": "catmullrom"
						},
						"2.5": {
							"post": [0, 0, 0],
							"lerp_mode": "catmullrom"
						}
					}
				},
				"neck2": {
					"rotation": {
						"0.0": {
							"post": [0, 0, 0],
							"lerp_mode": "catmullrom"
						},
						"0.75": {
							"post": [-10, 0, 0],
							"lerp_mode": "catmullrom"
						},
						"1.5": {
							"post": [-10, 0, 0],
							"lerp_mode": "catmullrom"
						},
						"2.5": {
							"post": [0, 0, 0],
							"lerp_mode": "catmullrom"
						}
					}
				},
				"neck3": {
					"rotation": {
						"0.0": {
							"post": [0, 0, 0],
							"lerp_mode": "catmullrom"
						},
						"0.8333": {
							"post": [-12.5, 0, 0],
							"lerp_mode": "catmullrom"
						},
						"1.5": {
							"post": [-12.5, 0, 0],
							"lerp_mode": "catmullrom"
						},
						"2.5": {
							"post": [0, 0, 0],
							"lerp_mode": "catmullrom"
						}
					}
				},
				"neck4": {
					"rotation": {
						"0.0": {
							"post": [0, 0, 0],
							"lerp_mode": "catmullrom"
						},
						"0.9167": {
							"post": [-5, 0, 0],
							"lerp_mode": "catmullrom"
						},
						"1.5": {
							"post": [-5, 0, 0],
							"lerp_mode": "catmullrom"
						},
						"2.5": {
							"post": [0, 0, 0],
							"lerp_mode": "catmullrom"
						}
					}
				}
			},
			"sound_effects": {
				"0.1": {
					"effect": "pokemon.kyurem.cry"
				}
			}
		},
		"animation.pokemans_kyurem.physical_attack": {
			"loop": true,
			"animation_length": 2,
			"bones": {
				"neck": {
					"rotation": [7.5, 0, 0]
				},
				"body": {
					"position": [0, -2, 0]
				},
				"arm_right": {
					"rotation": {
						"0.0": {
							"post": [0, 0, 42.5],
							"lerp_mode": "catmullrom"
						},
						"0.5": {
							"post": [0, -30, 42.5],
							"lerp_mode": "catmullrom"
						},
						"2.0": {
							"post": [0, 0, 42.5],
							"lerp_mode": "catmullrom"
						}
					}
				},
				"arm_left": {
					"rotation": {
						"0.0": {
							"post": [0, 10, -47.5],
							"lerp_mode": "catmullrom"
						},
						"0.5": {
							"post": [-19.55933, 9.99038, -44.96148],
							"lerp_mode": "catmullrom"
						},
						"1.25": {
							"post": [-19.55933, 9.99038, -44.96148],
							"lerp_mode": "catmullrom"
						},
						"1.5": {
							"post": [-19.55933, 9.99038, -44.96148],
							"lerp_mode": "catmullrom"
						},
						"2.0": {
							"post": [0, 10, -47.5],
							"lerp_mode": "catmullrom"
						}
					}
				},
				"right_leg": {
					"rotation": [0, 0, -12.5]
				},
				"ankle_right": {
					"rotation": [0, 0, 5]
				},
				"foot_right": {
					"rotation": [0, 0, 7.5]
				},
				"left_leg": {
					"rotation": [0, 0, 12.5]
				},
				"ankle_left": {
					"rotation": [0, 0, -5]
				},
				"foot_left": {
					"rotation": [0, 0, -7.5]
				},
				"forearm_right": {
					"rotation": {
						"0.0": {
							"post": [0, 70, 0],
							"lerp_mode": "catmullrom"
						},
						"0.5": {
							"post": [0, 55, 0],
							"lerp_mode": "catmullrom"
						},
						"2.0": {
							"post": [0, 70, 0],
							"lerp_mode": "catmullrom"
						}
					}
				},
				"forearm_left": {
					"rotation": {
						"0.0": {
							"post": [0, -82.5, 0],
							"lerp_mode": "catmullrom"
						},
						"0.5": {
							"post": [0, -47.5, 0],
							"lerp_mode": "catmullrom"
						},
						"2.0": {
							"post": [0, -82.5, 0],
							"lerp_mode": "catmullrom"
						}
					}
				},
				"bodymain": {
					"rotation": {
						"0.0": {
							"post": [0, 0, 0],
							"lerp_mode": "catmullrom"
						},
						"0.5": {
							"post": [-15, 0, 0],
							"lerp_mode": "catmullrom"
						},
						"0.875": {
							"post": [-15, 0, 0],
							"lerp_mode": "catmullrom"
						},
						"1.0": {
							"post": [35, 0, 0],
							"lerp_mode": "catmullrom"
						},
						"1.1667": {
							"post": [40, 0, 0],
							"lerp_mode": "catmullrom"
						},
						"2.0": {
							"post": [0, 0, 0],
							"lerp_mode": "catmullrom"
						}
					},
					"position": {
						"0.0": {
							"post": [0, 0, 0],
							"lerp_mode": "catmullrom"
						},
						"0.75": {
							"post": [0, 4, 0],
							"lerp_mode": "catmullrom"
						},
						"0.875": {
							"post": [0, 0, 0],
							"lerp_mode": "catmullrom"
						},
						"1.0": {
							"post": [0, 0, 0],
							"lerp_mode": "catmullrom"
						},
						"1.0833": {
							"post": [0, -1.3, 0],
							"lerp_mode": "catmullrom"
						},
						"1.125": {
							"post": [0, 0, 0],
							"lerp_mode": "catmullrom"
						},
						"1.1667": {
							"post": [0, -1.3, 0],
							"lerp_mode": "catmullrom"
						},
						"1.2083": {
							"post": [0, 0, 0],
							"lerp_mode": "catmullrom"
						},
						"1.25": {
							"post": [0, -1.3, 0],
							"lerp_mode": "catmullrom"
						},
						"1.2917": {
							"post": [0, 0, 0],
							"lerp_mode": "catmullrom"
						},
						"1.3333": {
							"post": [0, -1.3, 0],
							"lerp_mode": "catmullrom"
						},
						"1.375": {
							"post": [0, 0, 0],
							"lerp_mode": "catmullrom"
						},
						"2.0": {
							"post": [0, 0, 0],
							"lerp_mode": "catmullrom"
						}
					}
				},
				"body2": {
					"rotation": {
						"0.0": {
							"post": [0, 0, 0],
							"lerp_mode": "catmullrom"
						},
						"0.5833": {
							"post": [-12.5, 0, 0],
							"lerp_mode": "catmullrom"
						},
						"0.875": {
							"post": [-20, 0, 0],
							"lerp_mode": "catmullrom"
						},
						"1.0833": {
							"post": [7.5, 0, 0],
							"lerp_mode": "catmullrom"
						},
						"2.0": {
							"post": [0, 0, 0],
							"lerp_mode": "catmullrom"
						}
					},
					"position": {
						"0.0": {
							"post": [0, 0, 0],
							"lerp_mode": "catmullrom"
						},
						"0.5833": {
							"post": [0, 0, 3],
							"lerp_mode": "catmullrom"
						},
						"0.875": {
							"post": [0, 0, 3],
							"lerp_mode": "catmullrom"
						},
						"2.0": {
							"post": [0, 0, 0],
							"lerp_mode": "catmullrom"
						}
					}
				},
				"neck1": {
					"rotation": {
						"0.0": {
							"post": [0, 0, 0],
							"lerp_mode": "catmullrom"
						},
						"0.6667": {
							"post": [-35, 0, 0],
							"lerp_mode": "catmullrom"
						},
						"0.875": {
							"post": [-35, 0, 0],
							"lerp_mode": "catmullrom"
						},
						"1.1667": {
							"post": [-30, 0, 0],
							"lerp_mode": "catmullrom"
						},
						"2.0": {
							"post": [0, 0, 0],
							"lerp_mode": "catmullrom"
						}
					}
				},
				"neck2": {
					"rotation": {
						"0.0": {
							"post": [0, 0, 0],
							"lerp_mode": "catmullrom"
						},
						"0.75": {
							"post": [-20, 0, 0],
							"lerp_mode": "catmullrom"
						},
						"0.875": {
							"post": [-20, 0, 0],
							"lerp_mode": "catmullrom"
						},
						"1.25": {
							"post": [-20, 0, 0],
							"lerp_mode": "catmullrom"
						},
						"2.0": {
							"post": [0, 0, 0],
							"lerp_mode": "catmullrom"
						}
					},
					"position": {
						"0.0": {
							"post": [0, 0, 0],
							"lerp_mode": "catmullrom"
						},
						"0.75": {
							"post": [0, 0, 1],
							"lerp_mode": "catmullrom"
						},
						"0.875": {
							"post": [0, 0, 1],
							"lerp_mode": "catmullrom"
						},
						"2.0": {
							"post": [0, 0, 0],
							"lerp_mode": "catmullrom"
						}
					}
				},
				"neck3": {
					"rotation": {
						"0.0": {
							"post": [0, 0, 0],
							"lerp_mode": "catmullrom"
						},
						"0.8333": {
							"post": [-30, 0, 0],
							"lerp_mode": "catmullrom"
						},
						"0.875": {
							"post": [-30, 0, 0],
							"lerp_mode": "catmullrom"
						},
						"1.375": {
							"post": [-12.5, 0, 0],
							"lerp_mode": "catmullrom"
						},
						"2.0": {
							"post": [0, 0, 0],
							"lerp_mode": "catmullrom"
						}
					},
					"position": {
						"0.0": {
							"post": [0, 0, 0],
							"lerp_mode": "catmullrom"
						},
						"0.8333": {
							"post": [0, 0, 1],
							"lerp_mode": "catmullrom"
						},
						"0.875": {
							"post": [0, 0, 1],
							"lerp_mode": "catmullrom"
						},
						"2.0": {
							"post": [0, 0, 0],
							"lerp_mode": "catmullrom"
						}
					}
				},
				"neck4": {
					"rotation": {
						"0.0": {
							"post": [0, 0, 0],
							"lerp_mode": "catmullrom"
						},
						"0.9167": {
							"post": [-5, 0, 0],
							"lerp_mode": "catmullrom"
						},
						"1.5": {
							"post": [-15, 0, 0],
							"lerp_mode": "catmullrom"
						},
						"2.0": {
							"post": [0, 0, 0],
							"lerp_mode": "catmullrom"
						}
					}
				},
				"tail": {
					"rotation": {
						"0.0": {
							"post": [0, 0, 0],
							"lerp_mode": "catmullrom"
						},
						"0.5": {
							"post": [-20, 0, 0],
							"lerp_mode": "catmullrom"
						},
						"0.75": {
							"post": [-20, 0, 0],
							"lerp_mode": "catmullrom"
						},
						"1.5": {
							"post": [27.5, 0, 0],
							"lerp_mode": "catmullrom"
						},
						"2.0": {
							"post": [0, 0, 0],
							"lerp_mode": "catmullrom"
						}
					}
				}
			}
		},
		"animation.pokemans_kyurem.faint": {
			"loop": true,
			"animation_length": 3,
			"bones": {
				"neck": {
					"rotation": {
						"0.0": {
							"post": [7.5, 0, 0],
							"lerp_mode": "catmullrom"
						},
						"3.0": {
							"post": [7.5, 0, 0],
							"lerp_mode": "catmullrom"
						}
					}
				},
				"body": {
					"rotation": {
						"0.0": {
							"post": [0, 0, 0],
							"lerp_mode": "catmullrom"
						},
						"1.1667": {
							"post": [0, 0, 0],
							"lerp_mode": "catmullrom"
						},
						"1.3333": {
							"post": [0, 0, 0],
							"lerp_mode": "catmullrom"
						},
						"1.625": {
							"post": [0, 0, 0],
							"lerp_mode": "catmullrom"
						},
						"3.0": [0, 0, 0]
					},
					"position": {
						"0.0": [0, -2, 0],
						"1.1667": [0, -2, 0],
						"1.3333": [0, -0.57, -7.43],
						"1.4583": [0, -20, -13],
						"3.0": [0, -20, -13]
					}
				},
				"arm_right": {
					"rotation": {
						"0.0": {
							"post": [0, 0, 42.5],
							"lerp_mode": "catmullrom"
						},
						"0.5": {
							"post": [0, -30, 42.5],
							"lerp_mode": "catmullrom"
						},
						"2.0417": {
							"post": [10.38469, -29.75659, 22.23402],
							"lerp_mode": "catmullrom"
						},
						"3.0": {
							"post": [0, -30, 42.5],
							"lerp_mode": "catmullrom"
						}
					}
				},
				"arm_left": {
					"rotation": {
						"0.0": {
							"post": [0, 10, -47.5],
							"lerp_mode": "catmullrom"
						},
						"0.5": {
							"post": [-19.55933, 9.99038, -44.96148],
							"lerp_mode": "catmullrom"
						},
						"2.0": {
							"post": [-19.55933, 9.99038, -44.96148],
							"lerp_mode": "catmullrom"
						},
						"2.0417": {
							"post": [-14.397, 16.64557, -22.8523],
							"lerp_mode": "catmullrom"
						},
						"2.25": {
							"post": [-19.55933, 9.99038, -44.96148],
							"lerp_mode": "catmullrom"
						},
						"3.0": {
							"post": [-19.55933, 9.99038, -44.96148],
							"lerp_mode": "catmullrom"
						}
					}
				},
				"right_leg": {
					"rotation": {
						"0.0": [0, 0, -12.5],
						"1.1667": [0, 0, -12.5],
						"1.625": {
							"pre": [100.23772, 12.3071, -10.29538],
							"post": [100.23772, 12.3071, -10.29538],
							"lerp_mode": "catmullrom"
						},
						"2.0417": {
							"post": [74.85424, 10.17689, -14.87114],
							"lerp_mode": "catmullrom"
						},
						"2.1667": {
							"post": [69.71644, 9.39129, -15.95118],
							"lerp_mode": "catmullrom"
						},
						"3.0": {
							"post": [69.71644, 9.39129, -15.95118],
							"lerp_mode": "catmullrom"
						}
					}
				},
				"ankle_right": {
					"rotation": [0, 0, 5]
				},
				"foot_right": {
					"rotation": {
						"0.0": [0, 0, 7.5],
						"1.1667": [0, 0, 7.5],
						"1.4583": [55, 0, 7.5]
					}
				},
				"left_leg": {
					"rotation": {
						"0.0": [0, 0, 12.5],
						"1.1667": [0, 0, 12.5],
						"1.625": {
							"pre": [84.92327, -9.96156, 13.38045],
							"post": [84.92327, -9.96156, 13.38045],
							"lerp_mode": "catmullrom"
						},
						"2.0417": {
							"post": [85, 0, 12.5],
							"lerp_mode": "catmullrom"
						},
						"3.0": {
							"post": [85, 0, 12.5],
							"lerp_mode": "catmullrom"
						}
					},
					"position": {
						"0.0": [0, 0, 0],
						"1.1667": [0, 0, 0],
						"1.625": {
							"pre": [0, -5, 0],
							"post": [0, -5, 0],
							"lerp_mode": "catmullrom"
						},
						"2.0417": {
							"post": [0, -7, 0],
							"lerp_mode": "catmullrom"
						},
						"3.0": {
							"post": [0, -7, 0],
							"lerp_mode": "catmullrom"
						}
					}
				},
				"ankle_left": {
					"rotation": [0, 0, -5]
				},
				"foot_left": {
					"rotation": {
						"0.0": [0, 0, -7.5],
						"1.1667": [0, 0, -7.5],
						"1.4583": [60, 0, -7.5]
					}
				},
				"forearm_right": {
					"rotation": {
						"0.0": {
							"post": [0, 70, 0],
							"lerp_mode": "catmullrom"
						},
						"1.0": {
							"post": [0, 55, 0],
							"lerp_mode": "catmullrom"
						},
						"3.0": {
							"post": [0, 55, 0],
							"lerp_mode": "catmullrom"
						}
					}
				},
				"forearm_left": {
					"rotation": {
						"0.0": {
							"post": [0, -82.5, 0],
							"lerp_mode": "catmullrom"
						},
						"1.0": {
							"post": [0, -47.5, 0],
							"lerp_mode": "catmullrom"
						},
						"3.0": {
							"post": [0, -47.5, 0],
							"lerp_mode": "catmullrom"
						}
					}
				},
				"bodymain": {
					"rotation": {
						"0.0": {
							"post": [0, 0, 0],
							"lerp_mode": "catmullrom"
						},
						"1.0": {
							"post": [-15, 0, 0],
							"lerp_mode": "catmullrom"
						},
						"1.375": {
							"post": [-15, 0, 0],
							"lerp_mode": "catmullrom"
						},
						"1.875": {
							"post": [2.5, 0, 0],
							"lerp_mode": "catmullrom"
						},
						"3.0": {
							"post": [2.5, 0, 0],
							"lerp_mode": "catmullrom"
						}
					},
					"position": {
						"0.0": {
							"post": [0, 0, 0],
							"lerp_mode": "catmullrom"
						},
						"1.25": {
							"post": [0, 4, 0],
							"lerp_mode": "catmullrom"
						},
						"1.375": {
							"post": [0, 0, 0],
							"lerp_mode": "catmullrom"
						},
						"1.875": {
							"post": [0, 0, 0],
							"lerp_mode": "catmullrom"
						},
						"1.9583": {
							"post": [0, -1.3, 0],
							"lerp_mode": "catmullrom"
						},
						"2.0": {
							"post": [0, 0, 0],
							"lerp_mode": "catmullrom"
						},
						"2.0417": {
							"post": [0, -1.3, 0],
							"lerp_mode": "catmullrom"
						},
						"2.0833": {
							"post": [0, 0, 0],
							"lerp_mode": "catmullrom"
						},
						"2.125": {
							"post": [0, -1.3, 0],
							"lerp_mode": "catmullrom"
						},
						"2.1667": {
							"post": [0, 0, 0],
							"lerp_mode": "catmullrom"
						},
						"2.2083": {
							"post": [0, -1.3, 0],
							"lerp_mode": "catmullrom"
						},
						"2.25": {
							"post": [0, 0, 0],
							"lerp_mode": "catmullrom"
						},
						"2.2917": {
							"post": [0, -1.3, 0],
							"lerp_mode": "catmullrom"
						},
						"2.3333": {
							"post": [0, 0, 0],
							"lerp_mode": "catmullrom"
						},
						"2.375": {
							"post": [0, -1.3, 0],
							"lerp_mode": "catmullrom"
						},
						"2.4167": {
							"post": [0, 0, 0],
							"lerp_mode": "catmullrom"
						},
						"2.4583": {
							"post": [0, -1.3, 0],
							"lerp_mode": "catmullrom"
						},
						"2.5": {
							"post": [0, 0, 0],
							"lerp_mode": "catmullrom"
						},
						"2.5417": {
							"post": [0, -1.3, 0],
							"lerp_mode": "catmullrom"
						},
						"2.5833": {
							"post": [0, 0, 0],
							"lerp_mode": "catmullrom"
						},
						"2.625": {
							"post": [0, 0, 0],
							"lerp_mode": "catmullrom"
						},
						"2.6667": {
							"post": [0, -1.3, 0],
							"lerp_mode": "catmullrom"
						},
						"2.7083": {
							"post": [0, 0, 0],
							"lerp_mode": "catmullrom"
						},
						"2.75": {
							"post": [0, 0, 0],
							"lerp_mode": "catmullrom"
						},
						"2.7917": {
							"post": [0, -1.3, 0],
							"lerp_mode": "catmullrom"
						},
						"2.8333": {
							"post": [0, 0, 0],
							"lerp_mode": "catmullrom"
						},
						"2.875": {
							"post": [0, 0, 0],
							"lerp_mode": "catmullrom"
						},
						"2.9167": {
							"post": [0, -1.3, 0],
							"lerp_mode": "catmullrom"
						},
						"2.9583": {
							"post": [0, 0, 0],
							"lerp_mode": "catmullrom"
						},
						"3.0": {
							"post": [0, 0, 0],
							"lerp_mode": "catmullrom"
						}
					}
				},
				"body2": {
					"rotation": {
						"0.0": {
							"post": [0, 0, 0],
							"lerp_mode": "catmullrom"
						},
						"1.0833": {
							"post": [-12.5, 0, 0],
							"lerp_mode": "catmullrom"
						},
						"1.375": {
							"post": [-20, 0, 0],
							"lerp_mode": "catmullrom"
						},
						"1.9583": {
							"post": [10, 0, 0],
							"lerp_mode": "catmullrom"
						},
						"3.0": {
							"post": [10, 0, 0],
							"lerp_mode": "catmullrom"
						}
					},
					"position": {
						"0.0": {
							"post": [0, 0, 0],
							"lerp_mode": "catmullrom"
						},
						"1.0833": {
							"post": [0, 0, 3],
							"lerp_mode": "catmullrom"
						},
						"1.375": {
							"post": [0, 0, 3],
							"lerp_mode": "catmullrom"
						},
						"3.0": {
							"post": [0, 0, 3],
							"lerp_mode": "catmullrom"
						}
					}
				},
				"neck1": {
					"rotation": {
						"0.0": {
							"post": [0, 0, 0],
							"lerp_mode": "catmullrom"
						},
						"1.1667": {
							"post": [-35, 0, 0],
							"lerp_mode": "catmullrom"
						},
						"1.375": {
							"post": [-35, 0, 0],
							"lerp_mode": "catmullrom"
						},
						"2.0417": [-7.5, 0, 0],
						"3.0": [-7.5, 0, 0]
					},
					"position": {
						"0.0": [0, 0, 0],
						"1.375": [0, 0, 0],
						"2.0417": [0, 0, 2],
						"3.0": [0, 0, 2]
					}
				},
				"neck2": {
					"rotation": {
						"0.0": {
							"post": [0, 0, 0],
							"lerp_mode": "catmullrom"
						},
						"1.25": {
							"post": [-20, 0, 0],
							"lerp_mode": "catmullrom"
						},
						"1.375": {
							"post": [-20, 0, 0],
							"lerp_mode": "catmullrom"
						},
						"2.125": {
							"post": [-12.5, 0, 0],
							"lerp_mode": "catmullrom"
						},
						"3.0": {
							"post": [-12.5, 0, 0],
							"lerp_mode": "catmullrom"
						}
					},
					"position": {
						"0.0": {
							"post": [0, 0, 0],
							"lerp_mode": "catmullrom"
						},
						"1.25": {
							"post": [0, 0, 1],
							"lerp_mode": "catmullrom"
						},
						"1.375": {
							"post": [0, 0, 1],
							"lerp_mode": "catmullrom"
						},
						"3.0": {
							"post": [0, 0, 1],
							"lerp_mode": "catmullrom"
						}
					}
				},
				"neck3": {
					"rotation": {
						"0.0": {
							"post": [0, 0, 0],
							"lerp_mode": "catmullrom"
						},
						"1.3333": {
							"post": [-30, 0, 0],
							"lerp_mode": "catmullrom"
						},
						"1.375": {
							"post": [-30, 0, 0],
							"lerp_mode": "catmullrom"
						},
						"2.0417": {
							"post": [-20.95, 0, 0],
							"lerp_mode": "catmullrom"
						},
						"2.25": {
							"post": [-20.95, 0, 0],
							"lerp_mode": "catmullrom"
						},
						"3.0": {
							"post": [-20.95, 0, 0],
							"lerp_mode": "catmullrom"
						}
					},
					"position": {
						"0.0": {
							"post": [0, 0, 0],
							"lerp_mode": "catmullrom"
						},
						"1.3333": {
							"post": [0, 0, 1],
							"lerp_mode": "catmullrom"
						},
						"1.375": {
							"post": [0, 0, 1],
							"lerp_mode": "catmullrom"
						},
						"3.0": {
							"post": [0, 0, 1],
							"lerp_mode": "catmullrom"
						}
					}
				},
				"neck4": {
					"rotation": {
						"0.0": {
							"post": [0, 0, 0],
							"lerp_mode": "catmullrom"
						},
						"1.4167": {
							"post": [-5, 0, 0],
							"lerp_mode": "catmullrom"
						},
						"2.375": {
							"post": [-5, 0, 0],
							"lerp_mode": "catmullrom"
						},
						"3.0": {
							"post": [-5, 0, 0],
							"lerp_mode": "catmullrom"
						}
					}
				},
				"tail": {
					"rotation": {
						"0.0": {
							"post": [0, 0, 0],
							"lerp_mode": "catmullrom"
						},
						"1.0": {
							"post": [-20, 0, 0],
							"lerp_mode": "catmullrom"
						},
						"1.25": {
							"post": [-20, 0, 0],
							"lerp_mode": "catmullrom"
						},
						"2.375": {
							"post": [27.5, 0, 0],
							"lerp_mode": "catmullrom"
						},
						"3.0": {
							"post": [27.5, 0, 0],
							"lerp_mode": "catmullrom"
						}
					}
				},
				"legs": {
					"rotation": [0, 0, 0],
					"position": {
						"0.0": [0, 0, 0],
						"1.875": [0, 0, 0],
						"2.0": [0, 1, 0],
						"2.0417": [0, 0, 0],
						"2.0833": [0, 1, 0],
						"2.125": [0, 0, 0],
						"2.1667": [0, 1, 0],
						"2.2083": [0, 0, 0],
						"2.25": [0, 1, 0],
						"2.2917": [0, 0, 0],
						"2.3333": [0, 1, 0],
						"2.375": [0, 0, 0],
						"2.4167": [0, 1, 0],
						"2.4583": [0, 0, 0],
						"2.5": [0, 1, 0],
						"2.5417": [0, 0, 0],
						"2.5833": [0, 1, 0],
						"2.625": [0, 0, 0],
						"2.6667": [0, 1, 0],
						"2.7083": [0, 0, 0],
						"2.75": [0, 1, 0],
						"2.7917": [0, 0, 0],
						"2.8333": [0, 1, 0],
						"2.875": [0, 0, 0],
						"2.9167": [0, 1, 0],
						"2.9583": [0, 0, 0],
						"3.0": [0, 0, 0]
					}
				}
			}
		}
	}
}