{
	"format_version": "1.8.0",
	"animations": {
		"animation.pokemans_enamorus.ground_idle": {
			"loop": true,
			"bones": {
				"arm_right": {
					"rotation": [0, "40+math.sin((query.anim_time) * 45 * 4-110)*1.5", 0]
				},
				"arm_right3": {
					"rotation": [90, 80, -180]
				},
				"arm_right4": {
					"rotation": [-90.7522, -2.38422, "-72.4843470603+math.sin((query.anim_time) * 45 * 4-120)*2"]
				},
				"fingers_right2": {
					"rotation": [35, 0, 0]
				},
				"fingers_right2_1": {
					"rotation": [54.02504, 9.57658, -11.59948]
				},
				"fingers_right3": {
					"rotation": [0, 47.5, 0]
				},
				"fingers_right3_1": {
					"rotation": [0, 60, 0]
				},
				"fingers_right4": {
					"rotation": [0, 77.5, 0]
				},
				"fingers_right4_1": {
					"rotation": [0, 40, 0]
				},
				"fingers_right5": {
					"rotation": [0, 75, 0]
				},
				"fingers_right5_1": {
					"rotation": [0, 50, 0]
				},
				"cloud11": {
					"rotation": ["0+math.sin((query.anim_time) * 45 * 4-60)*-2", "17.5+math.sin((query.anim_time) * 45 * 4-60)*-1", 0]
				},
				"cloud12": {
					"rotation": ["0+math.sin((query.anim_time) * 45 * 4-40)*-2", "-2.5+math.sin((query.anim_time) * 45 * 4-40)*-3", 0]
				},
				"cloud13": {
					"rotation": [17.5, "0+math.sin((query.anim_time) * 45 * 4-20)*4", 0]
				},
				"arm_left": {
					"rotation": [0, "-40+math.sin((query.anim_time) * 45 * 4-105)*-1.5", 0]
				},
				"arm_left3": {
					"rotation": [90, -80, 180]
				},
				"arm_left4": {
					"rotation": [-90.7522, 2.38422, "72.4843470603+math.sin((query.anim_time) * 45 * 4-120)*-2"]
				},
				"fingers_left2": {
					"rotation": [35, 0, 0]
				},
				"fingers_left2_1": {
					"rotation": [54.02504, -9.57658, 11.59948]
				},
				"fingers_left3": {
					"rotation": [0, -47.5, 0]
				},
				"fingers_left3_1": {
					"rotation": [0, -60, 0]
				},
				"fingers_left4": {
					"rotation": [0, -77.5, 0]
				},
				"fingers_left4_1": {
					"rotation": [0, -40, 0]
				},
				"fingers_left5": {
					"rotation": [0, -75, 0]
				},
				"fingers_left5_1": {
					"rotation": [0, -50, 0]
				},
				"body": {
					"rotation": [0, 0, 0],
					"position": [0, "0+math.sin((query.anim_time) * 45 * 4-120)*1", 0]
				},
				"cloud_tail": {
					"rotation": [0, 0, "0+math.sin((query.anim_time) * 40 * 4-50)*-10"],
					"scale": "1+math.sin((query.anim_time) * 40 * 4-110)*-0.05"
				},
				"torso": {
					"rotation": ["0+math.sin((query.anim_time) * 45 * 4-120)*-1", 0, 0]
				},
				"chest": {
					"rotation": ["-2.5+math.sin((query.anim_time) * 45 * 4-100)*-2", 0, 0],
					"position": [0, "0+math.sin((query.anim_time) * 38 * 4-40)*0.15", 0]
				},
				"head": {
					"rotation": ["math.sin((query.anim_time) * 45 * 4-1)*-1", 0, "math.sin((query.anim_time) * 45 * 4-120)*-0.5"]
				},
				"hair": {
					"rotation": ["0+math.sin((query.anim_time) * 45 * 4-120)*-5", 0, 0]
				}
			}
		},
		"animation.pokemans_enamorus.battle_idle": {
			"loop": true,
			"bones": {
				"arm_right": {
					"rotation": [0, "40+math.sin((query.anim_time) * 45 * 4-110)*1.5", 0]
				},
				"arm_right3": {
					"rotation": [90, 80, -180]
				},
				"arm_right4": {
					"rotation": [-90.7522, -2.38422, "-72.4843470603+math.sin((query.anim_time) * 45 * 4-120)*2"]
				},
				"fingers_right2": {
					"rotation": [35, 0, 0]
				},
				"fingers_right2_1": {
					"rotation": [54.02504, 9.57658, -11.59948]
				},
				"fingers_right3": {
					"rotation": [0, 47.5, 0]
				},
				"fingers_right3_1": {
					"rotation": [0, 60, 0]
				},
				"fingers_right4": {
					"rotation": [0, 77.5, 0]
				},
				"fingers_right4_1": {
					"rotation": [0, 40, 0]
				},
				"fingers_right5": {
					"rotation": [0, 75, 0]
				},
				"fingers_right5_1": {
					"rotation": [0, 50, 0]
				},
				"cloud11": {
					"rotation": ["0+math.sin((query.anim_time) * 45 * 4-60)*-2", "17.5+math.sin((query.anim_time) * 45 * 4-60)*-1", 0]
				},
				"cloud12": {
					"rotation": ["0+math.sin((query.anim_time) * 45 * 4-40)*-2", "-2.5+math.sin((query.anim_time) * 45 * 4-40)*-3", 0]
				},
				"cloud13": {
					"rotation": [17.5, "0+math.sin((query.anim_time) * 45 * 4-20)*4", 0]
				},
				"arm_left": {
					"rotation": [0, "-40+math.sin((query.anim_time) * 45 * 4-105)*-1.5", 0]
				},
				"arm_left3": {
					"rotation": [90, -80, 180]
				},
				"arm_left4": {
					"rotation": [-90.7522, 2.38422, "72.4843470603+math.sin((query.anim_time) * 45 * 4-120)*-2"]
				},
				"fingers_left2": {
					"rotation": [35, 0, 0]
				},
				"fingers_left2_1": {
					"rotation": [54.02504, -9.57658, 11.59948]
				},
				"fingers_left3": {
					"rotation": [0, -47.5, 0]
				},
				"fingers_left3_1": {
					"rotation": [0, -60, 0]
				},
				"fingers_left4": {
					"rotation": [0, -77.5, 0]
				},
				"fingers_left4_1": {
					"rotation": [0, -40, 0]
				},
				"fingers_left5": {
					"rotation": [0, -75, 0]
				},
				"fingers_left5_1": {
					"rotation": [0, -50, 0]
				},
				"body": {
					"rotation": [0, 0, 0],
					"position": [0, "0+math.sin((query.anim_time) * 45 * 4-120)*1", 0]
				},
				"cloud_tail": {
					"rotation": [0, 0, "0+math.sin((query.anim_time) * 40 * 4-50)*-10"],
					"scale": "1+math.sin((query.anim_time) * 40 * 4-110)*-0.05"
				},
				"torso": {
					"rotation": ["0+math.sin((query.anim_time) * 45 * 4-120)*-1", 0, 0]
				},
				"chest": {
					"rotation": ["2.5+math.sin((query.anim_time) * 45 * 4-100)*-1.5", 0, 0],
					"position": [0, "0+math.sin((query.anim_time) * 38 * 4-40)*0.15", 0]
				},
				"head": {
					"rotation": ["2.5+math.sin((query.anim_time) * 45 * 4-1)*-1", 0, "0+math.sin((query.anim_time) * 45 * 4-120)*-0.5"]
				},
				"hair": {
					"rotation": ["0+math.sin((query.anim_time) * 45 * 4-120)*-5", 0, 0]
				}
			}
		},
		"animation.pokemans_enamorus.ground_walk": {
			"loop": true,
			"bones": {
				"arm_right": {
					"rotation": [0, "40+math.sin((query.anim_time) * 45 * 4-110)*1.5", 0]
				},
				"arm_right3": {
					"rotation": [90, 80, -180]
				},
				"arm_right4": {
					"rotation": [-90.7522, -2.38422, "-72.4843470603+math.sin((query.anim_time) * 45 * 4-120)*2"]
				},
				"fingers_right2": {
					"rotation": [35, 0, 0]
				},
				"fingers_right2_1": {
					"rotation": [54.02504, 9.57658, -11.59948]
				},
				"fingers_right3": {
					"rotation": [0, 47.5, 0]
				},
				"fingers_right3_1": {
					"rotation": [0, 60, 0]
				},
				"fingers_right4": {
					"rotation": [0, 77.5, 0]
				},
				"fingers_right4_1": {
					"rotation": [0, 40, 0]
				},
				"fingers_right5": {
					"rotation": [0, 75, 0]
				},
				"fingers_right5_1": {
					"rotation": [0, 50, 0]
				},
				"cloud11": {
					"rotation": ["0+math.sin((query.anim_time) * 45 * 4-60)*-2", "17.5+math.sin((query.anim_time) * 45 * 4-60)*-1", 0]
				},
				"cloud12": {
					"rotation": ["0+math.sin((query.anim_time) * 45 * 4-40)*-2", "-2.5+math.sin((query.anim_time) * 45 * 4-40)*-3", 0]
				},
				"cloud13": {
					"rotation": [17.5, "0+math.sin((query.anim_time) * 45 * 4-20)*4", 0]
				},
				"arm_left": {
					"rotation": [0, "-40+math.sin((query.anim_time) * 45 * 4-105)*-1.5", 0]
				},
				"arm_left3": {
					"rotation": [90, -80, 180]
				},
				"arm_left4": {
					"rotation": [-90.7522, 2.38422, "72.4843470603+math.sin((query.anim_time) * 45 * 4-120)*-2"]
				},
				"fingers_left2": {
					"rotation": [35, 0, 0]
				},
				"fingers_left2_1": {
					"rotation": [54.02504, -9.57658, 11.59948]
				},
				"fingers_left3": {
					"rotation": [0, -47.5, 0]
				},
				"fingers_left3_1": {
					"rotation": [0, -60, 0]
				},
				"fingers_left4": {
					"rotation": [0, -77.5, 0]
				},
				"fingers_left4_1": {
					"rotation": [0, -40, 0]
				},
				"fingers_left5": {
					"rotation": [0, -75, 0]
				},
				"fingers_left5_1": {
					"rotation": [0, -50, 0]
				},
				"body": {
					"rotation": [7.5, 0, 0],
					"position": [0, "0+math.sin((query.anim_time) * 50 * 4-120)*1", -3]
				},
				"cloud_tail": {
					"rotation": [0, 0, "0+math.sin((query.anim_time) * 40 * 4-50)*-10"],
					"scale": "1+math.sin((query.anim_time) * 40 * 4-110)*-0.05"
				},
				"torso": {
					"rotation": ["0+math.sin((query.anim_time) * 45 * 4-120)*-1", 0, 0]
				},
				"chest": {
					"rotation": ["2.5+math.sin((query.anim_time) * 50 * 4-100)*-1.5", 0, 0],
					"position": [0, "0+math.sin((query.anim_time) * 45 * 4-40)*0.15", 0]
				},
				"head": {
					"rotation": ["math.sin((query.anim_time) * 45 * 4-1)*-1", 0, "math.sin((query.anim_time) * 45 * 4-120)*-0.5"]
				},
				"hair": {
					"rotation": ["0+math.sin((query.anim_time) * 55 * 4-120)*-5", 0, 0]
				},
				"cloud": {
					"scale": 1
				}
			}
		},
		"animation.pokemans_enamorus.cry": {
			"animation_length": 1.75,
			"bones": {
				"arm_right": {
					"rotation": {
						"0.0": {
							"post": [0, 0, 0],
							"lerp_mode": "catmullrom"
						},
						"0.375": {
							"post": [-65.13527, 6.33453, -36.58613],
							"lerp_mode": "catmullrom"
						},
						"0.625": {
							"post": [-45.97962, -19.13841, -28.41014],
							"lerp_mode": "catmullrom"
						},
						"1.375": {
							"post": [-43.47696, -23.50541, -28.18931],
							"lerp_mode": "catmullrom"
						},
						"1.75": {
							"post": [0, 0, 0],
							"lerp_mode": "catmullrom"
						}
					}
				},
				"arm_right3": {
					"rotation": {
						"0.0": {
							"post": [0, 0, 0],
							"lerp_mode": "catmullrom"
						},
						"0.375": {
							"post": [0, 0, 0],
							"lerp_mode": "catmullrom"
						},
						"0.5": {
							"post": [-47.79824, -31.53169, -102.56645],
							"lerp_mode": "catmullrom"
						},
						"0.625": {
							"post": [-96.22079, -83.80672, -183.86482],
							"lerp_mode": "catmullrom"
						},
						"1.375": {
							"post": [-82.41797, -95.94177, -199.53588],
							"lerp_mode": "catmullrom"
						},
						"1.75": {
							"post": [0, 0, 0],
							"lerp_mode": "catmullrom"
						}
					}
				},
				"arm_right4": {
					"rotation": {
						"0.0": {
							"post": [0, 0, 0],
							"lerp_mode": "catmullrom"
						},
						"0.375": {
							"post": [0, 0, 0],
							"lerp_mode": "catmullrom"
						},
						"1.75": {
							"post": [0, 0, 0],
							"lerp_mode": "catmullrom"
						}
					}
				},
				"cloud11": {
					"rotation": {
						"0.0": {
							"post": [0, 0, 0],
							"lerp_mode": "catmullrom"
						},
						"0.375": {
							"post": [7.85397, -0.15326, 2.33798],
							"lerp_mode": "catmullrom"
						},
						"0.625": {
							"post": [-60.24045, -2.97963, -23.13427],
							"lerp_mode": "catmullrom"
						},
						"1.375": {
							"post": [-62.59663, -3.97275, -23.67071],
							"lerp_mode": "catmullrom"
						},
						"1.75": {
							"post": [0, 0, 0],
							"lerp_mode": "catmullrom"
						}
					}
				},
				"cloud12": {
					"rotation": {
						"0.0": {
							"post": [0, 0, 0],
							"lerp_mode": "catmullrom"
						},
						"0.375": {
							"post": [9.56389, -0.20772, 2.32534],
							"lerp_mode": "catmullrom"
						},
						"0.625": {
							"post": [3.02236, -6.41956, 4.23954],
							"lerp_mode": "catmullrom"
						},
						"1.375": {
							"post": [-1.51345, -6.10873, 2.83632],
							"lerp_mode": "catmullrom"
						},
						"1.75": {
							"post": [0, 0, 0],
							"lerp_mode": "catmullrom"
						}
					}
				},
				"cloud13": {
					"rotation": {
						"0.0": {
							"post": [0, 0, 0],
							"lerp_mode": "catmullrom"
						},
						"0.375": {
							"post": [17.0115, -0.81826, 4.86938],
							"lerp_mode": "catmullrom"
						},
						"0.625": {
							"post": [-3.14737, -12.00239, 5.97489],
							"lerp_mode": "catmullrom"
						},
						"1.375": {
							"post": [-10.37044, -10.81915, 5.16894],
							"lerp_mode": "catmullrom"
						},
						"1.75": {
							"post": [0, 0, 0],
							"lerp_mode": "catmullrom"
						}
					}
				},
				"arm_left": {
					"rotation": {
						"0.0": {
							"post": [0, 0, 0],
							"lerp_mode": "catmullrom"
						},
						"0.375": {
							"post": [-64.1066, -17.49433, 32.06457],
							"lerp_mode": "catmullrom"
						},
						"0.625": {
							"post": [-44.44191, 11.80232, 21.14633],
							"lerp_mode": "catmullrom"
						},
						"1.375": {
							"post": [-40.53157, 21.06793, 20.76828],
							"lerp_mode": "catmullrom"
						},
						"1.75": {
							"post": [0, 0, 0],
							"lerp_mode": "catmullrom"
						}
					}
				},
				"arm_left3": {
					"rotation": {
						"0.0": {
							"post": [0, 0, 0],
							"lerp_mode": "catmullrom"
						},
						"0.375": {
							"post": [0, 0, 0],
							"lerp_mode": "catmullrom"
						},
						"0.5": {
							"post": [-48.20959, 23.55719, 122.6303],
							"lerp_mode": "catmullrom"
						},
						"0.625": {
							"post": [-97.11956, 88.16449, 201.78028],
							"lerp_mode": "catmullrom"
						},
						"1.375": {
							"post": [-90.60436, 92.94675, 208.99215],
							"lerp_mode": "catmullrom"
						},
						"1.75": {
							"post": [0, 0, 0],
							"lerp_mode": "catmullrom"
						}
					}
				},
				"arm_left4": {
					"rotation": {
						"0.0": {
							"post": [0, 0, 0],
							"lerp_mode": "catmullrom"
						},
						"0.375": {
							"post": [0, 0, 0],
							"lerp_mode": "catmullrom"
						},
						"1.75": {
							"post": [0, 0, 0],
							"lerp_mode": "catmullrom"
						}
					}
				},
				"body": {
					"position": {
						"0.5417": [0, 0, 0],
						"0.5833": [-0.5, 0, 0],
						"0.625": [0.5, 0, 0],
						"0.6667": [-0.5, 0, 0],
						"0.7083": [0.5, 0, 0],
						"0.75": [-0.5, 0, 0],
						"0.7917": [0.5, 0, 0],
						"0.8333": [-0.5, 0, 0],
						"0.875": [0.5, 0, 0],
						"0.9167": [-0.5, 0, 0],
						"0.9583": [0.5, 0, 0],
						"1.0": [-0.5, 0, 0],
						"1.0417": [0.5, 0, 0],
						"1.0833": [-0.5, 0, 0],
						"1.125": [0.5, 0, 0],
						"1.1667": [-0.5, 0, 0],
						"1.2083": [0.5, 0, 0],
						"1.25": [-0.5, 0, 0],
						"1.2917": [0.5, 0, 0]
					}
				},
				"torso": {
					"rotation": {
						"0.0": {
							"post": [0, 0, 0],
							"lerp_mode": "catmullrom"
						},
						"0.375": {
							"post": [5, 0, 0],
							"lerp_mode": "catmullrom"
						},
						"0.625": {
							"post": [-2.5, 0, 0],
							"lerp_mode": "catmullrom"
						},
						"1.75": {
							"post": [0, 0, 0],
							"lerp_mode": "catmullrom"
						}
					}
				},
				"chest": {
					"rotation": {
						"0.0": {
							"post": [0, 0, 0],
							"lerp_mode": "catmullrom"
						},
						"0.375": {
							"post": [10, 0, 0],
							"lerp_mode": "catmullrom"
						},
						"0.625": {
							"post": [-10, 0, 0],
							"lerp_mode": "catmullrom"
						},
						"1.75": {
							"post": [0, 0, 0],
							"lerp_mode": "catmullrom"
						}
					}
				},
				"head": {
					"rotation": {
						"0.0": {
							"post": [0, 0, 0],
							"lerp_mode": "catmullrom"
						},
						"0.375": {
							"post": [20, 0, 0],
							"lerp_mode": "catmullrom"
						},
						"0.625": {
							"post": [-5, 0.00852, -0.00056],
							"lerp_mode": "catmullrom"
						},
						"1.375": {
							"post": [-2.49978, -0.04815, 0.00204],
							"lerp_mode": "catmullrom"
						},
						"1.75": {
							"post": [0, 0, 0],
							"lerp_mode": "catmullrom"
						}
					}
				}
			}
		},
		"animation.pokemans_enamorus.blink": {
			"animation_length": 0.125,
			"bones": {
				"arm_right": {
					"rotation": [0, 40, 0]
				},
				"arm_right3": {
					"rotation": [90, 80, -180]
				},
				"arm_right4": {
					"rotation": [-90.7522, -2.38422, -72.48435]
				},
				"fingers_right2": {
					"rotation": [35, 0, 0]
				},
				"fingers_right2_1": {
					"rotation": [54.02504, 9.57658, -11.59948]
				},
				"fingers_right3": {
					"rotation": [0, 47.5, 0]
				},
				"fingers_right3_1": {
					"rotation": [0, 60, 0]
				},
				"fingers_right4": {
					"rotation": [0, 77.5, 0]
				},
				"fingers_right4_1": {
					"rotation": [0, 40, 0]
				},
				"fingers_right5": {
					"rotation": [0, 75, 0]
				},
				"fingers_right5_1": {
					"rotation": [0, 50, 0]
				},
				"cloud11": {
					"rotation": [0, 17.5, 0]
				},
				"cloud12": {
					"rotation": [0, -2.5, 0]
				},
				"cloud13": {
					"rotation": [17.5, 0, 0]
				},
				"arm_left": {
					"rotation": [0, -40, 0]
				},
				"arm_left3": {
					"rotation": [90, -80, 180]
				},
				"arm_left4": {
					"rotation": [-90.7522, 2.38422, 72.48435]
				},
				"fingers_left2": {
					"rotation": [35, 0, 0]
				},
				"fingers_left2_1": {
					"rotation": [54.02504, -9.57658, 11.59948]
				},
				"fingers_left3": {
					"rotation": [0, -47.5, 0]
				},
				"fingers_left3_1": {
					"rotation": [0, -60, 0]
				},
				"fingers_left4": {
					"rotation": [0, -77.5, 0]
				},
				"fingers_left4_1": {
					"rotation": [0, -40, 0]
				},
				"fingers_left5": {
					"rotation": [0, -75, 0]
				},
				"fingers_left5_1": {
					"rotation": [0, -50, 0]
				},
				"eye_right2": {
					"position": {
						"0.0": [0, 0, 0],
						"0.0417": {
							"pre": [0, 0, 0],
							"post": [0, 0, 0.05]
						},
						"0.125": {
							"pre": [0, 0, 0.05],
							"post": [0, 0, 0]
						}
					}
				},
				"eye_right_lid": {
					"position": {
						"0.0": [0, 0, 0],
						"0.0417": {
							"pre": [0, 0, 0],
							"post": [0.05, 0, -0.125]
						},
						"0.125": {
							"pre": [0.05, 0, -0.125],
							"post": [0, 0, 0]
						}
					}
				},
				"eye_left": {
					"position": [0, 0, 0]
				},
				"eye_left2": {
					"position": {
						"0.0": [0, 0, 0],
						"0.0417": {
							"pre": [0, 0, 0],
							"post": [0, 0, 0.05]
						},
						"0.125": {
							"pre": [0, 0, 0.05],
							"post": [0, 0, 0]
						}
					}
				},
				"eye_left_lid": {
					"position": {
						"0.0": [0, 0, 0],
						"0.0417": {
							"pre": [0, 0, 0],
							"post": [-0.05, 0, -0.125]
						},
						"0.125": {
							"pre": [-0.05, 0, -0.125],
							"post": [0, 0, 0]
						}
					}
				}
			}
		},
		"animation.pokemans_enamorus.pose": {
			"loop": true,
			"bones": {
				"arm_right": {
					"rotation": [0, 40, 0]
				},
				"arm_right3": {
					"rotation": [90, 80, -180]
				},
				"arm_right4": {
					"rotation": [-90.7522, -2.38422, -72.48435]
				},
				"fingers_right2": {
					"rotation": [35, 0, 0]
				},
				"fingers_right2_1": {
					"rotation": [54.02504, 9.57658, -11.59948]
				},
				"fingers_right3": {
					"rotation": [0, 47.5, 0]
				},
				"fingers_right3_1": {
					"rotation": [0, 60, 0]
				},
				"fingers_right4": {
					"rotation": [0, 77.5, 0]
				},
				"fingers_right4_1": {
					"rotation": [0, 40, 0]
				},
				"fingers_right5": {
					"rotation": [0, 75, 0]
				},
				"fingers_right5_1": {
					"rotation": [0, 50, 0]
				},
				"cloud11": {
					"rotation": [0, 17.5, 0]
				},
				"cloud12": {
					"rotation": [0, -2.5, 0]
				},
				"cloud13": {
					"rotation": [17.5, 0, 0]
				},
				"arm_left": {
					"rotation": [0, -40, 0]
				},
				"arm_left3": {
					"rotation": [90, -80, 180]
				},
				"arm_left4": {
					"rotation": [-90.7522, 2.38422, 72.48435]
				},
				"fingers_left2": {
					"rotation": [35, 0, 0]
				},
				"fingers_left2_1": {
					"rotation": [54.02504, -9.57658, 11.59948]
				},
				"fingers_left3": {
					"rotation": [0, -47.5, 0]
				},
				"fingers_left3_1": {
					"rotation": [0, -60, 0]
				},
				"fingers_left4": {
					"rotation": [0, -77.5, 0]
				},
				"fingers_left4_1": {
					"rotation": [0, -40, 0]
				},
				"fingers_left5": {
					"rotation": [0, -75, 0]
				},
				"fingers_left5_1": {
					"rotation": [0, -50, 0]
				}
			}
		},
		"animation.pokemans_enamorus.physical_attack": {
			"animation_length": 1.25,
			"bones": {
				"arm_right": {
					"rotation": {
						"0.0": {
							"post": [0, 40, 0],
							"lerp_mode": "catmullrom"
						},
						"0.25": {
							"post": [0, 42.5, 0],
							"lerp_mode": "catmullrom"
						},
						"0.375": {
							"post": [84.18175, 15.69, -20.73026],
							"lerp_mode": "catmullrom"
						},
						"1.0": {
							"post": [0, 42.5, 0],
							"lerp_mode": "catmullrom"
						},
						"1.25": {
							"post": [0, 40, 0],
							"lerp_mode": "catmullrom"
						}
					}
				},
				"arm_right3": {
					"rotation": {
						"0.0": {
							"post": [90, 80, -180],
							"lerp_mode": "catmullrom"
						},
						"0.25": {
							"post": [90, 80, -180],
							"lerp_mode": "catmullrom"
						},
						"0.375": {
							"post": [-90, -15, 0],
							"lerp_mode": "catmullrom"
						},
						"1.0": {
							"post": [90, 80, -180],
							"lerp_mode": "catmullrom"
						},
						"1.25": {
							"post": [90, 80, -180],
							"lerp_mode": "catmullrom"
						}
					}
				},
				"arm_right4": {
					"rotation": {
						"0.0": [-90.7522, -2.38422, -72.48435],
						"1.25": [-90.7522, -2.38422, -72.48435]
					}
				},
				"fingers_right2": {
					"rotation": {
						"0.0": [35, 0, 0],
						"1.25": [35, 0, 0]
					}
				},
				"fingers_right2_1": {
					"rotation": {
						"0.0": [54.02504, 9.57658, -11.59948],
						"1.25": [54.02504, 9.57658, -11.59948]
					}
				},
				"fingers_right3": {
					"rotation": {
						"0.0": [0, 47.5, 0],
						"1.25": [0, 47.5, 0]
					}
				},
				"fingers_right3_1": {
					"rotation": {
						"0.0": [0, 60, 0],
						"1.25": [0, 60, 0]
					}
				},
				"fingers_right4": {
					"rotation": {
						"0.0": [0, 77.5, 0],
						"1.25": [0, 77.5, 0]
					}
				},
				"fingers_right4_1": {
					"rotation": {
						"0.0": [0, 40, 0],
						"1.25": [0, 40, 0]
					}
				},
				"fingers_right5": {
					"rotation": {
						"0.0": [0, 75, 0],
						"1.25": [0, 75, 0]
					}
				},
				"fingers_right5_1": {
					"rotation": {
						"0.0": [0, 50, 0],
						"1.25": [0, 50, 0]
					}
				},
				"cloud11": {
					"rotation": {
						"0.0": {
							"post": [0, 17.5, 0],
							"lerp_mode": "catmullrom"
						},
						"0.25": {
							"post": [-20, 17.5, 0],
							"lerp_mode": "catmullrom"
						},
						"0.375": {
							"post": [-2.5, 17.5, 0],
							"lerp_mode": "catmullrom"
						},
						"1.0": {
							"post": [-20, 17.5, 0],
							"lerp_mode": "catmullrom"
						},
						"1.25": {
							"post": [0, 17.5, 0],
							"lerp_mode": "catmullrom"
						}
					}
				},
				"cloud12": {
					"rotation": {
						"0.0": {
							"post": [0, -2.5, 0],
							"lerp_mode": "catmullrom"
						},
						"0.25": {
							"post": [-5, -2.5, 0],
							"lerp_mode": "catmullrom"
						},
						"0.375": {
							"post": [20.04596, 4.54784, 2.56677],
							"lerp_mode": "catmullrom"
						},
						"1.0": {
							"post": [-5, -2.5, 0],
							"lerp_mode": "catmullrom"
						},
						"1.25": {
							"post": [0, -2.5, 0],
							"lerp_mode": "catmullrom"
						}
					}
				},
				"cloud13": {
					"rotation": {
						"0.0": [17.5, 0, 0],
						"1.25": [17.5, 0, 0]
					}
				},
				"arm_left": {
					"rotation": {
						"0.0": {
							"post": [0, -40, 0],
							"lerp_mode": "catmullrom"
						},
						"0.25": {
							"post": [0, -42.5, 0],
							"lerp_mode": "catmullrom"
						},
						"0.5": {
							"post": [79.9668, -14.38172, 16.66347],
							"lerp_mode": "catmullrom"
						},
						"1.0": {
							"post": [0, -42.5, 0],
							"lerp_mode": "catmullrom"
						},
						"1.25": {
							"post": [0, -40, 0],
							"lerp_mode": "catmullrom"
						}
					}
				},
				"arm_left3": {
					"rotation": {
						"0.0": {
							"post": [90, -80, 180],
							"lerp_mode": "catmullrom"
						},
						"0.25": {
							"post": [90, -80, 180],
							"lerp_mode": "catmullrom"
						},
						"0.375": {
							"post": [-90, 12.5, 0],
							"lerp_mode": "catmullrom"
						},
						"1.0": {
							"post": [90, -80, 180],
							"lerp_mode": "catmullrom"
						},
						"1.25": {
							"post": [90, -80, 180],
							"lerp_mode": "catmullrom"
						}
					}
				},
				"arm_left4": {
					"rotation": {
						"0.0": [-90.7522, 2.38422, 72.48435],
						"1.25": [-90.7522, 2.38422, 72.48435]
					}
				},
				"fingers_left2": {
					"rotation": {
						"0.0": [35, 0, 0],
						"1.25": [35, 0, 0]
					}
				},
				"fingers_left2_1": {
					"rotation": {
						"0.0": [54.02504, -9.57658, 11.59948],
						"1.25": [54.02504, -9.57658, 11.59948]
					}
				},
				"fingers_left3": {
					"rotation": {
						"0.0": [0, -47.5, 0],
						"1.25": [0, -47.5, 0]
					}
				},
				"fingers_left3_1": {
					"rotation": {
						"0.0": [0, -60, 0],
						"1.25": [0, -60, 0]
					}
				},
				"fingers_left4": {
					"rotation": {
						"0.0": [0, -77.5, 0],
						"1.25": [0, -77.5, 0]
					}
				},
				"fingers_left4_1": {
					"rotation": {
						"0.0": [0, -40, 0],
						"1.25": [0, -40, 0]
					}
				},
				"fingers_left5": {
					"rotation": {
						"0.0": [0, -75, 0],
						"1.25": [0, -75, 0]
					}
				},
				"fingers_left5_1": {
					"rotation": {
						"0.0": [0, -50, 0],
						"1.25": [0, -50, 0]
					}
				},
				"body": {
					"rotation": {
						"0.0": {
							"post": [0, 0, 0],
							"lerp_mode": "catmullrom"
						},
						"0.25": {
							"post": [-12.5, 0, 0],
							"lerp_mode": "catmullrom"
						},
						"0.375": {
							"post": [35, 0, 0],
							"lerp_mode": "catmullrom"
						},
						"0.625": {
							"post": [40, 0, 0],
							"lerp_mode": "catmullrom"
						},
						"1.0": {
							"post": [2.5, 0, 0],
							"lerp_mode": "catmullrom"
						},
						"1.25": {
							"post": [0, 0, 0],
							"lerp_mode": "catmullrom"
						}
					},
					"position": {
						"0.0": {
							"post": [0, 0, 0],
							"lerp_mode": "catmullrom"
						},
						"0.25": {
							"post": [0, 0, 8],
							"lerp_mode": "catmullrom"
						},
						"0.375": {
							"post": [0, -3, -11],
							"lerp_mode": "catmullrom"
						},
						"0.625": {
							"post": [0, -3, -15],
							"lerp_mode": "catmullrom"
						},
						"1.0": {
							"post": [0, 0, 3],
							"lerp_mode": "catmullrom"
						},
						"1.25": {
							"post": [0, 0, 0],
							"lerp_mode": "catmullrom"
						}
					}
				},
				"torso": {
					"rotation": {
						"0.0": {
							"post": [0, 0, 0],
							"lerp_mode": "catmullrom"
						},
						"0.25": {
							"post": [-7.5, 0, 0],
							"lerp_mode": "catmullrom"
						},
						"1.0": {
							"post": [-7.5, 0, 0],
							"lerp_mode": "catmullrom"
						},
						"1.25": {
							"post": [0, 0, 0],
							"lerp_mode": "catmullrom"
						}
					}
				},
				"chest": {
					"rotation": {
						"0.0": {
							"post": [0, 0, 0],
							"lerp_mode": "catmullrom"
						},
						"0.25": {
							"post": [-5, 0, 0],
							"lerp_mode": "catmullrom"
						},
						"0.5": {
							"post": [10, 0, 0],
							"lerp_mode": "catmullrom"
						},
						"1.0": {
							"post": [-5, 0, 0],
							"lerp_mode": "catmullrom"
						},
						"1.25": {
							"post": [0, 0, 0],
							"lerp_mode": "catmullrom"
						}
					}
				},
				"arm_right2": {
					"rotation": {
						"0.0": {
							"post": [0, 0, 0],
							"lerp_mode": "catmullrom"
						},
						"0.25": {
							"post": [0, 0, 0],
							"lerp_mode": "catmullrom"
						},
						"0.5": {
							"post": [0, 0, 0],
							"lerp_mode": "catmullrom"
						},
						"1.0": {
							"post": [0, 0, 0],
							"lerp_mode": "catmullrom"
						},
						"1.25": {
							"post": [0, 0, 0],
							"lerp_mode": "catmullrom"
						}
					}
				},
				"arm_left2": {
					"rotation": {
						"0.0": {
							"post": [0, 0, 0],
							"lerp_mode": "catmullrom"
						},
						"0.25": {
							"post": [0, 0, 0],
							"lerp_mode": "catmullrom"
						},
						"0.375": {
							"post": [0, 0, 0],
							"lerp_mode": "catmullrom"
						},
						"1.0": {
							"post": [0, 0, 0],
							"lerp_mode": "catmullrom"
						},
						"1.25": {
							"post": [0, 0, 0],
							"lerp_mode": "catmullrom"
						}
					}
				},
				"head": {
					"rotation": {
						"0.0": {
							"post": [0, 0, 0],
							"lerp_mode": "catmullrom"
						},
						"0.25": {
							"post": [-7.5, 0, 0],
							"lerp_mode": "catmullrom"
						},
						"0.5": {
							"post": [7.5, 0, 0],
							"lerp_mode": "catmullrom"
						},
						"1.0": {
							"post": [-7.5, 0, 0],
							"lerp_mode": "catmullrom"
						},
						"1.25": {
							"post": [0, 0, 0],
							"lerp_mode": "catmullrom"
						}
					}
				}
			}
		}
	}
}