{
  "implemented": true,
  "nationalPokedexNumber": 309,
  "name": "Electrike",
  "primaryType": "electric",
  "maleRatio": 0.5,
  "height": 6,
  "weight": 152,
  "pokedex": [
    "cobblemon.species.electrike.desc"
  ],
  "labels": [
    "gen3"
  ],
  "aspects": [],
  "abilities": [
    "static",
    "lightningrod",
    "h:minus"
  ],
  "eggGroups": [
    "field"
  ],
  "baseStats": {
    "hp": 40,
    "attack": 45,
    "defence": 40,
    "special_attack": 65,
    "special_defence": 40,
    "speed": 65
  },
  "evYield": {
    "hp": 0,
    "attack": 0,
    "defence": 0,
    "special_attack": 0,
    "special_defence": 0,
    "speed": 1
  },
  "baseExperienceYield": 59,
  "experienceGroup": "slow",
  "catchRate": 120,
  "eggCycles": 20,
  "baseFriendship": 50,
  "baseScale": 1,
  "hitbox": {
    "width": 1,
    "height": 1,
    "fixed": false
  },
  "drops": {
    "amount": 3,
    "entries": [
      {
        "item": "minecraft:bone",
        "quantityRange": "0-1"
      },
      {
        "item": "minecraft:rotten_flesh",
        "quantityRange": "0-1"
      },
      {
        "item": "cobblemon:cheri_berry",
        "percentage": 2.5
      }
    ]
  },
  "moves": [
    "1:tackle",
    "1:thunderwave",
    "1:spark",
    "4:leer",
    "8:howl",
    "12:quickattack",
    "16:odorsleuth",
    "20:bite",
    "24:thunderfang",
    "28:roar",
    "32:discharge",
    "36:charge",
    "40:wildcharge",
    "44:thunder",
    "egg:curse",
    "egg:flameburst",
    "egg:headbutt",
    "egg:spark",
    "egg:switcheroo",
    "tm:agility",
    "tm:bodyslam",
    "tm:charge",
    "tm:chargebeam",
    "tm:crunch",
    "tm:curse",
    "tm:eerieimpulse",
    "tm:electroball",
    "tm:endure",
    "tm:facade",
    "tm:firefang",
    "tm:flamethrower",
    "tm:flash",
    "tm:headbutt",
    "tm:icefang",
    "tm:irontail",
    "tm:lightscreen",
    "tm:magnetrise",
    "tm:mudslap",
    "tm:protect",
    "tm:psychicfangs",
    "tm:raindance",
    "tm:rest",
    "tm:risingvoltage",
    "tm:roar",
    "tm:shockwave",
    "tm:signalbeam",
    "tm:sleeptalk",
    "tm:snarl",
    "tm:strength",
    "tm:substitute",
    "tm:swift",
    "tm:terablast",
    "tm:thief",
    "tm:thunder",
    "tm:thunderbolt",
    "tm:thunderfang",
    "tm:thunderwave",
    "tm:uproar",
    "tm:voltswitch",
    "tm:wildcharge",
    "tutor:chargebeam",
    "tutor:firefang",
    "tutor:flamethrower",
    "tutor:icefang",
    "tutor:irontail",
    "tutor:magnetrise",
    "tutor:mudslap",
    "tutor:psychic",
    "tutor:rest",
    "tutor:risingvoltage",
    "tutor:shockwave",
    "tutor:signalbeam",
    "tutor:sleeptalk",
    "tutor:snarl",
    "tutor:swift",
    "tutor:thunderbolt",
    "tutor:thunderfang",
    "tutor:uproar",
    "tutor:wildcharge"
  ],
  "evolutions": [
    {
      "id": "electrike_manectric",
      "variant": "level_up",
      "result": "manectric",
      "consumeHeldItem": false,
      "learnableMoves": [],
      "requirements": [
        {
          "variant": "level",
          "minLevel": 26
        }
      ]
    }
  ]
}