{
  "implemented": true,
  "nationalPokedexNumber": 385,
  "name": "Jirachi",
  "primaryType": "steel",
  "secondaryType": "psychic",
  "maleRatio": -1,
  "height": 3,
  "weight": 11,
  "pokedex": [
    "cobblemon.species.jirachi.desc"
  ],
  "labels": [
    "gen3",
    "mythical"
  ],
  "aspects": [],
  "abilities": [
    "serenegrace",
    "h:serenegrace"
  ],
  "eggGroups": [
    "undiscovered"
  ],
  "baseStats": {
    "hp": 100,
    "attack": 100,
    "defence": 100,
    "special_attack": 100,
    "special_defence": 100,
    "speed": 100
  },
  "evYield": {
    "hp": 3,
    "attack": 0,
    "defence": 0,
    "special_attack": 0,
    "special_defence": 0,
    "speed": 0
  },
  "baseExperienceYield": 300,
  "experienceGroup": "slow",
  "catchRate": 3,
  "eggCycles": 120,
  "baseFriendship": 100,
  "baseScale": 1,
  "hitbox": {
    "width": 1,
    "height": 1,
    "fixed": false
  },
  "moves": [
    "1:wish",
    "1:confusion",
    "1:refresh",
    "1:luckychant",
    "7:swift",
    "21:lifedew",
    "28:zenheadbutt",
    "35:gravity",
    "42:psychic",
    "49:meteormash",
    "56:healingwish",
    "63:rest",
    "70:futuresight",
    "77:doubleedge",
    "84:cosmicpower",
    "91:lastresort",
    "98:doomdesire",
    "tm:allyswitch",
    "tm:amnesia",
    "tm:ancientpower",
    "tm:aurasphere",
    "tm:batonpass",
    "tm:bodyslam",
    "tm:calmmind",
    "tm:chargebeam",
    "tm:charm",
    "tm:confuseray",
    "tm:cosmicpower",
    "tm:dazzlinggleam",
    "tm:doubleedge",
    "tm:drainpunch",
    "tm:dreameater",
    "tm:encore",
    "tm:endure",
    "tm:energyball",
    "tm:expandingforce",
    "tm:facade",
    "tm:faketears",
    "tm:firepunch",
    "tm:flash",
    "tm:flashcannon",
    "tm:fling",
    "tm:futuresight",
    "tm:gigaimpact",
    "tm:grassknot",
    "tm:gravity",
    "tm:headbutt",
    "tm:helpinghand",
    "tm:hyperbeam",
    "tm:icepunch",
    "tm:icywind",
    "tm:imprison",
    "tm:irondefense",
    "tm:ironhead",
    "tm:lastresort",
    "tm:lightscreen",
    "tm:magiccoat",
    "tm:magicroom",
    "tm:megakick",
    "tm:megapunch",
    "tm:metalsound",
    "tm:meteorbeam",
    "tm:metronome",
    "tm:mudslap",
    "tm:playrough",
    "tm:poweruppunch",
    "tm:protect",
    "tm:psybeam",
    "tm:psychic",
    "tm:psychicnoise",
    "tm:psychup",
    "tm:psyshock",
    "tm:raindance",
    "tm:recycle",
    "tm:reflect",
    "tm:rest",
    "tm:safeguard",
    "tm:sandstorm",
    "tm:shadowball",
    "tm:shockwave",
    "tm:signalbeam",
    "tm:skillswap",
    "tm:sleeptalk",
    "tm:stealthrock",
    "tm:steelbeam",
    "tm:storedpower",
    "tm:substitute",
    "tm:sunnyday",
    "tm:swift",
    "tm:telekinesis",
    "tm:terablast",
    "tm:thunder",
    "tm:thunderbolt",
    "tm:thunderpunch",
    "tm:thunderwave",
    "tm:trick",
    "tm:trickroom",
    "tm:uturn",
    "tm:waterpulse",
    "tm:zenheadbutt",
    "tutor:allyswitch",
    "tutor:ancientpower",
    "tutor:calmmind",
    "tutor:chargebeam",
    "tutor:dazzlinggleam",
    "tutor:drainpunch",
    "tutor:energyball",
    "tutor:expandingforce",
    "tutor:firepunch",
    "tutor:flashcannon",
    "tutor:gigaimpact",
    "tutor:gravity",
    "tutor:helpinghand",
    "tutor:hyperbeam",
    "tutor:icepunch",
    "tutor:icywind",
    "tutor:irondefense",
    "tutor:ironhead",
    "tutor:lastresort",
    "tutor:magiccoat",
    "tutor:magicroom",
    "tutor:meteorbeam",
    "tutor:mudslap",
    "tutor:playrough",
    "tutor:psychic",
    "tutor:recycle",
    "tutor:rest",
    "tutor:shadowball",
    "tutor:shockwave",
    "tutor:signalbeam",
    "tutor:skillswap",
    "tutor:sleeptalk",
    "tutor:stealthrock",
    "tutor:steelbeam",
    "tutor:swift",
    "tutor:telekinesis",
    "tutor:thunderbolt",
    "tutor:thunderpunch",
    "tutor:trick",
    "tutor:waterpulse",
    "tutor:zenheadbutt"
  ],
  "evolutions": []
}