{
	"texture_size": [64, 64],
	"textures": {
		"particle": "exposure:item/camera",
		"texture": "exposure:item/camera"
	},
	"elements": [
		{
			"from": [6, 5, 3],
			"to": [10, 6, 6],
			"faces": {
				"north": {"uv": [7.25, 0.5, 8.25, 0.75], "texture": "#texture"},
				"east": {"uv": [6, 7.5, 6.75, 7.75], "texture": "#texture"},
				"south": {"uv": [6, 14.5, 7, 14.75], "texture": "#texture"},
				"west": {"uv": [7.5, 6.25, 8.25, 6.5], "texture": "#texture"},
				"up": {"uv": [7, 5, 6, 4.25], "texture": "#texture"},
				"down": {"uv": [6, 6.25, 5, 7], "texture": "#texture"}
			}
		},
		{
			"from": [6, 12, 7],
			"to": [10, 14, 10],
			"faces": {
				"north": {"uv": [6.25, 5.25, 7.25, 5.75], "texture": "#texture"},
				"east": {"uv": [3.5, 6.5, 4.25, 7], "texture": "#texture"},
				"south": {"uv": [6.25, 6, 7.25, 6.5], "texture": "#texture"},
				"west": {"uv": [6.25, 6.75, 7, 7.25], "texture": "#texture"},
				"up": {"uv": [5.75, 5, 4.75, 4.25], "texture": "#texture"},
				"down": {"uv": [3.75, 5, 2.75, 5.75], "texture": "#texture"}
			}
		},
		{
			"from": [11, 12, 7],
			"to": [13, 13, 10],
			"faces": {
				"north": {"uv": [7.75, 1, 8.25, 1.25], "texture": "#texture"},
				"east": {"uv": [7.25, 4.25, 8, 4.5], "texture": "#texture"},
				"south": {"uv": [1.25, 7.75, 1.75, 8], "texture": "#texture"},
				"west": {"uv": [7.25, 4.75, 8, 5], "texture": "#texture"},
				"up": {"uv": [0.5, 7.75, 0, 7], "texture": "#texture"},
				"down": {"uv": [7.5, 2.75, 7, 3.5], "texture": "#texture"}
			}
		},
		{
			"from": [2, 5, 6],
			"to": [14, 12, 11],
			"faces": {
				"north": {"uv": [0, 0, 3, 1.75], "texture": "#texture"},
				"east": {"uv": [3.25, 3, 4.5, 4.75], "texture": "#texture"},
				"south": {"uv": [0, 2, 3, 3.75], "texture": "#texture"},
				"west": {"uv": [0, 4, 1.25, 5.75], "texture": "#texture"},
				"up": {"uv": [6.25, 1.25, 3.25, 0], "texture": "#texture"},
				"down": {"uv": [6.25, 1.5, 3.25, 2.75], "texture": "#texture"}
			}
		},
		{
			"from": [6, 6, 4],
			"to": [10, 10, 6],
			"faces": {
				"north": {"uv": [1.5, 4, 2.5, 5], "texture": "#texture"},
				"east": {"uv": [6.5, 0, 7, 1], "texture": "#texture"},
				"south": {"uv": [4.75, 3, 5.75, 4], "texture": "#texture"},
				"west": {"uv": [1.25, 6.5, 1.75, 7.5], "texture": "#texture"},
				"up": {"uv": [7.5, 1.75, 6.5, 1.25], "texture": "#texture"},
				"down": {"uv": [7.5, 2, 6.5, 2.5], "texture": "#texture"}
			}
		},
		{
			"from": [5, 6, 3],
			"to": [6, 10, 6],
			"faces": {
				"north": {"uv": [2, 6.5, 2.25, 7.5], "texture": "#texture"},
				"east": {"uv": [1.5, 5.25, 2.25, 6.25], "texture": "#texture"},
				"south": {"uv": [0.75, 7, 1, 8], "texture": "#texture"},
				"west": {"uv": [4, 5.25, 4.75, 6.25], "texture": "#texture"},
				"up": {"uv": [5.75, 8, 5.5, 7.25], "texture": "#texture"},
				"down": {"uv": [7.75, 5.25, 7.5, 6], "texture": "#texture"}
			}
		},
		{
			"from": [6, 10, 3],
			"to": [10, 11, 6],
			"faces": {
				"north": {"uv": [7, 3.75, 8, 4], "texture": "#texture"},
				"east": {"uv": [7.25, 6.75, 8, 7], "texture": "#texture"},
				"south": {"uv": [7, 3.75, 8, 4], "texture": "#texture"},
				"west": {"uv": [7.25, 7.25, 8, 7.5], "texture": "#texture"},
				"up": {"uv": [6, 6, 5, 5.25], "texture": "#texture"},
				"down": {"uv": [1, 6, 0, 6.75], "texture": "#texture"}
			}
		},
		{
			"from": [10, 6, 3],
			"to": [11, 10, 6],
			"faces": {
				"north": {"uv": [2, 6.5, 2.25, 7.5], "texture": "#texture"},
				"east": {"uv": [2.5, 6, 3.25, 7], "texture": "#texture"},
				"south": {"uv": [5, 14.5, 5.25, 15.5], "texture": "#texture"},
				"west": {"uv": [6, 3, 6.75, 4], "texture": "#texture"},
				"up": {"uv": [5.75, 8, 5.5, 7.25], "texture": "#texture"},
				"down": {"uv": [5.25, 7.25, 5, 8], "texture": "#texture"}
			}
		},
		{
			"from": [7, 3, -9],
			"to": [9, 5, 9],
			"faces": {
				"north": {"uv": [15, 5, 16, 6], "texture": "#texture"},
				"east": {"uv": [15, 6, 16, 15], "rotation": 90, "texture": "#texture"},
				"south": {"uv": [15, 15, 16, 16], "texture": "#texture"},
				"west": {"uv": [15, 6, 16, 15], "rotation": 270, "texture": "#texture"},
				"up": {"uv": [15, 6, 16, 15], "texture": "#texture"},
				"down": {"uv": [15, 6, 16, 15], "rotation": 180, "texture": "#texture"}
			}
		}
	],
	"display": {
		"thirdperson_righthand": {
			"rotation": [5, 173, -1],
			"translation": [1.5, 3.5, -15],
			"scale": [0.95, 0.95, 0.95]
		},
		"thirdperson_lefthand": {
			"rotation": [5, 173, -1],
			"translation": [1.5, 3.5, -15],
			"scale": [0.95, 0.95, 0.95]
		},
		"firstperson_righthand": {
			"rotation": [9, 144, -4],
			"translation": [5, 7, -6.75],
			"scale": [0.95, 0.95, 0.95]
		},
		"firstperson_lefthand": {
			"rotation": [9, 144, -4],
			"translation": [5, 7, -6.75],
			"scale": [0.95, 0.95, 0.95]
		},
		"head": {
			"translation": [0, 10, 0],
			"scale": [1.2, 1.2, 1.2]
		},
		"fixed": {
			"rotation": [0, 90, 0],
			"translation": [1.5, 0, -2.5],
			"scale": [1.75, 1.75, 1.75]
		}
	},
	"groups": [
		{
			"name": "camera",
			"origin": [0, 0, 0],
			"color": 0,
			"children": [0, 1, 2, 3, 4, 5, 6, 7]
		},
		8
	]
}