{
  "species": "cobblemon:kingambit",
  "order": 0,
  "baseScale": 0.75,
  "hitbox": {
    "width": 0.5,
    "height": 2,
    "fixed": false
  },
  "variations": [
    {
      "aspects": [],
      "poser": "hydro_reanimodel:kingambit",
      "model": "hydro_reanimodel:kingambit.geo",
      "texture": "hydro_reanimodel:textures/pokemon/kingambit/kingambit.png",
      "layers": [
      ] 
    },
    {
      "aspects": ["shiny"],
      "texture": "hydro_reanimodel:textures/pokemon/kingambit/kingambit_shiny.png",
      "layers": [
       
      ]
    }
  ]
}