{
  "species": "cobblemon:throh",
  "order": 0,
  "baseScale": 0.75,
  "hitbox": {
    "width": 0.5,
    "height": 2,
    "fixed": false
  },
  "variations": [
    {
      "aspects": [],
      "poser": "hydro_reanimodel:throh",
      "model": "hydro_reanimodel:throh.geo",
      "texture": "hydro_reanimodel:textures/pokemon/throh/throh.png",
      "layers": [
      ] 
    },
    {
      "aspects": ["shiny"],
      "texture": "hydro_reanimodel:textures/pokemon/throh/throh_shiny.png",
      "layers": [
       
      ]
    }
  ]
}