{
  "species": "cobblemon:araquanid",
  "order": 1,
  "baseScale": 0.75,
  "hitbox": {
    "width": 0.5,
    "height": 2,
    "fixed": false
  },
  "variations": [
    {
      "aspects": [],
      "poser": "hydro_reanimodel:araquanid",
      "model": "hydro_reanimodel:araquanid.geo",
      "texture": "hydro_reanimodel:textures/pokemon/araquanid/araquanid.png",
      "layers": [
        {
          "name": "glow",
          "texture": "hydro_reanimodel:textures/pokemon/araquanid/araquanid_emissive.png",
          "emissive": true
        },
        {
          "name": "translucent",
          "texture": "hydro_reanimodel:textures/pokemon/araquanid/araquanid_translucent.png",
          "translucent": true
        }
      ] 
    },
    {
      "aspects": ["shiny"],
      "texture": "hydro_reanimodel:textures/pokemon/araquanid/araquanid_shiny.png",
      "layers": [
        {
          "name": "glow",
          "texture": "hydro_reanimodel:textures/pokemon/araquanid/araquanid_emissive.png",
          "emissive": true
        },
        {
          "name": "translucent",
          "texture": "hydro_reanimodel:textures/pokemon/araquanid/araquanid_translucent.png",
          "translucent": true
        }
       
      ]
    }
  ]
}