{
  "species": "cobblemon:carkol",
  "order": 1,
  "baseScale": 0.75,
  "hitbox": {
    "width": 0.5,
    "height": 2,
    "fixed": false
  },
  "variations": [
    {
      "aspects": [],
      "poser": "hydro_reanimodel:carkol",
      "model": "hydro_reanimodel:carkol.geo",
      "texture": "hydro_reanimodel:textures/pokemon/carkol/carkol.png",
      "layers": [
        {
          "name": "glow",
          "texture": "hydro_reanimodel:textures/pokemon/carkol/carkol_emissive.png",
          "emissive": true
        }
      
      ] 
    },
    {
      "aspects": ["shiny"],
      "texture": "hydro_reanimodel:textures/pokemon/carkol/carkol_shiny.png",
      "layers": [
        {
          "name": "glow",
          "texture": "hydro_reanimodel:textures/pokemon/carkol/carkol_emissive.png",
          "emissive": true
        }
       
      ]
    }
  ]
}