{
  "species": "cobblemon:coalossal",
  "order": 1,
  "baseScale": 0.75,
  "hitbox": {
    "width": 0.5,
    "height": 2,
    "fixed": false
  },
  "variations": [
    {
      "aspects": [],
      "poser": "hydro_reanimodel:coalossal",
      "model": "hydro_reanimodel:coalossal.geo",
      "texture": "hydro_reanimodel:textures/pokemon/coalossal/coalossal.png",
      "layers": [
        {
          "name": "glow",
          "texture": "hydro_reanimodel:textures/pokemon/coalossal/coalossal_emissive.png",
          "emissive": true
        }
      
      ] 
    },
    {
      "aspects": ["shiny"],
      "texture": "hydro_reanimodel:textures/pokemon/coalossal/coalossal_shiny.png",
      "layers": [
        {
          "name": "glow",
          "texture": "hydro_reanimodel:textures/pokemon/coalossal/coalossal_emissive.png",
          "emissive": true
        }
       
      ]
    }
  ]
}