{
  "species": "cobblemon:drilbur",
  "order": 1,
  "baseScale": 0.75,
  "hitbox": {
    "width": 0.5,
    "height": 2,
    "fixed": false
  },
  "variations": [
    {
      "aspects": [],
      "poser": "hydro_reanimodel:drilbur",
      "model": "hydro_reanimodel:drilbur.geo",
      "texture": "hydro_reanimodel:textures/pokemon/drilbur/drilbur.png",
      "layers": [
      ] 
    },
    {
      "aspects": ["shiny"],
      "texture": "hydro_reanimodel:textures/pokemon/drilbur/drilbur_shiny.png",
      "layers": [
       
      ]
    }
  ]
}