{
  "species": "cobblemon:druddigon",
  "order": 1,
  "baseScale": 0.75,
  "hitbox": {
    "width": 0.5,
    "height": 2,
    "fixed": false
  },
  "variations": [
    {
      "aspects": [],
      "poser": "hydro_reanimodel:druddigon",
      "model": "hydro_reanimodel:druddigon.geo",
      "texture": "hydro_reanimodel:textures/pokemon/druddigon/druddigon.png",
      "layers": [
      ] 
    },
    {
      "aspects": ["shiny"],
      "texture": "hydro_reanimodel:textures/pokemon/druddigon/druddigon_shiny.png",
      "layers": [
       
      ]
    }
  ]
}