{
  "species": "cobblemon:dudunsparce",
  "order": 0,
  "baseScale": 0.75,
  "hitbox": {
    "width": 0.5,
    "height": 2,
    "fixed": false
  },
  "variations": [
    {
      "aspects": ["three-segment"],
      "poser": "hydro_reanimodel:dudunsparce_three_segment",
      "model": "hydro_reanimodel:dudunsparce_three-segment.geo",
      "texture": "hydro_reanimodel:textures/pokemon/dudunsparce/dudunsparce_three_segment.png",
      "layers": [
      ] 
    },
    {
      "aspects": ["three-segment","shiny"],
      "texture": "hydro_reanimodel:textures/pokemon/dudunsparce/dudunsparce_three_segment_shiny.png",
      "layers": [
       
      ]
    }
  ]
}