{
  "species": "cobblemon:necrozma",
  "order": 1,
  "baseScale": 0.75,
  "hitbox": {
    "width": 0.5,
    "height": 2,
    "fixed": false
  },
  "variations": [
    {
      "aspects": [],
      "poser": "hydro_reanimodel:necrozma",
      "model": "hydro_reanimodel:necrozma.geo",
      "texture": "hydro_reanimodel:textures/pokemon/necrozma/necrozma.png",
      "layers": [
        {
          "name": "glow",
          "emissive": true,
          "texture": "hydro_reanimodel:textures/pokemon/necrozma/necrozma_emissive.png",
          "translucent": false
        }
      ] 
    },
    {
      "aspects": ["shiny"],
      "texture": "hydro_reanimodel:textures/pokemon/necrozma/necrozma_shiny.png",
      "layers": [
        {
          "name": "glow",
          "emissive": true,
          "texture": "hydro_reanimodel:textures/pokemon/necrozma/necrozma_emissive.png",
          "translucent": false
        }
       
      ]
    },
    {
      "aspects": ["dusk-fusion"],
      "poser": "hydro_reanimodel:necrozma_duskmane",
      "model": "hydro_reanimodel:necrozma_duskmane.geo",
      "texture": "hydro_reanimodel:textures/pokemon/necrozma/necrozma_duskmane.png",
      "layers": [
        {
          "name": "glow",
          "emissive": true,
          "texture": "hydro_reanimodel:textures/pokemon/necrozma/necrozma_duskmane_emissive.png",
          "translucent": false
        },
        {
          "name": "translucent",
          "emissive": false,
          "texture": "hydro_reanimodel:textures/pokemon/necrozma/necrozma_duskmane_translucent.png",
          "translucent": true
        }
      ] 
    },
    {
      "aspects": ["shiny", "dusk-fusion"],
      "texture": "hydro_reanimodel:textures/pokemon/necrozma/necrozma_duskmane_shiny.png",
      "layers": [
        {
          "name": "glow",
          "emissive": true,
          "texture": "hydro_reanimodel:textures/pokemon/necrozma/necrozma_duskmane_shiny_emissive.png",
          "translucent": false
        },
        {
          "name": "translucent",
          "emissive": false,
          "texture": "hydro_reanimodel:textures/pokemon/necrozma/necrozma_duskmane_shiny_translucent.png",
          "translucent": true
        }
       
      ]
    },
    {
      "aspects": ["dawn-fusion"],
      "poser": "hydro_reanimodel:necrozma_dawnwings",
      "model": "hydro_reanimodel:necrozma_dawnwings.geo",
      "texture": "hydro_reanimodel:textures/pokemon/necrozma/necrozma_dawnwings.png",
      "layers": [
        {
          "name": "glow",
          "emissive": true,
          "texture": "hydro_reanimodel:textures/pokemon/necrozma/necrozma_dawnwings_emissive.png",
          "translucent": false
        },
        {
          "name": "translucent",
          "emissive": false,
          "texture": "hydro_reanimodel:textures/pokemon/necrozma/necrozma_dawnwings_translucent.png",
          "translucent": true
        }
      ] 
    },
    {
      "aspects": ["shiny", "dawn-fusion"],
      "texture": "hydro_reanimodel:textures/pokemon/necrozma/necrozma_dawnwings_shiny.png",
      "layers": [
        {
          "name": "glow",
          "emissive": true,
          "texture": "hydro_reanimodel:textures/pokemon/necrozma/necrozma_dawnwings_shiny_emissive.png",
          "translucent": false
        },
        {
          "name": "translucent",
          "emissive": false,
          "texture": "hydro_reanimodel:textures/pokemon/necrozma/necrozma_dawnwings_shiny_translucent.png",
          "translucent": true
        }
       
      ]
    }
  ]
}