{
  "species": "cobblemon:zygarde",
  "order": 1,
  "variations": [
    {
      "aspects": [],
      "poser": "hydro_reanimodel:zygarde",
      "model": "hydro_reanimodel:zygarde.geo",
      "texture": "hydro_reanimodel:textures/pokemon/zygarde/zygarde.png",
      "layers": [
        {
          "name": "glow",
          "emissive": true,
          "texture": "hydro_reanimodel:textures/pokemon/zygarde/zygarde_emissive.png",
          "translucent": false
        },
        {
          "name": "glowlights",
          "emissive": true,
          "texture": {
            "frames": [
              "hydro_reanimodel:textures/pokemon/zygarde/zygarde_lights_1.png",
              "hydro_reanimodel:textures/pokemon/zygarde/zygarde_lights_2.png",
              "hydro_reanimodel:textures/pokemon/zygarde/zygarde_lights_3.png",
              "hydro_reanimodel:textures/pokemon/zygarde/zygarde_lights_4.png",
              "hydro_reanimodel:textures/pokemon/zygarde/zygarde_lights_5.png",
              "hydro_reanimodel:textures/pokemon/zygarde/zygarde_lights_6.png",
              "hydro_reanimodel:textures/pokemon/zygarde/zygarde_lights_7.png",
              "hydro_reanimodel:textures/pokemon/zygarde/zygarde_lights_8.png",
              "hydro_reanimodel:textures/pokemon/zygarde/zygarde_lights_9.png",
              "hydro_reanimodel:textures/pokemon/zygarde/zygarde_lights_10.png",
              "hydro_reanimodel:textures/pokemon/zygarde/zygarde_lights_11.png",
              "hydro_reanimodel:textures/pokemon/zygarde/zygarde_lights_12.png",
              "hydro_reanimodel:textures/pokemon/zygarde/zygarde_lights_13.png",
              "hydro_reanimodel:textures/pokemon/zygarde/zygarde_lights_14.png",
              "hydro_reanimodel:textures/pokemon/zygarde/zygarde_lights_15.png",
              "hydro_reanimodel:textures/pokemon/zygarde/zygarde_lights_16.png"
            ],
            "fps": 5,
            "loop": true,

          "translucent": false
        }
      }
      ]
    },
    {
      "aspects": ["shiny"],
      "texture": "hydro_reanimodel:textures/pokemon/zygarde/zygarde_shiny.png",
       "layers": [
        {
          "name": "glow",
          "emissive": true,
          "texture": "hydro_reanimodel:textures/pokemon/zygarde/zygarde_emissive.png",
          "translucent": false
        },
         {
          "name": "glowlights",
          "emissive": true,
          "texture": {
            "frames": [
              "hydro_reanimodel:textures/pokemon/zygarde/zygarde_lights_1.png",
              "hydro_reanimodel:textures/pokemon/zygarde/zygarde_lights_2.png",
              "hydro_reanimodel:textures/pokemon/zygarde/zygarde_lights_3.png",
              "hydro_reanimodel:textures/pokemon/zygarde/zygarde_lights_4.png",
              "hydro_reanimodel:textures/pokemon/zygarde/zygarde_lights_5.png",
              "hydro_reanimodel:textures/pokemon/zygarde/zygarde_lights_6.png",
              "hydro_reanimodel:textures/pokemon/zygarde/zygarde_lights_7.png",
              "hydro_reanimodel:textures/pokemon/zygarde/zygarde_lights_8.png",
              "hydro_reanimodel:textures/pokemon/zygarde/zygarde_lights_9.png",
              "hydro_reanimodel:textures/pokemon/zygarde/zygarde_lights_10.png",
              "hydro_reanimodel:textures/pokemon/zygarde/zygarde_lights_11.png",
              "hydro_reanimodel:textures/pokemon/zygarde/zygarde_lights_12.png",
              "hydro_reanimodel:textures/pokemon/zygarde/zygarde_lights_13.png",
              "hydro_reanimodel:textures/pokemon/zygarde/zygarde_lights_14.png",
              "hydro_reanimodel:textures/pokemon/zygarde/zygarde_lights_15.png",
              "hydro_reanimodel:textures/pokemon/zygarde/zygarde_lights_16.png"
            ],
            "fps": 5,
            "loop": true,

          "translucent": false
        }
      }
      ]
    }
  ]
}
