{
  "species": "cobblemon:darmanitan",
  "order": 2,
  "variations": [
    {
      "aspects": [
        "galarian"
      ],
      "poser": "hydro_reanimodel:darmanitan_galar",
      "model": "hydro_reanimodel:darmanitan_galar.geo",
      "texture": "hydro_reanimodel:textures/pokemon/darmanitan_galar/darmanitan_galar.png"
    },
    {
      "aspects": [
        "galarian",
        "shiny"
      ],
      "texture": "cobblemon:textures/pokemon/darmanitan_galar/darmanitan_galar_shiny.png"
    }
  ]
}
