{
  "species": "cobblemon:darmanitan",
  "order": 2,
  "variations": [
    {
      "aspects": [
        "galarian",
        "zen-mode"
      ],
      "poser": "hydro_reanimodel:darmanitan_galar_zen",
      "model": "hydro_reanimodel:darmanitan_galar_zen.geo",
      "texture": "hydro_reanimodel:textures/pokemon/darmanitan_galar/darmanitan_galar_zen.png",
      "layers": [
        {
          "name": "glow",
          "texture": "hydro_reanimodel:textures/pokemon/darmanitan_galar/darmanitan_galar_zenemissive.png",
          "emissive": true
        }
      ]
    },
    {
      "aspects": [
        "galarian",
        "shiny",
        "zen-mode"
      ],
      "texture": "hydro_reanimodel:textures/pokemon/0555_darmanitan/darmanitan_galar_zenshiny.png",
      "layers": [
        {
          "name": "glow",
          "texture": "hydro_reanimodel:textures/pokemon/darmanitan_galar/darmanitan_galar_zenemissive.png",
          "emissive": true
        }
      ]
    }
  ]
}
