{
	"format_version": "1.8.0",
	"animations": {
		"animation.regirock.ground_idle": {
			"loop": true,
			"animation_length": 2,
			"bones": {
				"torso": {
					"rotation": {
						"0.0": {
							"post": [-0.00889, 0.5211, -1.05739],
							"lerp_mode": "catmullrom"
						},
						"0.5": {
							"post": [0, -1.5, 0],
							"lerp_mode": "catmullrom"
						},
						"1.0": {
							"post": [-0.0036, -0.20647, 1.00001],
							"lerp_mode": "catmullrom"
						},
						"1.4583": {
							"post": [0, 1, 0],
							"lerp_mode": "catmullrom"
						},
						"2.0": {
							"post": [-0.00889, 0.5211, -1.05739],
							"lerp_mode": "catmullrom"
						}
					},
					"position": {
						"0.0": {
							"post": [0, 0, 0],
							"lerp_mode": "catmullrom"
						},
						"1.0": {
							"post": [0, 0.2, 0],
							"lerp_mode": "catmullrom"
						},
						"2.0": {
							"post": [0, 0, 0],
							"lerp_mode": "catmullrom"
						}
					}
				},
				"shoulder_left": {
					"rotation": {
						"0.0": [0, 0, -12.5],
						"0.5833": [2.44081, 0.54094, -12.48848],
						"1.25": [0, 0, -12.5]
					},
					"position": {
						"0.0": {
							"post": [0, 0, 0],
							"lerp_mode": "catmullrom"
						},
						"0.5833": {
							"post": [0, -0.3, 0],
							"lerp_mode": "catmullrom"
						},
						"1.25": {
							"post": [0, 0.3, 0],
							"lerp_mode": "catmullrom"
						},
						"2.0": {
							"post": [0, 0, 0],
							"lerp_mode": "catmullrom"
						}
					}
				},
				"arm_left": {
					"rotation": [-2.5, 0, 0]
				},
				"arm_left2": {
					"rotation": [-12.49527, 0.21782, 2.4905]
				},
				"arm_left3": {
					"rotation": {
						"0.0": {
							"post": [-2.5, 0, 0],
							"lerp_mode": "catmullrom"
						},
						"0.4583": {
							"post": [-5, 0, 0],
							"lerp_mode": "catmullrom"
						},
						"1.25": {
							"post": [2.5, 0, 0],
							"lerp_mode": "catmullrom"
						},
						"2.0": {
							"post": [-2.5, 0, 0],
							"lerp_mode": "catmullrom"
						}
					}
				},
				"hand_left": {
					"rotation": {
						"0.0": {
							"post": [0, 0, 0],
							"lerp_mode": "catmullrom"
						},
						"0.625": {
							"post": [0, 0, 2.5],
							"lerp_mode": "catmullrom"
						},
						"1.375": {
							"post": [0, 0, -2.5],
							"lerp_mode": "catmullrom"
						},
						"2.0": {
							"post": [0, 0, 0],
							"lerp_mode": "catmullrom"
						}
					},
					"position": [0, "Math.cos(query.anim_time * 180) * 0.2", 0]
				},
				"shoulder_right": {
					"rotation": {
						"0.0": {
							"post": [0, 0, 12.5],
							"lerp_mode": "catmullrom"
						},
						"0.6667": {
							"post": [-4.88206, 1.08089, 12.45392],
							"lerp_mode": "catmullrom"
						},
						"1.5": {
							"post": [1.52304, -0.33761, 12.49551],
							"lerp_mode": "catmullrom"
						},
						"2.0": {
							"post": [0, 0, 12.5],
							"lerp_mode": "catmullrom"
						}
					},
					"position": {
						"0.0": {
							"post": [0, 0, 0],
							"lerp_mode": "catmullrom"
						},
						"0.75": {
							"post": [0, -0.4, 0],
							"lerp_mode": "catmullrom"
						},
						"1.5417": {
							"post": [0, -0.5, 0],
							"lerp_mode": "catmullrom"
						},
						"2.0": {
							"post": [0, 0, 0],
							"lerp_mode": "catmullrom"
						}
					}
				},
				"arm_right": {
					"rotation": [-5, 0, 0]
				},
				"arm_right2": {
					"rotation": [-7.49294, -0.32621, -2.47864]
				},
				"arm_right3": {
					"rotation": {
						"0.0": {
							"post": [2.5, 0, 0],
							"lerp_mode": "catmullrom"
						},
						"0.375": {
							"post": [2.5, 0, 0],
							"lerp_mode": "catmullrom"
						},
						"1.0417": {
							"post": [-2.5, 0, 0],
							"lerp_mode": "catmullrom"
						},
						"2.0": {
							"post": [2.5, 0, 0],
							"lerp_mode": "catmullrom"
						}
					}
				},
				"hand_right": {
					"rotation": {
						"0.0": {
							"post": [0, 0, 0],
							"lerp_mode": "catmullrom"
						},
						"0.5417": {
							"post": [0, 0, 2.5],
							"lerp_mode": "catmullrom"
						},
						"1.375": {
							"post": [0, 0, -2.5],
							"lerp_mode": "catmullrom"
						},
						"2.0": {
							"post": [0, 0, 0],
							"lerp_mode": "catmullrom"
						}
					},
					"position": [0, "Math.cos(query.anim_time * 180) * 0.2", 0]
				},
				"leg_left": {
					"rotation": {
						"0.0": {
							"post": [0, -20, 0],
							"lerp_mode": "catmullrom"
						}
					},
					"position": {
						"0.0": {
							"post": [0, 0, -2],
							"lerp_mode": "catmullrom"
						}
					}
				},
				"leg_left2": {
					"rotation": [0, 0, 5]
				},
				"leg_right": {
					"rotation": [0, 0, 5]
				},
				"leg_right2": {
					"rotation": [0, 0, -5]
				}
			}
		},
		"animation.regirock.blink": {
			"animation_length": 0.1667,
			"bones": {
				"eyelid_center": {
					"position": {
						"0.0": [0, 0, -0.1],
						"0.125": [0, 0, -0.1],
						"0.1667": [0, 0, 0]
					}
				},
				"eyelid_left": {
					"position": {
						"0.0": [0, 0, -0.1],
						"0.125": [0, 0, -0.1],
						"0.1667": [0, 0, 0]
					}
				},
				"eyelid_left_top": {
					"position": {
						"0.0": [0, 0, -0.1],
						"0.125": [0, 0, -0.1],
						"0.1667": [0, 0, 0]
					}
				},
				"eyelid_left_bottom": {
					"position": {
						"0.0": [0, 0, -0.1],
						"0.125": [0, 0, -0.1],
						"0.1667": [0, 0, 0]
					}
				},
				"eyelid_right": {
					"position": {
						"0.0": [0, 0, -0.1],
						"0.125": [0, 0, -0.1],
						"0.1667": [0, 0, 0]
					}
				},
				"eyelid_right_top": {
					"position": {
						"0.0": [0, 0, -0.1],
						"0.125": [0, 0, -0.1],
						"0.1667": [0, 0, 0]
					}
				},
				"eyelid_right_bottom": {
					"position": {
						"0.0": [0, 0, -0.1],
						"0.125": [0, 0, -0.1],
						"0.1667": [0, 0, 0]
					}
				}
			}
		},
		"animation.regirock.ground_walk": {
			"loop": true,
			"animation_length": 1.6667,
			"bones": {
				"regirock": {
					"rotation": {
						"0.0": {
							"post": [0, -5, 0],
							"lerp_mode": "catmullrom"
						},
						"0.5833": {
							"post": [0, 7.5, 0],
							"lerp_mode": "catmullrom"
						},
						"0.7917": {
							"post": [0, 7.5, 0],
							"lerp_mode": "catmullrom"
						},
						"1.375": {
							"post": [0, -5, 0],
							"lerp_mode": "catmullrom"
						},
						"1.4583": {
							"post": [0, -5, 0],
							"lerp_mode": "catmullrom"
						},
						"1.6667": {
							"post": [0, -5, 0],
							"lerp_mode": "catmullrom"
						}
					}
				},
				"torso": {
					"rotation": {
						"0.0": {
							"post": [0, 0, 0],
							"lerp_mode": "catmullrom"
						},
						"0.625": {
							"post": [0, 0, -2.5],
							"lerp_mode": "catmullrom"
						},
						"1.2917": {
							"post": [0, 0, 2.5],
							"lerp_mode": "catmullrom"
						},
						"1.6667": {
							"post": [0, 0, 0],
							"lerp_mode": "catmullrom"
						}
					},
					"position": {
						"0.0": {
							"post": [0, 0, 0],
							"lerp_mode": "catmullrom"
						},
						"0.5417": {
							"post": [0, 0.7, 0],
							"lerp_mode": "catmullrom"
						},
						"0.625": {
							"post": [0, -0.4, 0],
							"lerp_mode": "catmullrom"
						},
						"0.7083": {
							"post": [0, 0, 0],
							"lerp_mode": "catmullrom"
						},
						"1.4583": {
							"post": [0, 0.7, 0],
							"lerp_mode": "catmullrom"
						},
						"1.5417": {
							"post": [0, -0.4, 0],
							"lerp_mode": "catmullrom"
						},
						"1.6667": {
							"post": [0, 0, 0],
							"lerp_mode": "catmullrom"
						}
					}
				},
				"shoulder_left": {
					"rotation": {
						"0.0": {
							"post": [0, 0, -10],
							"lerp_mode": "catmullrom"
						},
						"0.5417": {
							"post": [12.45392, 1.08089, -4.88206],
							"lerp_mode": "catmullrom"
						},
						"0.8333": {
							"post": [6.19044, 1.27922, -7.58272],
							"lerp_mode": "catmullrom"
						},
						"1.25": {
							"post": [-4.95744, -0.65182, -7.47178],
							"lerp_mode": "catmullrom"
						},
						"1.5": {
							"post": [-3.2471, -0.70111, -7.44464],
							"lerp_mode": "catmullrom"
						},
						"1.6667": {
							"post": [0, 0, -10],
							"lerp_mode": "catmullrom"
						}
					},
					"position": {
						"0.0": {
							"post": [0, -0.7, 0],
							"lerp_mode": "catmullrom"
						},
						"0.5417": {
							"post": [0, 0, 0],
							"lerp_mode": "catmullrom"
						},
						"0.625": {
							"post": [0, 1.2, 0],
							"lerp_mode": "catmullrom"
						},
						"0.75": {
							"post": [0, -0.7, 0],
							"lerp_mode": "catmullrom"
						},
						"0.8333": {
							"post": [0, 0, 0],
							"lerp_mode": "catmullrom"
						},
						"1.5": {
							"post": [0, 0, 0],
							"lerp_mode": "catmullrom"
						},
						"1.5833": {
							"post": [0, 1.2, 0],
							"lerp_mode": "catmullrom"
						},
						"1.6667": {
							"post": [0, -0.7, 0],
							"lerp_mode": "catmullrom"
						}
					}
				},
				"arm_left2": {
					"rotation": {
						"0.0": {
							"post": [0, 0, 0],
							"lerp_mode": "catmullrom"
						},
						"0.4583": {
							"post": [5, 0, 0],
							"lerp_mode": "catmullrom"
						},
						"1.0833": {
							"post": [-7.5, 0, 0],
							"lerp_mode": "catmullrom"
						},
						"1.6667": {
							"post": [0, 0, 0],
							"lerp_mode": "catmullrom"
						}
					}
				},
				"arm_left3": {
					"rotation": {
						"0.0": {
							"post": [0, 0, 0],
							"lerp_mode": "catmullrom"
						},
						"0.7917": {
							"post": [10, 0, 0],
							"lerp_mode": "catmullrom"
						},
						"1.2917": {
							"post": [-7.5, 0, 0],
							"lerp_mode": "catmullrom"
						},
						"1.6667": {
							"post": [0, 0, 0],
							"lerp_mode": "catmullrom"
						}
					}
				},
				"shoulder_right": {
					"rotation": {
						"0.0": {
							"post": [0, 0, 10],
							"lerp_mode": "catmullrom"
						},
						"0.5417": {
							"post": [-14.94548, 1.29256, 4.83045],
							"lerp_mode": "catmullrom"
						},
						"0.8333": {
							"post": [-4.57816, 1.28348, 7.561],
							"lerp_mode": "catmullrom"
						},
						"1.25": {
							"post": [12.39638, -1.61888, 7.32417],
							"lerp_mode": "catmullrom"
						},
						"1.5": {
							"post": [6.45433, -1.40772, 7.3635],
							"lerp_mode": "catmullrom"
						},
						"1.6667": {
							"post": [0, 0, 10],
							"lerp_mode": "catmullrom"
						}
					},
					"position": {
						"0.0": {
							"post": [0, -0.7, 0],
							"lerp_mode": "catmullrom"
						},
						"0.5417": {
							"post": [0, 0, 0],
							"lerp_mode": "catmullrom"
						},
						"0.625": {
							"post": [0, 1.2, 0],
							"lerp_mode": "catmullrom"
						},
						"0.75": {
							"post": [0, -0.7, 0],
							"lerp_mode": "catmullrom"
						},
						"0.8333": {
							"post": [0, 0, 0],
							"lerp_mode": "catmullrom"
						},
						"1.5": {
							"post": [0, 0, 0],
							"lerp_mode": "catmullrom"
						},
						"1.5833": {
							"post": [0, 1.2, 0],
							"lerp_mode": "catmullrom"
						},
						"1.6667": {
							"post": [0, -0.7, 0],
							"lerp_mode": "catmullrom"
						}
					}
				},
				"arm_right2": {
					"rotation": {
						"0.0": {
							"post": [0, 0, 0],
							"lerp_mode": "catmullrom"
						},
						"0.375": {
							"post": [5, 0, 0],
							"lerp_mode": "catmullrom"
						},
						"0.7917": {
							"post": [-7.5, 0, 0],
							"lerp_mode": "catmullrom"
						},
						"1.3333": {
							"post": [0, 0, 0],
							"lerp_mode": "catmullrom"
						},
						"1.6667": {
							"post": [0, 0, 0],
							"lerp_mode": "catmullrom"
						}
					}
				},
				"arm_right3": {
					"rotation": {
						"0.0": {
							"post": [5, 0, 0],
							"lerp_mode": "catmullrom"
						},
						"0.2917": {
							"post": [10, 0, 0],
							"lerp_mode": "catmullrom"
						},
						"0.9167": {
							"post": [-7.5, 0, 0],
							"lerp_mode": "catmullrom"
						},
						"1.6667": {
							"post": [5, 0, 0],
							"lerp_mode": "catmullrom"
						}
					}
				},
				"leg_left": {
					"rotation": {
						"0.0": {
							"post": [27.5, 0, 0],
							"lerp_mode": "catmullrom"
						},
						"0.5": {
							"post": [-30, 0, 0],
							"lerp_mode": "catmullrom"
						},
						"0.625": {
							"post": [-5, 0, 0],
							"lerp_mode": "catmullrom"
						},
						"0.75": {
							"post": [-5, 0, 0],
							"lerp_mode": "catmullrom"
						},
						"1.5": {
							"post": [27.5, 0, 0],
							"lerp_mode": "catmullrom"
						}
					},
					"position": {
						"0.0": {
							"post": [0, -2, 2],
							"lerp_mode": "catmullrom"
						},
						"0.5": {
							"post": [0, 1, -1],
							"lerp_mode": "catmullrom"
						},
						"0.625": {
							"post": [0, -1, -1],
							"lerp_mode": "catmullrom"
						},
						"0.75": {
							"post": [0, -1, -1],
							"lerp_mode": "catmullrom"
						},
						"1.5": {
							"post": [0, -2, 2],
							"lerp_mode": "catmullrom"
						}
					}
				},
				"leg_right": {
					"rotation": {
						"0.0": {
							"post": [-12.5, 0, 0],
							"lerp_mode": "catmullrom"
						},
						"0.7083": {
							"post": [27.5, 0, 0],
							"lerp_mode": "catmullrom"
						},
						"0.7917": {
							"post": [27.5, 0, 0],
							"lerp_mode": "catmullrom"
						},
						"1.5": {
							"post": [-38.38, 0, 0],
							"lerp_mode": "catmullrom"
						},
						"1.5833": {
							"post": [-12.5, 0, 0],
							"lerp_mode": "catmullrom"
						},
						"1.6667": {
							"post": [-12.5, 0, 0],
							"lerp_mode": "catmullrom"
						}
					},
					"position": {
						"0.0": {
							"post": [0, -1, -4],
							"lerp_mode": "catmullrom"
						},
						"0.7083": {
							"post": [0, -1, 3],
							"lerp_mode": "catmullrom"
						},
						"0.7917": {
							"post": [0, -1, 3],
							"lerp_mode": "catmullrom"
						},
						"1.5": {
							"post": [0, 2, -1.53],
							"lerp_mode": "catmullrom"
						},
						"1.5833": {
							"post": [0, -1, -4],
							"lerp_mode": "catmullrom"
						},
						"1.6667": {
							"post": [0, -1, -4],
							"lerp_mode": "catmullrom"
						}
					}
				}
			}
		},
		"animation.regirock.battle_idle": {
			"loop": true,
			"animation_length": 1.6667,
			"bones": {
				"regirock": {
					"rotation": {
						"0.0": {
							"post": [0, 35, 0],
							"lerp_mode": "catmullrom"
						}
					}
				},
				"torso": {
					"rotation": {
						"0.0": {
							"post": [0, 0, 0],
							"lerp_mode": "catmullrom"
						},
						"0.625": {
							"post": [-0.1564, -2.49999, 0.00682],
							"lerp_mode": "catmullrom"
						},
						"1.25": {
							"post": [0, 2.5, 0],
							"lerp_mode": "catmullrom"
						},
						"1.4167": {
							"post": [2.5, 0, 0],
							"lerp_mode": "catmullrom"
						},
						"1.6667": {
							"post": [0, 0, 0],
							"lerp_mode": "catmullrom"
						}
					},
					"position": {
						"0.0": {
							"post": [0, 0, 0],
							"lerp_mode": "catmullrom"
						},
						"1.2917": {
							"post": [0, 0.2, 0],
							"lerp_mode": "catmullrom"
						},
						"1.375": {
							"post": [0, -0.3, 0],
							"lerp_mode": "catmullrom"
						},
						"1.6667": {
							"post": [0, 0, 0],
							"lerp_mode": "catmullrom"
						}
					}
				},
				"shoulder_left": {
					"rotation": {
						"0.0": {
							"post": [-37.45372, -27.03402, -30.68206],
							"lerp_mode": "catmullrom"
						},
						"1.6667": {
							"post": [-37.45372, -27.03402, -30.68206],
							"lerp_mode": "catmullrom"
						}
					},
					"position": {
						"0.0": {
							"post": [0, 0, 0],
							"lerp_mode": "catmullrom"
						},
						"1.375": {
							"post": [0, 0.8, 0],
							"lerp_mode": "catmullrom"
						},
						"1.5417": {
							"post": [0, -0.59, 0],
							"lerp_mode": "catmullrom"
						},
						"1.6667": {
							"post": [0, 0, 0],
							"lerp_mode": "catmullrom"
						}
					}
				},
				"arm_left": {
					"rotation": {
						"0.0": {
							"post": [0, 0, 0],
							"lerp_mode": "catmullrom"
						},
						"0.7083": {
							"post": [2.5, 0, 0],
							"lerp_mode": "catmullrom"
						},
						"1.2917": {
							"post": [-2.5, 0, 0],
							"lerp_mode": "catmullrom"
						},
						"1.4167": {
							"post": [5, 0, 0],
							"lerp_mode": "catmullrom"
						},
						"1.5417": {
							"post": [0, 0, 0],
							"lerp_mode": "catmullrom"
						},
						"1.6667": {
							"post": [0, 0, 0],
							"lerp_mode": "catmullrom"
						}
					}
				},
				"arm_left2": {
					"rotation": {
						"0.0": {
							"post": [-37.15846, -18.26883, 13.36473],
							"lerp_mode": "catmullrom"
						}
					}
				},
				"hand_left": {
					"rotation": {
						"0.0": {
							"post": [0, 0, 0],
							"lerp_mode": "catmullrom"
						},
						"0.4583": {
							"post": [2.5, 0, 0],
							"lerp_mode": "catmullrom"
						},
						"1.1667": {
							"post": [-2.5, 0, 0],
							"lerp_mode": "catmullrom"
						},
						"1.3333": {
							"post": [-10, 0, 0],
							"lerp_mode": "catmullrom"
						},
						"1.4583": {
							"post": [5, 0, 0],
							"lerp_mode": "catmullrom"
						},
						"1.5417": {
							"post": [0, 0, 0],
							"lerp_mode": "catmullrom"
						},
						"1.6667": {
							"post": [0, 0, 0],
							"lerp_mode": "catmullrom"
						}
					}
				},
				"shoulder_right": {
					"rotation": [0, 0, 5],
					"position": {
						"0.0": {
							"post": [0, -1, 0],
							"lerp_mode": "catmullrom"
						},
						"1.1667": {
							"post": [0, 0, 0],
							"lerp_mode": "catmullrom"
						},
						"1.3333": {
							"post": [0, -1.9, 0],
							"lerp_mode": "catmullrom"
						},
						"1.4167": {
							"post": [0, -0.7, 0],
							"lerp_mode": "catmullrom"
						},
						"1.5": {
							"post": [0, -1, 0],
							"lerp_mode": "catmullrom"
						}
					}
				},
				"hand_right": {
					"rotation": {
						"0.0": {
							"post": [0, 0, 0],
							"lerp_mode": "catmullrom"
						},
						"1.1667": {
							"post": [0, 0, 0],
							"lerp_mode": "catmullrom"
						},
						"1.25": {
							"post": [-10, 0, 0],
							"lerp_mode": "catmullrom"
						},
						"1.4167": {
							"post": [-2.5, 0, 0],
							"lerp_mode": "catmullrom"
						},
						"1.5417": {
							"post": [0, 0, 0],
							"lerp_mode": "catmullrom"
						}
					}
				},
				"leg_left": {
					"rotation": {
						"0.0": {
							"post": [0, -32.5, 0],
							"lerp_mode": "catmullrom"
						}
					},
					"position": {
						"0.0": {
							"post": [-2, 0, -6],
							"lerp_mode": "catmullrom"
						}
					}
				}
			}
		},
		"animation.regirock.physical": {
			"animation_length": 3.125,
			"bones": {
				"regirock": {
					"rotation": {
						"0.0": {
							"post": [0, 35, 0],
							"lerp_mode": "catmullrom"
						},
						"3.0": {
							"post": [0, 35, 0],
							"lerp_mode": "catmullrom"
						}
					}
				},
				"torso": {
					"rotation": {
						"0.0": {
							"post": [0, 0, 0],
							"lerp_mode": "catmullrom"
						},
						"0.625": {
							"post": [-0.1564, -2.49999, 0.00682],
							"lerp_mode": "catmullrom"
						},
						"1.25": {
							"post": [0, 2.5, 0],
							"lerp_mode": "catmullrom"
						},
						"1.4167": {
							"post": [2.5, 0, 0],
							"lerp_mode": "catmullrom"
						},
						"1.6667": {
							"post": [0, 0, 0],
							"lerp_mode": "catmullrom"
						},
						"1.9167": {
							"post": [0, -52.5, 0],
							"lerp_mode": "catmullrom"
						},
						"3.0": {
							"post": [0, 0, 0],
							"lerp_mode": "catmullrom"
						}
					},
					"position": {
						"0.0": {
							"post": [0, 0, 0],
							"lerp_mode": "catmullrom"
						},
						"1.2917": {
							"post": [0, 0.2, 0],
							"lerp_mode": "catmullrom"
						},
						"1.375": {
							"post": [0, -0.3, 0],
							"lerp_mode": "catmullrom"
						},
						"1.6667": {
							"post": [0, 0, 0],
							"lerp_mode": "catmullrom"
						},
						"3.0": {
							"post": [0, -1, 0],
							"lerp_mode": "catmullrom"
						},
						"3.125": {
							"post": [0, 0, 0],
							"lerp_mode": "catmullrom"
						}
					}
				},
				"shoulder_left": {
					"rotation": {
						"0.0": {
							"post": [-37.45372, -27.03402, -30.68206],
							"lerp_mode": "catmullrom"
						},
						"1.6667": {
							"post": [-37.45372, -27.03402, -30.68206],
							"lerp_mode": "catmullrom"
						},
						"1.7917": {
							"post": [19.3832, -28.70192, -8.10335],
							"lerp_mode": "catmullrom"
						},
						"3.0": {
							"post": [-37.45372, -27.03402, -30.68206],
							"lerp_mode": "catmullrom"
						}
					},
					"position": {
						"0.0": {
							"post": [0, 0, 0],
							"lerp_mode": "catmullrom"
						},
						"1.375": {
							"post": [0, 0.8, 0],
							"lerp_mode": "catmullrom"
						},
						"1.5417": {
							"post": [0, -0.59, 0],
							"lerp_mode": "catmullrom"
						},
						"1.6667": {
							"post": [0, 0, 0],
							"lerp_mode": "catmullrom"
						},
						"3.0": {
							"post": [0, 0, 0],
							"lerp_mode": "catmullrom"
						}
					}
				},
				"arm_left": {
					"rotation": {
						"0.0": {
							"post": [0, 0, 0],
							"lerp_mode": "catmullrom"
						},
						"0.7083": {
							"post": [2.5, 0, 0],
							"lerp_mode": "catmullrom"
						},
						"1.2917": {
							"post": [-2.5, 0, 0],
							"lerp_mode": "catmullrom"
						},
						"1.4167": {
							"post": [5, 0, 0],
							"lerp_mode": "catmullrom"
						},
						"1.5417": {
							"post": [0, 0, 0],
							"lerp_mode": "catmullrom"
						},
						"1.6667": {
							"post": [0, 0, 0],
							"lerp_mode": "catmullrom"
						},
						"3.0": {
							"post": [0, 0, 0],
							"lerp_mode": "catmullrom"
						}
					}
				},
				"arm_left2": {
					"rotation": {
						"0.0": {
							"post": [-37.15846, -18.26883, 13.36473],
							"lerp_mode": "catmullrom"
						}
					}
				},
				"arm_left3": {
					"rotation": {
						"0.0": [0, 0, 0],
						"1.625": [0, 0, 0],
						"1.7917": [-15, 0, 0],
						"3.0": [0, 0, 0]
					}
				},
				"hand_left": {
					"rotation": {
						"0.0": {
							"post": [0, 0, 0],
							"lerp_mode": "catmullrom"
						},
						"0.4583": {
							"post": [2.5, 0, 0],
							"lerp_mode": "catmullrom"
						},
						"1.1667": {
							"post": [-2.5, 0, 0],
							"lerp_mode": "catmullrom"
						},
						"1.3333": {
							"post": [-10, 0, 0],
							"lerp_mode": "catmullrom"
						},
						"1.4583": {
							"post": [5, 0, 0],
							"lerp_mode": "catmullrom"
						},
						"1.5417": {
							"post": [0, 0, 0],
							"lerp_mode": "catmullrom"
						},
						"1.6667": {
							"post": [0, 0, 0],
							"lerp_mode": "catmullrom"
						},
						"1.7917": {
							"post": [-22.5, 0, 0],
							"lerp_mode": "catmullrom"
						},
						"3.0": {
							"post": [0, 0, 0],
							"lerp_mode": "catmullrom"
						}
					}
				},
				"shoulder_right": {
					"rotation": {
						"0.0": [0, 0, 5],
						"1.5": [0, 0, 5],
						"1.7917": [32.5, 0, 5],
						"2.0": [-85.10064, -14.02846, 25.9057],
						"3.0": [0, 0, 5]
					},
					"position": {
						"0.0": {
							"post": [0, -1, 0],
							"lerp_mode": "catmullrom"
						},
						"1.1667": {
							"post": [0, 0, 0],
							"lerp_mode": "catmullrom"
						},
						"1.3333": {
							"post": [0, -1.9, 0],
							"lerp_mode": "catmullrom"
						},
						"1.4167": {
							"post": [0, -0.7, 0],
							"lerp_mode": "catmullrom"
						},
						"1.5": {
							"post": [0, -1, 0],
							"lerp_mode": "catmullrom"
						},
						"3.0": {
							"post": [0, -1, 0],
							"lerp_mode": "catmullrom"
						}
					}
				},
				"arm_right": {
					"rotation": {
						"0.0": [0, 0, 0],
						"1.5417": [0, 0, 0],
						"1.7917": [-20, 0, 0],
						"2.0": [-2.5, 0, 0]
					}
				},
				"arm_right2": {
					"rotation": {
						"0.0": [0, 0, 0],
						"1.5833": [0, 0, 0],
						"1.7917": [-15, 0, 0],
						"2.0": [0, 0, 0]
					}
				},
				"arm_right3": {
					"rotation": {
						"0.0": [0, 0, 0],
						"1.5833": [0, 0, 0],
						"1.7917": [-17.5, 0, 0],
						"2.0": [-2.5, 0, 0]
					}
				},
				"hand_right": {
					"rotation": {
						"0.0": {
							"post": [0, 0, 0],
							"lerp_mode": "catmullrom"
						},
						"1.1667": {
							"post": [0, 0, 0],
							"lerp_mode": "catmullrom"
						},
						"1.25": {
							"post": [-10, 0, 0],
							"lerp_mode": "catmullrom"
						},
						"1.4167": {
							"post": [-2.5, 0, 0],
							"lerp_mode": "catmullrom"
						},
						"1.5417": {
							"post": [0, 0, 0],
							"lerp_mode": "catmullrom"
						},
						"1.7917": {
							"post": [-20, 0, 0],
							"lerp_mode": "catmullrom"
						},
						"2.0": {
							"post": [-2.5, 0, 0],
							"lerp_mode": "catmullrom"
						}
					}
				},
				"leg_left": {
					"rotation": {
						"0.0": {
							"post": [0, -32.5, 0],
							"lerp_mode": "catmullrom"
						},
						"1.5": {
							"post": [0, -32.5, 0],
							"lerp_mode": "catmullrom"
						},
						"1.7083": {
							"post": [0, -32.5, 0],
							"lerp_mode": "catmullrom"
						},
						"2.0417": {
							"post": [17.5, -32.5, 0],
							"lerp_mode": "catmullrom"
						},
						"2.5": {
							"post": [7.5, -32.5, 0],
							"lerp_mode": "catmullrom"
						},
						"3.0": {
							"post": [0, -32.5, 0],
							"lerp_mode": "catmullrom"
						}
					},
					"position": {
						"0.0": {
							"post": [-2, -1, -6],
							"lerp_mode": "catmullrom"
						},
						"1.5": {
							"post": [-2, -1, -6],
							"lerp_mode": "catmullrom"
						},
						"1.7083": {
							"post": [-2, 0, -6],
							"lerp_mode": "catmullrom"
						},
						"1.9167": {
							"post": [1.14236, 0, -1.62672],
							"lerp_mode": "catmullrom"
						},
						"2.0417": {
							"post": [0.97843, -0.95372, -1.37639],
							"lerp_mode": "catmullrom"
						},
						"2.5": {
							"post": [-0.8551, 0.20539, 1.50053],
							"lerp_mode": "catmullrom"
						},
						"3.0": {
							"post": [-2, -1, -6],
							"lerp_mode": "catmullrom"
						}
					}
				},
				"leg_left2": {
					"position": {
						"0.0": [0, 0, 0],
						"1.7083": [0, 0, 0],
						"2.0417": [0, 1, 0]
					}
				},
				"body": {
					"rotation": {
						"0.0": [0, 0, 0],
						"2.0": [0, 0, 0],
						"2.5": [7.5, 0, 0],
						"3.0": [0, 0, 0]
					}
				},
				"leg_right": {
					"rotation": {
						"0.0": [0, 0, 0],
						"2.0": [0, 0, 0],
						"2.5": [-12.31594, -2.15393, 0.23242],
						"3.0": [0, 0, 0]
					}
				},
				"leg_right3": {
					"rotation": {
						"0.0": [0, 0, 0],
						"2.5": [0, 0, 0],
						"3.0": [0, 0, 0]
					}
				}
			}
		},
		"animation.regirock.cry": {
			"animation_length": 2.125,
			"bones": {
				"torso": {
					"rotation": {
						"0.0": [0, 0, 0],
						"0.5": {
							"pre": [5, 0, 0],
							"post": [5, 0, 0],
							"lerp_mode": "catmullrom"
						},
						"0.875": [-1.15, 0, 0],
						"2.125": [0, 0, 0]
					}
				},
				"shoulder_left": {
					"rotation": {
						"0.0": [0, 0, 0],
						"0.1667": {
							"pre": [0.06983, 1.99878, 2.00122],
							"post": [0.06983, 1.99878, 2.00122],
							"lerp_mode": "catmullrom"
						},
						"0.5833": {
							"post": [0.68398, -6.97648, -12.02799],
							"lerp_mode": "catmullrom"
						},
						"1.125": {
							"post": [0.68398, -6.97648, -12.02799],
							"lerp_mode": "catmullrom"
						},
						"1.5833": {
							"post": [0.34634, -2.62603, -1.40412],
							"lerp_mode": "catmullrom"
						},
						"1.7917": {
							"post": [0, 0, 0],
							"lerp_mode": "catmullrom"
						},
						"2.0833": [0, 0, 0]
					}
				},
				"arm_left2": {
					"rotation": {
						"0.0": [0, 0, 0],
						"0.4167": {
							"pre": [0, 0, 8],
							"post": [0, 0, 8],
							"lerp_mode": "catmullrom"
						},
						"0.875": {
							"post": [0, 0, -10],
							"lerp_mode": "catmullrom"
						},
						"1.625": {
							"post": [0, 0, 0],
							"lerp_mode": "catmullrom"
						},
						"2.0833": [0, 0, 0]
					}
				},
				"hand_left": {
					"rotation": {
						"0.0": [0, 0, 0],
						"0.5": {
							"pre": [0, 0, 5],
							"post": [0, 0, 5],
							"lerp_mode": "catmullrom"
						},
						"1.0833": {
							"post": [0, 0, -12.5],
							"lerp_mode": "catmullrom"
						},
						"1.4583": {
							"post": [0, 0, 0],
							"lerp_mode": "catmullrom"
						},
						"2.125": [0, 0, 0]
					}
				},
				"shoulder_right": {
					"rotation": {
						"0.0": [0, 0, 0],
						"0.1667": {
							"pre": [0.06983, -1.99878, -2.00122],
							"post": [0.06983, -1.99878, -2.00122],
							"lerp_mode": "catmullrom"
						},
						"0.5833": {
							"post": [0.68398, 6.97648, 12.02799],
							"lerp_mode": "catmullrom"
						},
						"1.125": {
							"post": [0.68398, 6.97648, 12.02799],
							"lerp_mode": "catmullrom"
						},
						"1.5833": {
							"post": [0.34634, 2.62603, 1.40412],
							"lerp_mode": "catmullrom"
						},
						"1.7917": {
							"post": [0, 0, 0],
							"lerp_mode": "catmullrom"
						},
						"2.0833": [0, 0, 0]
					}
				},
				"arm_right2": {
					"rotation": {
						"0.0": [0, 0, 0],
						"0.4167": {
							"pre": [0, 0, -8],
							"post": [0, 0, -8],
							"lerp_mode": "catmullrom"
						},
						"0.875": {
							"post": [0, 0, 10],
							"lerp_mode": "catmullrom"
						},
						"1.625": {
							"post": [0, 0, 0],
							"lerp_mode": "catmullrom"
						},
						"2.0833": [0, 0, 0]
					}
				},
				"hand_right": {
					"rotation": {
						"0.0": [0, 0, 0],
						"0.5": {
							"pre": [0, 0, -5],
							"post": [0, 0, -5],
							"lerp_mode": "catmullrom"
						},
						"1.0833": {
							"post": [0, 0, 12.5],
							"lerp_mode": "catmullrom"
						},
						"1.4583": {
							"post": [0, 0, 0],
							"lerp_mode": "catmullrom"
						},
						"2.125": [0, 0, 0]
					}
				}
			}
		},
		"animation.regirock.faint": {
			"animation_length": 2.5,
			"bones": {
				"torso": {
					"rotation": {
						"0.0": [0, 0, 0],
						"1.25": [18.3725, -9.93357, 46.42848],
						"1.3333": [20.23227, -4.94924, 32.15529],
						"1.4167": [19.75432, -6.65976, 36.87801],
						"1.4583": [20.23227, -4.94924, 32.15529],
						"1.5": [20.01119, -5.8094, 34.51306],
						"1.5417": [20.23227, -4.94924, 32.15529]
					},
					"position": {
						"0.0": [0, 0, 0],
						"0.0417": [0.2499, -0.25675, 0.00144],
						"0.0833": [-0.30924, -0.473, -0.00578],
						"0.125": [0.28828, -0.77047, 0.00867],
						"0.1667": [-0.35695, -0.9461, -0.01156],
						"0.2083": [0, -1.23, 0],
						"0.25": [0.49315, -1.42063, 0.01733],
						"0.2917": [-0.08069, -1.4261, -0.01022],
						"0.3333": [-0.54785, -1.43291, -0.03311],
						"0.375": [0.07464, -1.69019, 0.00599],
						"0.4167": [-0.43107, -1.6568, -0.02888],
						"0.4583": [0.49569, -2.04913, 0.03765],
						"0.5": [0, -2, 0],
						"0.5417": [-0.70225, -1.76275, -0.05629],
						"0.5833": [0.06473, -2.086, 0.01061],
						"0.625": [-0.62669, -1.80548, -0.05493],
						"0.6667": [-0.09791, -2.05853, -0.00383],
						"0.7083": [-0.52605, -1.85946, -0.04904],
						"0.75": [-0.00033, -2.15237, 0.01192],
						"0.9583": [0, -2.2, 0],
						"1.25": [4.37571, -2.68461, 1.86002],
						"1.3333": [3.53655, -2.14977, 1.77373],
						"1.375": [1.44145, -5.26397, 3.14815]
					}
				},
				"head": {
					"rotation": {
						"0.0": [0, 0, 0],
						"1.0833": [5.70056, -2.95999, 24.96562],
						"1.1667": [19.4618, -7.49884, 39.25111],
						"1.25": [18.3725, -9.93357, 46.42848],
						"1.3333": [20.23227, -4.94924, 32.15529],
						"1.4167": [19.75432, -6.65976, 36.87801],
						"1.4583": [20.23227, -4.94924, 32.15529],
						"1.5": [20.01119, -5.8094, 34.51306],
						"1.5417": [20.23227, -4.94924, 32.15529],
						"1.7083": [135.65296, -31.50742, 7.84296],
						"1.9583": [130.04204, -18.61548, 20.95829],
						"2.0": [168.15468, -1.63221, -5.52751],
						"2.125": [168.23536, -2.14374, -7.97595]
					},
					"position": {
						"0.0": [0, 0, 0],
						"0.2083": [0.16774, 0.76259, -0.03826],
						"0.5": [0.40123, -0.04281, -0.09178],
						"1.0833": [1.92464, 1.03991, 0.9108],
						"1.1667": [1.6579, 0.16891, 1.16775],
						"1.25": [0.30215, 1.59731, 0.82499],
						"1.3333": [3.53655, -2.14977, 1.77373],
						"1.375": [1.78718, 0.2008, 1.14396],
						"1.7083": [3.63938, 1.45082, -9.25304],
						"1.9167": [5.75443, -4.61623, -14.0176],
						"1.9583": [4.06081, -4.38732, -15.06522],
						"2.0833": [4.03144, -14.71298, -25.95279]
					}
				},
				"eyelid_left": {
					"position": {
						"0.1667": [0, 0, 0],
						"0.4167": [0, 0, -0.1],
						"0.5417": [0, 0, -0.1],
						"0.5833": [0, 0, 0],
						"0.8333": [0, 0, -0.1],
						"0.9583": [0, 0, -0.1],
						"1.0": [0, 0, 0],
						"1.2083": [0, 0, -0.1],
						"1.3333": [0, 0, -0.1],
						"1.375": [0, 0, 0],
						"1.625": [0, 0, -0.1],
						"1.75": [0, 0, -0.1],
						"1.7917": [0, 0, 0]
					}
				},
				"eyelid_left_top": {
					"position": {
						"0.1667": [0, 0, 0],
						"0.4167": [0, 0, -0.1],
						"0.5417": [0, 0, -0.1],
						"0.5833": [0, 0, 0],
						"0.8333": [0, 0, -0.1],
						"0.9583": [0, 0, -0.1],
						"1.0": [0, 0, 0],
						"1.2083": [0, 0, -0.1],
						"1.3333": [0, 0, -0.1],
						"1.375": [0, 0, 0],
						"1.625": [0, 0, -0.1],
						"1.75": [0, 0, -0.1],
						"1.7917": [0, 0, 0]
					}
				},
				"eyelid_left_bottom": {
					"position": {
						"0.1667": [0, 0, 0],
						"0.4167": [0, 0, -0.1],
						"0.5417": [0, 0, -0.1],
						"0.5833": [0, 0, 0],
						"0.8333": [0, 0, -0.1],
						"0.9583": [0, 0, -0.1],
						"1.0": [0, 0, 0],
						"1.2083": [0, 0, -0.1],
						"1.3333": [0, 0, -0.1],
						"1.375": [0, 0, 0],
						"1.625": [0, 0, -0.1],
						"1.75": [0, 0, -0.1],
						"1.7917": [0, 0, 0]
					}
				},
				"eyelid_right": {
					"position": {
						"0.1667": [0, 0, 0],
						"0.4167": [0, 0, -0.1],
						"0.5417": [0, 0, -0.1],
						"0.5833": [0, 0, 0],
						"0.8333": [0, 0, -0.1],
						"0.9583": [0, 0, -0.1],
						"1.0": [0, 0, 0],
						"1.2083": [0, 0, -0.1],
						"1.3333": [0, 0, -0.1],
						"1.375": [0, 0, 0],
						"1.625": [0, 0, -0.1],
						"1.75": [0, 0, -0.1],
						"1.7917": [0, 0, 0]
					}
				},
				"eyelid_right_top": {
					"position": {
						"0.1667": [0, 0, 0],
						"0.4167": [0, 0, -0.1],
						"0.5417": [0, 0, -0.1],
						"0.5833": [0, 0, 0],
						"0.8333": [0, 0, -0.1],
						"0.9583": [0, 0, -0.1],
						"1.0": [0, 0, 0],
						"1.2083": [0, 0, -0.1],
						"1.3333": [0, 0, -0.1],
						"1.375": [0, 0, 0],
						"1.625": [0, 0, -0.1],
						"1.75": [0, 0, -0.1],
						"1.7917": [0, 0, 0]
					}
				},
				"eyelid_right_bottom": {
					"position": {
						"0.1667": [0, 0, 0],
						"0.4167": [0, 0, -0.1],
						"0.5417": [0, 0, -0.1],
						"0.5833": [0, 0, 0],
						"0.8333": [0, 0, -0.1],
						"0.9583": [0, 0, -0.1],
						"1.0": [0, 0, 0],
						"1.2083": [0, 0, -0.1],
						"1.3333": [0, 0, -0.1],
						"1.375": [0, 0, 0],
						"1.625": [0, 0, -0.1],
						"1.75": [0, 0, -0.1],
						"1.7917": [0, 0, 0]
					}
				},
				"shoulder_left": {
					"position": {
						"0.0": [0, 0, 0],
						"1.5417": [0, 0, 0]
					}
				},
				"shoulder_left2": {
					"rotation": {
						"0.0": [0, 0, 0],
						"1.5417": [0, 0, 12.5]
					}
				},
				"arm_left": {
					"rotation": {
						"0.0": [0, 0, 0],
						"1.5417": [2.5, 0, -30]
					}
				},
				"arm_left2": {
					"rotation": {
						"0.0": [0, 0, 0],
						"1.5417": [-22.5, 0, 0]
					}
				},
				"arm_left3": {
					"rotation": {
						"0.0": [0, 0, 0],
						"1.5417": [-62.5, 0, 0]
					}
				},
				"hand_left": {
					"rotation": {
						"0.0": [0, 0, 0],
						"1.5417": [-30, 0, 0],
						"1.7917": [-30, 0, 0],
						"1.8333": [-30.09468, -4.32875, 2.50477],
						"1.875": [-30, 0, 0]
					}
				},
				"shoulder_right": {
					"rotation": [0, 0, 0],
					"position": {
						"0.0": [0, 0, 0],
						"0.0417": [0.53, -0.7, -0.54],
						"0.0833": [0.04, -1.4, -1.08],
						"0.125": [0.53, -0.7, -0.54],
						"0.1667": [0.04, -1.4, -1.08],
						"0.2083": [0.53, -0.7, -0.54],
						"0.25": [0.04, -1.4, -1.08],
						"0.2917": [0.53, -0.7, -0.54],
						"0.3333": [0.04, -1.4, -1.08],
						"0.375": [0.53, -0.7, -0.54],
						"0.4167": [0.04, -1.4, -1.08],
						"0.4583": [0.53, -0.7, -0.54],
						"0.5": [0.04, -1.4, -1.08],
						"0.5417": [0.53, -0.7, -0.54],
						"0.5833": [0.04, -1.4, -1.08],
						"0.625": [0.53, -0.7, -0.54],
						"0.6667": [0.04, -1.4, -1.08],
						"0.7083": [0.53, -0.7, -0.54],
						"0.75": [0.04, -1.4, -1.08],
						"0.7917": [0.53, -0.7, -0.54],
						"0.8333": [0.04, -1.4, -1.08],
						"0.875": [0.53, -0.7, -0.54],
						"0.9167": [0.04, -1.4, -1.08],
						"1.5417": [1, -26, -20]
					}
				},
				"arm_right": {
					"rotation": {
						"0.0": [0, 0, 0],
						"1.5417": [70, 0, 0]
					},
					"position": {
						"0.0": [0, 0, 0],
						"1.5417": [0, -0.42839, 4.10079]
					}
				},
				"arm_right2": {
					"rotation": {
						"0.0": [0, 0, 0],
						"0.9167": [-7.6432, -7.76794, 13.72315],
						"1.5417": [-12.7448, 3.60651, 20.85255]
					},
					"position": {
						"0.0": [0, 0, 0],
						"0.9167": [-7.64614, -5.85548, -6.34376],
						"1.0833": [-6.06669, -3.73622, -11.14154],
						"1.5417": [-4.00025, -0.32659, -5.88788]
					}
				},
				"arm_right3": {
					"rotation": {
						"0.0": [0, 0, 0],
						"1.5417": [12.0152, 16.21747, -5.9238]
					},
					"position": {
						"0.0": [0, 0, 0],
						"0.2917": [0.065, -2.99694, 0.11882],
						"0.4583": [-0.16001, -5.85169, -3.69185],
						"0.75": [-1.97083, -14.17712, -19.6299],
						"0.9583": [3.46264, -10.13383, -15.33521],
						"1.1667": [7.10079, -6.12813, -10.92282],
						"1.2083": [8.25458, -5.29207, -10.15007],
						"1.25": [6.24964, -4.71154, -8.65251],
						"1.375": [5.49838, -2.51167, -5.43955],
						"1.5417": [0, 0, 0]
					}
				},
				"hand_right": {
					"rotation": {
						"0.0": [0, 0, 0],
						"1.5417": [12.37835, 12.36997, 13.94284]
					},
					"position": {
						"0.0": [0, 0, 0],
						"0.5": [-0.66389, -8.95344, 0.62855],
						"0.5417": [-0.64, -8.6, 0.6],
						"0.75": [9.91517, -24.88475, -2.98903],
						"0.9167": [19.60689, -21.36603, -3.89622],
						"1.125": [21.81876, -15.81013, -4.01206],
						"1.375": [12.56396, -7.16544, -2.36547],
						"1.5417": [13.27207, -3.29504, -2.99913]
					}
				},
				"upper_spike": {
					"rotation": {
						"0.0": [0, 0, 0],
						"1.5417": [0, 5, 0]
					}
				},
				"upper_spike2": {
					"rotation": {
						"0.0": [0, 0, 0],
						"1.5417": [0, 5, 0]
					}
				},
				"middle_spike": {
					"rotation": {
						"0.0": [0, 0, 0],
						"1.5417": [-25, 32.5, 0]
					},
					"position": {
						"0.0": [0, 0, 0],
						"1.5417": [15.08777, -11.98863, -2.37317]
					}
				},
				"lower_spike": {
					"rotation": {
						"0.0": [0, 0, 0],
						"1.5417": [-12.5, 0, 0]
					},
					"position": {
						"0.0": [0, 0, 0],
						"1.5417": [0, 0.17365, -0.98481]
					}
				},
				"leg_left": {
					"position": {
						"0.0": [0, 0, 0],
						"1.5417": [0, -2, 0]
					}
				},
				"leg_left3": {
					"position": {
						"0.0": [0, 0, 0],
						"1.5417": [0, 2, 0]
					}
				},
				"leg_right": {
					"position": {
						"0.0": [0, 0, 0],
						"1.5417": [0, -2, 0]
					}
				},
				"leg_right2": {
					"position": {
						"0.0": [0, 0, 0],
						"1.5417": [0, 2, 0]
					}
				}
			}
		},
		"animation.regirock.special": {
			"animation_length": 2.5,
			"bones": {
				"body": {
					"position": {
						"0.0": [0, 0, 0],
						"1.2917": [0, 0, 0],
						"1.375": [0, 0, 1],
						"1.4167": [0, -0.5, 0.96],
						"1.4583": [0, 0.28, 0.92],
						"1.75": [0, 0, 0.63],
						"1.7917": [0, -0.5, 0.6],
						"1.8333": [0, 0, 0],
						"2.5": [0, 0, 0]
					}
				},
				"torso": {
					"rotation": {
						"0.0": [4, 0, 0],
						"0.5": [3.99621, -0.17434, 2.49392],
						"0.5833": [2.74905, 0.09458, -2.91598],
						"1.0": [-3.5, 0, 0],
						"1.0417": [-3.6897, 0, 0],
						"1.0833": [-4.19096, 0, 0],
						"1.2083": [-6.34904, 0, 0],
						"1.25": [-6.8503, 0, 0],
						"1.2917": [-7.04, 0, 0],
						"1.375": {
							"pre": [-6.66, 0, 0],
							"post": [-6.66, 0, 0],
							"lerp_mode": "catmullrom"
						},
						"1.5833": {
							"post": [-12.67, 0, 0],
							"lerp_mode": "catmullrom"
						},
						"2.5": [4, 0, 0]
					},
					"position": {
						"0.0": [0, 0, 0],
						"2.5": [0, 0, 0]
					}
				},
				"eyelid_left": {
					"position": {
						"0.0": [0, 0, 0.15],
						"0.75": [0, 0, -0.1],
						"0.875": [0, 0, -0.1],
						"0.9167": [0, 0, 0],
						"1.25": [0, 0, -0.1],
						"1.375": [0, 0, -0.1],
						"1.4167": [0, 0, 0]
					}
				},
				"eyelid_left_top": {
					"position": {
						"0.0": [0, 0, 0.15],
						"0.75": [0, 0, -0.1],
						"0.875": [0, 0, -0.1],
						"0.9167": [0, 0, 0],
						"1.25": [0, 0, -0.1],
						"1.375": [0, 0, -0.1],
						"1.4167": [0, 0, 0]
					}
				},
				"eyelid_left_bottom": {
					"position": {
						"0.0": [0, 0, 0.15],
						"0.75": [0, 0, -0.1],
						"0.875": [0, 0, -0.1],
						"0.9167": [0, 0, 0],
						"1.25": [0, 0, -0.1],
						"1.375": [0, 0, -0.1],
						"1.4167": [0, 0, 0]
					}
				},
				"eyelid_right": {
					"position": {
						"0.0": [0, 0, 0.4],
						"0.75": [0, 0, -0.1],
						"0.875": [0, 0, -0.1],
						"0.9167": [0, 0, 0],
						"1.25": [0, 0, -0.1],
						"1.375": [0, 0, -0.1],
						"1.4167": [0, 0, 0]
					}
				},
				"eyelid_right_top": {
					"position": {
						"0.0": [0, 0, 0.15],
						"0.75": [0, 0, -0.1],
						"0.875": [0, 0, -0.1],
						"0.9167": [0, 0, 0],
						"1.25": [0, 0, -0.1],
						"1.375": [0, 0, -0.1],
						"1.4167": [0, 0, 0]
					}
				},
				"eyelid_right_bottom": {
					"position": {
						"0.0": [0, 0, 0.4],
						"0.75": [0, 0, -0.1],
						"0.875": [0, 0, -0.1],
						"0.9167": [0, 0, 0],
						"1.25": [0, 0, -0.1],
						"1.375": [0, 0, -0.1],
						"1.4167": [0, 0, 0]
					}
				},
				"shoulder_left": {
					"rotation": {
						"0.0": [-17.5, 0, 0],
						"0.25": [-17.5, 0, 0],
						"0.5": [-67.5, 0, 0],
						"1.0": [-52.31056, -20.25437, -14.97401],
						"1.0417": [-51.84945, -20.32589, -15.12034],
						"1.0833": [-50.63107, -20.51485, -15.50699],
						"1.125": [-48.93673, -20.77764, -16.04468],
						"1.1667": [-47.0799, -21.06562, -16.63394],
						"1.2083": [-45.38556, -21.32841, -17.17163],
						"1.25": [-44.16718, -21.51737, -17.55828],
						"1.2917": [-43.70607, -21.58889, -17.70461],
						"1.375": {
							"pre": [-43.46617, -19.13499, -15.15283],
							"post": [-43.46617, -19.13499, -15.15283],
							"lerp_mode": "catmullrom"
						},
						"2.5": [-17.5, 0, 0]
					}
				},
				"arm_left": {
					"rotation": {
						"0.0": [-5.0036, -7.5, -14.9804],
						"0.25": [-5.0036, -7.5, -14.9804],
						"0.5": [-0.0036, -7.5, -14.9804],
						"1.0": [-1.62232, -39.99046, -14.10129],
						"1.4583": [6.00367, -29.62083, -31.67188],
						"2.5": [-5.0036, -7.5, -14.9804]
					}
				},
				"arm_left2": {
					"rotation": {
						"0.0": [-12.8847, -12.384, 1.74382],
						"0.25": [-13.85374, -24.54826, 4.78535],
						"0.5": [-6.40644, -34.76887, 4.24943],
						"1.0": [-16.38824, -64.05814, 14.99219],
						"1.4583": [-16.53977, -80.77389, -0.53911],
						"2.5": [-12.8847, -12.384, 1.74382]
					}
				},
				"arm_left3": {
					"rotation": {
						"0.0": [0, 0, 0],
						"0.25": [0, -52.5, 0],
						"0.5": [0, -91.56, 0],
						"1.0": [0, -125.68, 0],
						"1.4583": [0, -151.18, 0],
						"2.4583": [0, 0, 0]
					}
				},
				"hand_left": {
					"rotation": {
						"0.0": [-13.6746, -24.7003, 4.06404],
						"0.25": [-129.19863, -73.91001, 128.58298],
						"0.5": [-178.32986, -50.28316, 182.28832],
						"1.0": [-161.30831, -45.55771, 164.40491],
						"1.4583": [-173.00674, -29.69907, 160.98878],
						"2.5": [-13.6746, -24.7003, 4.06404]
					}
				},
				"shoulder_right": {
					"rotation": {
						"0.0": [-20, 0, 0],
						"0.25": [-20, 0, 0],
						"0.5": [-70, 0, 0],
						"1.0": [-54.89549, 20.88127, 14.06573],
						"1.0417": [-54.43464, 20.95883, 14.20888],
						"1.0833": [-53.21692, 21.16377, 14.58712],
						"1.125": [-51.5235, 21.44876, 15.11312],
						"1.1667": [-49.66767, 21.76109, 15.68957],
						"1.2083": [-47.97426, 22.04608, 16.21557],
						"1.25": [-46.75653, 22.25102, 16.59381],
						"1.2917": [-46.29568, 22.32858, 16.73696],
						"1.375": {
							"pre": [-46.04734, 19.76868, 14.29441],
							"post": [-46.04734, 19.76868, 14.29441],
							"lerp_mode": "catmullrom"
						},
						"2.5": [-20, 0, 0]
					}
				},
				"arm_right": {
					"rotation": {
						"0.0": [7.5, 7.5, 14.9804],
						"0.25": [169.07956, 46.91401, 185.97521],
						"0.5": [159.12629, 52.96866, 176.39139],
						"1.0": [165.06272, 41.37594, 183.49252],
						"1.4583": [148.4697, 54.03484, 181.42689],
						"2.5": [7.5, 7.5, 14.9804]
					}
				},
				"arm_right2": {
					"rotation": {
						"0.0": [-12.8846, 12.3841, -1.74382],
						"0.25": [-165.5773, 29.02139, -171.82339],
						"0.5": [-156.85922, 76.51272, -158.01842],
						"1.0": [-144.33685, 77.77802, -145.13563],
						"1.4583": [-176.21301, 46.28791, -160.38441],
						"2.5": [-12.8846, 12.3841, -1.74382]
					}
				},
				"arm_right3": {
					"rotation": {
						"0.0": [0, 0, 0],
						"0.25": [0, 85, 0],
						"0.5": [0, 180.56, 0],
						"1.0": [0, 252.92, 0],
						"1.4583": [0, 405.64, 0],
						"2.5": [0, 0, 0]
					}
				},
				"hand_right": {
					"rotation": {
						"0.0": [-12.8846, 12.3841, -1.74382],
						"0.25": [-167.22499, -9.94649, -181.17801],
						"0.5": [-174.48926, -17.36155, -182.2348],
						"1.0": [-172.7404, -12.3841, -181.74382],
						"1.4583": [-177.1446, -23.62339, -164.26865],
						"2.5": [-12.8846, 12.3841, -1.74382]
					}
				},
				"leg_left": {
					"rotation": {
						"0.0": [0, 0, 0],
						"1.375": [0, 0, 0],
						"1.4167": [7.5, 0, 0],
						"1.5833": [11.35, 0, 0],
						"1.7083": [-31.11, 0, 0],
						"2.5": [0, 0, 0]
					},
					"position": {
						"0.0": [0, 0, 0],
						"1.4167": [0, 0, 0],
						"1.5": [0, 0.49635, -0.06027],
						"1.7917": [0, -0.53429, -0.50693],
						"2.5": [0, 0, 0]
					}
				},
				"leg_left3": {
					"rotation": {
						"0.0": [0, -10, 0],
						"1.375": [0, -10, 0],
						"1.4167": [7.5, -10, 0],
						"1.5833": [8.84615, -10, 0],
						"1.7083": [11.73077, -10, 0],
						"2.5": [0, -10, 0]
					},
					"position": {
						"0.0": [0, 0, 0],
						"1.4167": [0, 0, 0],
						"1.5": [0.0314, 1.48906, -0.17806],
						"1.7917": [-0.04327, -0.91654, 0.2288],
						"2.5": [0, 0, 0]
					}
				},
				"leg_right": {
					"rotation": {
						"0.0": [0, 0, 0],
						"1.375": [0.07, 0, 0],
						"1.4167": [-20, 0, 0],
						"2.5": [0, 0, 0]
					},
					"position": {
						"0.0": [0, 0, 0],
						"2.5": [0, 0, 0]
					}
				},
				"leg_right3": {
					"rotation": {
						"0.0": [0, 10, 0],
						"1.375": [0, 10, 0],
						"1.4167": [20, 10, 0],
						"2.5": [0, 10, 0]
					},
					"position": {
						"0.0": [0, 0, 0],
						"2.5": [0, 0, 0]
					}
				}
			}
		},
		"animation.regirock.recoil": {
			"animation_length": 0.2083,
			"bones": {
				"torso": {
					"rotation": {
						"0.0": [0, 0, 0],
						"0.125": [-5, 0, 0],
						"0.2083": [0, 0, 0]
					}
				},
				"hand_left": {
					"rotation": {
						"0.0": [0, 0, 0],
						"0.0833": [-2.5, 0, 0],
						"0.2083": [0, 0, 0]
					}
				},
				"hand_right": {
					"rotation": {
						"0.0": [0, 0, 0],
						"0.0833": [-2.5, 0, 0],
						"0.2083": [0, 0, 0]
					}
				}
			}
		}
	}
}