{
	"format_version": "1.8.0",
	"animations": {
		"animation.wigglytuff.looking_test": {
			"loop": true,
			"animation_length": 2,
			"bones": {
				"torso2": {
					"rotation": {
						"0.0": [-25, 0, 0],
						"0.1667": [-25, 0, 0],
						"1.0": [7.5, 0, 0],
						"1.25": [7.5, 0, 0],
						"2.0": [-25, 0, 0]
					}
				},
				"neck": {
					"rotation": {
						"0.0": [25, 0, 0],
						"0.1667": [25, 0, 0],
						"1.0": [5, 0, 0],
						"1.25": [5, 0, 0],
						"2.0": [25, 0, 0]
					},
					"position": {
						"1.0": [0, 0, 0],
						"1.25": [0, 0, 0]
					}
				},
				"ear_right": {
					"rotation": {
						"0.0": [-19.62, 0, 0],
						"0.0833": [-23.91, 0, 0],
						"0.1667": [-17.5, 0, 0],
						"0.4167": [-17.93, 0, 0],
						"0.5417": [-23.72, 0, 0],
						"0.6667": [-27.61, 0, 0],
						"0.75": [-29.5, 0, 0],
						"0.875": [-26, 0, 0],
						"1.0": [-12.5, 0, 0],
						"1.0833": [30, 0, 0],
						"1.1667": [35, 0, 0],
						"1.25": [32, 0, 0],
						"1.3333": [37, 0, 0],
						"1.4167": [34, 0, 0],
						"1.5417": [30.4, 0, 0],
						"1.6667": [22, 0, 0],
						"1.7917": [2.86, 0, 0],
						"1.9167": [-23, 0, 0],
						"2.0": [-19.62, 0, 0]
					}
				},
				"ear_right2": {
					"rotation": {
						"0.0": [-19.62, 0, 0],
						"0.125": [-23.91, 0, 0],
						"0.2083": [-17.5, 0, 0],
						"0.4583": [-17.93, 0, 0],
						"0.5833": [-23.72, 0, 0],
						"0.7083": [-27.61, 0, 0],
						"0.7917": [-29.5, 0, 0],
						"0.9167": [-26, 0, 0],
						"1.0": [-12.5, 0, 0],
						"1.0833": [30, 0, 0],
						"1.2083": [35, 0, 0],
						"1.2917": [32, 0, 0],
						"1.375": [37, 0, 0],
						"1.4583": [34, 0, 0],
						"1.5833": [30.4, 0, 0],
						"1.7083": [22, 0, 0],
						"1.8333": [2.86, 0, 0],
						"1.9583": [-23, 0, 0],
						"2.0": [-19.62, 0, 0]
					}
				},
				"ear_right3": {
					"rotation": {
						"0.0": [-19.62, 0, 0],
						"0.125": [-23.91, 0, 0],
						"0.2083": [-17.5, 0, 0],
						"0.4583": [-17.93, 0, 0],
						"0.5833": [-23.72, 0, 0],
						"0.7083": [-27.61, 0, 0],
						"0.7917": [-29.5, 0, 0],
						"0.9167": [-26, 0, 0],
						"1.0": [-12.5, 0, 0],
						"1.0833": [30, 0, 0],
						"1.25": [35, 0, 0],
						"1.3333": [32, 0, 0],
						"1.4583": [37, 0, 0],
						"1.5": [34, 0, 0],
						"1.5833": [30.4, 0, 0],
						"1.7083": [22, 0, 0],
						"1.875": [2.86, 0, 0],
						"1.9583": [-23, 0, 0],
						"2.0": [-19.62, 0, 0]
					}
				},
				"torso": {
					"rotation": {
						"0.0": [-5, 0, 0],
						"0.1667": [-5, 0, 0],
						"1.0": [10, 0, 0],
						"1.25": [10, 0, 0],
						"2.0": [-5, 0, 0]
					}
				},
				"ear_left": {
					"rotation": {
						"0.0": [-19.62, 0, 0],
						"0.0833": [-23.91, 0, 0],
						"0.1667": [-17.5, 0, 0],
						"0.4167": [-17.93, 0, 0],
						"0.5417": [-23.72, 0, 0],
						"0.6667": [-27.61, 0, 0],
						"0.75": [-29.5, 0, 0],
						"0.875": [-26, 0, 0],
						"1.0": [-12.5, 0, 0],
						"1.0833": [30, 0, 0],
						"1.1667": [35, 0, 0],
						"1.25": [32, 0, 0],
						"1.3333": [37, 0, 0],
						"1.4167": [34, 0, 0],
						"1.5417": [30.4, 0, 0],
						"1.6667": [22, 0, 0],
						"1.7917": [2.86, 0, 0],
						"1.9167": [-23, 0, 0],
						"2.0": [-19.62, 0, 0]
					}
				},
				"ear_left2": {
					"rotation": {
						"0.0": [-19.62, 0, 0],
						"0.125": [-23.91, 0, 0],
						"0.2083": [-17.5, 0, 0],
						"0.4583": [-17.93, 0, 0],
						"0.5833": [-23.72, 0, 0],
						"0.7083": [-27.61, 0, 0],
						"0.7917": [-29.5, 0, 0],
						"0.9167": [-26, 0, 0],
						"1.0": [-12.5, 0, 0],
						"1.0833": [30, 0, 0],
						"1.2083": [35, 0, 0],
						"1.2917": [32, 0, 0],
						"1.375": [37, 0, 0],
						"1.4583": [34, 0, 0],
						"1.5833": [30.4, 0, 0],
						"1.7083": [22, 0, 0],
						"1.8333": [2.86, 0, 0],
						"1.9583": [-23, 0, 0],
						"2.0": [-19.62, 0, 0]
					}
				},
				"ear_left3": {
					"rotation": {
						"0.0": [-19.62, 0, 0],
						"0.125": [-23.91, 0, 0],
						"0.2083": [-17.5, 0, 0],
						"0.4583": [-17.93, 0, 0],
						"0.5833": [-23.72, 0, 0],
						"0.7083": [-27.61, 0, 0],
						"0.7917": [-29.5, 0, 0],
						"0.9167": [-26, 0, 0],
						"1.0": [-12.5, 0, 0],
						"1.0833": [30, 0, 0],
						"1.25": [35, 0, 0],
						"1.3333": [32, 0, 0],
						"1.4583": [37, 0, 0],
						"1.5": [34, 0, 0],
						"1.5833": [30.4, 0, 0],
						"1.7083": [22, 0, 0],
						"1.875": [2.86, 0, 0],
						"1.9583": [-23, 0, 0],
						"2.0": [-19.62, 0, 0]
					}
				}
			}
		},
		"animation.wigglytuff.ground_idle": {
			"loop": true,
			"bones": {
				"body": {
					"position": [0, 0.75, 0]
				},
				"foot_left": {
					"rotation": ["12.5-math.sin(q.anim_time*90*4+90)*3", 25, 0],
					"position": ["0+math.sin(q.anim_time*90*4+90)*0.05", "0-math.sin(q.anim_time*90*4+90)*0.15", "0+math.sin(q.anim_time*90*4+90)*0.1"]
				},
				"foot_left2": {
					"rotation": ["-12.5+math.sin(q.anim_time*90*4+90)*3", 0, 0]
				},
				"foot_right": {
					"rotation": ["12.5-math.sin(q.anim_time*90*4+90)*3", -25, 0],
					"position": ["0-math.sin(q.anim_time*90*4+90)*0.05", "0-math.sin(q.anim_time*90*4+90)*0.15", "0+math.sin(q.anim_time*90*4+90)*0.1"]
				},
				"foot_right2": {
					"rotation": ["-12.5+math.sin(q.anim_time*90*4+90)*3", 0, 0]
				},
				"arm_right": {
					"rotation": [-20, -60, "15.843+math.sin(q.anim_time*90*4+150)*10"]
				},
				"arm_right2": {
					"rotation": [0, 0, "0+math.sin(q.anim_time*90*4+150)*5"],
					"position": [0, 0, 0]
				},
				"arm_left": {
					"rotation": [-22.43856, 67.42456, "-15.843-math.sin(q.anim_time*90*4+150)*10"]
				},
				"arm_left2": {
					"rotation": [0, 0, "0-math.sin(q.anim_time*90*4+150)*5"],
					"position": [0, 0, 0]
				},
				"torso2": {
					"rotation": ["-2+math.sin(q.anim_time*90*4+45)*3", "0-math.sin(q.anim_time*90*2+120)*1.5", "0+math.sin(q.anim_time*90*2+150)*1.5"],
					"position": [0, 0, 0.3]
				},
				"neck": {
					"rotation": [2, 0, 0]
				},
				"puff": {
					"rotation": ["-60-math.sin(q.anim_time*90*4+120)*3", "0-math.sin(q.anim_time*90*2+45)*3", "0+math.sin(q.anim_time*90*2+150)*3"]
				},
				"puff2": {
					"rotation": ["0-math.sin(q.anim_time*90*4+120)*4", "-22.5-math.sin(q.anim_time*90*2+45)*4", "0+math.sin(q.anim_time*90*2+150)*4"]
				},
				"ear_right": {
					"rotation": ["-5.047396978-math.sin(q.anim_time*90*4+120)*4", -4.42059, "-22.8022-math.sin(q.anim_time*90*2-45)*4"]
				},
				"ear_right2": {
					"rotation": ["15-math.sin(q.anim_time*90*4+150)*4", 0, 0]
				},
				"ear_right3": {
					"rotation": ["15+math.sin(q.anim_time*90*4-90)*4", 0, 0]
				},
				"torso": {
					"rotation": ["2.5+math.sin(q.anim_time*90*4+45)*2", "0-math.sin(q.anim_time*90*2+90)*1", "0-math.sin(q.anim_time*90*2+45)*1"],
					"position": [0, "0-math.sin(q.anim_time*90*4+90)*0.25", 0]
				},
				"ear_left": {
					"rotation": ["-5.047396978-math.sin(q.anim_time*90*4+120)*4", 4.42059, "22.802169497-math.sin(q.anim_time*90*2-45)*4"]
				},
				"ear_left2": {
					"rotation": ["15-math.sin(q.anim_time*90*4+150)*4", 0, 0]
				},
				"ear_left3": {
					"rotation": ["15+math.sin(q.anim_time*90*4-90)*4", 0, 0]
				}
			}
		},
		"animation.wigglytuff.ground_walk": {
			"loop": true,
			"animation_length": 1.5,
			"bones": {
				"body": {
					"position": [0, 0.75, 0]
				},
				"foot_left": {
					"rotation": {
						"0.0": {
							"post": [0, 10, 0],
							"lerp_mode": "catmullrom"
						},
						"0.1667": {
							"post": [10, 10, 0],
							"lerp_mode": "catmullrom"
						},
						"0.3333": {
							"post": [30, 10, 0],
							"lerp_mode": "catmullrom"
						},
						"0.5": {
							"post": [48.91, 10, 0],
							"lerp_mode": "catmullrom"
						},
						"0.6667": {
							"post": [60, 10, 0],
							"lerp_mode": "catmullrom"
						},
						"0.8333": {
							"post": [19.4128, 5.22604, 14.35153],
							"lerp_mode": "catmullrom"
						},
						"1.0": {
							"post": [-6.46122, 14.62255, 27.76807],
							"lerp_mode": "catmullrom"
						},
						"1.1667": {
							"post": [-51.875, 10, 0],
							"lerp_mode": "catmullrom"
						},
						"1.2917": {
							"post": [-9.6875, 10, 0],
							"lerp_mode": "catmullrom"
						},
						"1.5": {
							"post": [0, 10, 0],
							"lerp_mode": "catmullrom"
						}
					},
					"position": {
						"0.0": {
							"post": [0, -0.7, -4],
							"lerp_mode": "catmullrom"
						},
						"0.1667": {
							"post": [0, -0.2, -3],
							"lerp_mode": "catmullrom"
						},
						"0.3333": {
							"post": [0, 0.7, -2],
							"lerp_mode": "catmullrom"
						},
						"0.5": {
							"post": [0, 1.66, -0.87],
							"lerp_mode": "catmullrom"
						},
						"0.6667": {
							"post": [0, 2.5, 0],
							"lerp_mode": "catmullrom"
						},
						"0.8333": {
							"post": [0, 2.5, -1],
							"lerp_mode": "catmullrom"
						},
						"1.0": {
							"post": [0, 1.32, -2.82],
							"lerp_mode": "catmullrom"
						},
						"1.1667": {
							"post": [0, 2.5, -6.5],
							"lerp_mode": "catmullrom"
						},
						"1.2917": {
							"post": [0, 0.5, -4.5],
							"lerp_mode": "catmullrom"
						},
						"1.5": {
							"post": [0, -0.7, -4],
							"lerp_mode": "catmullrom"
						}
					}
				},
				"foot_left2": {
					"rotation": {
						"0.0": {
							"post": [0, 0, 0],
							"lerp_mode": "catmullrom"
						},
						"0.1667": {
							"post": [-10, 0, 0],
							"lerp_mode": "catmullrom"
						},
						"0.3333": {
							"post": [-30, 0, 0],
							"lerp_mode": "catmullrom"
						},
						"0.5": {
							"post": [-40.78, 0, 0],
							"lerp_mode": "catmullrom"
						},
						"0.6667": {
							"post": [-42.5, 0, 0],
							"lerp_mode": "catmullrom"
						},
						"0.8333": {
							"post": [10, 0, 0],
							"lerp_mode": "catmullrom"
						},
						"1.0": {
							"post": [8.21, 0, 0],
							"lerp_mode": "catmullrom"
						},
						"1.1667": {
							"post": [-20.62, 0, 0],
							"lerp_mode": "catmullrom"
						},
						"1.2917": {
							"post": [-2.81, 0, 0],
							"lerp_mode": "catmullrom"
						},
						"1.5": {
							"post": [0, 0, 0],
							"lerp_mode": "catmullrom"
						}
					},
					"position": {
						"0.0": {
							"post": [0, 0, 0],
							"lerp_mode": "catmullrom"
						},
						"0.5": {
							"post": [0, 0, -0.04],
							"lerp_mode": "catmullrom"
						},
						"0.6667": {
							"post": [0, 0, 0],
							"lerp_mode": "catmullrom"
						},
						"0.8333": {
							"post": [0, 0, 0.5],
							"lerp_mode": "catmullrom"
						},
						"1.0": {
							"post": [0, 0, 0],
							"lerp_mode": "catmullrom"
						},
						"1.5": {
							"post": [0, 0, 0],
							"lerp_mode": "catmullrom"
						}
					}
				},
				"foot_right": {
					"rotation": {
						"0.0": {
							"post": [42.02, -7.03, -6.34],
							"lerp_mode": "catmullrom"
						},
						"0.0833": {
							"post": [19.4128, -5.22604, -14.35153],
							"lerp_mode": "catmullrom"
						},
						"0.25": {
							"post": [-6.46122, -14.62255, -27.76807],
							"lerp_mode": "catmullrom"
						},
						"0.4167": {
							"post": [-51.875, -10, 0],
							"lerp_mode": "catmullrom"
						},
						"0.5417": {
							"post": [-9.6875, -10, 0],
							"lerp_mode": "catmullrom"
						},
						"0.75": {
							"post": [0, -10, 0],
							"lerp_mode": "catmullrom"
						},
						"0.9167": {
							"post": [10, -10, 0],
							"lerp_mode": "catmullrom"
						},
						"1.0833": {
							"post": [30, -10, 0],
							"lerp_mode": "catmullrom"
						},
						"1.25": {
							"post": [48.91, -10, 0],
							"lerp_mode": "catmullrom"
						},
						"1.4167": {
							"post": [60, -10, 0],
							"lerp_mode": "catmullrom"
						},
						"1.5": {
							"post": [42.02, -7.03, -6.34],
							"lerp_mode": "catmullrom"
						}
					},
					"position": {
						"0.0": {
							"post": [0, 2.63, -0.33],
							"lerp_mode": "catmullrom"
						},
						"0.0833": {
							"post": [0, 2.5, -1],
							"lerp_mode": "catmullrom"
						},
						"0.25": {
							"post": [0, 1.32, -2.82],
							"lerp_mode": "catmullrom"
						},
						"0.4167": {
							"post": [0, 2.5, -6.5],
							"lerp_mode": "catmullrom"
						},
						"0.5417": {
							"post": [0, 0.5, -4.5],
							"lerp_mode": "catmullrom"
						},
						"0.75": {
							"post": [0, -0.7, -4],
							"lerp_mode": "catmullrom"
						},
						"0.9167": {
							"post": [0, -0.2, -3],
							"lerp_mode": "catmullrom"
						},
						"1.0833": {
							"post": [0, 0.7, -2],
							"lerp_mode": "catmullrom"
						},
						"1.25": {
							"post": [0, 1.66, -0.87],
							"lerp_mode": "catmullrom"
						},
						"1.4167": {
							"post": [0, 2.5, 0],
							"lerp_mode": "catmullrom"
						},
						"1.5": {
							"post": [0, 2.63, -0.33],
							"lerp_mode": "catmullrom"
						}
					}
				},
				"foot_right2": {
					"rotation": {
						"0.0": {
							"post": [-16.25, 0, 0],
							"lerp_mode": "catmullrom"
						},
						"0.0833": {
							"post": [10, 0, 0],
							"lerp_mode": "catmullrom"
						},
						"0.25": {
							"post": [8.21, 0, 0],
							"lerp_mode": "catmullrom"
						},
						"0.4167": {
							"post": [-20.62, 0, 0],
							"lerp_mode": "catmullrom"
						},
						"0.5417": {
							"post": [-2.81, 0, 0],
							"lerp_mode": "catmullrom"
						},
						"0.75": {
							"post": [0, 0, 0],
							"lerp_mode": "catmullrom"
						},
						"0.9167": {
							"post": [-10, 0, 0],
							"lerp_mode": "catmullrom"
						},
						"1.0833": {
							"post": [-30, 0, 0],
							"lerp_mode": "catmullrom"
						},
						"1.25": {
							"post": [-40.78, 0, 0],
							"lerp_mode": "catmullrom"
						},
						"1.4167": {
							"post": [-42.5, 0, 0],
							"lerp_mode": "catmullrom"
						},
						"1.5": {
							"post": [-16.25, 0, 0],
							"lerp_mode": "catmullrom"
						}
					},
					"position": {
						"0.0": {
							"post": [0, 0, 0.28],
							"lerp_mode": "catmullrom"
						},
						"0.0833": {
							"post": [0, 0, 0.5],
							"lerp_mode": "catmullrom"
						},
						"0.25": {
							"post": [0, 0, 0],
							"lerp_mode": "catmullrom"
						},
						"0.75": {
							"post": [0, 0, 0],
							"lerp_mode": "catmullrom"
						},
						"1.25": {
							"post": [0, 0, -0.04],
							"lerp_mode": "catmullrom"
						},
						"1.4167": {
							"post": [0, 0, 0],
							"lerp_mode": "catmullrom"
						},
						"1.5": {
							"post": [0, 0, 0.28],
							"lerp_mode": "catmullrom"
						}
					}
				},
				"arm_right": {
					"rotation": [-2.17557, -60.25885, "16.6137+math.sin(q.anim_time*90*2.67*2+150)*12"]
				},
				"arm_right2": {
					"rotation": [0, 0, 2.5],
					"position": [0.1, 0, 0]
				},
				"arm_left": {
					"rotation": [-2.17557, 60.25885, "-16.6137-math.sin(q.anim_time*90*2.67*2+150)*12"]
				},
				"arm_left2": {
					"rotation": [0, 0, -2.5],
					"position": [-0.1, 0, 0]
				},
				"torso2": {
					"rotation": ["0.121320344+math.sin(q.anim_time*90*2.67*2-45)*5", -1.29904, 0.75],
					"position": [0, 0, 0.3]
				},
				"neck": {
					"rotation": [2, 0, 0]
				},
				"puff": {
					"rotation": ["-62.598076211-math.sin(q.anim_time*90*2.67*2+120)*6", -2.12132, 1.5]
				},
				"puff2": {
					"rotation": ["-3.464101615-math.sin(q.anim_time*90*2.67*2+150)*6", -25.32843, 2]
				},
				"ear_right": {
					"rotation": ["-8.511498593-math.sin(q.anim_time*90*2.67*2+90)*6", -4.42059, "-19.973772875+math.sin(q.anim_time*90*2.67+90)*6"]
				},
				"ear_right2": {
					"rotation": ["13-math.sin(q.anim_time*90*2.67*2+45)*12", 0, "0+math.sin(q.anim_time*90*2.67+45)*6"]
				},
				"ear_right3": {
					"rotation": [11, 0, 0]
				},
				"torso": {
					"rotation": ["0+math.sin(q.anim_time*90*2.67*2+45)*8", "0-math.sin(q.anim_time*90*2.67+120)*6", "0+math.sin(q.anim_time*90*2.67+150)*12"],
					"position": {
						"0.0": {
							"post": [0, -0.25, 0],
							"lerp_mode": "catmullrom"
						},
						"0.375": {
							"post": [0, 1.5, 0],
							"lerp_mode": "catmullrom"
						},
						"0.75": {
							"post": [0, -0.25, 0],
							"lerp_mode": "catmullrom"
						},
						"1.125": {
							"post": [0, 1.5, 0],
							"lerp_mode": "catmullrom"
						},
						"1.5": {
							"post": [0, -0.25, 0],
							"lerp_mode": "catmullrom"
						}
					}
				},
				"ear_left": {
					"rotation": ["-8.511498593-math.sin(q.anim_time*90*2.67*2+90)*6", 4.42059, "19.9738+math.sin(q.anim_time*90*2.67+90)*6"]
				},
				"ear_left2": {
					"rotation": ["13-math.sin(q.anim_time*90*2.67*2+45)*12", 0, "0+math.sin(q.anim_time*90*2.67+45)*6"]
				},
				"ear_left3": {
					"rotation": [11, 0, 0]
				}
			}
		},
		"animation.wigglytuff.battle_idle": {
			"loop": true,
			"bones": {
				"body": {
					"position": [0, 0.75, 0]
				},
				"foot_left": {
					"rotation": ["12.5-math.sin(q.anim_time*90*6+90)*3", 25, 0],
					"position": ["0+math.sin(q.anim_time*90*6+90)*0.05", "0-math.sin(q.anim_time*90*6+90)*0.15", "0+math.sin(q.anim_time*90*6+90)*0.1"]
				},
				"foot_left2": {
					"rotation": ["-12.5+math.sin(q.anim_time*90*6+90)*3", 0, 0]
				},
				"foot_right": {
					"rotation": ["12.5-math.sin(q.anim_time*90*6+90)*3", -25, 0],
					"position": ["0-math.sin(q.anim_time*90*6+90)*0.05", "0-math.sin(q.anim_time*90*6+90)*0.15", "0+math.sin(q.anim_time*90*6+90)*0.1"]
				},
				"foot_right2": {
					"rotation": ["-12.5+math.sin(q.anim_time*90*6+90)*3", 0, 0]
				},
				"arm_right": {
					"rotation": [-1.3217, -35.26945, "10.4878+math.sin(q.anim_time*90*6+150)*10"]
				},
				"arm_right2": {
					"rotation": [0, 0, "0+math.sin(q.anim_time*90*6+150)*5"],
					"position": [0.1, 0, 0]
				},
				"arm_left": {
					"rotation": [-1.3217, 35.26945, "-10.4878-math.sin(q.anim_time*90*6+150)*10"]
				},
				"arm_left2": {
					"rotation": [0, 0, "0-math.sin(q.anim_time*90*6+150)*5"],
					"position": [-0.1, 0, 0]
				},
				"torso2": {
					"rotation": ["-2+math.sin(q.anim_time*90*6+45)*3", "0-math.sin(q.anim_time*90*3+120)*1.5", "0+math.sin(q.anim_time*90*3+150)*1.5"],
					"position": [0, 0, 0.3]
				},
				"neck": {
					"rotation": [2, 0, 0]
				},
				"puff": {
					"rotation": ["-60-math.sin(q.anim_time*90*6+120)*3", "0-math.sin(q.anim_time*90*3+45)*3", "0+math.sin(q.anim_time*90*3+150)*3"]
				},
				"puff2": {
					"rotation": ["0-math.sin(q.anim_time*90*6+120)*4", "-22.5-math.sin(q.anim_time*90*3+45)*4", "0+math.sin(q.anim_time*90*3+150)*4"]
				},
				"ear_right": {
					"rotation": ["-5.047396978-math.sin(q.anim_time*90*6+120)*4", -4.42059, "-22.8022-math.sin(q.anim_time*90*3-45)*4"]
				},
				"ear_right2": {
					"rotation": ["15-math.sin(q.anim_time*90*6+150)*4", 0, 0]
				},
				"ear_right3": {
					"rotation": ["15+math.sin(q.anim_time*90*6-90)*4", 0, 0]
				},
				"torso": {
					"rotation": ["2.5+math.sin(q.anim_time*90*6+45)*2", "0-math.sin(q.anim_time*90*3+90)*1", "0-math.sin(q.anim_time*90*3+45)*1"],
					"position": [0, "0-math.sin(q.anim_time*90*6+90)*0.25", 0]
				},
				"ear_left": {
					"rotation": ["-5.047396978-math.sin(q.anim_time*90*6+120)*4", 4.42059, "22.802169497-math.sin(q.anim_time*90*3-45)*4"]
				},
				"ear_left2": {
					"rotation": ["15-math.sin(q.anim_time*90*6+150)*4", 0, 0]
				},
				"ear_left3": {
					"rotation": ["15+math.sin(q.anim_time*90*6-90)*4", 0, 0]
				}
			}
		},
		"animation.wigglytuff.surprise": {
			"loop": true,
			"bones": {
				"mouth_closed": {
					"position": [0, 0, 0.1]
				},
				"mouth_open_small": {
					"position": [0, 0, -0.1]
				},
				"ear_right": {
					"rotation": [-17.5, 0, -20]
				},
				"ear_left": {
					"rotation": [-17.5, 0, 20]
				}
			}
		},
		"animation.wigglytuff.sad": {
			"loop": true,
			"bones": {
				"eye_right": {
					"rotation": [0, 0, -2.5]
				},
				"pupil_right": {
					"position": [0, -0.25, 0]
				},
				"eye_left": {
					"rotation": [0, 0, 2.5]
				},
				"pupil_left": {
					"position": [0, -0.25, 0]
				},
				"half_eyelid_right": {
					"rotation": [0, 0, -12.5],
					"position": [0, 0, -0.1]
				},
				"half_eyelid_left": {
					"rotation": [0, 0, 12.5],
					"position": [0, 0, -0.1]
				},
				"mouth_closed": {
					"position": [0, 0.25, 0]
				},
				"mouth1": {
					"position": [0, -1, 0]
				},
				"mouth4": {
					"position": [0, -1, 0]
				},
				"right_tear": {
					"position": [0, 0, -0.1]
				},
				"left_tear": {
					"position": [0, 0, -0.1]
				}
			}
		},
		"animation.wigglytuff.angry": {
			"loop": true,
			"bones": {
				"pupil_right": {
					"position": [0, -0.75, 0]
				},
				"pupil_left": {
					"position": [0, -0.75, 0]
				},
				"half_eyelid_right": {
					"rotation": [0, 0, 12.5],
					"position": [0, 0, -0.1]
				},
				"half_eyelid_left": {
					"rotation": [0, 0, -12.5],
					"position": [0, 0, -0.1]
				},
				"mouth_closed": {
					"position": [0, 0.25, 0]
				},
				"mouth1": {
					"position": [0, -1, 0]
				},
				"mouth4": {
					"position": [0, -1, 0]
				},
				"ear_right": {
					"rotation": [17.5, 0, 0]
				},
				"ear_left": {
					"rotation": [17.5, 0, 0]
				}
			}
		},
		"animation.wigglytuff.happy": {
			"loop": true,
			"bones": {
				"ear_right": {
					"rotation": [-9.85108, -1.72794, -9.85108]
				},
				"ear_right2": {
					"rotation": [-9.92442, -0.86717, -9.96271]
				},
				"ear_left": {
					"rotation": [-9.85108, 1.72794, 9.85108]
				},
				"ear_left2": {
					"rotation": [-9.92442, 0.86717, 9.96271]
				},
				"eye_right": {
					"position": [0, 0, 0.1]
				},
				"eye_left": {
					"position": [0, 0, 0.1]
				},
				"eyelid_happy_right": {
					"rotation": [0, 0, -5],
					"position": [0, -0.5, -0.1]
				},
				"eyelid_happy_left": {
					"rotation": [0, 0, 5],
					"position": [0, -0.5, -0.1]
				},
				"mouth_closed": {
					"position": [0, 0, 0.1]
				},
				"mouth_open": {
					"position": [0, 0, -0.1]
				},
				"left_blush": {
					"position": [0, 0, -0.1]
				},
				"right_blush": {
					"position": [0, 0, -0.1]
				}
			}
		},
		"animation.wigglytuff.pout": {
			"loop": true,
			"bones": {
				"torso1_scale": {
					"scale": 1.2
				},
				"arm_right": {
					"rotation": [133, -76.5, -107],
					"position": [-2, 0.75, -1]
				},
				"arm_right2": {
					"rotation": [0, 27.5, 0]
				},
				"arm_left": {
					"rotation": [133, 76.5, 107],
					"position": [2, 0.75, -1]
				},
				"arm_left2": {
					"rotation": [0, -27.5, 0]
				},
				"torso2_scale": {
					"scale": 1.2
				},
				"puff": {
					"position": [0, 4, -1.25]
				},
				"ears": {
					"position": [0, 5, 0]
				},
				"ear_right": {
					"position": [-1.5, 0, 0]
				},
				"ear_left": {
					"position": [1.5, 0, 0]
				},
				"face": {
					"position": [0, 2.5, -1.2]
				},
				"pupil_right": {
					"position": [0, -0.5, 0]
				},
				"pupil_left": {
					"position": [0, -0.5, 0]
				},
				"half_eyelid_right": {
					"rotation": [0, 0, 10],
					"position": [0, 0, -0.1]
				},
				"eyelid_pout_right": {
					"rotation": [0, 0, 15],
					"position": [-0.15, -0.5, -0.1]
				},
				"half_eyelid_left": {
					"rotation": [0, 0, -10],
					"position": [0, 0, -0.1]
				},
				"eyelid_pout_left": {
					"rotation": [0, 0, -15],
					"position": [0.15, -0.5, -0.1]
				},
				"mouth_closed": {
					"position": [-0.5, 0, 0]
				},
				"mouth1": {
					"position": [0.75, -0.5, 0]
				},
				"mouth2": {
					"position": [1, 0, 0]
				},
				"mouth3": {
					"position": [1, 0, 0]
				},
				"mouth4": {
					"position": [0, 0, 0.1]
				},
				"mouth_pout_right": {
					"rotation": [0, 0, 10],
					"position": [0.5, -0.5, -0.1]
				},
				"mouth_pout_left": {
					"rotation": [0, 0, -10],
					"position": [-0.5, -0.5, -0.1]
				}
			}
		},
		"animation.wigglytuff.faint": {
			"animation_length": 3,
			"bones": {
				"body": {
					"rotation": {
						"0.0": [0, 0, 0],
						"0.1667": [7.71, 0, 0],
						"0.2917": [10, 0, 0],
						"0.4167": [0, 0, 0],
						"0.6667": {
							"pre": [-18.88172, -6.71771, -18.88172],
							"post": [-18.88172, -6.71771, -18.88172],
							"lerp_mode": "catmullrom"
						},
						"1.1667": {
							"post": [58.62, 23.28, -83.88],
							"lerp_mode": "catmullrom"
						},
						"1.5": [249.84, 24.52, -84.17],
						"1.625": [263.62, -32.22, -83.88],
						"1.8333": [268.62, -81.72, -83.88],
						"1.875": {"pre": [268.62, -81.72, -83.88], "post": [-18.57493, 61.13867, 169.83328]},
						"1.9583": [33.18, 61.14, 169.83],
						"2.0417": {
							"pre": [60.93, 61.14, 169.83],
							"post": [60.93, 61.14, 169.83],
							"lerp_mode": "catmullrom"
						},
						"2.0833": {
							"post": [75.31, 61.14, 169.83],
							"lerp_mode": "catmullrom"
						},
						"2.2083": {
							"post": [92.93, 61.14, 169.83],
							"lerp_mode": "catmullrom"
						},
						"2.3333": {
							"post": [80.93, 61.14, 169.83],
							"lerp_mode": "catmullrom"
						},
						"2.5833": [80.93, 61.14, 169.83]
					},
					"position": {
						"0.0": [0, 0, 0],
						"0.1667": {
							"pre": [0, 2.25, 0],
							"post": [0, 2.25, 0],
							"lerp_mode": "catmullrom"
						},
						"0.2917": [0, 1, 0],
						"0.4167": [0, 7.58, 2.75],
						"0.5": {
							"pre": [-0.5, 21.08, 8.5],
							"post": [-0.5, 21.08, 8.5],
							"lerp_mode": "catmullrom"
						},
						"0.6667": {
							"post": [-3, 50.08, 13],
							"lerp_mode": "catmullrom"
						},
						"0.7917": {
							"post": [-7.75, 58.08, 13.25],
							"lerp_mode": "catmullrom"
						},
						"0.9583": {
							"post": [-23.67, 65.64, 5.25],
							"lerp_mode": "catmullrom"
						},
						"1.1667": {
							"post": [-47.67, 56.64, -23.75],
							"lerp_mode": "catmullrom"
						},
						"1.25": {
							"post": [-38.47, 50.39, -45.75],
							"lerp_mode": "catmullrom"
						},
						"1.375": {
							"post": [-9.67, 49.89, -62.25],
							"lerp_mode": "catmullrom"
						},
						"1.4583": {
							"post": [20.69, 51.64, -53.1],
							"lerp_mode": "catmullrom"
						},
						"1.5833": {
							"post": [28.33, 54.39, -34.75],
							"lerp_mode": "catmullrom"
						},
						"1.7083": {
							"post": [21.33, 44.39, -19.75],
							"lerp_mode": "catmullrom"
						},
						"1.7917": {
							"post": [17.39, 26.55, -11.31],
							"lerp_mode": "catmullrom"
						},
						"1.875": {
							"post": [14.33, 2.14, -4.75],
							"lerp_mode": "catmullrom"
						},
						"1.9167": {
							"post": [11.51, -3.45, -2.59],
							"lerp_mode": "catmullrom"
						},
						"1.9583": {
							"post": [8.33, -2.11, -0.75],
							"lerp_mode": "catmullrom"
						},
						"2.0833": {
							"post": [2.33, -2.36, 3.25],
							"lerp_mode": "catmullrom"
						},
						"2.25": {
							"post": [-1.17, -4.86, 5.725],
							"lerp_mode": "catmullrom"
						},
						"2.4583": [-2.32, -4.86, 6.43]
					},
					"scale": {
						"0.0": [1, 1, 1],
						"0.125": {
							"pre": [1.1794, 1.1794, 1.1794],
							"post": [1.1794, 1.1794, 1.1794],
							"lerp_mode": "catmullrom"
						},
						"0.2917": {
							"post": [1.2165, 1.2165, 1.2165],
							"lerp_mode": "catmullrom"
						},
						"0.4583": {
							"post": [0.9405, 1.2432, 0.9155],
							"lerp_mode": "catmullrom"
						},
						"0.7083": [0.9, 1, 0.9],
						"1.125": {
							"pre": [0.5665, 0.9015, 0.5415],
							"post": [0.5665, 0.9015, 0.5415],
							"lerp_mode": "catmullrom"
						},
						"1.5833": {
							"post": [0.4415, 0.8415, 0.4415],
							"lerp_mode": "catmullrom"
						},
						"1.8333": {
							"post": [0.4415, 0.8415, 0.4415],
							"lerp_mode": "catmullrom"
						},
						"1.9167": {
							"post": [1.0415, 0.4415, 0.9415],
							"lerp_mode": "catmullrom"
						},
						"2.0417": {
							"post": [0.4415, 0.8415, 0.4415],
							"lerp_mode": "catmullrom"
						}
					}
				}
			}
		},
		"animation.wigglytuff.new": {
			"loop": true,
			"bones": {
				"pupil_right": {
					"position": [-1.5, -0.5, 0]
				},
				"iris_left": {
					"position": [-0.25, 0, 0]
				},
				"pupil_left": {
					"position": [-0.5, -0.5, 0]
				},
				"half_eyelid_right": {
					"position": [0, 0, -0.1]
				},
				"half_eyelid_left": {
					"position": [0, 0, -0.1]
				},
				"mouth1": {
					"position": [0, -0.25, 0]
				},
				"mouth2": {
					"position": [0, 0.25, 0]
				},
				"mouth3": {
					"position": [0, -0.25, 0]
				},
				"mouth4": {
					"position": [0, -1, 0]
				}
			}
		},
		"animation.wigglytuff.walktest": {
			"loop": true,
			"bones": {
				"wigglytuff": {
					"position": [0, 0, "0-q.anim_time*90*0.1"]
				}
			}
		}
	}
}