{
	"format_version": "1.12.0",
	"minecraft:geometry": [
		{
			"description": {
				"identifier": "geometry.unknown",
				"texture_width": 128,
				"texture_height": 128,
				"visible_bounds_width": 4,
				"visible_bounds_height": 3.5,
				"visible_bounds_offset": [0, 1.25, 0]
			},
			"bones": [
				{
					"name": "wo_chien",
					"pivot": [0.63825, 0.2994, -5.7962]
				},
				{
					"name": "body",
					"parent": "wo_chien",
					"pivot": [-3.36175, 19.2994, -8.7962]
				},
				{
					"name": "torso",
					"parent": "body",
					"pivot": [0.55971, 0.10469, 9.29962],
					"cubes": [
						{"origin": [-6, 0, -3], "size": [12, 6, 18], "inflate": 0.01, "uv": [0, 0]},
						{"origin": [-5.5, 2.7, 2.5], "size": [11, 11, 13], "pivot": [-0.5, 9.7, 9], "rotation": [-2.5, 0, 0], "uv": [46, 24]},
						{"origin": [4.3994, 11.07767, 5.74289], "size": [4, 0, 3], "pivot": [4.9994, 10.77767, 7.24289], "rotation": [5.41712, 14.22558, 30.34728], "uv": [-3, 31]},
						{"origin": [4.3994, 10.97767, 5.74289], "size": [4, 0, 3], "pivot": [4.9994, 10.77767, 7.24289], "rotation": [5.23789, -50.71415, 26.53905], "uv": [-3, 28]},
						{"origin": [4.3994, 10.97767, 5.74289], "size": [4, 0, 3], "pivot": [4.9994, 10.77767, 7.24289], "rotation": [9.24759, 68.91805, 39.23597], "uv": [-3, 28]},
						{"origin": [6, 1.4, -3], "size": [3, 0, 18], "pivot": [6, 2, 6], "rotation": [0, 0, 27.5], "uv": [104, 2]},
						{"origin": [-6, 1.3, 15], "size": [12, 0, 2], "pivot": [0, 1.3, 15], "rotation": [-20, 0, 0], "uv": [102, 0]},
						{"origin": [-9, 1.4, -3], "size": [3, 0, 18], "pivot": [-6, 2, 6], "rotation": [0, 0, -27.5], "uv": [104, 2], "mirror": true},
						{"origin": [-6.89908, 1.583, 6.2038], "size": [0, 4, 10], "pivot": [-6.89908, 5.583, 16.2038], "rotation": [0, 0, -15], "uv": [82, 114]},
						{"origin": [-6.86175, 3.2994, 16.2038], "size": [13, 4, 0], "pivot": [-0.36175, 6.2994, 11.2038], "rotation": [0, 0, -15], "uv": [102, 124]},
						{"origin": [-6.22557, 6.38615, 2.18516], "size": [12, 4, 0], "pivot": [-6.22557, 6.38615, 2.18516], "rotation": [-2.45828, 3.57859, 2.27484], "uv": [104, 110]},
						{"origin": [-6.38481, 6.1359, 16.17782], "size": [3, 4, 0], "pivot": [-6.38481, 6.1359, 8.17782], "rotation": [5.04577, -1.41682, 2.4891], "uv": [90, 118]},
						{"origin": [-6.22557, 6.38615, 2.18516], "size": [0, 4, 6], "pivot": [-6.22557, 6.38615, 2.18516], "rotation": [-2.45423, -1.41682, 2.4891], "uv": [96, 112]},
						{"origin": [-6.38481, 6.1359, 8.17782], "size": [0, 4, 8], "pivot": [-6.38481, 6.1359, 8.17782], "rotation": [5.04577, -1.41682, 2.4891], "uv": [65, 116]},
						{"origin": [-3.55485, 6.71715, 16.21856], "size": [11, 4, 0], "pivot": [-3.55485, 6.71715, 16.21856], "rotation": [6.2398, -1.1261, -17.25024], "uv": [52, 120]},
						{"origin": [7.44515, 6.71715, 13.21856], "size": [0, 4, 3], "inflate": 0.005, "pivot": [-3.55485, 6.71715, 16.21856], "rotation": [6.2398, -1.1261, -17.25024], "uv": [59, 121]},
						{"origin": [7.10099, 9.6845, 8.45309], "size": [0, 4, 5], "pivot": [7.10099, 9.6845, 13.45309], "rotation": [-13.7602, -1.1261, -17.25024], "uv": [49, 119]},
						{"origin": [6.83946, 10.8486, 0.59753], "size": [0, 4, 8], "inflate": 0.005, "pivot": [6.83946, 10.8486, 8.59753], "rotation": [-26.2602, -1.1261, -17.25024], "uv": [33, 116]},
						{"origin": [3.83946, 10.8486, 0.59753], "size": [3, 4, 0], "inflate": 0.005, "pivot": [6.83946, 10.8486, 8.59753], "rotation": [-26.2602, -1.1261, -17.25024], "uv": [122, 114]},
						{"origin": [-4.94003, 13.38132, 1.36561], "size": [8, 4, 0], "pivot": [3.05997, 13.38132, 1.36561], "rotation": [-22.6222, 13.74672, 14.72471], "uv": [88, 110]},
						{"origin": [-5.19702, 14.86245, 5.05727], "size": [0, 4, 8], "pivot": [-5.19702, 14.86245, 5.05727], "rotation": [7.34806, -14.03512, 26.15904], "uv": [72, 106]},
						{"origin": [-3.80963, 15.0955, 4.01392], "size": [0, 4, 2], "inflate": 0.01, "pivot": [-3.80963, 17.0955, 4.01392], "rotation": [-22.65194, -14.03512, 26.15904], "uv": [88, 112]},
						{"origin": [-6.47305, 16.62913, 12.75471], "size": [0, 4, 2], "inflate": 0.01, "pivot": [-6.47305, 16.62913, 12.75471], "rotation": [27.0956, 74.19199, 54.16037], "uv": [86, 116]},
						{"origin": [-4.7315, 15.77372, 13.23974], "size": [0, 4, 6], "pivot": [-4.7315, 15.77372, 13.23974], "rotation": [57.0956, 74.19199, 54.16037], "uv": [76, 104]},
						{"origin": [1.18845, 16.1809, 14.12766], "size": [0, 4, 2], "inflate": 0.01, "pivot": [1.18845, 16.1809, 14.12766], "rotation": [149.74918, 63.0001, 150.62199], "uv": [74, 116]},
						{"origin": [3.02414, 16.05806, 13.34332], "size": [0, 4, 2], "pivot": [3.02414, 16.05806, 13.34332], "rotation": [174.74918, 63.0001, 150.62199], "uv": [82, 116]},
						{"origin": [4.66026, 16.7691, 12.43916], "size": [0, 4, 1], "pivot": [4.66026, 16.7691, 12.43916], "rotation": [177.57757, 10.58818, 154.85783], "uv": [80, 117]},
						{"origin": [4.84441, 16.80883, 11.45706], "size": [0, 4, 5], "pivot": [4.84441, 16.80883, 11.45706], "rotation": [-174.92243, 10.58818, 154.85783], "uv": [92, 109]},
						{"origin": [5.48483, 17.59824, 6.56148], "size": [0, 4, 1], "inflate": 0.01, "pivot": [5.48483, 17.59824, 6.56148], "rotation": [-158.97004, -75.97001, 133.46719], "uv": [78, 117]},
						{"origin": [6.13825, 3.2994, 6.2038], "size": [0, 4, 10], "pivot": [-0.36175, 6.2994, 11.2038], "rotation": [0, 0, -15], "uv": [102, 104]},
						{"origin": [4.60142, 17.28789, 6.2352], "size": [0, 4, 9], "pivot": [4.60142, 17.18789, 6.3352], "rotation": [-116.97004, -75.97001, 133.46719], "uv": [110, 97]},
						{"origin": [4.60142, 17.28789, 15.2352], "size": [2, 4, 0], "inflate": 0.005, "pivot": [4.60142, 17.18789, 6.3352], "rotation": [-116.97004, -75.97001, 133.46719], "uv": [118, 118]},
						{"origin": [-4.15635, 19.54465, 7.31861], "size": [4, 4, 0], "pivot": [-4.15635, 19.54465, 7.31861], "rotation": [122.6409, -78.23816, -104.89892], "uv": [102, 106]},
						{"origin": [-4.366, 20.33262, 11.23462], "size": [2, 4, 0], "inflate": 0.005, "pivot": [-4.366, 20.33262, 11.23462], "rotation": [10.2946, -16.15755, 15.40307], "uv": [122, 118]},
						{"origin": [-2.514, 19.82238, 11.79118], "size": [3, 4, 0], "pivot": [-2.514, 19.82238, 11.79118], "rotation": [16.54559, -9.64701, -12.03774], "uv": [96, 106]},
						{"origin": [0.486, 19.82238, 10.79118], "size": [0, 4, 1], "inflate": 0.005, "pivot": [-2.514, 19.82238, 11.79118], "rotation": [16.54559, -9.64701, -12.03774], "uv": [126, 117]},
						{"origin": [0.7458, 19.52837, 7.05714], "size": [0, 4, 4], "pivot": [-2.2542, 19.52837, 10.65714], "rotation": [1.54559, -9.64701, -12.03774], "uv": [88, 102]},
						{"origin": [5.65795, 4.94765, 1.2038], "size": [0, 4, 5], "pivot": [5.65795, 8.94765, 6.2038], "rotation": [-13.91022, -2.78301, 2.57965], "uv": [108, 113]}
					]
				},
				{
					"name": "torso_front",
					"parent": "torso",
					"pivot": [0, -0.04244, -3.06283],
					"cubes": [
						{"origin": [-6, 1.3, -14], "size": [12, 0, 2], "pivot": [0, 1.3, -12], "rotation": [20, 0, 0], "uv": [96, 2]},
						{"origin": [6, 1.4, -12], "size": [3, 0, 9], "pivot": [6, 2, 6], "rotation": [0, 0, 27.5], "uv": [113, 20]},
						{"origin": [-9, 1.4, -12], "size": [3, 0, 9], "pivot": [-6, 2, 6], "rotation": [0, 0, -27.5], "uv": [113, 20], "mirror": true},
						{"origin": [-6, 0, -12], "size": [12, 19, 11], "uv": [0, 24]}
					]
				},
				{
					"name": "leaf_left",
					"parent": "torso_front",
					"pivot": [6.02111, 19.03409, -6.5],
					"cubes": [
						{"origin": [0.89059, 11.67817, -6.54278], "size": [11, 0, 8], "pivot": [6.39059, 11.02553, -6.5], "rotation": [0, -90, 82.5], "uv": [-8, 105], "mirror": true}
					]
				},
				{
					"name": "leaf_left2",
					"parent": "torso_front",
					"pivot": [5.99059, 16.02553, -6.5],
					"cubes": [
						{"origin": [0.39059, 11.28659, -7.01711], "size": [11, 0, 6], "pivot": [6.39059, 11.02553, -6], "rotation": [0, -90, 82.5], "uv": [60, 0]}
					]
				},
				{
					"name": "leaf_left3",
					"parent": "torso_front",
					"pivot": [5.99059, 13.02553, -6.5],
					"cubes": [
						{"origin": [0.39059, 10.89501, -9.99145], "size": [11, 0, 6], "pivot": [6.39059, 11.02553, -6], "rotation": [0, -90, 82.5], "uv": [60, 6]}
					]
				},
				{
					"name": "leaf_left4",
					"parent": "torso_front",
					"pivot": [5.99059, 9.02553, -6],
					"cubes": [
						{"origin": [0.39059, 10.3729, -15.95722], "size": [11, 0, 8], "pivot": [6.39059, 11.02553, -6], "rotation": [0, -90, 82.5], "uv": [34, 3]}
					]
				},
				{
					"name": "leaf_front",
					"parent": "torso_front",
					"pivot": [0, 19.00346, -12.00417],
					"cubes": [
						{"origin": [-6, 19, -19], "size": [12, 0, 7], "pivot": [0, 19, -12], "rotation": [82.5, 0, 0], "uv": [-7, 98]},
						{"origin": [-0.5, 19.01, -18], "size": [1, 0, 6], "pivot": [5.5, 19, -12], "rotation": [82.5, 0, 0], "uv": [2, 113]}
					]
				},
				{
					"name": "leaf_front2",
					"parent": "torso_front",
					"pivot": [0, 15.97418, -11.9639],
					"cubes": [
						{"origin": [-6, 16, -18], "size": [12, 0, 6], "pivot": [0, 16, -12], "rotation": [82.5, 0, 0], "uv": [-6, 67]},
						{"origin": [-0.5, 16.01, -17.5], "size": [1, 0, 6], "pivot": [0, 16, -12], "rotation": [82.5, 0, 0], "uv": [42, 48]}
					]
				},
				{
					"name": "leaf_front3",
					"parent": "torso_front",
					"pivot": [0, 13.02567, -11.99158],
					"cubes": [
						{"origin": [-6, 13, -18], "size": [12, 0, 6], "pivot": [0, 13, -12], "rotation": [82.5, 0, 0], "uv": [-6, 85]}
					]
				},
				{
					"name": "leaf_front4",
					"parent": "torso_front",
					"pivot": [0, 9.02567, -11.99158],
					"cubes": [
						{"origin": [-6, 9, -18], "size": [12, 0, 6], "pivot": [0, 9, -12], "rotation": [82.5, 0, 0], "uv": [-6, 61]}
					]
				},
				{
					"name": "leaf_front5",
					"parent": "torso_front",
					"pivot": [0, 7.02567, -11.99158],
					"cubes": [
						{"origin": [-6, 7, -18], "size": [12, 0, 6], "pivot": [0, 7, -12], "rotation": [82.5, 0, 0], "uv": [-6, 55]}
					]
				},
				{
					"name": "leaf_right",
					"parent": "torso_front",
					"pivot": [-6.02111, 19.03409, -6.5],
					"cubes": [
						{"origin": [-11.89059, 11.67817, -6.54278], "size": [11, 0, 8], "pivot": [-6.39059, 11.02553, -6.5], "rotation": [0, 90, -82.5], "uv": [-8, 105]}
					]
				},
				{
					"name": "leaf_right2",
					"parent": "torso_front",
					"pivot": [-5.99059, 16.02553, -6.5],
					"cubes": [
						{"origin": [-11.39059, 11.28659, -7.01711], "size": [11, 0, 6], "pivot": [-6.39059, 11.02553, -6], "rotation": [0, 90, -82.5], "uv": [60, 0], "mirror": true}
					]
				},
				{
					"name": "leaf_right3",
					"parent": "torso_front",
					"pivot": [-5.99059, 13.02553, -6.5],
					"cubes": [
						{"origin": [-11.39059, 10.89501, -9.99145], "size": [11, 0, 6], "pivot": [-6.39059, 11.02553, -6], "rotation": [0, 90, -82.5], "uv": [60, 6], "mirror": true}
					]
				},
				{
					"name": "leaf_right4",
					"parent": "torso_front",
					"pivot": [-5.99059, 9.02553, -6],
					"cubes": [
						{"origin": [-11.39059, 10.3729, -15.95722], "size": [11, 0, 8], "pivot": [-6.39059, 11.02553, -6], "rotation": [0, 90, -82.5], "uv": [34, 3], "mirror": true}
					]
				},
				{
					"name": "leaf_back",
					"parent": "torso_front",
					"pivot": [0, 19.02994, -1.04316],
					"cubes": [
						{"origin": [-6, 19, -1], "size": [12, 0, 7], "pivot": [0, 19, -1], "rotation": [-82.5, 0, 0], "uv": [-7, 91]}
					]
				},
				{
					"name": "leaf_back2",
					"parent": "torso_front",
					"pivot": [0, 16.02567, -1.00842],
					"cubes": [
						{"origin": [-6, 16, -1], "size": [12, 0, 6], "pivot": [0, 16, -1], "rotation": [-82.5, 0, 0], "uv": [-6, 73]}
					]
				},
				{
					"name": "leaf_back3",
					"parent": "torso_front",
					"pivot": [0, 13, -1],
					"cubes": [
						{"origin": [-6, 13, -1], "size": [12, 0, 6], "pivot": [0, 13, -1], "rotation": [-82.5, 0, 0], "uv": [-6, 73]}
					]
				},
				{
					"name": "leaf_back4",
					"parent": "torso_front",
					"pivot": [0, 10, -1],
					"cubes": [
						{"origin": [-6, 10, -1], "size": [12, 0, 6], "pivot": [0, 10, -1], "rotation": [-82.5, 0, 0], "uv": [-6, 79]}
					]
				},
				{
					"name": "leaf_head_left",
					"parent": "torso_front",
					"pivot": [-1.26396, 18.60254, -6],
					"cubes": [
						{"origin": [-2.5, 23.6, -6], "size": [1, 1, 0], "pivot": [-1.5, 21.9, -7.5], "rotation": [0, 0, -10], "uv": [0, 113]},
						{"origin": [-4.3, 18.6, -6], "size": [4, 5, 0], "pivot": [-1.8, 21.9, -7.5], "rotation": [0, 0, -10], "uv": [0, 114]}
					]
				},
				{
					"name": "leaf_head_right",
					"parent": "torso_front",
					"pivot": [1.26396, 18.60254, -6],
					"cubes": [
						{"origin": [1.5, 23.6, -6], "size": [1, 1, 0], "pivot": [1.5, 21.9, -7.5], "rotation": [0, 0, 10], "uv": [0, 113], "mirror": true},
						{"origin": [0.3, 18.6, -6], "size": [4, 5, 0], "pivot": [1.8, 21.9, -7.5], "rotation": [0, 0, 10], "uv": [0, 114], "mirror": true}
					]
				},
				{
					"name": "eyething_left",
					"parent": "torso_front",
					"pivot": [3.36175, 19.2994, -8.0962],
					"rotation": [0, -22.5, 0],
					"cubes": [
						{"origin": [1.29973, 19.9606, -8.08245], "size": [2, 5, 0], "pivot": [5.77455, 27.25915, -8.03245], "rotation": [0, 0, -13.22414], "uv": [4, 5]},
						{"origin": [4.87944, 22.29876, -8.08245], "size": [2, 4, 0], "inflate": 0.01, "pivot": [5.77455, 27.25915, -8.03245], "rotation": [0, 0, 39.26834], "uv": [8, 5]},
						{"origin": [6.14767, 25.14723, -8.08245], "size": [2, 3, 0], "pivot": [5.77455, 27.25915, -8.03245], "rotation": [0, 0, 74.26911], "uv": [8, 9]},
						{"origin": [5.31992, 27.41521, -8.08245], "size": [3, 4, 0], "inflate": 0.01, "pivot": [5.77455, 27.25915, -8.03245], "rotation": [0, 0, 56.76786], "uv": [0, 13]},
						{"origin": [8.39242, 22.82224, -8.03245], "size": [2, 3, 0], "inflate": 0.01, "pivot": [5.77455, 27.25915, -8.03245], "rotation": [0, 0, 24.27001], "uv": [0, 10]},
						{"origin": [4.96562, 22.64142, -8.03245], "size": [2, 3, 0], "pivot": [5.77455, 27.25915, -8.03245], "rotation": [0, 0, -33.22259], "uv": [4, 10]},
						{"origin": [5.49242, 21.22224, -7.98245], "size": [3, 5, 0], "pivot": [5.77455, 27.25915, -8.03245], "rotation": [0, 0, 24.27001], "uv": [0, 0]},
						{"origin": [9.41484, 22.08476, -8.03245], "size": [2, 3, 0], "pivot": [5.77455, 27.25915, -8.03245], "rotation": [0, 0, 44.768], "uv": [12, 5]},
						{"origin": [7.70482, 16.60104, -8.08245], "size": [2, 5, 0], "inflate": 0.01, "pivot": [5.77455, 27.25915, -8.03245], "rotation": [0, 0, 34.26878], "uv": [0, 5]},
						{"origin": [10.47804, 18.60377, -8.03245], "size": [2, 5, 0], "inflate": 0.01, "pivot": [5.77455, 27.25915, -8.03245], "rotation": [0, 0, 59.26794], "uv": [12, 0]}
					]
				},
				{
					"name": "eyelid_down_left",
					"parent": "eyething_left",
					"pivot": [4.8366, 22.16107, -8.00849],
					"rotation": [0, 0, 24.27],
					"cubes": [
						{"origin": [3.3366, 21.16107, -8.00849], "size": [3, 2, 0], "uv": [0, 26]}
					]
				},
				{
					"name": "eyelid_up_left",
					"parent": "eyething_left",
					"pivot": [6.02527, 24.81708, -8.00849],
					"rotation": [0, 0, 24.27],
					"cubes": [
						{"origin": [4.52527, 23.81708, -8.00849], "size": [3, 2, 0], "uv": [0, 24]}
					]
				},
				{
					"name": "eye_left",
					"parent": "eyething_left",
					"pivot": [6.09574, 22.99522, -8.00799],
					"rotation": [0, 0, 24.5],
					"cubes": [
						{"origin": [5.59574, 21.99522, -8.00799], "size": [1, 2, 0], "uv": [16, 0]}
					]
				},
				{
					"name": "eye_hair_left",
					"parent": "eyething_left",
					"pivot": [6.43763, 24.9369, -7.92],
					"cubes": [
						{"origin": [0.88406, 26.10151, -8.03245], "size": [2, 3, 0], "inflate": 0.01, "pivot": [4.76466, 31.19332, -8.02392], "rotation": [0, 0, -53.22328], "uv": [8, 12]},
						{"origin": [1.81461, 27.8662, -8.03245], "size": [2, 3, 0], "pivot": [4.76466, 31.19332, -8.02392], "rotation": [0, 0, -33.22259], "uv": [6, 15]}
					]
				},
				{
					"name": "eye_hair_left2",
					"parent": "eye_hair_left",
					"pivot": [2.48732, 29.30631, -8.01539],
					"cubes": [
						{"origin": [2.64809, 29.14666, -8.01539], "size": [2, 3, 0], "inflate": 0.01, "pivot": [4.76466, 31.16832, -8.02392], "rotation": [0, 0, 4.27322], "uv": [12, 8]}
					]
				},
				{
					"name": "eye_hair_left3",
					"parent": "eye_hair_left2",
					"pivot": [5.53763, 27.2119, -7.92],
					"cubes": [
						{"origin": [2.7256, 32.30425, -8.01539], "size": [2, 3, 0], "pivot": [2.71698, 32.2992, -8.01539], "rotation": [0, 0, 16.77114], "uv": [12, 11]}
					]
				},
				{
					"name": "eye_hair_left4",
					"parent": "eye_hair_left3",
					"pivot": [3.58174, 35.17602, -8.01539],
					"cubes": [
						{"origin": [0.89252, 32.7259, -8.01539], "size": [2, 4, 0], "inflate": 0.01, "pivot": [4.76466, 31.16832, -8.02392], "rotation": [0, 0, 51.76782], "uv": [12, 14]}
					]
				},
				{
					"name": "leaf_eye_left",
					"parent": "eyething_left",
					"pivot": [8.33974, 26.3366, -8.04594],
					"cubes": [
						{"origin": [8.33974, 24.3366, -8.04594], "size": [2, 2, 0], "pivot": [9.33974, 25.3366, -5.59594], "rotation": [0, 0, 93.46722], "uv": [6, 24]}
					]
				},
				{
					"name": "eyething_right",
					"parent": "torso_front",
					"pivot": [-3.36175, 19.2994, -8.0962],
					"rotation": [0, 22.5, 0],
					"cubes": [
						{"origin": [-3.29973, 19.9606, -8.08245], "size": [2, 5, 0], "pivot": [-5.77455, 27.25915, -8.03245], "rotation": [0, 0, 13.22414], "uv": [4, 5], "mirror": true},
						{"origin": [-6.87944, 22.29876, -8.08245], "size": [2, 4, 0], "inflate": 0.01, "pivot": [-5.77455, 27.25915, -8.03245], "rotation": [0, 0, -39.26834], "uv": [8, 5], "mirror": true},
						{"origin": [-8.14767, 25.14723, -8.08245], "size": [2, 3, 0], "pivot": [-5.77455, 27.25915, -8.03245], "rotation": [0, 0, -74.26911], "uv": [8, 9], "mirror": true},
						{"origin": [-8.31992, 27.41521, -8.08245], "size": [3, 4, 0], "inflate": 0.01, "pivot": [-5.77455, 27.25915, -8.03245], "rotation": [0, 0, -56.76786], "uv": [0, 13], "mirror": true},
						{"origin": [-10.39242, 22.82224, -8.03245], "size": [2, 3, 0], "inflate": 0.01, "pivot": [-5.77455, 27.25915, -8.03245], "rotation": [0, 0, -24.27001], "uv": [0, 10], "mirror": true},
						{"origin": [-6.96562, 22.64142, -8.03245], "size": [2, 3, 0], "pivot": [-5.77455, 27.25915, -8.03245], "rotation": [0, 0, 33.22259], "uv": [4, 10], "mirror": true},
						{"origin": [-8.49242, 21.22224, -7.98245], "size": [3, 5, 0], "pivot": [-5.77455, 27.25915, -8.03245], "rotation": [0, 0, -24.27001], "uv": [0, 0], "mirror": true},
						{"origin": [-11.41484, 22.08476, -8.03245], "size": [2, 3, 0], "pivot": [-5.77455, 27.25915, -8.03245], "rotation": [0, 0, -44.768], "uv": [12, 5], "mirror": true},
						{"origin": [-9.70482, 16.60104, -8.08245], "size": [2, 5, 0], "inflate": 0.01, "pivot": [-5.77455, 27.25915, -8.03245], "rotation": [0, 0, -34.26878], "uv": [0, 5], "mirror": true},
						{"origin": [-12.47804, 18.60377, -8.03245], "size": [2, 5, 0], "inflate": 0.01, "pivot": [-5.77455, 27.25915, -8.03245], "rotation": [0, 0, -59.26794], "uv": [12, 0], "mirror": true}
					]
				},
				{
					"name": "eyelid_down_right",
					"parent": "eyething_right",
					"pivot": [-4.8366, 22.16107, -8.00849],
					"rotation": [0, 0, -24.27],
					"cubes": [
						{"origin": [-6.3366, 21.16107, -8.00849], "size": [3, 2, 0], "uv": [0, 26], "mirror": true}
					]
				},
				{
					"name": "eyelid_up_right",
					"parent": "eyething_right",
					"pivot": [-6.02527, 24.81708, -8.00849],
					"rotation": [0, 0, -24.27],
					"cubes": [
						{"origin": [-7.52527, 23.81708, -8.00849], "size": [3, 2, 0], "uv": [0, 24], "mirror": true}
					]
				},
				{
					"name": "eye_right",
					"parent": "eyething_right",
					"pivot": [-4.91279, 23.53432, -8.00799],
					"rotation": [0, 0, -24.5],
					"cubes": [
						{"origin": [-5.41279, 22.53432, -8.00799], "size": [1, 2, 0], "uv": [16, 0], "mirror": true}
					]
				},
				{
					"name": "eye_hair_right",
					"parent": "eyething_right",
					"pivot": [-6.43763, 24.9369, -7.92],
					"cubes": [
						{"origin": [-2.88406, 26.10151, -8.03245], "size": [2, 3, 0], "inflate": 0.01, "pivot": [-4.76466, 31.19332, -8.02392], "rotation": [0, 0, 53.22328], "uv": [8, 12], "mirror": true},
						{"origin": [-3.81461, 27.8662, -8.03245], "size": [2, 3, 0], "pivot": [-4.76466, 31.19332, -8.02392], "rotation": [0, 0, 33.22259], "uv": [6, 15], "mirror": true}
					]
				},
				{
					"name": "eye_hair_right2",
					"parent": "eye_hair_right",
					"pivot": [-2.48732, 29.30631, -8.01539],
					"cubes": [
						{"origin": [-4.64809, 29.14666, -8.01539], "size": [2, 3, 0], "inflate": 0.01, "pivot": [-4.76466, 31.16832, -8.02392], "rotation": [0, 0, -4.27322], "uv": [12, 8], "mirror": true}
					]
				},
				{
					"name": "eye_hair_right3",
					"parent": "eye_hair_right2",
					"pivot": [-5.53763, 27.2119, -7.92],
					"cubes": [
						{"origin": [-4.7256, 32.30425, -8.01539], "size": [2, 3, 0], "pivot": [-2.71698, 32.2992, -8.01539], "rotation": [0, 0, -16.77114], "uv": [12, 11], "mirror": true}
					]
				},
				{
					"name": "eye_hair_right4",
					"parent": "eye_hair_right3",
					"pivot": [-3.58174, 35.17602, -8.01539],
					"cubes": [
						{"origin": [-2.89252, 32.7259, -8.01539], "size": [2, 4, 0], "inflate": 0.01, "pivot": [-4.76466, 31.16832, -8.02392], "rotation": [0, 0, -51.76782], "uv": [12, 14], "mirror": true}
					]
				}
			]
		}
	]
}