{
	"parent": "item/handheld_rod",
	"textures": {
		"layer0": "item/fishing_rod"
	},
	"overrides": [
		{"predicate": {"cast": 1}, "model": "item/fishing_rod_cast"}
	],
	"display": {
		"thirdperson_righthand": {
			"rotation": [0, -90, -40],
			"translation": [0, 5.25, 0],
			"scale": [0.85, 0.85, 0.85]
		},
		"thirdperson_lefthand": {
			"rotation": [0, 90, 40],
			"translation": [0, 5.25, 0],
			"scale": [0.85, 0.85, 0.85]
		},
		"firstperson_righthand": {
			"rotation": [0, -90, 9],
			"translation": [1.25, 1, -2.25]
		},
		"firstperson_lefthand": {
			"rotation": [0, 90, -9],
			"translation": [1.25, 1, -2.25]
		},
		"ground": {
			"translation": [0, 2, 0],
			"scale": [0.5, 0.5, 0.5]
		},
		"head": {
			"translation": [0, 15.25, 0]
		}
	}
}