{
	"format_version": "1.8.0",
	"animations": {
		"animation.regice.ground_idle": {
			"loop": true,
			"animation_length": 2,
			"bones": {
				"torso": {
					"rotation": [0, 0, 0]
				},
				"arm_left": {
					"rotation": {
						"0.0": {
							"post": [0, 0, 45],
							"lerp_mode": "catmullrom"
						},
						"1.0": {
							"post": [0, 0, 40],
							"lerp_mode": "catmullrom"
						},
						"2.0": {
							"post": [0, 0, 45],
							"lerp_mode": "catmullrom"
						}
					}
				},
				"leg_left": {
					"rotation": [0, -7.5, 0]
				},
				"leg_right": {
					"rotation": [0, 7.5, 0]
				},
				"finger_left1_rotation": {
					"rotation": [0, 0, -27.5]
				},
				"finger_left1_rotation2": {
					"rotation": [0, 27.5, 0]
				},
				"finger_left1_rotation3": {
					"rotation": [0, -27.5, 0]
				},
				"arm_right": {
					"rotation": {
						"0.0": {
							"post": [0, 0, -45],
							"lerp_mode": "catmullrom"
						},
						"1.0": {
							"post": [0, 0, -40],
							"lerp_mode": "catmullrom"
						},
						"2.0": {
							"post": [0, 0, -45],
							"lerp_mode": "catmullrom"
						}
					}
				},
				"finger_right1_rotation": {
					"rotation": [0, 0, 27.5]
				},
				"finger_right1_rotation2": {
					"rotation": [0, -27.5, 0]
				},
				"finger_right1_rotation3": {
					"rotation": [0, 27.5, 0]
				}
			}
		},
		"animation.regice.battle_idle": {
			"loop": true,
			"animation_length": 1,
			"bones": {
				"torso": {
					"rotation": [0, 0, 0]
				},
				"arm_left": {
					"rotation": {
						"0.0": {
							"post": [0, 0, 45],
							"lerp_mode": "catmullrom"
						},
						"0.5": {
							"post": [0, 0, 40],
							"lerp_mode": "catmullrom"
						},
						"1.0": {
							"post": [0, 0, 45],
							"lerp_mode": "catmullrom"
						}
					}
				},
				"leg_left": {
					"rotation": [0, -7.5, 0]
				},
				"leg_right": {
					"rotation": [0, 7.5, 0]
				},
				"finger_left1_rotation": {
					"rotation": [0, 0, -27.5]
				},
				"finger_left1_rotation2": {
					"rotation": [0, 27.5, 0]
				},
				"finger_left1_rotation3": {
					"rotation": [0, -27.5, 0]
				},
				"arm_right": {
					"rotation": {
						"0.0": {
							"post": [0, 0, -45],
							"lerp_mode": "catmullrom"
						},
						"0.5": {
							"post": [0, 0, -40],
							"lerp_mode": "catmullrom"
						},
						"1.0": {
							"post": [0, 0, -45],
							"lerp_mode": "catmullrom"
						}
					}
				},
				"finger_right1_rotation": {
					"rotation": [0, 0, 27.5]
				},
				"finger_right1_rotation2": {
					"rotation": [0, -27.5, 0]
				},
				"finger_right1_rotation3": {
					"rotation": [0, 27.5, 0]
				}
			}
		},
		"animation.regice.blink": {
			"animation_length": 0.1667,
			"bones": {
				"eyelid_center_left": {
					"position": {
						"0.0": [0, 0, -0.1],
						"0.125": [0, 0, -0.1],
						"0.1667": [0, 0, 0]
					}
				},
				"eyelid_top_left": {
					"position": {
						"0.0": [0, 0, -0.1],
						"0.125": [0, 0, -0.1],
						"0.1667": [0, 0, 0]
					}
				},
				"eyelid_bottom_left": {
					"position": {
						"0.0": [0, 0, -0.1],
						"0.125": [0, 0, -0.1],
						"0.1667": [0, 0, 0]
					}
				},
				"eyelid_left1": {
					"position": {
						"0.0": [0, 0, -0.1],
						"0.125": [0, 0, -0.1],
						"0.1667": [0, 0, 0]
					}
				},
				"eyelid_left2": {
					"position": {
						"0.0": [0, 0, -0.1],
						"0.125": [0, 0, -0.1],
						"0.1667": [0, 0, 0]
					}
				},
				"eyelid_center_right": {
					"position": {
						"0.0": [0, 0, -0.1],
						"0.125": [0, 0, -0.1],
						"0.1667": [0, 0, 0]
					}
				},
				"eyelid_top_right": {
					"position": {
						"0.0": [0, 0, -0.1],
						"0.125": [0, 0, -0.1],
						"0.1667": [0, 0, 0]
					}
				},
				"eyelid_bottom_right": {
					"position": {
						"0.0": [0, 0, -0.1],
						"0.125": [0, 0, -0.1],
						"0.1667": [0, 0, 0]
					}
				},
				"eyelid_right1": {
					"position": {
						"0.0": [0, 0, -0.1],
						"0.125": [0, 0, -0.1],
						"0.1667": [0, 0, 0]
					}
				},
				"eyelid_right2": {
					"position": {
						"0.0": [0, 0, -0.1],
						"0.125": [0, 0, -0.1],
						"0.1667": [0, 0, 0]
					}
				}
			}
		},
		"animation.regice.ground_walk": {
			"loop": true,
			"animation_length": 1.6667,
			"bones": {
				"regice": {
					"position": {
						"0.0": [0, 0, 0],
						"0.625": [0, -1, 0],
						"0.6667": [0, 0.2, 0],
						"1.625": [0, -0.99, 0],
						"1.6667": [0, 0, 0]
					}
				},
				"torso": {
					"rotation": {
						"0.0": {
							"post": [0, 0, 0],
							"lerp_mode": "catmullrom"
						},
						"0.625": {
							"post": [0, 0, -2.5],
							"lerp_mode": "catmullrom"
						},
						"1.2917": {
							"post": [0, 0, 2.5],
							"lerp_mode": "catmullrom"
						},
						"1.6667": {
							"post": [0, 0, 0],
							"lerp_mode": "catmullrom"
						}
					},
					"position": {
						"0.0": {
							"post": [0, 0, 0],
							"lerp_mode": "catmullrom"
						},
						"0.5417": {
							"post": [0, 0.7, 0],
							"lerp_mode": "catmullrom"
						},
						"0.625": {
							"post": [0, -0.4, 0],
							"lerp_mode": "catmullrom"
						},
						"0.7083": {
							"post": [0, 0, 0],
							"lerp_mode": "catmullrom"
						},
						"1.4583": {
							"post": [0, 0.7, 0],
							"lerp_mode": "catmullrom"
						},
						"1.5417": {
							"post": [0, -0.4, 0],
							"lerp_mode": "catmullrom"
						},
						"1.6667": {
							"post": [0, 0, 0],
							"lerp_mode": "catmullrom"
						}
					}
				},
				"arm_left": {
					"rotation": {
						"0.0": {
							"post": [0, 0, 50],
							"lerp_mode": "catmullrom"
						},
						"0.5417": {
							"post": [10.29284, -7.13136, 34.3569],
							"lerp_mode": "catmullrom"
						},
						"0.8333": {
							"post": [0, 0, 40],
							"lerp_mode": "catmullrom"
						},
						"1.25": {
							"post": [10.29284, -7.13136, 34.3569],
							"lerp_mode": "catmullrom"
						},
						"1.5": {
							"post": [0, 0, 50],
							"lerp_mode": "catmullrom"
						},
						"1.6667": {
							"post": [0, 0, 50],
							"lerp_mode": "catmullrom"
						}
					},
					"position": {
						"0.0": {
							"post": [0, -0.7, 0],
							"lerp_mode": "catmullrom"
						},
						"0.5417": {
							"post": [0, 0, 0],
							"lerp_mode": "catmullrom"
						},
						"0.625": {
							"post": [0, 1.2, 0],
							"lerp_mode": "catmullrom"
						},
						"0.75": {
							"post": [0, -0.7, 0],
							"lerp_mode": "catmullrom"
						},
						"0.8333": {
							"post": [0, -0.7, 0],
							"lerp_mode": "catmullrom"
						},
						"1.5": {
							"post": [0, -0.7, 0],
							"lerp_mode": "catmullrom"
						},
						"1.5833": {
							"post": [0, 1.2, 0],
							"lerp_mode": "catmullrom"
						},
						"1.6667": {
							"post": [0, -0.7, 0],
							"lerp_mode": "catmullrom"
						}
					}
				},
				"arm_right": {
					"rotation": {
						"0.0": {
							"post": [0, 0, -50],
							"lerp_mode": "catmullrom"
						},
						"0.5417": {
							"post": [-10.26078, -11.00072, -46.50931],
							"lerp_mode": "catmullrom"
						},
						"0.75": {
							"post": [-5.11602, -5.76406, -40.26402],
							"lerp_mode": "catmullrom"
						},
						"0.8333": {
							"post": [-4.04231, -2.5047, -39.79929],
							"lerp_mode": "catmullrom"
						},
						"1.25": {
							"post": [7.68615, 9.88744, -51.83416],
							"lerp_mode": "catmullrom"
						},
						"1.5": {
							"post": [4.86677, 4.47149, -47.36701],
							"lerp_mode": "catmullrom"
						},
						"1.6667": {
							"post": [0, 0, -50],
							"lerp_mode": "catmullrom"
						}
					},
					"position": {
						"0.0": {
							"post": [0, -0.7, 0],
							"lerp_mode": "catmullrom"
						},
						"0.5417": {
							"post": [0, 0, 0],
							"lerp_mode": "catmullrom"
						},
						"0.625": {
							"post": [0, 1.2, 0],
							"lerp_mode": "catmullrom"
						},
						"0.75": {
							"post": [0, -0.7, 0],
							"lerp_mode": "catmullrom"
						},
						"0.8333": {
							"post": [0, 0, 0],
							"lerp_mode": "catmullrom"
						},
						"1.5": {
							"post": [0, 0, 0],
							"lerp_mode": "catmullrom"
						},
						"1.5833": {
							"post": [0, 1.2, 0],
							"lerp_mode": "catmullrom"
						},
						"1.6667": {
							"post": [0, -0.7, 0],
							"lerp_mode": "catmullrom"
						}
					}
				},
				"leg_left": {
					"rotation": {
						"0.0": {
							"post": [27.5, 0, 0],
							"lerp_mode": "catmullrom"
						},
						"0.5": {
							"post": [-30, 0, 0],
							"lerp_mode": "catmullrom"
						},
						"0.625": {
							"post": [-5, 0, 0],
							"lerp_mode": "catmullrom"
						},
						"0.75": {
							"post": [-5, 0, 0],
							"lerp_mode": "catmullrom"
						},
						"1.5": {
							"post": [27.5, 0, 0],
							"lerp_mode": "catmullrom"
						}
					},
					"position": {
						"0.0": {
							"post": [0, -2, 2],
							"lerp_mode": "catmullrom"
						},
						"0.5": {
							"post": [0, 1, -1],
							"lerp_mode": "catmullrom"
						},
						"0.625": {
							"post": [0, -1, -1],
							"lerp_mode": "catmullrom"
						},
						"0.75": {
							"post": [0, -1, -1],
							"lerp_mode": "catmullrom"
						},
						"1.5": {
							"post": [0, -2, 2],
							"lerp_mode": "catmullrom"
						}
					}
				},
				"leg_right": {
					"rotation": {
						"0.0": {
							"post": [-12.5, 0, 0],
							"lerp_mode": "catmullrom"
						},
						"0.7083": {
							"post": [27.5, 0, 0],
							"lerp_mode": "catmullrom"
						},
						"0.7917": {
							"post": [27.5, 0, 0],
							"lerp_mode": "catmullrom"
						},
						"1.5": {
							"post": [-38.38, 0, 0],
							"lerp_mode": "catmullrom"
						},
						"1.5833": {
							"post": [-12.5, 0, 0],
							"lerp_mode": "catmullrom"
						},
						"1.6667": {
							"post": [-12.5, 0, 0],
							"lerp_mode": "catmullrom"
						}
					},
					"position": {
						"0.0": {
							"post": [0, -1, -4],
							"lerp_mode": "catmullrom"
						},
						"0.7083": {
							"post": [0, -1, 3],
							"lerp_mode": "catmullrom"
						},
						"0.7917": {
							"post": [0, -1, 3],
							"lerp_mode": "catmullrom"
						},
						"1.5": {
							"post": [0, 2, -1.53],
							"lerp_mode": "catmullrom"
						},
						"1.5833": {
							"post": [0, -1, -4],
							"lerp_mode": "catmullrom"
						},
						"1.6667": {
							"post": [0, -1, -4],
							"lerp_mode": "catmullrom"
						}
					}
				}
			}
		},
		"animation.regice.faint": {
			"animation_length": 1.0833,
			"bones": {
				"regice": {
					"rotation": {
						"0.0": [0, 0, 0],
						"0.375": [0, 0, 0],
						"0.4583": [52.5, 0, 0],
						"0.5": [47.5, 0, 0],
						"0.5417": [52.5, 0, 0],
						"0.5833": [50, 0, 0],
						"0.625": [52.5, 0, 0]
					}
				},
				"torso": {
					"rotation": {
						"0.0": [-2.5, 0, 0],
						"0.25": [-2.5, 0, 0],
						"0.2917": [10, 0, 0],
						"0.3333": [12.5, 0, 0],
						"0.4583": [15, 0, 0]
					}
				},
				"torso_top": {
					"rotation": {
						"0.0": [0, 0, 0],
						"0.4583": [0, 0, 0],
						"0.5": [5, 0, 0],
						"0.5417": [2.5, 0, 0],
						"0.5833": [7.5, 0, 0],
						"0.6667": [62.5, 0, 0],
						"0.8333": [317.5, 0, 0],
						"0.9167": [762.5, 0, 0],
						"0.9583": [815, 0, 0],
						"1.0417": [858.33, 0, 0],
						"1.0833": [877.5, 0, 0]
					},
					"position": {
						"0.0": [0, 0, 0],
						"0.625": [0, 0, 0],
						"0.6667": [0, 20, 0],
						"0.8333": [0, 30, -8],
						"0.9167": [0, 48, -21],
						"0.9583": [0, 56, -32],
						"1.0417": [0, 58.77158, -33.63562],
						"1.0833": [0, 59, -41]
					}
				},
				"arm_left": {
					"rotation": {
						"0.0": [0, 0, 37.5],
						"0.25": [0, 0, -30],
						"0.3333": [0, 32.5, -30],
						"0.625": [0, 6.11111, -30],
						"0.7083": [0, 57.5, -30]
					}
				},
				"arm_right": {
					"rotation": {
						"0.0": [0, 0, -37.5],
						"0.25": [0, 0, 30],
						"0.3333": [0, -35, 30],
						"0.625": [0, -8.61111, 30],
						"0.7083": [0, -55, 30]
					}
				},
				"back_spike_left1": {
					"position": {
						"0.0": [0, 0, 0],
						"0.7083": [-2.46202, -0.86824, -4.26434]
					}
				},
				"back_spike_left2": {
					"position": {
						"0.0": [0, 0, 0],
						"0.7083": [-3.75877, -2.73616, -6.51038]
					}
				},
				"back_spike_right1": {
					"rotation": {
						"0.0": [0, 0, 0],
						"0.75": [0, -37.5, 0]
					},
					"position": {
						"0.0": [0, 0, 0],
						"0.75": [-2.05789, 0.17365, -2.39477]
					}
				},
				"back_spike_right2": {
					"rotation": {
						"0.0": [0, 0, 0],
						"0.7083": [0, 0, 0]
					},
					"position": {
						"0.0": [0, 0, 0],
						"0.7083": [3.75877, -2.73616, -6.51038]
					}
				},
				"leg_left": {
					"rotation": {
						"0.0": [0, 0, 0],
						"0.25": [0, 0, 0],
						"0.3333": [15, 0, 0],
						"0.75": [17.19212, 28.87909, 8.49878]
					},
					"position": {
						"0.0": [0, 0, 0],
						"0.75": [1.73205, -0.25882, -0.96593]
					}
				},
				"foot_left": {
					"position": {
						"0.0": [0, 0, 0],
						"0.75": [0, 0, -5]
					}
				},
				"leg_right": {
					"rotation": {
						"0.0": [0, 0, 0],
						"0.25": [0, 0, 0],
						"0.3333": [15, 0, 0]
					},
					"position": {
						"0.0": [0, 0, 0],
						"0.75": [0, -1.03528, -3.8637]
					}
				},
				"foot_right": {
					"position": {
						"0.0": [0, 0, 0],
						"0.75": [0, 0, -2]
					}
				}
			}
		},
		"animation.regice.cry": {
			"animation_length": 0.5,
			"bones": {
				"regice": {
					"position": {
						"0.0": [0, 0, 0],
						"0.2083": [0, 0, 0],
						"0.25": [0, -0.25, 0],
						"0.2917": [0, -0.21, 0],
						"0.3333": [0, 0.08, 0],
						"0.375": [0, -0.19, 0],
						"0.5": [0, 0, 0]
					}
				},
				"torso": {
					"rotation": {
						"0.0": [0, 0, 0],
						"0.25": [-5, 0, 0],
						"0.5": [0, 0, 0]
					}
				},
				"arm_left": {
					"rotation": {
						"0.0": [0, 0, 50],
						"0.25": [0, 0, 40],
						"0.5": [0, 0, 50]
					}
				},
				"arm_right": {
					"rotation": {
						"0.0": [0, 0, -50],
						"0.25": [0, 0, -40],
						"0.5": [0, 0, -50]
					}
				}
			}
		}
	}
}