{
  "implemented": true,
  "nationalPokedexNumber": 718,
  "name": "Zygarde",
  "primaryType": "dragon",
  "secondaryType": "ground",
  "maleRatio": -1,
  "height": 50,
  "weight": 3050,
  "pokedex": [
    "cobblemon.species.zygarde.desc"
  ],
  "labels": [
    "gen6",
    "legendary",
    "restricted"
  ],
  "aspects": [
    "50-percent"
  ],
  "abilities": [
    "aurabreak",
    "h:aurabreak"
  ],
  "eggGroups": [
    "undiscovered"
  ],
  "baseStats": {
    "hp": 108,
    "attack": 100,
    "defence": 121,
    "special_attack": 81,
    "special_defence": 95,
    "speed": 95
  },
  "evYield": {
    "hp": 3,
    "attack": 0,
    "defence": 0,
    "special_attack": 0,
    "special_defence": 0,
    "speed": 0
  },
  "baseExperienceYield": 300,
  "experienceGroup": "slow",
  "catchRate": 3,
  "eggCycles": 120,
  "baseFriendship": 0,
  "moves": [
    "1:bulldoze",
    "1:dragonbreath",
    "1:bite",
    "1:bind",
    "1:camouflage",
    "1:thousandarrows",
    "1:thousandwaves",
    "1:coreenforcer",
    "8:haze",
    "16:dig",
    "24:safeguard",
    "32:crunch",
    "40:dragonpulse",
    "48:landswrath",
    "56:glare",
    "64:sandstorm",
    "72:coil",
    "80:earthquake",
    "88:extremespeed",
    "form_change:coreenforcer",
    "form_change:dragondance",
    "form_change:extremespeed",
    "form_change:thousandarrows",
    "form_change:thousandwaves",
    "tm:bind",
    "tm:block",
    "tm:bodyslam",
    "tm:breakingswipe",
    "tm:brickbreak",
    "tm:bulldoze",
    "tm:crunch",
    "tm:dig",
    "tm:dracometeor",
    "tm:dragondance",
    "tm:dragonpulse",
    "tm:dragontail",
    "tm:earthpower",
    "tm:earthquake",
    "tm:endure",
    "tm:facade",
    "tm:focusblast",
    "tm:gigaimpact",
    "tm:grassknot",
    "tm:haze",
    "tm:highhorsepower",
    "tm:hyperbeam",
    "tm:hypervoice",
    "tm:irontail",
    "tm:outrage",
    "tm:painsplit",
    "tm:payback",
    "tm:protect",
    "tm:rest",
    "tm:retaliate",
    "tm:reversal",
    "tm:rockslide",
    "tm:rocksmash",
    "tm:safeguard",
    "tm:sandstorm",
    "tm:scaleshot",
    "tm:scorchingsands",
    "tm:shockwave",
    "tm:skittersmack",
    "tm:sleeptalk",
    "tm:sludgewave",
    "tm:spite",
    "tm:stompingtantrum",
    "tm:stoneedge",
    "tm:strength",
    "tm:substitute",
    "tm:sunnyday",
    "tm:superpower",
    "tm:swift",
    "tm:terablast",
    "tm:zenheadbutt",
    "tutor:bind",
    "tutor:block",
    "tutor:bulldoze",
    "tutor:dracometeor",
    "tutor:dragonpulse",
    "tutor:earthpower",
    "tutor:gigaimpact",
    "tutor:highhorsepower",
    "tutor:hyperbeam",
    "tutor:hypervoice",
    "tutor:irontail",
    "tutor:outrage",
    "tutor:painsplit",
    "tutor:rest",
    "tutor:rockslide",
    "tutor:rocksmash",
    "tutor:scaleshot",
    "tutor:scorchingsands",
    "tutor:shockwave",
    "tutor:skittersmack",
    "tutor:sleeptalk",
    "tutor:spite",
    "tutor:stompingtantrum",
    "tutor:stoneedge",
    "tutor:superpower",
    "tutor:swift",
    "tutor:zenheadbutt"
  ],
  "hitbox": {
   "width": 1.5,
   "height": 5,
   "fixed": false
 },
 "behaviour": {
  "moving": {
    "walk": {
      "walkSpeed": 0.22
    }
  }
},
"baseScale": 1.3,
  "evolutions": [],
  "forms": [
    {
      "name": "10%",
      "primaryType": "dragon",
      "secondaryType": "ground",
      "maleRatio": -1,
      "height": 12,
      "weight": 335,
      "pokedex": [
        "cobblemon.species.zygarde-10.desc"
      ],
      "labels": [
        "gen7",
        "legendary",
        "restricted"
      ],
      "aspects": [
        "10-percent"
      ],
      "baseStats": {
        "hp": 54,
        "attack": 100,
        "defence": 71,
        "special_attack": 61,
        "special_defence": 85,
        "speed": 115
      },
      "baseExperienceYield": 243,
      "moves": [
        "1:bulldoze",
        "1:dragonbreath",
        "1:bite",
        "1:bind",
        "1:camouflage",
        "1:thousandarrows",
        "1:thousandwaves",
        "1:coreenforcer",
        "8:haze",
        "16:dig",
        "24:safeguard",
        "32:crunch",
        "40:dragonpulse",
        "48:landswrath",
        "56:glare",
        "64:sandstorm",
        "72:coil",
        "80:earthquake",
        "88:outrage",
        "form_change:coreenforcer",
        "form_change:dragondance",
        "form_change:extremespeed",
        "form_change:thousandarrows",
        "form_change:thousandwaves",
        "tm:bind",
        "tm:block",
        "tm:bodyslam",
        "tm:breakingswipe",
        "tm:brickbreak",
        "tm:bulldoze",
        "tm:crunch",
        "tm:dig",
        "tm:dracometeor",
        "tm:dragondance",
        "tm:dragonpulse",
        "tm:dragontail",
        "tm:earthpower",
        "tm:earthquake",
        "tm:endure",
        "tm:extremespeed",
        "tm:facade",
        "tm:focusblast",
        "tm:gigaimpact",
        "tm:grassknot",
        "tm:haze",
        "tm:highhorsepower",
        "tm:hyperbeam",
        "tm:hypervoice",
        "tm:irontail",
        "tm:outrage",
        "tm:painsplit",
        "tm:payback",
        "tm:protect",
        "tm:rest",
        "tm:retaliate",
        "tm:reversal",
        "tm:rockslide",
        "tm:safeguard",
        "tm:sandstorm",
        "tm:scaleshot",
        "tm:scorchingsands",
        "tm:shockwave",
        "tm:skittersmack",
        "tm:sleeptalk",
        "tm:sludgewave",
        "tm:spite",
        "tm:stompingtantrum",
        "tm:stoneedge",
        "tm:substitute",
        "tm:sunnyday",
        "tm:superpower",
        "tm:swift",
        "tm:terablast",
        "tm:zenheadbutt",
        "tutor:bind",
        "tutor:block",
        "tutor:bulldoze",
        "tutor:dracometeor",
        "tutor:dragonpulse",
        "tutor:earthpower",
        "tutor:gigaimpact",
        "tutor:highhorsepower",
        "tutor:hyperbeam",
        "tutor:hypervoice",
        "tutor:irontail",
        "tutor:outrage",
        "tutor:painsplit",
        "tutor:rest",
        "tutor:rockslide",
        "tutor:scaleshot",
        "tutor:scorchingsands",
        "tutor:shockwave",
        "tutor:skittersmack",
        "tutor:sleeptalk",
        "tutor:spite",
        "tutor:stompingtantrum",
        "tutor:stoneedge",
        "tutor:superpower",
        "tutor:swift",
        "tutor:zenheadbutt"
      ],
       "hitbox": {
   "width": 1.5,
   "height": 1.5,
   "fixed": false
 },
 "behaviour": {
  "moving": {
    "walk": {
      "walkSpeed": 0.22
    }
  }
},
"baseScale": 0.9,
      "evolutions": [],
      "battleOnly": false
    },
    {
      "name": "10%-C",
      "primaryType": "dragon",
      "secondaryType": "ground",
      "maleRatio": -1,
      "height": 12,
      "weight": 335,
      "pokedex": [
        "cobblemon.species.zygarde-10c.desc"
      ],
      "labels": [
        "cobblemon",
        "legendary",
        "restricted"
      ],
      "aspects": [
        "power-construct",
        "10-percent"
      ],
      "abilities": [
        "powerconstruct",
        "h:powerconstruct"
      ],
      "baseStats": {
        "hp": 54,
        "attack": 100,
        "defence": 71,
        "special_attack": 61,
        "special_defence": 85,
        "speed": 115
      },
      "baseExperienceYield": 243,
      "moves": [
        "1:bulldoze",
        "1:dragonbreath",
        "1:bite",
        "1:bind",
        "1:camouflage",
        "1:thousandarrows",
        "1:thousandwaves",
        "1:coreenforcer",
        "8:haze",
        "16:dig",
        "24:safeguard",
        "32:crunch",
        "40:dragonpulse",
        "48:landswrath",
        "56:glare",
        "64:sandstorm",
        "72:coil",
        "80:earthquake",
        "88:outrage",
        "form_change:coreenforcer",
        "form_change:dragondance",
        "form_change:extremespeed",
        "form_change:thousandarrows",
        "form_change:thousandwaves",
        "tm:bind",
        "tm:block",
        "tm:bodyslam",
        "tm:breakingswipe",
        "tm:brickbreak",
        "tm:bulldoze",
        "tm:crunch",
        "tm:dig",
        "tm:dracometeor",
        "tm:dragondance",
        "tm:dragonpulse",
        "tm:dragontail",
        "tm:earthpower",
        "tm:earthquake",
        "tm:endure",
        "tm:extremespeed",
        "tm:facade",
        "tm:focusblast",
        "tm:gigaimpact",
        "tm:grassknot",
        "tm:haze",
        "tm:highhorsepower",
        "tm:hyperbeam",
        "tm:hypervoice",
        "tm:irontail",
        "tm:outrage",
        "tm:painsplit",
        "tm:payback",
        "tm:protect",
        "tm:rest",
        "tm:retaliate",
        "tm:reversal",
        "tm:rockslide",
        "tm:safeguard",
        "tm:sandstorm",
        "tm:scaleshot",
        "tm:scorchingsands",
        "tm:shockwave",
        "tm:skittersmack",
        "tm:sleeptalk",
        "tm:sludgewave",
        "tm:spite",
        "tm:stompingtantrum",
        "tm:stoneedge",
        "tm:substitute",
        "tm:sunnyday",
        "tm:superpower",
        "tm:swift",
        "tm:terablast",
        "tm:zenheadbutt",
        "tutor:bind",
        "tutor:block",
        "tutor:bulldoze",
        "tutor:dracometeor",
        "tutor:dragonpulse",
        "tutor:earthpower",
        "tutor:gigaimpact",
        "tutor:highhorsepower",
        "tutor:hyperbeam",
        "tutor:hypervoice",
        "tutor:irontail",
        "tutor:outrage",
        "tutor:painsplit",
        "tutor:rest",
        "tutor:rockslide",
        "tutor:scaleshot",
        "tutor:scorchingsands",
        "tutor:shockwave",
        "tutor:skittersmack",
        "tutor:sleeptalk",
        "tutor:spite",
        "tutor:stompingtantrum",
        "tutor:stoneedge",
        "tutor:superpower",
        "tutor:swift",
        "tutor:zenheadbutt"
      ],
      "hitbox": {
   "width": 1.5,
   "height": 1.5,
   "fixed": false
 },
 "behaviour": {
  "moving": {
    "walk": {
      "walkSpeed": 0.22
    }
  }
},
"baseScale": 0.9,
      "evolutions": [],
      "battleOnly": false
    },
    {
      "name": "50%-C",
      "primaryType": "dragon",
      "secondaryType": "ground",
      "maleRatio": -1,
      "height": 50,
      "weight": 3050,
      "pokedex": [
        "cobblemon.species.zygarde-50c.desc"
      ],
      "labels": [
        "cobblemon",
        "legendary",
        "restricted"
      ],
      "aspects": [
        "50-percent",
        "power-construct"
      ],
      "abilities": [
        "powerconstruct",
        "h:powerconstruct"
      ],
      "moves": [
        "1:bulldoze",
        "1:dragonbreath",
        "1:bite",
        "1:bind",
        "1:camouflage",
        "1:thousandarrows",
        "1:thousandwaves",
        "1:coreenforcer",
        "8:haze",
        "16:dig",
        "24:safeguard",
        "32:crunch",
        "40:dragonpulse",
        "48:landswrath",
        "56:glare",
        "64:sandstorm",
        "72:coil",
        "80:earthquake",
        "88:outrage",
        "form_change:coreenforcer",
        "form_change:dragondance",
        "form_change:extremespeed",
        "form_change:thousandarrows",
        "form_change:thousandwaves",
        "tm:bind",
        "tm:block",
        "tm:bodyslam",
        "tm:breakingswipe",
        "tm:brickbreak",
        "tm:bulldoze",
        "tm:crunch",
        "tm:dig",
        "tm:dracometeor",
        "tm:dragondance",
        "tm:dragonpulse",
        "tm:dragontail",
        "tm:earthpower",
        "tm:earthquake",
        "tm:endure",
        "tm:extremespeed",
        "tm:facade",
        "tm:focusblast",
        "tm:gigaimpact",
        "tm:grassknot",
        "tm:haze",
        "tm:highhorsepower",
        "tm:hyperbeam",
        "tm:hypervoice",
        "tm:irontail",
        "tm:outrage",
        "tm:painsplit",
        "tm:payback",
        "tm:protect",
        "tm:rest",
        "tm:retaliate",
        "tm:reversal",
        "tm:rockslide",
        "tm:safeguard",
        "tm:sandstorm",
        "tm:scaleshot",
        "tm:scorchingsands",
        "tm:shockwave",
        "tm:skittersmack",
        "tm:sleeptalk",
        "tm:sludgewave",
        "tm:spite",
        "tm:stompingtantrum",
        "tm:stoneedge",
        "tm:substitute",
        "tm:sunnyday",
        "tm:superpower",
        "tm:swift",
        "tm:terablast",
        "tm:zenheadbutt",
        "tutor:bind",
        "tutor:block",
        "tutor:bulldoze",
        "tutor:dracometeor",
        "tutor:dragonpulse",
        "tutor:earthpower",
        "tutor:gigaimpact",
        "tutor:highhorsepower",
        "tutor:hyperbeam",
        "tutor:hypervoice",
        "tutor:irontail",
        "tutor:outrage",
        "tutor:painsplit",
        "tutor:rest",
        "tutor:rockslide",
        "tutor:scaleshot",
        "tutor:scorchingsands",
        "tutor:shockwave",
        "tutor:skittersmack",
        "tutor:sleeptalk",
        "tutor:spite",
        "tutor:stompingtantrum",
        "tutor:stoneedge",
        "tutor:superpower",
        "tutor:swift",
        "tutor:zenheadbutt"
      ],
      "hitbox": {
   "width": 1.5,
   "height": 5,
   "fixed": false
 },
 "behaviour": {
  "moving": {
    "walk": {
      "walkSpeed": 0.22
    }
  }
},
"baseScale": 1.3,
      "evolutions": [],
      "battleOnly": false
    },
    {
      "name": "Complete",
      "primaryType": "dragon",
      "secondaryType": "ground",
      "maleRatio": -1,
      "height": 45,
      "weight": 6100,
      "pokedex": [
        "cobblemon.species.zygarde-complete.desc"
      ],
      "labels": [
        "gen7",
        "legendary",
        "restricted"
      ],
      "aspects": [
        "complete-percent"
      ],
      "abilities": [
        "powerconstruct",
        "h:powerconstruct"
      ],
      "baseStats": {
        "hp": 216,
        "attack": 100,
        "defence": 121,
        "special_attack": 91,
        "special_defence": 95,
        "speed": 85
      },
      "baseExperienceYield": 354,
      "moves": [
        "1:bulldoze",
        "1:dragonbreath",
        "1:bite",
        "1:bind",
        "1:camouflage",
        "1:thousandarrows",
        "1:thousandwaves",
        "1:coreenforcer",
        "8:haze",
        "16:dig",
        "24:safeguard",
        "32:crunch",
        "40:dragonpulse",
        "48:landswrath",
        "56:glare",
        "64:sandstorm",
        "72:coil",
        "80:earthquake",
        "88:outrage",
        "form_change:coreenforcer",
        "form_change:dragondance",
        "form_change:extremespeed",
        "form_change:thousandarrows",
        "form_change:thousandwaves",
        "tm:bind",
        "tm:block",
        "tm:bodyslam",
        "tm:breakingswipe",
        "tm:brickbreak",
        "tm:bulldoze",
        "tm:crunch",
        "tm:dig",
        "tm:dracometeor",
        "tm:dragondance",
        "tm:dragonpulse",
        "tm:dragontail",
        "tm:earthpower",
        "tm:earthquake",
        "tm:endure",
        "tm:extremespeed",
        "tm:facade",
        "tm:focusblast",
        "tm:gigaimpact",
        "tm:grassknot",
        "tm:haze",
        "tm:highhorsepower",
        "tm:hyperbeam",
        "tm:hypervoice",
        "tm:irontail",
        "tm:outrage",
        "tm:painsplit",
        "tm:payback",
        "tm:protect",
        "tm:rest",
        "tm:retaliate",
        "tm:reversal",
        "tm:rockslide",
        "tm:safeguard",
        "tm:sandstorm",
        "tm:scaleshot",
        "tm:scorchingsands",
        "tm:shockwave",
        "tm:skittersmack",
        "tm:sleeptalk",
        "tm:sludgewave",
        "tm:spite",
        "tm:stompingtantrum",
        "tm:stoneedge",
        "tm:substitute",
        "tm:sunnyday",
        "tm:superpower",
        "tm:swift",
        "tm:terablast",
        "tm:zenheadbutt",
        "tutor:bind",
        "tutor:block",
        "tutor:bulldoze",
        "tutor:dracometeor",
        "tutor:dragonpulse",
        "tutor:earthpower",
        "tutor:gigaimpact",
        "tutor:highhorsepower",
        "tutor:hyperbeam",
        "tutor:hypervoice",
        "tutor:irontail",
        "tutor:outrage",
        "tutor:painsplit",
        "tutor:rest",
        "tutor:rockslide",
        "tutor:scaleshot",
        "tutor:scorchingsands",
        "tutor:shockwave",
        "tutor:skittersmack",
        "tutor:sleeptalk",
        "tutor:spite",
        "tutor:stompingtantrum",
        "tutor:stoneedge",
        "tutor:superpower",
        "tutor:swift",
        "tutor:zenheadbutt"
      ],
       "hitbox": {
   "width": 3.5,
   "height": 6.5,
   "fixed": false
 },
 "behaviour": {
  "moving": {
    "walk": {
      "walkSpeed": 0.4
    }
  }
},
"baseScale": 1.4,
      "evolutions": [],
      "battleOnly": true
    }
  ]
}