{
	"format_version": "1.12.0",
	"minecraft:geometry": [
		{
			"description": {
				"identifier": "geometry.stunfiskgalar",
				"texture_width": 64,
				"texture_height": 64,
				"visible_bounds_width": 4,
				"visible_bounds_height": 1.5,
				"visible_bounds_offset": [0, 0.25, 0]
			},
			"bones": [
				{
					"name": "stunfisk",
					"pivot": [0, 0, 0]
				},
				{
					"name": "body",
					"parent": "stunfisk",
					"pivot": [0, 0, 0]
				},
				{
					"name": "head",
					"parent": "body",
					"pivot": [0, 0, -2],
					"cubes": [
						{"origin": [-6, 0, -6], "size": [12, 2, 8], "uv": [0, 0]}
					]
				},
				{
					"name": "mouth",
					"parent": "head",
					"pivot": [0, 0, 0]
				},
				{
					"name": "down",
					"parent": "mouth",
					"pivot": [0, 2, -3.5],
					"cubes": [
						{"origin": [-1, 2, -4], "size": [2, 1, 1], "uv": [24, 33]},
						{"origin": [-0.9, 2.7, -3.4], "size": [0.5, 0, 0.5], "pivot": [-0.65, 2.7, -3.15], "rotation": [0, -45, 0], "uv": [31, 23]},
						{"origin": [-0.5, 2.7, -3.4], "size": [0.5, 0, 0.5], "pivot": [-0.25, 2.7, -3.15], "rotation": [0, -45, 0], "uv": [31, 23]},
						{"origin": [0, 2.7, -3.4], "size": [0.5, 0, 0.5], "pivot": [0.25, 2.7, -3.15], "rotation": [0, -45, 0], "uv": [31, 23]},
						{"origin": [0.4, 2.7, -3.4], "size": [0.5, 0, 0.5], "pivot": [0.65, 2.7, -3.15], "rotation": [0, -45, 0], "uv": [31, 23]}
					]
				},
				{
					"name": "up",
					"parent": "mouth",
					"pivot": [0, 2.6, -2.75],
					"cubes": [
						{"origin": [-1, 2, -3], "size": [2, 1, 1], "uv": [30, 33]},
						{"origin": [-0.7, 2.7, -3.1], "size": [0.5, 0, 0.5], "pivot": [-0.45, 2.7, -2.85], "rotation": [0, -45, 0], "uv": [31, 23]},
						{"origin": [0.2, 2.7, -3.1], "size": [0.5, 0, 0.5], "pivot": [0.45, 2.7, -2.85], "rotation": [0, -45, 0], "uv": [31, 23]},
						{"origin": [-0.25, 2.7, -3.2], "size": [0.5, 0, 0.5], "pivot": [-0.05, 2.7, -2.95], "rotation": [0, -45, 0], "uv": [31, 23]}
					]
				},
				{
					"name": "eyes",
					"parent": "head",
					"pivot": [0, 2, -3],
					"cubes": [
						{"origin": [-4, 2.0126, -4], "size": [2, 0, 2], "uv": [28, 22]},
						{"origin": [2, 2.0126, -4], "size": [2, 0, 2], "uv": [28, 22]}
					]
				},
				{
					"name": "irises",
					"parent": "eyes",
					"pivot": [0, 2.01, -3.1],
					"cubes": [
						{"origin": [-3.1, 2.03, -3.3], "size": [0.5, 0, 0.5], "uv": [2, 32]},
						{"origin": [-3.35, 2.03, -3.3], "size": [0.5, 0, 0.5], "uv": [2, 32]},
						{"origin": [-3.1, 2.03, -3.1], "size": [0.5, 0, 0.5], "uv": [2, 32]},
						{"origin": [-3.35, 2.03, -3.1], "size": [0.5, 0, 0.5], "uv": [2, 32]},
						{"origin": [2.85, 2.03, -3.1], "size": [0.5, 0, 0.5], "uv": [2, 32], "mirror": true},
						{"origin": [2.6, 2.03, -3.1], "size": [0.5, 0, 0.5], "uv": [2, 32], "mirror": true},
						{"origin": [2.85, 2.03, -3.3], "size": [0.5, 0, 0.5], "uv": [2, 32], "mirror": true},
						{"origin": [2.6, 2.03, -3.3], "size": [0.5, 0, 0.5], "uv": [2, 32], "mirror": true}
					]
				},
				{
					"name": "eye_lid",
					"parent": "eyes",
					"pivot": [0, 2, -3]
				},
				{
					"name": "eye_lidr",
					"parent": "eye_lid",
					"pivot": [0, 2, -3],
					"cubes": [
						{"origin": [2, 0.02, -4], "size": [2, 1, 2], "uv": [16, 33]}
					]
				},
				{
					"name": "eye_lidl",
					"parent": "eye_lid",
					"pivot": [0, 1.02, -3],
					"cubes": [
						{"origin": [-4, 0.02, -4], "size": [2, 1, 2], "uv": [8, 33]}
					]
				},
				{
					"name": "eye_lid2",
					"parent": "eyes",
					"pivot": [0, 2, -3]
				},
				{
					"name": "eye_lidr2",
					"parent": "eye_lid2",
					"pivot": [0, 2, -3],
					"cubes": [
						{"origin": [2, 0.02, -4], "size": [2, 1, 2], "uv": [12, 4]},
						{"origin": [2.5, 1.0212, -2.4], "size": [1, 0, 1], "uv": [2, 3]}
					]
				},
				{
					"name": "eye_lidl2",
					"parent": "eye_lid2",
					"pivot": [0, 1.02, -3],
					"cubes": [
						{"origin": [-4, 0.02, -4], "size": [2, 1, 2], "uv": [6, 14]}
					]
				},
				{
					"name": "head2",
					"parent": "head",
					"pivot": [0, 1, -2],
					"cubes": [
						{"origin": [-5, 0, -7], "size": [10, 2, 1], "uv": [0, 25]}
					]
				},
				{
					"name": "fangcur1",
					"parent": "head",
					"pivot": [-5, 2, -6],
					"cubes": [
						{"origin": [-6, 2, -6], "size": [2, 2, 0], "pivot": [-5, 3, -6], "rotation": [0, 47.5, 0], "uv": [34, 10]}
					]
				},
				{
					"name": "fangmid",
					"parent": "head",
					"pivot": [0, 2, -7],
					"cubes": [
						{"origin": [-2.7, 2, -7], "size": [2, 1, 0], "uv": [20, 35]},
						{"origin": [-2.2, 3, -7], "size": [1, 1, 0], "uv": [24, 35]},
						{"origin": [0.7, 2, -7], "size": [2, 1, 0], "uv": [4, 35]},
						{"origin": [1.2, 3, -7], "size": [1, 1, 0], "uv": [26, 35]}
					]
				},
				{
					"name": "fangcur2",
					"parent": "head",
					"pivot": [5, 2, -6],
					"cubes": [
						{"origin": [4, 2, -6], "size": [2, 2, 0], "pivot": [5, 3, -6], "rotation": [0, -47.5, 0], "uv": [34, 12]}
					]
				},
				{
					"name": "torso",
					"parent": "head",
					"pivot": [0, 1, 3],
					"cubes": [
						{"origin": [-5.6, 0, 2], "size": [11, 2, 2], "uv": [0, 21]}
					]
				},
				{
					"name": "torso2",
					"parent": "torso",
					"pivot": [0, 1, 6.5],
					"cubes": [
						{"origin": [-5.6, 0, 4], "size": [11, 2, 5], "uv": [0, 10]}
					]
				},
				{
					"name": "tail",
					"parent": "torso2",
					"pivot": [0, 1, 10.75],
					"cubes": [
						{"origin": [-5.6, 0, 9], "size": [11, 2, 2], "uv": [1, 17]}
					]
				},
				{
					"name": "tail2",
					"parent": "tail",
					"pivot": [0, 1, 10.75],
					"cubes": [
						{"origin": [-5, 0, 11], "size": [10, 2, 1], "uv": [22, 25]}
					]
				},
				{
					"name": "fangmid2",
					"parent": "tail",
					"pivot": [0, 2, 12],
					"cubes": [
						{"origin": [-4.5, 2, 12], "size": [2, 1, 0], "uv": [12, 35]},
						{"origin": [-4, 3, 12], "size": [1, 1, 0], "uv": [28, 35]},
						{"origin": [-1, 2, 12], "size": [2, 1, 0], "uv": [8, 35]},
						{"origin": [-0.5, 3, 12], "size": [1, 1, 0], "uv": [30, 35]},
						{"origin": [2.5, 2, 12], "size": [2, 1, 0], "uv": [16, 35]},
						{"origin": [3, 3, 12], "size": [1, 1, 0], "uv": [32, 35]}
					]
				},
				{
					"name": "fangcur3",
					"parent": "tail",
					"pivot": [-5.35622, 2, 9.81281],
					"cubes": [
						{"origin": [-6.25622, 2, 9.81281], "size": [2, 2, 0], "pivot": [-5.25622, 3, 9.81281], "rotation": [0, -77.5, 0], "uv": [34, 14]}
					]
				},
				{
					"name": "fangcur4",
					"parent": "tail",
					"pivot": [5.3774, 2, 9.79322],
					"cubes": [
						{"origin": [4.0774, 2, 9.79322], "size": [2, 2, 0], "pivot": [5.0774, 3, 9.79322], "rotation": [0, 77.5, 0], "uv": [0, 35]}
					]
				},
				{
					"name": "pattern2",
					"parent": "torso2",
					"pivot": [-0.1, 1, 3],
					"cubes": [
						{"origin": [-1.6, 2.0124, 6.2], "size": [1, 0, 1], "uv": [2, 2]},
						{"origin": [-2.9, 2.0124, 4.8], "size": [1, 0, 2], "uv": [1, 0]},
						{"origin": [-2.5, 2.0124, 4], "size": [1, 0, 2], "uv": [1, 0]},
						{"origin": [-0.7, 2.0124, 4], "size": [1, 0, 2], "uv": [1, 2]},
						{"origin": [-0.3, 2.0124, 4.8], "size": [1, 0, 2], "uv": [1, 2]}
					]
				},
				{
					"name": "pattern3",
					"parent": "torso",
					"pivot": [-0.1, 1, 2],
					"cubes": [
						{"origin": [-1.6, 2.0124, 2.6], "size": [1, 0, 1], "uv": [2, 4]}
					]
				},
				{
					"name": "pattern",
					"parent": "head",
					"pivot": [0, 0, -2],
					"cubes": [
						{"origin": [2.5, 2.0119, 0], "size": [1, 0, 1], "uv": [2, 1]},
						{"origin": [-3.5, 2.0119, -2.2], "size": [1, 0, 1], "uv": [2, 1]},
						{"origin": [-3.5, 2.0119, -4.7], "size": [1, 0, 1], "uv": [2, 3]},
						{"origin": [1.2, 2.0119, -1.4], "size": [1, 0, 2], "uv": [1, 0]},
						{"origin": [3.8, 2.0119, -1.4], "size": [1, 0, 2], "uv": [1, 2]},
						{"origin": [-4.4, 2.0119, -4.3], "size": [1, 0, 2], "uv": [1, 0]},
						{"origin": [-2.6, 2.0119, -4.3], "size": [1, 0, 2], "uv": [1, 3]},
						{"origin": [1.6, 2.0119, -2], "size": [1, 0, 2], "uv": [1, 0]},
						{"origin": [3.4, 2.0119, -2], "size": [1, 0, 2], "uv": [1, 2]},
						{"origin": [-4.8, 2.0119, -3.6], "size": [1, 0, 2], "uv": [1, 0]},
						{"origin": [-2.2, 2.0119, -3.6], "size": [1, 0, 2], "uv": [1, 2]}
					]
				},
				{
					"name": "fin",
					"parent": "body",
					"pivot": [0, 0, 0]
				},
				{
					"name": "fin_left",
					"parent": "fin",
					"pivot": [-7.5, 1, -2.5],
					"cubes": [
						{"origin": [-9, 1, -5], "size": [3, 0, 5], "uv": [28, 17]}
					]
				},
				{
					"name": "fin_left2",
					"parent": "fin_left",
					"pivot": [-9, 1, -2.5],
					"cubes": [
						{"origin": [-12, 1, -5], "size": [3, 0, 5], "uv": [0, 28]}
					]
				},
				{
					"name": "fin_right",
					"parent": "fin",
					"pivot": [7.5, 1, -2.5],
					"cubes": [
						{"origin": [6, 1, -5], "size": [3, 0, 5], "uv": [28, 17], "mirror": true}
					]
				},
				{
					"name": "fin_right2",
					"parent": "fin_right",
					"pivot": [9, 1, -2.5],
					"cubes": [
						{"origin": [9, 1, -5], "size": [3, 0, 5], "uv": [0, 28], "mirror": true}
					]
				}
			]
		}
	]
}