{
  "species": "cobblemon:ironbundle",
  "order": 1,
  "variations": [
    {
      "aspects": [],
      "poser": "kalescollection:ironbundle",
      "model": "kalescollection:ironbundle.geo",
      "texture": "kalescollection:textures/pokemon/0991_ironbundle/ironbundle.png",
      "layers": [
        {
          "name": "emissive",
          "emissive": true,
          "texture": "kalescollection:textures/pokemon/0991_ironbundle/ironbundle_emissive.png",
          "translucent": true
        }
      ]
    },
    {
      "aspects": [
        "shiny"
      ],
      "texture": "kalescollection:textures/pokemon/0991_ironbundle/ironbundle_shiny.png",
      "layers": [
        {
          "name": "emissive",
          "emissive": true,
          "texture": "kalescollection:textures/pokemon/0991_ironbundle/ironbundle_emissive.png",
          "translucent": true
        }
      ]
    }
  ]
}