{
	"format_version": "1.8.0",
	"animations": {
		"animation.kyogre.ground_idle": {
			"loop": true,
			"bones": {
				"neck_fin_right": {
					"rotation": [0, 0, "-60+1*math.sin(q.anim_time*90*3-40)"]
				},
				"neck_fin_left": {
					"rotation": [0, 0, "60+1*math.cos(q.anim_time*90*3-40)"]
				},
				"right_fin2": {
					"rotation": [0, 0, -5]
				},
				"tail": {
					"rotation": ["-2.5+math.sin(q.anim_time*80-120)", 0, 0]
				},
				"tail3": {
					"rotation": ["-2.25+math.sin(q.anim_time*90*1-60)*1.5", 0, 0]
				},
				"tail_ruban_right": {
					"rotation": ["-2.5+Math.cos((query.anim_time - 0.0) * 180) * 1 ", 0, 0]
				},
				"tail_ruban_right6": {
					"rotation": [-17.5, 0, 0]
				},
				"tail_ruban_right7": {
					"rotation": [35, 0, 0]
				},
				"tail4": {
					"rotation": [-5, 0, 0]
				},
				"left_fin2": {
					"rotation": [0, 0, 5]
				},
				"tail_ruban_left": {
					"rotation": ["2.5+Math.cos((query.anim_time - 0.0) * 180) * 1 ", 0, 0]
				},
				"tail_ruban_left3": {
					"rotation": [7.5, 0, 0]
				},
				"tail_ruban_left6": {
					"rotation": [-2.5, 0, 0]
				},
				"tail_ruban_left7": {
					"rotation": [12.5, 0, 0]
				},
				"torso": {
					"rotation": [2.5, 0, 0]
				},
				"body": {
					"rotation": ["0.2*math.sin(q.anim_time*90*1)", 0, "0.5*math.sin(q.anim_time*90*0.5)"],
					"position": [0, -2, 0]
				},
				"dorsal_fin_right": {
					"rotation": [-7.5, 0, "-35+1*math.sin(q.anim_time*90*1-20)"],
					"position": [0, -0.5, 0]
				},
				"dorsal_fin_left": {
					"rotation": [-7.5, 0, "35+1*math.sin(q.anim_time*90*1-20)"],
					"position": [0, -0.5, 0]
				},
				"head": {
					"rotation": ["0.5*math.sin(q.anim_time*90*0.5+50)", "0.5*math.sin(q.anim_time*90*0.5+50)", 0]
				},
				"jaw": {
					"rotation": ["0.5*math.sin(q.anim_time*90*1)", 0, 0]
				},
				"right_fin": {
					"rotation": [0, 0, "-7-Math.cos((query.anim_time - 0.0) * 180) * 1 "]
				},
				"right_fin3": {
					"rotation": [0, 0, -10]
				},
				"right_fin4": {
					"rotation": [0, 0, 12.5],
					"position": [0.75, 0, 0]
				},
				"left_fin": {
					"rotation": [0, 0, "7+Math.cos((query.anim_time - 0.0) * 180) * 0.5"]
				},
				"left_fin3": {
					"rotation": [0, 0, 10]
				},
				"left_fin4": {
					"rotation": [0, 0, -12.5],
					"position": [-0.75, 0, 0]
				},
				"tail2": {
					"rotation": ["-10+math.sin(q.anim_time*90*1-0)*-1.5", 0, 0]
				},
				"tail_ruban_right2": {
					"rotation": [-7.5, 0, 0]
				},
				"tail_ruban_right3": {
					"rotation": [20, 0, 0]
				},
				"tail_ruban_right4": {
					"rotation": [-7.5, 0, 0]
				},
				"tail_ruban_right8": {
					"rotation": [-5, 0, 0]
				},
				"tail_ruban_left2": {
					"rotation": ["-2.5+Math.cos((query.anim_time - 0.0) * 180) * 1 ", 0, 0]
				},
				"tail_ruban_left4": {
					"rotation": [0, 0, 0]
				},
				"tail_ruban_left8": {
					"rotation": [-7.5, 0, 0]
				},
				"tail5": {
					"rotation": ["2.5+math.sin(q.anim_time*90*1-90)*2.5", 0, 0]
				}
			}
		},
		"animation.kyogre.blink": {
			"animation_length": 0.2083,
			"bones": {
				"eyelid_right": {
					"position": {
						"0.0": [-1, 0, 0],
						"0.1667": [0, 0, 0],
						"0.2083": [-1, 0, 0]
					}
				},
				"eyelid_left": {
					"position": {
						"0.0": [1, 0, 0],
						"0.1667": [0, 0, 0],
						"0.2083": [1, 0, 0]
					}
				}
			}
		},
		"animation.kyogre.water_swim": {
			"loop": true,
			"bones": {
				"body": {
					"rotation": ["0-math.cos(q.anim_time*90*2+45)*4", 0, 0],
					"position": [0, "0+math.sin(q.anim_time*90*2+90)*8", "0+math.sin(q.anim_time*90*2+90)*8"]
				},
				"torso": {
					"rotation": ["math.sin(q.anim_time*90*2+45)*6", 0, 0]
				},
				"neck": {
					"rotation": ["math.sin(q.anim_time*90*2+90)*2", 0, 0]
				},
				"jaw": {
					"rotation": ["7.5+math.sin(q.anim_time*90*2-120)*2", 0, 0]
				},
				"right_fin": {
					"rotation": ["0.4296-math.sin(q.anim_time*90*2-90)*3", "0.7367+math.sin(q.anim_time*90*2-45)*6", "-9.9822-math.sin(q.anim_time*90*2+90)*3"]
				},
				"right_fin2": {
					"rotation": ["0.333-math.sin(q.anim_time*90*2-90)*3", "0.3635+math.sin(q.anim_time*90*2-90)*6", "-4.9979-math.sin(q.anim_time*90*2+45)*3"],
					"position": [1, 0, 0]
				},
				"right_fin3": {
					"rotation": ["0.333-math.sin(q.anim_time*90*2-90)*3", "0.3635+math.sin(q.anim_time*90*2-90)*3", "-4.9979-math.sin(q.anim_time*90*2+45)*3"]
				},
				"right_fin4": {
					"rotation": ["0-math.sin(q.anim_time*90*2-90)*3", "0+math.sin(q.anim_time*90*2-90)*3", "0-math.sin(q.anim_time*90*2+45)*3"],
					"position": [2, 0, 0]
				},
				"left_fin": {
					"rotation": ["0.4296-math.sin(q.anim_time*90*2-90)*3", "0.7367-math.sin(q.anim_time*90*2-45)*6", "9.9822+math.sin(q.anim_time*90*2+90)*3"]
				},
				"left_fin2": {
					"rotation": ["0.333-math.sin(q.anim_time*90*2-90)*3", "-0.3635-math.sin(q.anim_time*90*2-90)*6", "4.9979+math.sin(q.anim_time*90*2+45)*3"],
					"position": [-1, 0, 0]
				},
				"left_fin3": {
					"rotation": ["0.333-math.sin(q.anim_time*90*2-90)*3", "-0.3635-math.sin(q.anim_time*90*2-90)*3", "4.9979+math.sin(q.anim_time*90*2+45)*3"],
					"position": [-1, 0, 0]
				},
				"left_fin4": {
					"rotation": ["0-math.sin(q.anim_time*90*2-90)*3", "0-math.sin(q.anim_time*90*2-90)*3", "0+math.sin(q.anim_time*90*2+45)*3"],
					"position": [-2, 0, 0]
				},
				"tail": {
					"rotation": ["math.sin(q.anim_time*90*2)*2", 0, 0]
				},
				"tail2": {
					"rotation": ["math.sin(q.anim_time*90*2-45)*4", 0, 0]
				},
				"tail3": {
					"rotation": ["math.sin(q.anim_time*90*2-120)*7", 0, 0]
				},
				"tail_ruban_right": {
					"rotation": [0, 0, 0]
				},
				"tail_ruban_right2": {
					"rotation": ["math.cos(q.anim_time*90*2+120)*15", 0, 0]
				},
				"tail_ruban_right3": {
					"rotation": ["0-math.cos(q.anim_time*90*2-45)*20", 0, 0],
					"position": [0, 0, -0.25]
				},
				"tail_ruban_right4": {
					"rotation": ["0+math.sin(q.anim_time*90*2+120)*25", 0, 0],
					"position": [0, 0, -0.25]
				},
				"tail_ruban_right6": {
					"rotation": ["math.cos(q.anim_time*90*2+120)*15", 0, 0]
				},
				"tail_ruban_right7": {
					"rotation": ["0-math.cos(q.anim_time*90*2-45)*25", 0, 0],
					"position": [0, 0, -0.25]
				},
				"tail_ruban_right8": {
					"rotation": ["0+math.sin(q.anim_time*90*2+120)*30", 0, 0],
					"position": [0, 0, -0.25]
				},
				"tail_ruban_left2": {
					"rotation": ["math.cos(q.anim_time*90*2+120)*15", 0, 0]
				},
				"tail_ruban_left3": {
					"rotation": ["0-math.cos(q.anim_time*90*2-45)*20", 0, 0],
					"position": [0, 0, -0.25]
				},
				"tail_ruban_left4": {
					"rotation": ["0+math.sin(q.anim_time*90*2+120)*25", 0, 0],
					"position": [0, 0, -0.25]
				},
				"tail_ruban_left6": {
					"rotation": ["math.cos(q.anim_time*90*2+120)*15", 0, 0]
				},
				"tail_ruban_left7": {
					"rotation": ["0-math.cos(q.anim_time*90*2-45)*20", 0, 0],
					"position": [0, 0, -0.25]
				},
				"tail_ruban_left8": {
					"rotation": ["0+math.sin(q.anim_time*90*2+120)*25", 0, 0],
					"position": [0, 0, -0.25]
				},
				"tail4": {
					"rotation": ["math.sin(q.anim_time*90*2-150)*7", 0, 0]
				},
				"tail5": {
					"rotation": ["math.sin(q.anim_time*90*2-180)*6", 0, 0]
				},
				"head": {
					"rotation": [0, 0, 0]
				}
			}
		},
		"animation.kyogre.physical": {
			"animation_length": 2,
			"bones": {
				"torso": {
					"position": {
						"0.5": [0, 0.25, 0],
						"0.5417": [0, 0, 0],
						"0.5833": [0, -0.25, 0],
						"0.625": [0, 0, 0],
						"0.6667": [0, -0.25, 0],
						"0.7083": [0, 0, 0],
						"0.75": [0, 0.25, 0],
						"0.7917": [0, 0, 0],
						"0.8333": [0, -0.25, 0],
						"0.875": [0, 0, 0],
						"0.9167": [0, -0.25, 0],
						"0.9583": [0, 0, 0],
						"1.0": [0, 0.25, 0],
						"1.0417": [0, 0, 0],
						"1.0833": [0, -0.25, 0],
						"1.125": [0, 0, 0],
						"1.1667": [0, -0.25, 0],
						"1.2083": [0, 0, 0],
						"1.25": [0, 0.25, 0],
						"1.2917": [0, 0, 0],
						"1.3333": [0, -0.25, 0],
						"1.375": [0, 0, 0],
						"1.4167": [0, -0.25, 0],
						"1.4583": [0, 0, 0],
						"1.5": [0, 0.25, 0],
						"1.5417": [0, 0, 0],
						"1.5833": [0, -0.25, 0],
						"1.625": [0, 0, 0],
						"1.6667": [0, -0.25, 0],
						"1.7083": [0, 0, 0],
						"1.75": [0, 0.25, 0],
						"1.7917": [0, 0, 0],
						"1.8333": [0, -0.25, 0],
						"1.875": [0, 0, 0],
						"2.0": [0, 0.25, 0]
					}
				},
				"neck": {
					"rotation": {
						"0.0": [0, 0, 0],
						"0.5": [2.5, 0, 0],
						"1.0": [-5, 0, 0],
						"2.0": [0, 0, 0]
					},
					"position": {
						"0.0": [0, 0, 0],
						"0.5": [0, 0, 3],
						"1.0": [0, 0, 1],
						"1.0417": [0, -0.25, 0],
						"1.0833": [0, 0, 0],
						"1.125": [0, -0.25, 0],
						"1.1667": [0, 0, 0],
						"1.2083": [0, 0.25, 0],
						"1.25": [0, 0, 0],
						"1.2917": [0, -0.25, 0],
						"1.3333": [0, 0, 0],
						"1.375": [0, -0.25, 0],
						"1.4167": [0, 0, 0],
						"1.4583": [0, 0.25, 0],
						"1.5": [0, 0, 0],
						"1.5417": [0, -0.25, 0],
						"1.5833": [0, 0, 0],
						"1.625": [0, -0.25, 0],
						"1.6667": [0, 0, 0],
						"1.7083": [0, 0.25, 0],
						"1.75": [0, 0, 0],
						"1.7917": [0, -0.25, 0],
						"1.8333": [0, 0, 0],
						"1.875": [0, -0.25, 0],
						"1.9167": [0, -0.25, 0],
						"1.9583": [0, 0, 0],
						"2.0": [0, 0, 0]
					}
				},
				"head": {
					"rotation": {
						"0.0": [0, 0, 0],
						"0.5": [0, 0, 0],
						"1.0": [-5, 0, 0],
						"2.0": [0, 0, 0]
					},
					"position": {
						"0.0": [0, 0, 0],
						"0.5": [0, 0, 0],
						"1.0": [0, 0.25, 0],
						"1.0417": [0, 0, 0],
						"1.0833": [0, -0.25, 0],
						"1.125": [0, 0, 0],
						"1.1667": [0, -0.25, 0],
						"1.2083": [0, 0, 0],
						"1.25": [0, 0.25, 0],
						"1.2917": [0, 0, 0],
						"1.3333": [0, -0.25, 0],
						"1.375": [0, 0, 0],
						"1.4167": [0, -0.25, 0],
						"1.4583": [0, 0, 0],
						"1.5": [0, 0.25, 0],
						"1.5417": [0, 0, 0],
						"1.5833": [0, -0.25, 0],
						"1.625": [0, 0, 0],
						"1.6667": [0, -0.25, 0],
						"1.7083": [0, 0, 0],
						"1.75": [0, 0.25, 0],
						"1.7917": [0, 0, 0],
						"1.8333": [0, -0.25, 0],
						"1.875": [0, 0, 0],
						"1.9167": [0, -0.25, 0],
						"1.9583": [0, 0, 0],
						"2.0": [0, 0, 0]
					}
				},
				"jaw": {
					"rotation": {
						"0.0": [0, 0, 0],
						"0.5": [0, 0, 0],
						"1.0": [27.5, 0, 0],
						"1.5": [17.5, 0, 0],
						"2.0": [0, 0, 0]
					}
				},
				"toungue": {
					"rotation": {
						"0.0": [0, 0, 0],
						"0.5": [0, 0, 0],
						"1.0": [5, 0, 0],
						"1.25": [-7.5, 0, 0],
						"1.5": [0, 0, 0],
						"2.0": [0, 0, 0]
					}
				}
			}
		},
		"animation.kyogre.special": {
			"animation_length": 2.5,
			"bones": {
				"torso": {
					"rotation": {
						"0.0": [0, 0, 0],
						"0.3125": [7.5, 0, 0],
						"0.625": [-37.5, 0, 0],
						"1.1979": [-45, 0, 0],
						"1.6667": {
							"pre": [-15, 0, 0],
							"post": [-15, 0, 0],
							"lerp_mode": "catmullrom"
						},
						"1.9792": {
							"post": [20, 0, 0],
							"lerp_mode": "catmullrom"
						},
						"2.5": {
							"post": [0, 0, 0],
							"lerp_mode": "catmullrom"
						}
					},
					"position": {
						"0.625": [0, 0.25, 0],
						"0.6771": {"pre": [0, 0.25, 0], "post": [0, 0, 0]},
						"0.7292": {"pre": [0, 0, 0], "post": [0, -0.25, 0]},
						"0.7813": {"pre": [0, -0.25, 0], "post": [0, 0, 0]},
						"0.8333": {"pre": [0, 0, 0], "post": [0, -0.25, 0]},
						"0.8854": {"pre": [0, -0.25, 0], "post": [0, 0, 0]},
						"0.9375": {"pre": [0, 0, 0], "post": [0, 0.25, 0]},
						"0.9896": {"pre": [0, 0.25, 0], "post": [0, 0, 0]},
						"1.0417": {"pre": [0, 0, 0], "post": [0, -0.25, 0]},
						"1.0938": {"pre": [0, -0.25, 0], "post": [0, 0, 0]},
						"1.1458": {"pre": [0, 0, 0], "post": [0, -0.25, 0]},
						"1.1979": {"pre": [0, -0.25, 0], "post": [0, 0, 0]},
						"1.25": {"pre": [0, 0, 0], "post": [0, 0.25, 0]},
						"1.3021": {"pre": [0, 0.25, 0], "post": [0, 0, 0]},
						"1.3542": {"pre": [0, 0, 0], "post": [0, -0.25, 0]},
						"1.4063": {"pre": [0, -0.25, 0], "post": [0, 0, 0]},
						"1.4583": {"pre": [0, 0, 0], "post": [0, -0.25, 0]},
						"1.5104": {"pre": [0, -0.25, 0], "post": [0, 0, 0]},
						"1.5625": {"pre": [0, 0, 0], "post": [0, 0.25, 0]},
						"1.6146": {"pre": [0, 0.25, 0], "post": [0, 0, 0]},
						"1.6667": {"pre": [0, 0, 0], "post": [0, -0.25, 0]},
						"1.7188": {"pre": [0, -0.25, 0], "post": [0, 0, 0]},
						"1.7708": {"pre": [0, 0, 0], "post": [0, -0.25, 0]},
						"1.8229": {"pre": [0, -0.25, 0], "post": [0, 0, 0]},
						"1.875": {"pre": [0, 0, 0], "post": [0, 0.25, 0]},
						"1.9271": {"pre": [0, 0.25, 0], "post": [0, 0, 0]},
						"1.9792": {"pre": [0, 0, 0], "post": [0, -0.25, 0]},
						"2.0313": {"pre": [0, -0.25, 0], "post": [0, 0, 0]},
						"2.0833": {"pre": [0, 0, 0], "post": [0, -0.25, 0]},
						"2.1354": {"pre": [0, -0.25, 0], "post": [0, 0, 0]},
						"2.1875": {"pre": [0, 0, 0], "post": [0, 0.25, 0]},
						"2.2396": {"pre": [0, 0.25, 0], "post": [0, 0, 0]},
						"2.2917": {"pre": [0, 0, 0], "post": [0, -0.25, 0]},
						"2.3438": {"pre": [0, -0.25, 0], "post": [0, 0, 0]},
						"2.5": {
							"pre": [0, 0.25, 0],
							"post": [0, 0.25, 0],
							"lerp_mode": "catmullrom"
						}
					}
				},
				"neck": {
					"rotation": {
						"0.0": [0, 0, 0],
						"0.625": [2.5, 0, 0],
						"1.25": [-5, 0, 0],
						"2.5": {
							"pre": [0, 0, 0],
							"post": [0, 0, 0],
							"lerp_mode": "catmullrom"
						}
					},
					"position": {
						"0.0": [0, 0, 0],
						"0.625": [0, 0, 3],
						"0.6771": [0, 0, 2.91247],
						"0.7292": [0, 0, 2.75899],
						"0.7813": [0, 0, 2.58199],
						"1.0417": [0, 0, 1.60687],
						"1.0938": [0, 0, 1.41801],
						"1.1458": [0, 0, 1.24101],
						"1.1979": [0, 0, 1.08753],
						"1.25": [0, 0, 1],
						"1.3021": [0, -0.25, 0],
						"1.3542": [0, 0, 0],
						"1.4063": [0, -0.25, 0],
						"1.4583": [0, 0, 0],
						"1.5104": [0, 0.25, 0],
						"1.5625": [0, 0, 0],
						"1.6146": [0, -0.25, 0],
						"1.6667": [0, 0, 0],
						"1.7188": [0, -0.25, 0],
						"1.7708": [0, 0, 0],
						"1.8229": [0, 0.25, 0],
						"1.875": [0, 0, 0],
						"1.9271": [0, -0.25, 0],
						"1.9792": [0, 0, 0],
						"2.0313": [0, -0.25, 0],
						"2.0833": [0, 0, 0],
						"2.1354": [0, 0.25, 0],
						"2.1875": [0, 0, 0],
						"2.2396": [0, -0.25, 0],
						"2.2917": [0, 0, 0],
						"2.3438": [0, -0.25, 0],
						"2.3958": [0, -0.25, 0],
						"2.4479": [0, 0, 0],
						"2.5": [0, 0, 0]
					}
				},
				"head": {
					"rotation": {
						"0.0": [0, 0, 0],
						"0.625": [0, 0, 0],
						"1.25": [-5, 0, 0],
						"2.5": {
							"pre": [0, 0, 0],
							"post": [0, 0, 0],
							"lerp_mode": "catmullrom"
						}
					},
					"position": {
						"0.0": [0, 0, 0],
						"0.625": [0, 0, 0],
						"1.25": [0, 0.25, 0],
						"1.3021": {"pre": [0, 0.25, 0], "post": [0, 0, 0]},
						"1.3542": {"pre": [0, 0, 0], "post": [0, -0.25, 0]},
						"1.4063": {"pre": [0, -0.25, 0], "post": [0, 0, 0]},
						"1.4583": {"pre": [0, 0, 0], "post": [0, -0.25, 0]},
						"1.5104": {"pre": [0, -0.25, 0], "post": [0, 0, 0]},
						"1.5625": {"pre": [0, 0, 0], "post": [0, 0.25, 0]},
						"1.6146": {"pre": [0, 0.25, 0], "post": [0, 0, 0]},
						"1.6667": {"pre": [0, 0, 0], "post": [0, -0.25, 0]},
						"1.7188": {"pre": [0, -0.25, 0], "post": [0, 0, 0]},
						"1.7708": {"pre": [0, 0, 0], "post": [0, -0.25, 0]},
						"1.8229": {"pre": [0, -0.25, 0], "post": [0, 0, 0]},
						"1.875": {"pre": [0, 0, 0], "post": [0, 0.25, 0]},
						"1.9271": {"pre": [0, 0.25, 0], "post": [0, 0, 0]},
						"1.9792": {"pre": [0, 0, 0], "post": [0, -0.25, 0]},
						"2.0313": {"pre": [0, -0.25, 0], "post": [0, 0, 0]},
						"2.0833": {"pre": [0, 0, 0], "post": [0, -0.25, 0]},
						"2.1354": {"pre": [0, -0.25, 0], "post": [0, 0, 0]},
						"2.1875": {"pre": [0, 0, 0], "post": [0, 0.25, 0]},
						"2.2396": {"pre": [0, 0.25, 0], "post": [0, 0, 0]},
						"2.2917": {"pre": [0, 0, 0], "post": [0, -0.25, 0]},
						"2.3438": {"pre": [0, -0.25, 0], "post": [0, 0, 0]},
						"2.3958": {"pre": [0, 0, 0], "post": [0, -0.25, 0]},
						"2.4479": {"pre": [0, -0.25, 0], "post": [0, 0, 0]},
						"2.5": {"pre": [0, 0, 0], "post": [0, 0, 0]}
					}
				},
				"jaw": {
					"rotation": {
						"0.0": [0, 0, 0],
						"0.625": [0, 0, 0],
						"1.25": [47.5, 0, 0],
						"1.875": {
							"pre": [17.5, 0, 0],
							"post": [17.5, 0, 0],
							"lerp_mode": "catmullrom"
						},
						"2.5": {
							"post": [0, 0, 0],
							"lerp_mode": "catmullrom"
						}
					}
				},
				"toungue": {
					"rotation": {
						"0.0": [0, 0, 0],
						"0.625": [0, 0, 0],
						"1.25": [5, 0, 0],
						"1.5625": {
							"pre": [-7.5, 0, 0],
							"post": [-7.5, 0, 0],
							"lerp_mode": "catmullrom"
						},
						"1.875": {
							"post": [0, 0, 0],
							"lerp_mode": "catmullrom"
						},
						"2.5": {
							"post": [0, 0, 0],
							"lerp_mode": "catmullrom"
						}
					}
				},
				"right_fin": {
					"rotation": {
						"0.0": [0, 0, 0],
						"0.3125": [0, 0, 15],
						"0.625": [0, 0, -29.64],
						"1.25": [0, 0, -9.76],
						"1.6146": {
							"pre": [0, 0, 5.59],
							"post": [0, 0, 5.59],
							"lerp_mode": "catmullrom"
						},
						"1.8229": {
							"post": [0, 0, 9.27],
							"lerp_mode": "catmullrom"
						},
						"2.0313": {
							"post": [0, 0, -1.08],
							"lerp_mode": "catmullrom"
						},
						"2.5": {
							"post": [0, 0, 0],
							"lerp_mode": "catmullrom"
						}
					}
				},
				"right_fin2": {
					"rotation": {
						"0.0": [0, 0, 0],
						"0.3125": [0, 0, 5],
						"0.625": [0, 0, -5.71],
						"1.25": [0, 0, 11.19],
						"1.6146": {
							"pre": [0, 0, 12.93],
							"post": [0, 0, 12.93],
							"lerp_mode": "catmullrom"
						},
						"1.8229": {
							"post": [0, 0, 12.39],
							"lerp_mode": "catmullrom"
						},
						"2.0313": {
							"post": [0, 0, 1.08],
							"lerp_mode": "catmullrom"
						},
						"2.5": {
							"post": [0, 0, 0],
							"lerp_mode": "catmullrom"
						}
					}
				},
				"right_fin3": {
					"rotation": {
						"0.0": [0, 0, 0],
						"0.625": [27.5, 0, 0]
					}
				},
				"right_fin4": {
					"rotation": {
						"0.0": [0, 0, 0],
						"0.3125": [0, 0, 5],
						"0.625": [4.57723, -6.06809, 12.96341],
						"0.9375": [0, 0, 5],
						"1.1979": [0, 0, 10],
						"1.6667": {
							"pre": [0, 0, 7.5],
							"post": [0, 0, 7.5],
							"lerp_mode": "catmullrom"
						},
						"1.9792": {
							"post": [0, 0, -5],
							"lerp_mode": "catmullrom"
						},
						"2.5": {
							"post": [0, 0, 0],
							"lerp_mode": "catmullrom"
						}
					}
				},
				"left_fin": {
					"rotation": {
						"0.0": [0, 0, 0],
						"0.3125": [0, 0, -15],
						"0.625": [0, 0, 29.64],
						"1.25": [0, 0, 9.76],
						"1.6146": {
							"pre": [0, 0, -5.59],
							"post": [0, 0, -5.59],
							"lerp_mode": "catmullrom"
						},
						"1.8229": {
							"post": [0, 0, -9.27],
							"lerp_mode": "catmullrom"
						},
						"2.0313": {
							"post": [0, 0, 1.08],
							"lerp_mode": "catmullrom"
						},
						"2.5": {
							"post": [0, 0, 0],
							"lerp_mode": "catmullrom"
						}
					}
				},
				"left_fin2": {
					"rotation": {
						"0.0": [0, 0, 0],
						"0.3125": [0, 0, -5],
						"0.625": [0, 0, 5.71],
						"1.25": [0, 0, -11.19],
						"1.6146": {
							"pre": [0, 0, -12.93],
							"post": [0, 0, -12.93],
							"lerp_mode": "catmullrom"
						},
						"1.8229": {
							"post": [0, 0, -12.39],
							"lerp_mode": "catmullrom"
						},
						"2.0313": {
							"post": [0, 0, 1.42],
							"lerp_mode": "catmullrom"
						},
						"2.5": {
							"post": [0, 0, 0],
							"lerp_mode": "catmullrom"
						}
					}
				},
				"left_fin3": {
					"rotation": {
						"0.0": [0, 0, 0],
						"0.625": [27.5, 0, 0]
					}
				},
				"left_fin4": {
					"rotation": {
						"0.0": [0, 0, 0],
						"0.3125": [0, 0, -5],
						"0.625": [5.3335, 13.47157, -4.98144],
						"0.9375": [0, 0, -3.99],
						"1.1979": [0, 0, -8.32],
						"1.6667": {
							"pre": [0, 0, -7.82],
							"post": [0, 0, -7.82],
							"lerp_mode": "catmullrom"
						},
						"1.9792": {
							"post": [0, 0, 5.11],
							"lerp_mode": "catmullrom"
						},
						"2.5": {
							"post": [0, 0, 0],
							"lerp_mode": "catmullrom"
						}
					}
				},
				"tail": {
					"rotation": {
						"0.0": [0, 0, 0],
						"0.3125": [5, 0, 0],
						"0.625": [-8.21, 0, 0],
						"1.1979": [-15.7, 0, 0],
						"1.6667": {
							"pre": [-2.55, 0, 0],
							"post": [-2.55, 0, 0],
							"lerp_mode": "catmullrom"
						},
						"1.9792": {
							"post": [13.41, 0, 0],
							"lerp_mode": "catmullrom"
						},
						"2.5": {
							"post": [0, 0, 0],
							"lerp_mode": "catmullrom"
						}
					}
				},
				"tail2": {
					"rotation": {
						"0.0": [0, 0, 0],
						"0.3125": [10, 0, 0],
						"0.625": [-11.43, 0, 0],
						"1.1979": [-22.94, 0, 0],
						"1.6667": {
							"pre": [-12.18, 0, 0],
							"post": [-12.18, 0, 0],
							"lerp_mode": "catmullrom"
						},
						"1.9792": {
							"post": [22.39, 0, 0],
							"lerp_mode": "catmullrom"
						},
						"2.5": {
							"post": [0, 0, 0],
							"lerp_mode": "catmullrom"
						}
					}
				},
				"tail3": {
					"rotation": {
						"0.0": [0, 0, 0],
						"0.3125": [12.5, 0, 0],
						"0.625": [-9.29, 0, 0],
						"1.1979": [-16.45, 0, 0],
						"1.6667": {
							"pre": [-8.03, 0, 0],
							"post": [-8.03, 0, 0],
							"lerp_mode": "catmullrom"
						},
						"1.9792": {
							"post": [7.48, 0, 0],
							"lerp_mode": "catmullrom"
						},
						"2.5": {
							"post": [0, 0, 0],
							"lerp_mode": "catmullrom"
						}
					}
				},
				"tail_ruban_right": {
					"rotation": {
						"0.0": [0, 0, 0],
						"0.3125": [-12.5, 0, 0],
						"0.625": [-25.71, 0, 0],
						"0.9375": [-33.92, 0, 0],
						"1.8229": {
							"pre": [-27.2, 0, 0],
							"post": [-27.2, 0, 0],
							"lerp_mode": "catmullrom"
						},
						"2.0313": {
							"post": [41.17, 0, 0],
							"lerp_mode": "catmullrom"
						},
						"2.5": {
							"post": [0, 0, 0],
							"lerp_mode": "catmullrom"
						}
					}
				},
				"tail_ruban_right2": {
					"rotation": {
						"0.0": [0, 0, 0],
						"0.3125": [-12.5, 0, 0],
						"0.625": [-25.71, 0, 0],
						"0.9375": [-33.92, 0, 0],
						"1.8229": {
							"pre": [-27.2, 0, 0],
							"post": [-27.2, 0, 0],
							"lerp_mode": "catmullrom"
						},
						"2.0313": {
							"post": [41.17, 0, 0],
							"lerp_mode": "catmullrom"
						},
						"2.5": {
							"post": [0, 0, 0],
							"lerp_mode": "catmullrom"
						}
					}
				},
				"tail_ruban_right7": {
					"rotation": {
						"0.0": [0, 0, 0],
						"0.3125": [-12.5, 0, 0],
						"0.625": [-25.71, 0, 0],
						"0.9375": [-33.92, 0, 0],
						"1.8229": {
							"pre": [-27.2, 0, 0],
							"post": [-27.2, 0, 0],
							"lerp_mode": "catmullrom"
						},
						"2.0313": {
							"post": [41.17, 0, 0],
							"lerp_mode": "catmullrom"
						},
						"2.5": {
							"post": [0, 0, 0],
							"lerp_mode": "catmullrom"
						}
					}
				},
				"tail_ruban_left": {
					"rotation": {
						"0.0": [0, 0, 0],
						"0.3125": [-12.5, 0, 0],
						"0.625": [-25.71, 0, 0],
						"0.9375": [-33.92, 0, 0],
						"1.8229": {
							"pre": [-27.2, 0, 0],
							"post": [-27.2, 0, 0],
							"lerp_mode": "catmullrom"
						},
						"2.0313": {
							"post": [41.17, 0, 0],
							"lerp_mode": "catmullrom"
						},
						"2.5": {
							"post": [0, 0, 0],
							"lerp_mode": "catmullrom"
						}
					}
				},
				"tail_ruban_left3": {
					"rotation": {
						"0.0": [0, 0, 0],
						"0.3125": [-12.5, 0, 0],
						"0.625": [-25.71, 0, 0],
						"0.9375": [-33.92, 0, 0],
						"1.8229": {
							"pre": [-27.2, 0, 0],
							"post": [-27.2, 0, 0],
							"lerp_mode": "catmullrom"
						},
						"2.0313": {
							"post": [41.17, 0, 0],
							"lerp_mode": "catmullrom"
						},
						"2.5": {
							"post": [0, 0, 0],
							"lerp_mode": "catmullrom"
						}
					}
				},
				"tail_ruban_left6": {
					"rotation": {
						"0.0": [0, 0, 0],
						"0.3125": [-12.5, 0, 0],
						"0.625": [-25.71, 0, 0],
						"0.9375": [-33.92, 0, 0],
						"1.8229": {
							"pre": [-27.2, 0, 0],
							"post": [-27.2, 0, 0],
							"lerp_mode": "catmullrom"
						},
						"2.0313": {
							"post": [41.17, 0, 0],
							"lerp_mode": "catmullrom"
						},
						"2.5": {
							"post": [0, 0, 0],
							"lerp_mode": "catmullrom"
						}
					}
				},
				"tail4": {
					"rotation": {
						"0.0": [0, 0, 0],
						"0.3125": [7.5, 0, 0],
						"0.625": [-11.07, 0, 0],
						"1.1979": [-12.69, 0, 0],
						"1.6667": {
							"pre": [-0.62, 0, 0],
							"post": [-0.62, 0, 0],
							"lerp_mode": "catmullrom"
						},
						"1.9792": {
							"post": [4.61, 0, 0],
							"lerp_mode": "catmullrom"
						},
						"2.5": {
							"post": [0, 0, 0],
							"lerp_mode": "catmullrom"
						}
					}
				}
			}
		},
		"animation.kyogre.recoil": {
			"animation_length": 0.2083,
			"bones": {
				"neck": {
					"position": {
						"0.0": {
							"post": [0, 0, 0],
							"lerp_mode": "catmullrom"
						},
						"0.0833": {
							"post": [0, 0, 1],
							"lerp_mode": "catmullrom"
						},
						"0.1667": {
							"post": [0, 0, 0],
							"lerp_mode": "catmullrom"
						}
					}
				},
				"head": {
					"rotation": {
						"0.0": {
							"post": [0, 0, 0],
							"lerp_mode": "catmullrom"
						},
						"0.0833": {
							"post": [2.5, 0, 0],
							"lerp_mode": "catmullrom"
						},
						"0.2083": {
							"post": [0, 0, 0],
							"lerp_mode": "catmullrom"
						}
					},
					"position": {
						"0.0": {
							"post": [0, 0, 0],
							"lerp_mode": "catmullrom"
						},
						"0.0833": {
							"post": [0, 0, 1],
							"lerp_mode": "catmullrom"
						},
						"0.2083": {
							"post": [0, 0, 0],
							"lerp_mode": "catmullrom"
						}
					}
				},
				"eyelid_right": {
					"position": {
						"0.0": [0, 0, 0],
						"0.0417": [-1, 0, 0],
						"0.0833": [-0.9189, 0, 0],
						"0.1667": [-0.08107, 0, 0],
						"0.2083": {
							"pre": [0, 0, 0],
							"post": [0, 0, 0],
							"lerp_mode": "catmullrom"
						}
					}
				},
				"eyelid_left": {
					"position": {
						"0.0": [0, 0, 0],
						"0.0417": [1, 0, 0],
						"0.0833": [0.9189, 0, 0],
						"0.1667": [0.08107, 0, 0],
						"0.2083": {
							"pre": [0, 0, 0],
							"post": [0, 0, 0],
							"lerp_mode": "catmullrom"
						}
					}
				},
				"jaw": {
					"rotation": {
						"0.0": [0, 0, 0],
						"0.0833": [2.5, 0, 0],
						"0.2083": [0, 0, 0]
					}
				}
			}
		},
		"animation.kyogre.faint": {
			"loop": true,
			"animation_length": 3.7083,
			"bones": {
				"body": {
					"rotation": {
						"0.25": {
							"pre": [-2.5, 0, 0],
							"post": [-2.5, 0, 0],
							"lerp_mode": "catmullrom"
						},
						"0.5": {
							"post": [-5, 0, 0],
							"lerp_mode": "catmullrom"
						}
					}
				},
				"torso": {
					"rotation": {
						"0.2083": {
							"pre": [-5, 0, 0],
							"post": [-5, 0, 0],
							"lerp_mode": "catmullrom"
						},
						"0.375": {
							"post": [-7.5, 0, 0],
							"lerp_mode": "catmullrom"
						},
						"0.5417": {
							"post": [-10, 0, 0],
							"lerp_mode": "catmullrom"
						},
						"0.7083": {
							"post": [-12.5, 0, 0],
							"lerp_mode": "catmullrom"
						},
						"0.875": {
							"post": [-15, 0, 0],
							"lerp_mode": "catmullrom"
						},
						"1.0417": {
							"post": [-17.5, 0, 0],
							"lerp_mode": "catmullrom"
						},
						"1.2083": {
							"post": [-20, 0, 0],
							"lerp_mode": "catmullrom"
						},
						"1.375": {
							"post": [-25, 0, 0],
							"lerp_mode": "catmullrom"
						},
						"1.8333": {
							"post": [-20, 0, 0],
							"lerp_mode": "catmullrom"
						},
						"2.0": {
							"post": [-15, 0, 0],
							"lerp_mode": "catmullrom"
						},
						"2.1667": {
							"post": [-10, 0, 0],
							"lerp_mode": "catmullrom"
						},
						"2.3333": {
							"post": [-5, 0, 0],
							"lerp_mode": "catmullrom"
						},
						"2.5": {
							"post": [0, 0, 0],
							"lerp_mode": "catmullrom"
						},
						"2.6667": {
							"post": [2.5, 0, 0],
							"lerp_mode": "catmullrom"
						},
						"2.8333": {
							"post": [5, 0, 0],
							"lerp_mode": "catmullrom"
						}
					},
					"position": {
						"0.0": {
							"post": [0, 0, 0],
							"lerp_mode": "catmullrom"
						}
					}
				},
				"dorsal_fin_right": {
					"rotation": {
						"0.25": {
							"pre": [-2.5, 0, 0],
							"post": [-2.5, 0, 0],
							"lerp_mode": "catmullrom"
						},
						"0.5": {
							"post": [-5, 0, 0],
							"lerp_mode": "catmullrom"
						},
						"0.7083": {
							"post": [-7.5, 0, 0],
							"lerp_mode": "catmullrom"
						},
						"1.0417": {
							"post": [-12.5, 0, 0],
							"lerp_mode": "catmullrom"
						},
						"1.375": {
							"post": [-17.5, 0, 0],
							"lerp_mode": "catmullrom"
						},
						"1.7083": {
							"post": [-22.5, 0, 0],
							"lerp_mode": "catmullrom"
						}
					}
				},
				"dorsal_fin_left": {
					"rotation": {
						"0.25": {
							"pre": [-2.5, 0, 0],
							"post": [-2.5, 0, 0],
							"lerp_mode": "catmullrom"
						},
						"0.5": {
							"post": [-5, 0, 0],
							"lerp_mode": "catmullrom"
						},
						"0.7083": {
							"post": [-7.5, 0, 0],
							"lerp_mode": "catmullrom"
						},
						"1.0417": {
							"post": [-12.5, 0, 0],
							"lerp_mode": "catmullrom"
						},
						"1.375": {
							"post": [-17.5, 0, 0],
							"lerp_mode": "catmullrom"
						},
						"1.7083": {
							"post": [-22.5, 0, 0],
							"lerp_mode": "catmullrom"
						}
					}
				},
				"neck": {
					"rotation": {
						"0.25": {
							"pre": [-5, 0, 0],
							"post": [-5, 0, 0],
							"lerp_mode": "catmullrom"
						}
					}
				},
				"head": {
					"rotation": {
						"0.25": {
							"pre": [-2.5, 0, 0],
							"post": [-2.5, 0, 0],
							"lerp_mode": "catmullrom"
						},
						"0.5": {
							"post": [-5, 0, 0],
							"lerp_mode": "catmullrom"
						},
						"0.7083": {
							"post": [-7.5, 0, 0],
							"lerp_mode": "catmullrom"
						},
						"0.9167": {
							"post": [-10, 0, 0],
							"lerp_mode": "catmullrom"
						},
						"1.125": {
							"post": [-12.5, 0, 0],
							"lerp_mode": "catmullrom"
						},
						"1.4583": {
							"post": [-7.5, 0, 0],
							"lerp_mode": "catmullrom"
						},
						"1.6667": {
							"post": [-2.5, 0, 0],
							"lerp_mode": "catmullrom"
						},
						"1.875": {
							"post": [5, 0, 0],
							"lerp_mode": "catmullrom"
						},
						"3.2083": {
							"post": [2.5, 0, 0],
							"lerp_mode": "catmullrom"
						}
					}
				},
				"jaw": {
					"rotation": {
						"0.2083": {
							"pre": [2.5, 0, 0],
							"post": [2.5, 0, 0],
							"lerp_mode": "catmullrom"
						},
						"0.375": {
							"post": [5, 0, 0],
							"lerp_mode": "catmullrom"
						},
						"0.5417": {
							"post": [7.5, 0, 0],
							"lerp_mode": "catmullrom"
						},
						"0.7083": {
							"post": [10, 0, 0],
							"lerp_mode": "catmullrom"
						},
						"0.875": {
							"post": [12.5, 0, 0],
							"lerp_mode": "catmullrom"
						},
						"1.0417": {
							"post": [15, 0, 0],
							"lerp_mode": "catmullrom"
						},
						"1.2083": {
							"post": [17.5, 0, 0],
							"lerp_mode": "catmullrom"
						},
						"1.375": {
							"post": [20, 0, 0],
							"lerp_mode": "catmullrom"
						},
						"1.5417": {
							"post": [22.5, 0, 0],
							"lerp_mode": "catmullrom"
						},
						"1.7083": {
							"post": [25, 0, 0],
							"lerp_mode": "catmullrom"
						},
						"1.8333": {
							"post": [20, 0, 0],
							"lerp_mode": "catmullrom"
						},
						"2.0": {
							"post": [17.5, 0, 0],
							"lerp_mode": "catmullrom"
						},
						"2.1667": {
							"post": [15, 0, 0],
							"lerp_mode": "catmullrom"
						},
						"2.3333": {
							"post": [7.5, 0, 0],
							"lerp_mode": "catmullrom"
						},
						"2.5": {
							"post": [-2.5, 0, 0],
							"lerp_mode": "catmullrom"
						},
						"2.7083": {
							"post": [0, 0, 0],
							"lerp_mode": "catmullrom"
						}
					}
				},
				"right_fin4": {
					"rotation": {
						"0.25": {
							"pre": [-5, 0, -2.5],
							"post": [-5, 0, -2.5],
							"lerp_mode": "catmullrom"
						},
						"0.5": {
							"post": [-4.95744, -0.65182, -9.97178],
							"lerp_mode": "catmullrom"
						},
						"0.7083": {
							"post": [-19.98667, -0.63698, -2.35886],
							"lerp_mode": "catmullrom"
						},
						"0.875": {
							"post": [-24.99098, 0.41926, -0.09291],
							"lerp_mode": "catmullrom"
						},
						"1.0417": {
							"post": [-24.98667, -0.63698, -2.35886],
							"lerp_mode": "catmullrom"
						},
						"1.2083": {
							"post": [-20.03262, -0.03665, -2.61279],
							"lerp_mode": "catmullrom"
						},
						"1.375": {
							"post": [-19.95942, -1.74738, -7.31177],
							"lerp_mode": "catmullrom"
						},
						"1.5417": {
							"post": [-19.74599, -3.44636, -12.01928],
							"lerp_mode": "catmullrom"
						},
						"2.4167": {
							"post": [3.10717, -5.12205, -16.7435],
							"lerp_mode": "catmullrom"
						}
					}
				},
				"left_fin2": {
					"rotation": {
						"0.25": {
							"pre": [-4.99527, 0.21782, 2.4905],
							"post": [-4.99527, 0.21782, 2.4905],
							"lerp_mode": "catmullrom"
						},
						"0.5": {
							"post": [-9.85108, 1.72794, 9.85108],
							"lerp_mode": "catmullrom"
						},
						"0.7083": {
							"post": [-15, 0, 0],
							"lerp_mode": "catmullrom"
						},
						"0.875": {
							"post": [-20, 0, 0],
							"lerp_mode": "catmullrom"
						},
						"1.0417": {
							"post": [-19.98247, 0.85481, 2.34941],
							"lerp_mode": "catmullrom"
						},
						"1.2083": {
							"post": [-19.9299, 1.70818, 4.69986],
							"lerp_mode": "catmullrom"
						},
						"1.375": {
							"post": [-19.71975, 3.40487, 9.40804],
							"lerp_mode": "catmullrom"
						},
						"1.5417": {
							"post": [-19.37006, 5.07855, 14.13272],
							"lerp_mode": "catmullrom"
						},
						"1.7083": {
							"post": [-18.88172, 6.71771, 18.88172],
							"lerp_mode": "catmullrom"
						}
					}
				},
				"left_fin4": {
					"rotation": {
						"0.25": {
							"pre": [0, 0, 2.5],
							"post": [0, 0, 2.5],
							"lerp_mode": "catmullrom"
						},
						"0.5": {
							"post": [0, 0, 5],
							"lerp_mode": "catmullrom"
						},
						"0.7083": {
							"post": [-5, 0, 5],
							"lerp_mode": "catmullrom"
						}
					}
				},
				"tail": {
					"rotation": {
						"0.25": {
							"pre": [-2.5, 0, 0],
							"post": [-2.5, 0, 0],
							"lerp_mode": "catmullrom"
						},
						"0.5": {
							"post": [-5, 0, 0],
							"lerp_mode": "catmullrom"
						},
						"0.7083": {
							"post": [-7.5, 0, 0],
							"lerp_mode": "catmullrom"
						},
						"0.9583": {
							"post": [-12.5, 0, 0],
							"lerp_mode": "catmullrom"
						},
						"2.4583": {
							"post": [-17.5, 0, 0],
							"lerp_mode": "catmullrom"
						}
					}
				},
				"tail2": {
					"rotation": {
						"0.25": {
							"pre": [30, 0, 0],
							"post": [30, 0, 0],
							"lerp_mode": "catmullrom"
						},
						"0.5": {
							"post": [35, 0, 0],
							"lerp_mode": "catmullrom"
						},
						"0.7083": {
							"post": [40, 0, 0],
							"lerp_mode": "catmullrom"
						},
						"0.875": {
							"post": [45, 0, 0],
							"lerp_mode": "catmullrom"
						},
						"1.0417": {
							"post": [50, 0, 0],
							"lerp_mode": "catmullrom"
						},
						"1.2083": {
							"post": [55, 0, 0],
							"lerp_mode": "catmullrom"
						},
						"1.375": {
							"post": [60, 0, 0],
							"lerp_mode": "catmullrom"
						},
						"1.5417": {
							"post": [65, 0, 0],
							"lerp_mode": "catmullrom"
						},
						"1.7083": {
							"post": [70, 0, 0],
							"lerp_mode": "catmullrom"
						}
					}
				},
				"tail3": {
					"rotation": {
						"0.25": {
							"pre": [-2.5, 0, 0],
							"post": [-2.5, 0, 0],
							"lerp_mode": "catmullrom"
						},
						"0.5": {
							"post": [-5, 0, 0],
							"lerp_mode": "catmullrom"
						},
						"0.7083": {
							"post": [-7.5, 0, 0],
							"lerp_mode": "catmullrom"
						},
						"0.875": {
							"post": [-12.5, 0, 0],
							"lerp_mode": "catmullrom"
						},
						"1.0417": {
							"post": [-17.5, 0, 0],
							"lerp_mode": "catmullrom"
						},
						"1.2083": {
							"post": [-22.5, 0, 0],
							"lerp_mode": "catmullrom"
						},
						"1.375": {
							"post": [-27.5, 0, 0],
							"lerp_mode": "catmullrom"
						},
						"1.5417": {
							"post": [-32.5, 0, 0],
							"lerp_mode": "catmullrom"
						},
						"1.7083": {
							"post": [-37.5, 0, 0],
							"lerp_mode": "catmullrom"
						},
						"1.875": {
							"post": [-42.5, 0, 0],
							"lerp_mode": "catmullrom"
						},
						"2.4583": {
							"post": [-47.5, 0, 0],
							"lerp_mode": "catmullrom"
						},
						"2.625": {
							"post": [-52.5, 0, 0],
							"lerp_mode": "catmullrom"
						},
						"2.7917": {
							"post": [-57.5, 0, 0],
							"lerp_mode": "catmullrom"
						},
						"2.9583": {
							"post": [-62.5, 0, 0],
							"lerp_mode": "catmullrom"
						}
					}
				},
				"eyelid_right": {
					"position": {
						"0.2917": {
							"pre": [-1, 0, 0],
							"post": [-1, 0, 0],
							"lerp_mode": "catmullrom"
						}
					}
				},
				"eyelid_left": {
					"position": {
						"0.2917": {
							"pre": [1, 0, 0],
							"post": [1, 0, 0],
							"lerp_mode": "catmullrom"
						}
					}
				},
				"right_fin": {
					"rotation": {
						"0.0": {
							"post": [0, 0, 0],
							"lerp_mode": "catmullrom"
						},
						"3.125": {
							"post": [-7.5, 0, 0],
							"lerp_mode": "catmullrom"
						}
					}
				},
				"right_fin2": {
					"rotation": {
						"0.0": {
							"post": [0, 0, 0],
							"lerp_mode": "catmullrom"
						},
						"1.5417": {
							"post": [0, 0, -5],
							"lerp_mode": "catmullrom"
						},
						"1.7083": {
							"post": [4.98107, 0.43523, -9.98107],
							"lerp_mode": "catmullrom"
						}
					}
				},
				"left_fin": {
					"rotation": {
						"0.0": {
							"post": [0, 0, 0],
							"lerp_mode": "catmullrom"
						},
						"1.8333": {
							"post": [5, 0, 0],
							"lerp_mode": "catmullrom"
						},
						"2.0": {
							"post": [10, 0, 0],
							"lerp_mode": "catmullrom"
						},
						"2.1667": {
							"post": [15, 0, 0],
							"lerp_mode": "catmullrom"
						},
						"2.3333": {
							"post": [20, 0, 0],
							"lerp_mode": "catmullrom"
						},
						"2.5": {
							"post": [25, 0, 0],
							"lerp_mode": "catmullrom"
						}
					}
				},
				"tail_ruban_right2": {
					"rotation": {
						"0.25": {
							"pre": [-24.07, 0, 0],
							"post": [-24.07, 0, 0],
							"lerp_mode": "catmullrom"
						},
						"0.5": {
							"post": [-33.14, 0, 0],
							"lerp_mode": "catmullrom"
						},
						"0.7083": {
							"post": [-36.32, 0, 0],
							"lerp_mode": "catmullrom"
						},
						"0.875": {
							"post": [-35.6, 0, 0],
							"lerp_mode": "catmullrom"
						},
						"1.0417": {
							"post": [-33.45, 0, 0],
							"lerp_mode": "catmullrom"
						},
						"1.2083": {
							"post": [-30.1, 0, 0],
							"lerp_mode": "catmullrom"
						},
						"1.375": {
							"post": [-25.72, 0, 0],
							"lerp_mode": "catmullrom"
						},
						"1.5417": {
							"post": [-20.43, 0, 0],
							"lerp_mode": "catmullrom"
						},
						"1.7083": {
							"post": [-14.33, 0, 0],
							"lerp_mode": "catmullrom"
						},
						"1.875": {
							"post": [-7.5, 0, 0],
							"lerp_mode": "catmullrom"
						}
					}
				},
				"tail_ruban_right3": {
					"rotation": {
						"0.25": {
							"pre": [-24.07, 0, 0],
							"post": [-24.07, 0, 0],
							"lerp_mode": "catmullrom"
						},
						"0.5": {
							"post": [-33.14, 0, 0],
							"lerp_mode": "catmullrom"
						},
						"0.7083": {
							"post": [-36.32, 0, 0],
							"lerp_mode": "catmullrom"
						},
						"0.875": {
							"post": [-35.6, 0, 0],
							"lerp_mode": "catmullrom"
						},
						"1.0417": {
							"post": [-33.45, 0, 0],
							"lerp_mode": "catmullrom"
						},
						"1.2083": {
							"post": [-30.1, 0, 0],
							"lerp_mode": "catmullrom"
						},
						"1.375": {
							"post": [-25.72, 0, 0],
							"lerp_mode": "catmullrom"
						},
						"1.5417": {
							"post": [-20.43, 0, 0],
							"lerp_mode": "catmullrom"
						},
						"1.7083": {
							"post": [-14.33, 0, 0],
							"lerp_mode": "catmullrom"
						},
						"1.875": {
							"post": [-7.5, 0, 0],
							"lerp_mode": "catmullrom"
						}
					}
				},
				"tail_ruban_right4": {
					"rotation": {
						"0.25": {
							"pre": [-24.07, 0, 0],
							"post": [-24.07, 0, 0],
							"lerp_mode": "catmullrom"
						},
						"0.5": {
							"post": [-33.14, 0, 0],
							"lerp_mode": "catmullrom"
						},
						"0.7083": {
							"post": [-36.32, 0, 0],
							"lerp_mode": "catmullrom"
						},
						"0.875": {
							"post": [-35.6, 0, 0],
							"lerp_mode": "catmullrom"
						},
						"1.0417": {
							"post": [-33.45, 0, 0],
							"lerp_mode": "catmullrom"
						},
						"1.2083": {
							"post": [-30.1, 0, 0],
							"lerp_mode": "catmullrom"
						},
						"1.375": {
							"post": [-25.72, 0, 0],
							"lerp_mode": "catmullrom"
						},
						"1.5417": {
							"post": [-20.43, 0, 0],
							"lerp_mode": "catmullrom"
						},
						"1.7083": {
							"post": [-14.33, 0, 0],
							"lerp_mode": "catmullrom"
						},
						"1.875": {
							"post": [-7.5, 0, 0],
							"lerp_mode": "catmullrom"
						}
					}
				},
				"tail_ruban_right5": {
					"rotation": {
						"0.25": {
							"pre": [-24.07, 0, 0],
							"post": [-24.07, 0, 0],
							"lerp_mode": "catmullrom"
						},
						"0.5": {
							"post": [-33.14, 0, 0],
							"lerp_mode": "catmullrom"
						},
						"0.7083": {
							"post": [-36.32, 0, 0],
							"lerp_mode": "catmullrom"
						},
						"0.875": {
							"post": [-35.6, 0, 0],
							"lerp_mode": "catmullrom"
						},
						"1.0417": {
							"post": [-33.45, 0, 0],
							"lerp_mode": "catmullrom"
						},
						"1.2083": {
							"post": [-30.1, 0, 0],
							"lerp_mode": "catmullrom"
						},
						"1.375": {
							"post": [-25.72, 0, 0],
							"lerp_mode": "catmullrom"
						},
						"1.5417": {
							"post": [-20.43, 0, 0],
							"lerp_mode": "catmullrom"
						},
						"1.7083": {
							"post": [-14.33, 0, 0],
							"lerp_mode": "catmullrom"
						},
						"1.875": {
							"post": [-7.5, 0, 0],
							"lerp_mode": "catmullrom"
						}
					}
				},
				"tail_ruban_right8": {
					"rotation": {
						"0.25": {
							"pre": [-24.07, 0, 0],
							"post": [-24.07, 0, 0],
							"lerp_mode": "catmullrom"
						},
						"0.5": {
							"post": [-33.14, 0, 0],
							"lerp_mode": "catmullrom"
						},
						"0.7083": {
							"post": [-36.32, 0, 0],
							"lerp_mode": "catmullrom"
						},
						"0.875": {
							"post": [-35.6, 0, 0],
							"lerp_mode": "catmullrom"
						},
						"1.0417": {
							"post": [-33.45, 0, 0],
							"lerp_mode": "catmullrom"
						},
						"1.2083": {
							"post": [-30.1, 0, 0],
							"lerp_mode": "catmullrom"
						},
						"1.375": {
							"post": [-25.72, 0, 0],
							"lerp_mode": "catmullrom"
						},
						"1.5417": {
							"post": [-20.43, 0, 0],
							"lerp_mode": "catmullrom"
						},
						"1.7083": {
							"post": [-14.33, 0, 0],
							"lerp_mode": "catmullrom"
						},
						"1.875": {
							"post": [-7.5, 0, 0],
							"lerp_mode": "catmullrom"
						}
					}
				},
				"tail_ruban_left2": {
					"rotation": {
						"0.25": {
							"pre": [-24.07, 0, 0],
							"post": [-24.07, 0, 0],
							"lerp_mode": "catmullrom"
						},
						"0.5": {
							"post": [-33.14, 0, 0],
							"lerp_mode": "catmullrom"
						},
						"0.7083": {
							"post": [-36.32, 0, 0],
							"lerp_mode": "catmullrom"
						},
						"0.875": {
							"post": [-35.6, 0, 0],
							"lerp_mode": "catmullrom"
						},
						"1.0417": {
							"post": [-33.45, 0, 0],
							"lerp_mode": "catmullrom"
						},
						"1.2083": {
							"post": [-30.1, 0, 0],
							"lerp_mode": "catmullrom"
						},
						"1.375": {
							"post": [-25.72, 0, 0],
							"lerp_mode": "catmullrom"
						},
						"1.5417": {
							"post": [-20.43, 0, 0],
							"lerp_mode": "catmullrom"
						},
						"1.7083": {
							"post": [-14.33, 0, 0],
							"lerp_mode": "catmullrom"
						},
						"1.875": {
							"post": [-7.5, 0, 0],
							"lerp_mode": "catmullrom"
						}
					}
				},
				"tail_ruban_left4": {
					"rotation": {
						"0.25": {
							"pre": [-24.07, 0, 0],
							"post": [-24.07, 0, 0],
							"lerp_mode": "catmullrom"
						},
						"0.5": {
							"post": [-33.14, 0, 0],
							"lerp_mode": "catmullrom"
						},
						"0.7083": {
							"post": [-36.32, 0, 0],
							"lerp_mode": "catmullrom"
						},
						"0.875": {
							"post": [-35.6, 0, 0],
							"lerp_mode": "catmullrom"
						},
						"1.0417": {
							"post": [-33.45, 0, 0],
							"lerp_mode": "catmullrom"
						},
						"1.2083": {
							"post": [-30.1, 0, 0],
							"lerp_mode": "catmullrom"
						},
						"1.375": {
							"post": [-25.72, 0, 0],
							"lerp_mode": "catmullrom"
						},
						"1.5417": {
							"post": [-20.43, 0, 0],
							"lerp_mode": "catmullrom"
						},
						"1.7083": {
							"post": [-14.33, 0, 0],
							"lerp_mode": "catmullrom"
						},
						"1.875": {
							"post": [-7.5, 0, 0],
							"lerp_mode": "catmullrom"
						}
					}
				},
				"tail_ruban_left5": {
					"rotation": {
						"0.25": {
							"pre": [-24.07, 0, 0],
							"post": [-24.07, 0, 0],
							"lerp_mode": "catmullrom"
						},
						"0.5": {
							"post": [-33.14, 0, 0],
							"lerp_mode": "catmullrom"
						},
						"0.7083": {
							"post": [-36.32, 0, 0],
							"lerp_mode": "catmullrom"
						},
						"0.875": {
							"post": [-35.6, 0, 0],
							"lerp_mode": "catmullrom"
						},
						"1.0417": {
							"post": [-33.45, 0, 0],
							"lerp_mode": "catmullrom"
						},
						"1.2083": {
							"post": [-30.1, 0, 0],
							"lerp_mode": "catmullrom"
						},
						"1.375": {
							"post": [-25.72, 0, 0],
							"lerp_mode": "catmullrom"
						},
						"1.5417": {
							"post": [-20.43, 0, 0],
							"lerp_mode": "catmullrom"
						},
						"1.7083": {
							"post": [-14.33, 0, 0],
							"lerp_mode": "catmullrom"
						},
						"1.875": {
							"post": [-7.5, 0, 0],
							"lerp_mode": "catmullrom"
						}
					}
				},
				"tail_ruban_left8": {
					"rotation": {
						"0.25": {
							"pre": [-24.07, 0, 0],
							"post": [-24.07, 0, 0],
							"lerp_mode": "catmullrom"
						},
						"0.5": {
							"post": [-33.14, 0, 0],
							"lerp_mode": "catmullrom"
						},
						"0.7083": {
							"post": [-36.32, 0, 0],
							"lerp_mode": "catmullrom"
						},
						"0.875": {
							"post": [-35.6, 0, 0],
							"lerp_mode": "catmullrom"
						},
						"1.0417": {
							"post": [-33.45, 0, 0],
							"lerp_mode": "catmullrom"
						},
						"1.2083": {
							"post": [-30.1, 0, 0],
							"lerp_mode": "catmullrom"
						},
						"1.375": {
							"post": [-25.72, 0, 0],
							"lerp_mode": "catmullrom"
						},
						"1.5417": {
							"post": [-20.43, 0, 0],
							"lerp_mode": "catmullrom"
						},
						"1.7083": {
							"post": [-14.33, 0, 0],
							"lerp_mode": "catmullrom"
						},
						"1.875": {
							"post": [-7.5, 0, 0],
							"lerp_mode": "catmullrom"
						}
					}
				},
				"tail5": {
					"rotation": {
						"0.25": {
							"pre": [5, 0, 0],
							"post": [5, 0, 0],
							"lerp_mode": "catmullrom"
						},
						"0.5": {
							"post": [7.5, 0, 0],
							"lerp_mode": "catmullrom"
						},
						"0.7083": {
							"post": [10, 0, 0],
							"lerp_mode": "catmullrom"
						},
						"0.875": {
							"post": [5, 0, 0],
							"lerp_mode": "catmullrom"
						},
						"1.0417": {
							"post": [-2.5, 0, 0],
							"lerp_mode": "catmullrom"
						},
						"1.2083": {
							"post": [-7.5, 0, 0],
							"lerp_mode": "catmullrom"
						},
						"1.375": {
							"post": [-12.5, 0, 0],
							"lerp_mode": "catmullrom"
						},
						"1.5417": {
							"post": [-17.5, 0, 0],
							"lerp_mode": "catmullrom"
						}
					}
				}
			}
		},
		"animation.kyogre.water_idle": {
			"loop": true,
			"bones": {
				"torso": {
					"rotation": ["math.sin(q.anim_time*90*1-0)*1.2", 0, "math.sin(q.anim_time*45*1-0)*1.5"],
					"position": [0, "-math.sin(q.anim_time*90*1-90)*0.7", 0]
				},
				"tail": {
					"rotation": ["-3+math.sin(q.anim_time*90*1-60)*1.5", 0, 0]
				},
				"tail2": {
					"rotation": ["5+math.sin(q.anim_time*90*1-120)*0.5", 0, 0]
				},
				"tail3": {
					"rotation": ["math.sin(q.anim_time*90*1-150)*2.5", 0, 0]
				},
				"dorsal_fin_right": {
					"rotation": ["-8+math.sin(q.anim_time*90*1-60)*1.5", 0, 0]
				},
				"dorsal_fin_left": {
					"rotation": ["-8+math.sin(q.anim_time*90*1-60)*1.5", 0, 0]
				},
				"right_fin": {
					"rotation": ["math.sin(q.anim_time*90*1-0)*-3.5", "22.5+math.sin(q.anim_time*90*1-90)*5", 0]
				},
				"right_fin4": {
					"rotation": [0, "2.5+math.sin(q.anim_time*90*1-150)*0.25", 0]
				},
				"left_fin": {
					"rotation": ["math.sin(q.anim_time*90*1-0)*-3.5", "-22.5+math.sin(q.anim_time*90*1-90)*-5", 0]
				},
				"left_fin4": {
					"rotation": [0, "-2.5+math.sin(q.anim_time*90*1-150)*-0.25", 0]
				},
				"tail_ruban_right": {
					"rotation": ["math.sin(q.anim_time*90*1-180)*5.5", 0, 0]
				},
				"tail_ruban_right2": {
					"rotation": ["math.sin(q.anim_time*90*1-180)*5.5", 0, 0]
				},
				"tail_ruban_right4": {
					"rotation": ["math.sin(q.anim_time*90*1-180)*5.5", 0, 0]
				},
				"tail_ruban_right6": {
					"rotation": ["math.sin(q.anim_time*90*1-180)*5.5", 0, 0]
				},
				"tail_ruban_right8": {
					"rotation": ["math.sin(q.anim_time*90*1-180)*5.5", 0, 0]
				},
				"tail_ruban_left": {
					"rotation": ["math.sin(q.anim_time*90*1-180)*5.5", 0, 0]
				},
				"tail_ruban_left2": {
					"rotation": ["math.sin(q.anim_time*90*1-180)*5.5", 0, 0]
				},
				"tail_ruban_left4": {
					"rotation": ["math.sin(q.anim_time*90*1-180)*5.5", 0, 0]
				},
				"tail_ruban_left6": {
					"rotation": ["math.sin(q.anim_time*90*1-180)*5.5", 0, 0]
				},
				"tail_ruban_left8": {
					"rotation": ["math.sin(q.anim_time*90*1-180)*5.5", 0, 0]
				},
				"tail4": {
					"rotation": ["math.sin(q.anim_time*90*1-180)*3", 0, 0]
				},
				"tail5": {
					"rotation": ["math.sin(q.anim_time*90*1-180)*5.5", 0, 0]
				}
			}
		},
		"animation.kyogre.water_battle_idle": {
			"loop": true,
			"bones": {
				"jaw": {
					"rotation": ["12.5+math.sin(q.anim_time*90*1-30)*2.5", 0, 0]
				},
				"torso": {
					"rotation": ["math.sin(q.anim_time*90*1-0)*2", 0, "math.sin(q.anim_time*45*1-0)*1"],
					"position": [0, "math.sin(q.anim_time*90*1-60)*1", 0]
				},
				"dorsal_fin_right": {
					"rotation": ["-3+math.sin(q.anim_time*90*1-60)*1.5", "0+math.sin(q.anim_time*90*2-120)*1.5", 0]
				},
				"dorsal_fin_left": {
					"rotation": ["-3+math.sin(q.anim_time*90*1-60)*1.5", "0+math.sin(q.anim_time*90*2-120)*1.5", 0]
				},
				"right_fin": {
					"rotation": ["math.sin(q.anim_time*90*1-0)*-7.5", "25+math.sin(q.anim_time*90*1-90)*5", 0]
				},
				"right_fin4": {
					"rotation": [0, "2.5+math.sin(q.anim_time*90*1-150)*0.5", 0]
				},
				"left_fin": {
					"rotation": ["math.sin(q.anim_time*90*1-0)*-7.5", "-25+math.sin(q.anim_time*90*1-90)*-5", 0]
				},
				"left_fin4": {
					"rotation": [0, "-2.5+math.sin(q.anim_time*90*1-150)*-0.5", 0]
				},
				"tail": {
					"rotation": ["-3+math.sin(q.anim_time*90*1-60)*1.5", "0+math.sin(q.anim_time*90*2-120)*1.5", 0]
				},
				"tail2": {
					"rotation": ["5+math.sin(q.anim_time*90*1-120)*2.5", "0+math.sin(q.anim_time*90*2-180)*3", 0]
				},
				"tail3": {
					"rotation": ["5+math.sin(q.anim_time*90*1-120)*2.5", "0+math.sin(q.anim_time*90*2-180)*3", 0]
				},
				"tail_ruban_right": {
					"rotation": ["math.sin(q.anim_time*90*1-180)*10", 0, 0]
				},
				"tail_ruban_right4": {
					"rotation": ["math.sin(q.anim_time*90*1-180)*10", 0, 0]
				},
				"tail_ruban_right8": {
					"rotation": ["math.sin(q.anim_time*90*1-180)*10", 0, 0]
				},
				"tail_ruban_left": {
					"rotation": ["math.sin(q.anim_time*90*1-180)*10", 0, 0]
				},
				"tail_ruban_left4": {
					"rotation": ["math.sin(q.anim_time*90*1-180)*10", 0, 0]
				},
				"tail_ruban_left8": {
					"rotation": ["math.sin(q.anim_time*90*1-180)*10", 0, 0]
				},
				"tail4": {
					"rotation": ["math.sin(q.anim_time*90*1-150)*10", "math.sin(q.anim_time*90*2-240)*7.5", "math.sin(q.anim_time*90*1-90)*5"]
				},
				"tail5": {
					"rotation": ["math.sin(q.anim_time*90*1-180)*12.5", "math.sin(q.anim_time*90*2-300)*7.5", "math.sin(q.anim_time*90*1-120)*7.5"]
				}
			}
		},
		"animation.kyogre.cry": {
			"animation_length": 2,
			"bones": {
				"torso": {
					"position": {
						"0.5": [0, 0.25, 0],
						"0.5417": [0, 0, 0],
						"0.5833": [0, -0.25, 0],
						"0.625": [0, 0, 0],
						"0.6667": [0, -0.25, 0],
						"0.7083": [0, 0, 0],
						"0.75": [0, 0.25, 0],
						"0.7917": [0, 0, 0],
						"0.8333": [0, -0.25, 0],
						"0.875": [0, 0, 0],
						"0.9167": [0, -0.25, 0],
						"0.9583": [0, 0, 0],
						"1.0": [0, 0.25, 0],
						"1.0417": [0, 0, 0],
						"1.0833": [0, -0.25, 0],
						"1.125": [0, 0, 0],
						"1.1667": [0, -0.25, 0],
						"1.2083": [0, 0, 0],
						"1.25": [0, 0.25, 0],
						"1.2917": [0, 0, 0],
						"1.3333": [0, -0.25, 0],
						"1.375": [0, 0, 0],
						"1.4167": [0, -0.25, 0],
						"1.4583": [0, 0, 0],
						"1.5": [0, 0.25, 0],
						"1.5417": [0, 0, 0],
						"1.5833": [0, -0.25, 0],
						"1.625": [0, 0, 0],
						"1.6667": [0, -0.25, 0],
						"1.7083": [0, 0, 0],
						"1.75": [0, 0.25, 0],
						"1.7917": [0, 0, 0],
						"1.8333": [0, -0.25, 0],
						"1.875": [0, 0, 0],
						"2.0": [0, 0.25, 0]
					}
				},
				"neck": {
					"rotation": {
						"0.0": [0, 0, 0],
						"0.5": [2.5, 0, 0],
						"1.0": [-5, 0, 0],
						"2.0": [0, 0, 0]
					},
					"position": {
						"0.0": [0, 0, 0],
						"0.5": [0, 0, 3],
						"1.0": [0, 0, 1],
						"1.0417": [0, -0.25, 0],
						"1.0833": [0, 0, 0],
						"1.125": [0, -0.25, 0],
						"1.1667": [0, 0, 0],
						"1.2083": [0, 0.25, 0],
						"1.25": [0, 0, 0],
						"1.2917": [0, -0.25, 0],
						"1.3333": [0, 0, 0],
						"1.375": [0, -0.25, 0],
						"1.4167": [0, 0, 0],
						"1.4583": [0, 0.25, 0],
						"1.5": [0, 0, 0],
						"1.5417": [0, -0.25, 0],
						"1.5833": [0, 0, 0],
						"1.625": [0, -0.25, 0],
						"1.6667": [0, 0, 0],
						"1.7083": [0, 0.25, 0],
						"1.75": [0, 0, 0],
						"1.7917": [0, -0.25, 0],
						"1.8333": [0, 0, 0],
						"1.875": [0, -0.25, 0],
						"1.9167": [0, -0.25, 0],
						"1.9583": [0, 0, 0],
						"2.0": [0, 0, 0]
					}
				},
				"head": {
					"rotation": {
						"0.0": [0, 0, 0],
						"0.5": [0, 0, 0],
						"1.0": [-5, 0, 0],
						"2.0": [0, 0, 0]
					},
					"position": {
						"0.0": [0, 0, 0],
						"0.5": [0, 0, 0],
						"1.0": [0, 0.25, 0],
						"1.0417": [0, 0, 0],
						"1.0833": [0, -0.25, 0],
						"1.125": [0, 0, 0],
						"1.1667": [0, -0.25, 0],
						"1.2083": [0, 0, 0],
						"1.25": [0, 0.25, 0],
						"1.2917": [0, 0, 0],
						"1.3333": [0, -0.25, 0],
						"1.375": [0, 0, 0],
						"1.4167": [0, -0.25, 0],
						"1.4583": [0, 0, 0],
						"1.5": [0, 0.25, 0],
						"1.5417": [0, 0, 0],
						"1.5833": [0, -0.25, 0],
						"1.625": [0, 0, 0],
						"1.6667": [0, -0.25, 0],
						"1.7083": [0, 0, 0],
						"1.75": [0, 0.25, 0],
						"1.7917": [0, 0, 0],
						"1.8333": [0, -0.25, 0],
						"1.875": [0, 0, 0],
						"1.9167": [0, -0.25, 0],
						"1.9583": [0, 0, 0],
						"2.0": [0, 0, 0]
					}
				},
				"eyelid_right": {
					"position": {
						"0.0": [-1, 0, 0],
						"0.4167": [-1, 0, 0],
						"0.5": {
							"pre": [0, 0, 0],
							"post": [0, 0, 0],
							"lerp_mode": "catmullrom"
						}
					}
				},
				"eyelid_left": {
					"position": {
						"0.0": [1, 0, 0],
						"0.4167": [1, 0, 0],
						"0.5": {
							"pre": [0, 0, 0],
							"post": [0, 0, 0],
							"lerp_mode": "catmullrom"
						}
					}
				},
				"jaw": {
					"rotation": {
						"0.0": [0, 0, 0],
						"0.5": [0, 0, 0],
						"1.0": [27.5, 0, 0],
						"1.5": [17.5, 0, 0],
						"2.0": [0, 0, 0]
					}
				},
				"toungue": {
					"rotation": {
						"0.0": [0, 0, 0],
						"0.5": [0, 0, 0],
						"1.0": [5, 0, 0],
						"1.25": [-7.5, 0, 0],
						"1.5": [0, 0, 0],
						"2.0": [0, 0, 0]
					}
				}
			}
		},
		"animation.kyogre.water_cry": {
			"animation_length": 2.5,
			"bones": {
				"body": {
					"rotation": {
						"0.0": {
							"post": [0, 0, 0],
							"lerp_mode": "catmullrom"
						},
						"1.875": {
							"post": [0, 0, 0],
							"lerp_mode": "catmullrom"
						},
						"2.0833": {
							"post": [10, 0, 0],
							"lerp_mode": "catmullrom"
						},
						"2.5": {
							"post": [0, 0, 0],
							"lerp_mode": "catmullrom"
						}
					},
					"position": {
						"0.0": {
							"post": [0, 0, 0],
							"lerp_mode": "catmullrom"
						},
						"0.3125": {
							"post": [0, -37, 0],
							"lerp_mode": "catmullrom"
						},
						"0.7292": {
							"post": [0, 9.05, 0],
							"lerp_mode": "catmullrom"
						},
						"1.0938": {
							"post": [0, 11.19, 0],
							"lerp_mode": "catmullrom"
						},
						"1.3021": {
							"post": [0, 10.53, 0],
							"lerp_mode": "catmullrom"
						},
						"1.4583": {
							"post": [0, 3.16, 0],
							"lerp_mode": "catmullrom"
						},
						"1.6667": {
							"post": [0, -6.47, 0],
							"lerp_mode": "catmullrom"
						},
						"1.875": {
							"post": [0, -30.85, 0],
							"lerp_mode": "catmullrom"
						},
						"2.0833": {
							"post": [0, -5.57, 0],
							"lerp_mode": "catmullrom"
						},
						"2.5": {
							"post": [0, 0, 0],
							"lerp_mode": "catmullrom"
						}
					}
				},
				"torso": {
					"rotation": {
						"0.0": [0, 0, 0],
						"0.3125": [7.5, 0, 0],
						"0.625": [-37.5, 0, 0],
						"1.1979": [-45, 0, 0],
						"1.9792": {
							"pre": [20, 0, 0],
							"post": [20, 0, 0],
							"lerp_mode": "catmullrom"
						},
						"2.5": {
							"post": [0, 0, 0],
							"lerp_mode": "catmullrom"
						}
					},
					"position": {
						"0.625": [0, 0.25, 0],
						"0.6771": {"pre": [0, 0.25, 0], "post": [0, 0, 0]},
						"0.7292": {"pre": [0, 0, 0], "post": [0, -0.25, 0]},
						"0.7813": {"pre": [0, -0.25, 0], "post": [0, 0, 0]},
						"0.8333": {"pre": [0, 0, 0], "post": [0, -0.25, 0]},
						"0.8854": {"pre": [0, -0.25, 0], "post": [0, 0, 0]},
						"0.9375": {"pre": [0, 0, 0], "post": [0, 0.25, 0]},
						"0.9896": {"pre": [0, 0.25, 0], "post": [0, 0, 0]},
						"1.0417": {"pre": [0, 0, 0], "post": [0, -0.25, 0]},
						"1.0938": {"pre": [0, -0.25, 0], "post": [0, 0, 0]},
						"1.1458": {"pre": [0, 0, 0], "post": [0, -0.25, 0]},
						"1.1979": {"pre": [0, -0.25, 0], "post": [0, 0, 0]},
						"1.25": {"pre": [0, 0, 0], "post": [0, 0.25, 0]},
						"1.3021": {"pre": [0, 0.25, 0], "post": [0, 0, 0]},
						"1.3542": {"pre": [0, 0, 0], "post": [0, -0.25, 0]},
						"1.4063": {"pre": [0, -0.25, 0], "post": [0, 0, 0]},
						"1.4583": {"pre": [0, 0, 0], "post": [0, -0.25, 0]},
						"1.5104": {"pre": [0, -0.25, 0], "post": [0, 0, 0]},
						"1.5625": {"pre": [0, 0, 0], "post": [0, 0.25, 0]},
						"1.6146": {"pre": [0, 0.25, 0], "post": [0, 0, 0]},
						"1.6667": {"pre": [0, 0, 0], "post": [0, -0.25, 0]},
						"1.7188": {"pre": [0, -0.25, 0], "post": [0, 0, 0]},
						"1.7708": {"pre": [0, 0, 0], "post": [0, -0.25, 0]},
						"1.8229": {"pre": [0, -0.25, 0], "post": [0, 0, 0]},
						"1.875": {"pre": [0, 0, 0], "post": [0, 0.25, 0]},
						"1.9271": {"pre": [0, 0.25, 0], "post": [0, 0, 0]},
						"1.9792": {"pre": [0, 0, 0], "post": [0, -0.25, 0]},
						"2.0313": {"pre": [0, -0.25, 0], "post": [0, 0, 0]},
						"2.0833": {"pre": [0, 0, 0], "post": [0, -0.25, 0]},
						"2.1354": {"pre": [0, -0.25, 0], "post": [0, 0, 0]},
						"2.1875": {"pre": [0, 0, 0], "post": [0, 0.25, 0]},
						"2.2396": {"pre": [0, 0.25, 0], "post": [0, 0, 0]},
						"2.2917": {"pre": [0, 0, 0], "post": [0, -0.25, 0]},
						"2.3438": {"pre": [0, -0.25, 0], "post": [0, 0, 0]},
						"2.5": {
							"pre": [0, 0.25, 0],
							"post": [0, 0.25, 0],
							"lerp_mode": "catmullrom"
						}
					}
				},
				"neck": {
					"rotation": {
						"0.0": [0, 0, 0],
						"0.625": [2.5, 0, 0],
						"1.25": [-5, 0, 0],
						"2.5": {
							"pre": [0, 0, 0],
							"post": [0, 0, 0],
							"lerp_mode": "catmullrom"
						}
					},
					"position": {
						"0.0": [0, 0, 0],
						"0.625": [0, 0, 3],
						"0.6771": [0, 0, 2.91247],
						"0.7292": [0, 0, 2.75899],
						"0.7813": [0, 0, 2.58199],
						"1.0417": [0, 0, 1.60687],
						"1.0938": [0, 0, 1.41801],
						"1.1458": [0, 0, 1.24101],
						"1.1979": [0, 0, 1.08753],
						"1.25": [0, 0, 1],
						"1.3021": [0, -0.25, 0],
						"1.3542": [0, 0, 0],
						"1.4063": [0, -0.25, 0],
						"1.4583": [0, 0, 0],
						"1.5104": [0, 0.25, 0],
						"1.5625": [0, 0, 0],
						"1.6146": [0, -0.25, 0],
						"1.6667": [0, 0, 0],
						"1.7188": [0, -0.25, 0],
						"1.7708": [0, 0, 0],
						"1.8229": [0, 0.25, 0],
						"1.875": [0, 0, 0],
						"1.9271": [0, -0.25, 0],
						"1.9792": [0, 0, 0],
						"2.0313": [0, -0.25, 0],
						"2.0833": [0, 0, 0],
						"2.1354": [0, 0.25, 0],
						"2.1875": [0, 0, 0],
						"2.2396": [0, -0.25, 0],
						"2.2917": [0, 0, 0],
						"2.3438": [0, -0.25, 0],
						"2.3958": [0, -0.25, 0],
						"2.4479": [0, 0, 0],
						"2.5": [0, 0, 0]
					}
				},
				"head": {
					"rotation": {
						"0.0": [0, 0, 0],
						"0.625": [0, 0, 0],
						"1.25": [-5, 0, 0],
						"2.5": {
							"pre": [0, 0, 0],
							"post": [0, 0, 0],
							"lerp_mode": "catmullrom"
						}
					},
					"position": {
						"0.0": [0, 0, 0],
						"0.625": [0, 0, 0],
						"1.25": [0, 0.25, 0],
						"1.3021": {"pre": [0, 0.25, 0], "post": [0, 0, 0]},
						"1.3542": {"pre": [0, 0, 0], "post": [0, -0.25, 0]},
						"1.4063": {"pre": [0, -0.25, 0], "post": [0, 0, 0]},
						"1.4583": {"pre": [0, 0, 0], "post": [0, -0.25, 0]},
						"1.5104": {"pre": [0, -0.25, 0], "post": [0, 0, 0]},
						"1.5625": {"pre": [0, 0, 0], "post": [0, 0.25, 0]},
						"1.6146": {"pre": [0, 0.25, 0], "post": [0, 0, 0]},
						"1.6667": {"pre": [0, 0, 0], "post": [0, -0.25, 0]},
						"1.7188": {"pre": [0, -0.25, 0], "post": [0, 0, 0]},
						"1.7708": {"pre": [0, 0, 0], "post": [0, -0.25, 0]},
						"1.8229": {"pre": [0, -0.25, 0], "post": [0, 0, 0]},
						"1.875": {"pre": [0, 0, 0], "post": [0, 0.25, 0]},
						"1.9271": {"pre": [0, 0.25, 0], "post": [0, 0, 0]},
						"1.9792": {"pre": [0, 0, 0], "post": [0, -0.25, 0]},
						"2.0313": {"pre": [0, -0.25, 0], "post": [0, 0, 0]},
						"2.0833": {"pre": [0, 0, 0], "post": [0, -0.25, 0]},
						"2.1354": {"pre": [0, -0.25, 0], "post": [0, 0, 0]},
						"2.1875": {"pre": [0, 0, 0], "post": [0, 0.25, 0]},
						"2.2396": {"pre": [0, 0.25, 0], "post": [0, 0, 0]},
						"2.2917": {"pre": [0, 0, 0], "post": [0, -0.25, 0]},
						"2.3438": {"pre": [0, -0.25, 0], "post": [0, 0, 0]},
						"2.3958": {"pre": [0, 0, 0], "post": [0, -0.25, 0]},
						"2.4479": {"pre": [0, -0.25, 0], "post": [0, 0, 0]},
						"2.5": {"pre": [0, 0, 0], "post": [0, 0, 0]}
					}
				},
				"eyelid_right": {
					"position": {
						"0.0": [-1, 0, 0],
						"0.5208": [-1, 0, 0],
						"0.625": {
							"pre": [0, 0, 0],
							"post": [0, 0, 0],
							"lerp_mode": "catmullrom"
						}
					}
				},
				"eyelid_left": {
					"position": {
						"0.0": [1, 0, 0],
						"0.5208": [1, 0, 0],
						"0.625": {
							"pre": [0, 0, 0],
							"post": [0, 0, 0],
							"lerp_mode": "catmullrom"
						}
					}
				},
				"jaw": {
					"rotation": {
						"0.0": [0, 0, 0],
						"0.625": [0, 0, 0],
						"1.25": [47.5, 0, 0],
						"1.875": {
							"pre": [17.5, 0, 0],
							"post": [17.5, 0, 0],
							"lerp_mode": "catmullrom"
						},
						"2.5": {
							"post": [0, 0, 0],
							"lerp_mode": "catmullrom"
						}
					}
				},
				"toungue": {
					"rotation": {
						"0.0": [0, 0, 0],
						"0.625": [0, 0, 0],
						"1.25": [5, 0, 0],
						"1.5625": {
							"pre": [-7.5, 0, 0],
							"post": [-7.5, 0, 0],
							"lerp_mode": "catmullrom"
						},
						"1.875": {
							"post": [0, 0, 0],
							"lerp_mode": "catmullrom"
						},
						"2.5": {
							"post": [0, 0, 0],
							"lerp_mode": "catmullrom"
						}
					}
				},
				"right_fin": {
					"rotation": {
						"0.0": [0, 0, 0],
						"0.3125": [0, 0, 15],
						"0.625": [0, 0, -29.64],
						"1.25": [0, 0, -9.76],
						"1.6146": {
							"pre": [0, 0, 5.59],
							"post": [0, 0, 5.59],
							"lerp_mode": "catmullrom"
						},
						"1.8229": {
							"post": [0, 0, 9.27],
							"lerp_mode": "catmullrom"
						},
						"2.0313": {
							"post": [0, 0, -1.08],
							"lerp_mode": "catmullrom"
						},
						"2.5": {
							"post": [0, 0, 0],
							"lerp_mode": "catmullrom"
						}
					}
				},
				"right_fin2": {
					"rotation": {
						"0.0": [0, 0, 0],
						"0.3125": [0, 0, 5],
						"0.625": [0, 0, -5.71],
						"1.25": [0, 0, 11.19],
						"1.6146": {
							"pre": [0, 0, 12.93],
							"post": [0, 0, 12.93],
							"lerp_mode": "catmullrom"
						},
						"1.8229": {
							"post": [0, 0, 12.39],
							"lerp_mode": "catmullrom"
						},
						"2.0313": {
							"post": [0, 0, 1.08],
							"lerp_mode": "catmullrom"
						},
						"2.5": {
							"post": [0, 0, 0],
							"lerp_mode": "catmullrom"
						}
					}
				},
				"right_fin4": {
					"rotation": {
						"0.0": [0, 0, 0],
						"0.3125": [0, 0, 5],
						"0.625": [0, 0, -15],
						"0.9375": [0, 0, 5],
						"1.1979": [0, 0, 10],
						"1.6667": {
							"pre": [0, 0, 7.5],
							"post": [0, 0, 7.5],
							"lerp_mode": "catmullrom"
						},
						"1.9792": {
							"post": [0, 0, -5],
							"lerp_mode": "catmullrom"
						},
						"2.5": {
							"post": [0, 0, 0],
							"lerp_mode": "catmullrom"
						}
					}
				},
				"left_fin": {
					"rotation": {
						"0.0": [0, 0, 0],
						"0.3125": [0, 0, -15],
						"0.625": [0, 0, 29.64],
						"1.25": [0, 0, 9.76],
						"1.6146": {
							"pre": [0, 0, -5.59],
							"post": [0, 0, -5.59],
							"lerp_mode": "catmullrom"
						},
						"1.8229": {
							"post": [0, 0, -9.27],
							"lerp_mode": "catmullrom"
						},
						"2.0313": {
							"post": [0, 0, 1.08],
							"lerp_mode": "catmullrom"
						},
						"2.5": {
							"post": [0, 0, 0],
							"lerp_mode": "catmullrom"
						}
					}
				},
				"left_fin2": {
					"rotation": {
						"0.0": [0, 0, 0],
						"0.3125": [0, 0, -5],
						"0.625": [0, 0, 5.71],
						"1.25": [0, 0, -11.19],
						"1.6146": {
							"pre": [0, 0, -12.93],
							"post": [0, 0, -12.93],
							"lerp_mode": "catmullrom"
						},
						"1.8229": {
							"post": [0, 0, -12.39],
							"lerp_mode": "catmullrom"
						},
						"2.0313": {
							"post": [0, 0, 1.42],
							"lerp_mode": "catmullrom"
						},
						"2.5": {
							"post": [0, 0, 0],
							"lerp_mode": "catmullrom"
						}
					}
				},
				"left_fin4": {
					"rotation": {
						"0.0": [0, 0, 0],
						"0.3125": [0, 0, -5],
						"0.625": [0, 0, 13.21],
						"0.9375": [0, 0, -3.99],
						"1.1979": [0, 0, -8.32],
						"1.6667": {
							"pre": [0, 0, -7.82],
							"post": [0, 0, -7.82],
							"lerp_mode": "catmullrom"
						},
						"1.9792": {
							"post": [0, 0, 5.11],
							"lerp_mode": "catmullrom"
						},
						"2.5": {
							"post": [0, 0, 0],
							"lerp_mode": "catmullrom"
						}
					}
				},
				"tail": {
					"rotation": {
						"0.0": [0, 0, 0],
						"0.3125": [5, 0, 0],
						"0.625": [-8.21, 0, 0],
						"1.1979": [-15.7, 0, 0],
						"1.6667": {
							"pre": [-2.55, 0, 0],
							"post": [-2.55, 0, 0],
							"lerp_mode": "catmullrom"
						},
						"2.0625": {
							"post": [13.41, 0, 0],
							"lerp_mode": "catmullrom"
						},
						"2.5": {
							"post": [0, 0, 0],
							"lerp_mode": "catmullrom"
						}
					}
				},
				"tail2": {
					"rotation": {
						"0.0": [0, 0, 0],
						"0.3125": [10, 0, 0],
						"0.625": [-11.43, 0, 0],
						"1.1979": [-22.94, 0, 0],
						"1.7083": {
							"pre": [-12.18, 0, 0],
							"post": [-12.18, 0, 0],
							"lerp_mode": "catmullrom"
						},
						"2.5": {
							"post": [0, 0, 0],
							"lerp_mode": "catmullrom"
						}
					}
				},
				"tail3": {
					"rotation": {
						"0.0": [0, 0, 0],
						"0.3125": [12.5, 0, 0],
						"0.625": [-9.29, 0, 0],
						"1.1979": [-16.45, 0, 0],
						"1.6667": {
							"pre": [-8.03, 0, 0],
							"post": [-8.03, 0, 0],
							"lerp_mode": "catmullrom"
						},
						"2.5": {
							"post": [0, 0, 0],
							"lerp_mode": "catmullrom"
						}
					}
				},
				"tail_ruban_right": {
					"rotation": {
						"0.0": [0, 0, 0],
						"0.3125": [-12.5, 0, 0],
						"0.625": [-25.71, 0, 0],
						"0.9375": [-33.92, 0, 0],
						"1.8229": {
							"pre": [0.3, 0, 0],
							"post": [-27.2, 0, 0],
							"lerp_mode": "catmullrom"
						},
						"2.5": {
							"post": [0, 0, 0],
							"lerp_mode": "catmullrom"
						}
					}
				},
				"tail_ruban_right2": {
					"rotation": {
						"0.0": [0, 0, 0],
						"0.3125": [-12.5, 0, 0],
						"0.625": [-25.71, 0, 0],
						"0.9375": [-33.92, 0, 0],
						"1.8229": {
							"pre": [-12.2, 0, 0],
							"post": [-27.2, 0, 0],
							"lerp_mode": "catmullrom"
						},
						"2.1354": {
							"post": [6.82, 0, 0],
							"lerp_mode": "catmullrom"
						},
						"2.5": {
							"post": [0, 0, 0],
							"lerp_mode": "catmullrom"
						}
					}
				},
				"tail_ruban_right7": {
					"rotation": {
						"0.0": [0, 0, 0],
						"0.3125": [-12.5, 0, 0],
						"0.625": [-25.71, 0, 0],
						"0.9375": [-33.92, 0, 0],
						"1.8229": {
							"pre": [-2.2, 0, 0],
							"post": [-27.2, 0, 0],
							"lerp_mode": "catmullrom"
						},
						"2.1354": {
							"post": [6.82, 0, 0],
							"lerp_mode": "catmullrom"
						},
						"2.5": {
							"post": [0, 0, 0],
							"lerp_mode": "catmullrom"
						}
					}
				},
				"tail_ruban_left": {
					"rotation": {
						"0.0": [0, 0, 0],
						"0.3125": [-12.5, 0, 0],
						"0.625": [-25.71, 0, 0],
						"0.9375": [-33.92, 0, 0],
						"1.8229": {
							"pre": [-7.2, 0, 0],
							"post": [-27.2, 0, 0],
							"lerp_mode": "catmullrom"
						},
						"2.5": {
							"post": [0, 0, 0],
							"lerp_mode": "catmullrom"
						}
					}
				},
				"tail_ruban_left3": {
					"rotation": {
						"0.0": [0, 0, 0],
						"0.3125": [-12.5, 0, 0],
						"0.625": [-25.71, 0, 0],
						"0.9375": [-33.92, 0, 0],
						"1.8229": {
							"pre": [-17.2, 0, 0],
							"post": [-27.2, 0, 0],
							"lerp_mode": "catmullrom"
						},
						"2.1354": {
							"post": [9.32, 0, 0],
							"lerp_mode": "catmullrom"
						},
						"2.5": {
							"post": [0, 0, 0],
							"lerp_mode": "catmullrom"
						}
					}
				},
				"tail_ruban_left6": {
					"rotation": {
						"0.0": [0, 0, 0],
						"0.3125": [-12.5, 0, 0],
						"0.625": [-25.71, 0, 0],
						"0.9375": [-33.92, 0, 0],
						"1.8229": {
							"pre": [-17.2, 0, 0],
							"post": [-27.2, 0, 0],
							"lerp_mode": "catmullrom"
						},
						"2.1354": {
							"post": [6.82, 0, 0],
							"lerp_mode": "catmullrom"
						},
						"2.5": {
							"post": [0, 0, 0],
							"lerp_mode": "catmullrom"
						}
					}
				},
				"tail4": {
					"rotation": {
						"0.0": [0, 0, 0],
						"0.3125": [7.5, 0, 0],
						"0.625": [-11.07, 0, 0],
						"1.1979": [-12.69, 0, 0],
						"1.6667": {
							"pre": [-0.62, 0, 0],
							"post": [-0.62, 0, 0],
							"lerp_mode": "catmullrom"
						},
						"2.5": {
							"post": [0, 0, 0],
							"lerp_mode": "catmullrom"
						}
					}
				},
				"kyogre": {
					"rotation": {
						"0.0": [0, 0, 0],
						"0.9063": [5, 0, 0],
						"1.3646": [16.06, 0, 0],
						"1.625": [24.88, 0, 0],
						"1.8021": [27.34, 0, 0],
						"2.2708": [-61.02, 0, 0],
						"2.5": [0, 0, 0]
					},
					"position": {
						"0.0": [0, 0, 0],
						"0.9063": [0, 11, -18],
						"1.3646": [0, 2.84, -6.82],
						"1.6146": [0, -3.79, -19.32],
						"1.8125": [0, -16.94, -28],
						"1.9479": [0, -71.6, -22.48],
						"2.125": [0, -74.63, -15.27],
						"2.5": [0, 0, 0]
					}
				}
			}
		},
		"animation.kyogre.ground_walk": {
			"loop": true,
			"animation_length": 1.5,
			"bones": {
				"body": {
					"rotation": [-2.5, 0, 0],
					"position": {
						"0.0": [0, 0, 0],
						"0.5": [0, 0, 10.8],
						"1.0": {
							"pre": [0, 2, 4],
							"post": [0, 2, 4],
							"lerp_mode": "catmullrom"
						},
						"1.5": {
							"post": [0, 0, 0],
							"lerp_mode": "catmullrom"
						}
					}
				},
				"torso": {
					"rotation": {
						"0.0": [3, 0, 0],
						"1.0833": [3, 0, 0],
						"1.3333": {
							"pre": [-2.5, 0, 0],
							"post": [-2.5, 0, 0],
							"lerp_mode": "catmullrom"
						},
						"1.5": [3, 0, 0]
					},
					"position": {
						"0.0": [0, "0+math.sin(q.anim_time*90*40-0)*0.5", 0],
						"0.125": [0, 0, 0],
						"1.5": [0, "0+math.sin(q.anim_time*90*40-0)*0.5", 0]
					},
					"scale": {
						"0.0": [1, 1, 1],
						"1.5": [1, 1, 1]
					}
				},
				"right_fin": {
					"rotation": {
						"0.0": [-9.47625, 25.61935, -9.24845],
						"0.5": [-3.80942, 23.019, 7.08104],
						"0.6667": [0.1184, 29.44973, 15.18726],
						"1.0417": {
							"pre": [-25.66394, 44.44265, -28.06778],
							"post": [-25.66394, 44.44265, -28.06778],
							"lerp_mode": "catmullrom"
						},
						"1.25": {
							"post": [-15, 55, -17.5],
							"lerp_mode": "catmullrom"
						},
						"1.5": {
							"post": [-9.47625, 25.61935, -9.24845],
							"lerp_mode": "catmullrom"
						}
					}
				},
				"right_fin4": {
					"rotation": {
						"0.0": {
							"post": [0, 15, -7.5],
							"lerp_mode": "catmullrom"
						},
						"0.875": {
							"post": [0, 0, 0],
							"lerp_mode": "catmullrom"
						},
						"1.0833": {
							"post": [0, -17.5, 10],
							"lerp_mode": "catmullrom"
						},
						"1.5": {
							"post": [0, 15, -7.5],
							"lerp_mode": "catmullrom"
						}
					},
					"position": {
						"0.0": [7, 0, 0],
						"1.5": [7, 0, 0]
					}
				},
				"left_fin": {
					"rotation": {
						"0.0": [-9.9261, -30.54798, 10.20314],
						"0.5": [-2.2849, -28.51888, -6.90601],
						"0.6667": [2.56306, -33.59866, -15.66622],
						"1.0417": {
							"pre": [-25.39794, -45.5087, 28.2851],
							"post": [-25.39794, -45.5087, 28.2851],
							"lerp_mode": "catmullrom"
						},
						"1.25": {
							"post": [-15, -55, 17.5],
							"lerp_mode": "catmullrom"
						},
						"1.5": [-9.9261, -30.54798, 10.20314]
					}
				},
				"left_fin4": {
					"rotation": {
						"0.0": {
							"post": [0, -15, 7.5],
							"lerp_mode": "catmullrom"
						},
						"0.875": {
							"post": [0, 0, 0],
							"lerp_mode": "catmullrom"
						},
						"1.0833": {
							"post": [0, 17.5, -10],
							"lerp_mode": "catmullrom"
						},
						"1.5": {
							"post": [0, -15, 7.5],
							"lerp_mode": "catmullrom"
						}
					},
					"position": {
						"0.0": [-7, 0, 0],
						"1.5": [-7, 0, 0]
					}
				},
				"tail": {
					"rotation": {
						"0.0": {
							"post": [-0.5, 0, 0],
							"lerp_mode": "catmullrom"
						},
						"1.0833": {
							"post": [7.5, 0, 0],
							"lerp_mode": "catmullrom"
						},
						"1.2917": {
							"post": [5, 0, 0],
							"lerp_mode": "catmullrom"
						},
						"1.5": {
							"post": [-0.5, 0, 0],
							"lerp_mode": "catmullrom"
						}
					},
					"position": {
						"0.0": {
							"post": [0, 0, 0],
							"lerp_mode": "catmullrom"
						},
						"1.0833": {
							"post": [0, 0, -1],
							"lerp_mode": "catmullrom"
						},
						"1.2917": {
							"post": [0, 0, 0],
							"lerp_mode": "catmullrom"
						},
						"1.5": {
							"post": [0, 0, 0],
							"lerp_mode": "catmullrom"
						}
					}
				},
				"tail2": {
					"rotation": {
						"0.0": {
							"post": [-1.5, 0, 0],
							"lerp_mode": "catmullrom"
						},
						"0.0417": {
							"post": [-2.5, 0, 0],
							"lerp_mode": "catmullrom"
						},
						"1.0833": {
							"post": [-5, 0, 0],
							"lerp_mode": "catmullrom"
						},
						"1.3333": {
							"post": [2.5, 0, 0],
							"lerp_mode": "catmullrom"
						},
						"1.5": {
							"post": [-1.5, 0, 0],
							"lerp_mode": "catmullrom"
						}
					},
					"position": {
						"0.0": {
							"post": [0, 0, 0],
							"lerp_mode": "catmullrom"
						},
						"1.0833": {
							"post": [0, 0, -1],
							"lerp_mode": "catmullrom"
						},
						"1.3333": {
							"post": [0, 0, 0],
							"lerp_mode": "catmullrom"
						},
						"1.5": {
							"post": [0, 0, 0],
							"lerp_mode": "catmullrom"
						}
					}
				},
				"tail3": {
					"rotation": {
						"0.0": {
							"post": [-7.5, 0, 0],
							"lerp_mode": "catmullrom"
						},
						"0.0833": {
							"post": [-9.5, 0, 0],
							"lerp_mode": "catmullrom"
						},
						"1.0833": {
							"post": [-17.6, 0, 0],
							"lerp_mode": "catmullrom"
						},
						"1.25": {
							"post": [-12.5, 0, 0],
							"lerp_mode": "catmullrom"
						},
						"1.375": {
							"post": [-4.5, 0, 0],
							"lerp_mode": "catmullrom"
						},
						"1.5": {
							"post": [-7.5, 0, 0],
							"lerp_mode": "catmullrom"
						}
					},
					"position": {
						"0.0": {
							"post": [0, 0, 0],
							"lerp_mode": "catmullrom"
						},
						"1.0833": {
							"post": [0, 0, -1],
							"lerp_mode": "catmullrom"
						},
						"1.375": {
							"post": [0, 0, 0],
							"lerp_mode": "catmullrom"
						},
						"1.5": {
							"post": [0, 0, 0],
							"lerp_mode": "catmullrom"
						}
					}
				},
				"tail_ruban_right": {
					"rotation": {
						"0.0": [17.49524, 9.84655, -28.48124],
						"0.1667": [17.49524, 9.84655, -28.48124],
						"1.0833": [9.14347, 2.0943, -15.35714],
						"1.2083": [17.49524, 9.84655, -28.48124],
						"1.4167": [17.49524, 9.84655, -28.48124],
						"1.5": [17.49524, 9.84655, -28.48124]
					}
				},
				"tail_ruban_right2": {
					"rotation": {
						"0.0": [-27.70212, -6.64851, 3.47875],
						"1.5": [-27.70212, -6.64851, 3.47875]
					}
				},
				"tail_ruban_right4": {
					"rotation": {
						"0.0": [7.5, 0, 0],
						"1.5": [7.5, 0, 0]
					}
				},
				"tail_ruban_right6": {
					"rotation": {
						"0.0": [0, -10, 0],
						"1.5": [0, -10, 0]
					}
				},
				"tail_ruban_right7": {
					"rotation": {
						"0.0": [-15, 0, 0],
						"1.5": [-15, 0, 0]
					}
				},
				"tail_ruban_right8": {
					"rotation": {
						"0.0": [-2.5, 0, 0],
						"1.5": [-2.5, 0, 0]
					}
				},
				"tail_ruban_left": {
					"rotation": {
						"0.0": [17.49524, -9.84655, 28.48124],
						"0.1667": [17.49524, -9.84655, 28.48124],
						"1.0833": [8.7038, -3.50578, 19.2085],
						"1.2083": [17.49524, -9.84655, 28.48124],
						"1.4167": [17.49524, -9.84655, 28.48124],
						"1.5": [17.49524, -9.84655, 28.48124]
					}
				},
				"tail_ruban_left2": {
					"rotation": {
						"0.0": [-27.70212, 6.64851, -3.47875],
						"1.5": [-27.70212, 6.64851, -3.47875]
					}
				},
				"tail_ruban_left4": {
					"rotation": {
						"0.0": [7.5, 0, 0],
						"1.5": [7.5, 0, 0]
					}
				},
				"tail_ruban_left6": {
					"rotation": {
						"0.0": [0, 10, 0],
						"1.5": [0, 10, 0]
					}
				},
				"tail_ruban_left7": {
					"rotation": {
						"0.0": [-15, 0, 0],
						"1.5": [-15, 0, 0]
					}
				},
				"tail_ruban_left8": {
					"rotation": {
						"0.0": [-2.5, 0, 0],
						"1.5": [-2.5, 0, 0]
					}
				},
				"tail4": {
					"rotation": {
						"0.0": {
							"post": [-8, 0, 0],
							"lerp_mode": "catmullrom"
						},
						"0.125": {
							"post": [-12.5, 0, 0],
							"lerp_mode": "catmullrom"
						},
						"1.0833": {
							"post": [-12.9, 0, 0],
							"lerp_mode": "catmullrom"
						},
						"1.25": {
							"post": [-25, 0, 0],
							"lerp_mode": "catmullrom"
						},
						"1.4167": {
							"post": [-5, 0, 0],
							"lerp_mode": "catmullrom"
						},
						"1.5": {
							"post": [-8, 0, 0],
							"lerp_mode": "catmullrom"
						}
					}
				},
				"tail5": {
					"rotation": {
						"0.0": {
							"post": [-8, 0, 0],
							"lerp_mode": "catmullrom"
						},
						"0.125": {
							"post": [-12.5, 0, 0],
							"lerp_mode": "catmullrom"
						},
						"1.0833": {
							"post": [-12.9, 0, 0],
							"lerp_mode": "catmullrom"
						},
						"1.25": {
							"post": [-25, 0, 0],
							"lerp_mode": "catmullrom"
						},
						"1.4167": {
							"post": [-5, 0, 0],
							"lerp_mode": "catmullrom"
						},
						"1.5": {
							"post": [-8, 0, 0],
							"lerp_mode": "catmullrom"
						}
					}
				}
			}
		}
	}
}