{
   "enabled": true,
   "neededInstalledMods": [],
   "neededUninstalledMods": [],
   "spawns": [
       {
           "id": "lugia-1",
           "pokemon": "lugia",
           "presets": [
               "ocean_monument"
           ],
           "type": "pokemon",
           "context": "grounded",
           "bucket": "ultra-rare",
           "level": "70",
           "weight": 5,
           "condition": {
               "biomes": [
                   "cobbleverse:custom_spawn"
               ]
           }
       }
   ]
}
