{
  "head": "head",
  "portraitScale": 2.7,
  "portraitTranslation": [
    -0.5,
    1.0,
    0
  ],
  "profileScale": 0.7,
  "profileTranslation": [
    0,
    0.8,
    0
  ],
  "faint": "bedrock(terapagos, sleep)",
  "poses": {
    "battle-idle": {
      "poseName": "battle-idle",
      "transformTicks": 10,
      "poseTypes": [
        "STAND"
      ],
      "isBattle": true,
      "animations": [
        "bedrock(terapagos, ground_idle)"
      ],
      "quirks": [
        {
          "name": "blink",
          "animations": [
            "bedrock(terapagos, blink)"
          ]
        }
      ]
    },
    "standing": {
      "poseName": "standing",
      "transformTicks": 10,
      "poseTypes": [
        "STAND",
        "NONE",
        "PORTRAIT",
        "PROFILE"
      ],
      "isBattle": false,
      "animations": [
        "q.look('head_ai')",
        "bedrock(terapagos, ground_idle)"
      ],
      "quirks": [
        {
          "name": "blink",
          "animations": [
            "bedrock(terapagos, blink)"
          ]
        }
      ]
    },
    "walking": {
      "poseName": "walking",
      "transformTicks": 10,
      "poseTypes": [
        "WALK"
      ],
      "animations": [
        "q.look('head_ai')",
        "bedrock(terapagos, ground_walk)"
      ],
      "quirks": [
        {
          "name": "blink",
          "animations": [
            "bedrock(terapagos, blink)"
          ]
        }
      ]
    },
    "sleeping": {
      "poseName": "sleeping",
      "transformTicks": 10,
      "poseTypes": [
        "SLEEP"
      ],
      "animations": [
        "bedrock(terapagos, sleep)"
      ]
    }
  }
}
