{
	"format_version": "1.8.0",
	"animations": {
		"animation.irontreads.ground_idle": {
			"loop": true,
			"bones": {
				"head": {
					"rotation": ["7.5+math.sin(q.anim_time*90*1)*2", 0, 0]
				},
				"ear_left": {
					"rotation": [0, -5, "5+math.sin(q.anim_time*90*1-150)*3"]
				},
				"front_plate": {
					"rotation": [0, 0, 0]
				},
				"head_plate": {
					"rotation": ["math.sin(q.anim_time*90*1)*1", 0, 0]
				},
				"trunk": {
					"rotation": ["47.5+math.sin(q.anim_time*90*1-30)*1", 0, 0]
				},
				"trunk2": {
					"rotation": ["35+math.sin(q.anim_time*90*1-90)*3", 0, 0]
				},
				"back_plate": {
					"rotation": [0, 0, 0]
				},
				"tail": {
					"rotation": ["-17.5+math.sin(q.anim_time*90*1-30)*-2", 0, 0]
				},
				"tail2": {
					"rotation": ["35+math.sin(q.anim_time*90*1-90)*-5", 0, 0]
				},
				"ear_left2": {
					"rotation": [0, 0, "-17.5+math.sin(q.anim_time*90*1-210)*5"]
				},
				"trunk3": {
					"rotation": ["55+math.sin(q.anim_time*90*1-120)*5", 0, 0]
				},
				"ear_right": {
					"rotation": [0, 5, "-5+math.sin(q.anim_time*90*1-150)*-3"]
				},
				"ear_right2": {
					"rotation": [0, 0, "17.5+math.sin(q.anim_time*90*1-210)*-5"]
				},
				"tread3": {
					"rotation": [15, 0, 0]
				},
				"tread4": {
					"rotation": ["math.sin(q.anim_time*90*1+30)*1", 0, 0]
				},
				"tread5": {
					"rotation": ["22.5+math.sin(q.anim_time*90*1-15)*1", 0, 0],
					"position": [0, 0, 0]
				},
				"tread6": {
					"rotation": ["7.5+math.sin(q.anim_time*90*1-60)*2", 0, 0]
				},
				"torso": {
					"rotation": ["math.sin(q.anim_time*90*1+60)*1", "math.sin(q.anim_time*90*0.5+60)*1", 0],
					"position": [0, "math.sin(q.anim_time*90*1)*0.1", 0]
				},
				"leg_front_left": {
					"rotation": [0, -7.5, 0]
				},
				"leg_back_left": {
					"rotation": [0, -2.5, 0]
				},
				"leg_front_right": {
					"rotation": [0, 7.5, 0]
				},
				"leg_back_right": {
					"rotation": [0, 2.5, 0]
				}
			}
		},
		"animation.irontreads.ground_walk": {
			"loop": true,
			"animation_length": 2,
			"bones": {
				"torso": {
					"rotation": ["math.sin(q.anim_time*90*4+60)*1", "math.sin(q.anim_time*90*2+90)*-2", "math.sin(q.anim_time*90*2+30)*-1"],
					"position": [0, "math.sin(q.anim_time*90*4)*0.2", 0]
				},
				"head": {
					"rotation": ["7.5+math.sin(q.anim_time*90*4)*1", 0, 0]
				},
				"front_plate": {
					"rotation": [0, 0, 0]
				},
				"tread4": {
					"rotation": [0, 0, 0]
				},
				"head_plate": {
					"rotation": ["math.sin(q.anim_time*90*4)*0.7", 0, 0]
				},
				"tread5": {
					"rotation": [22.5, 0, 0],
					"position": [0, 0, 0]
				},
				"trunk": {
					"rotation": ["42+math.sin(q.anim_time*90*4-60)*1", "math.sin(q.anim_time*90*2)*-2", 0]
				},
				"tread6": {
					"rotation": [7.5, 0, 0]
				},
				"trunk2": {
					"rotation": ["42+math.sin(q.anim_time*90*4-120)*3", "math.sin(q.anim_time*90*2-30)*-3", 0]
				},
				"trunk3": {
					"rotation": ["50+math.sin(q.anim_time*90*4-150)*6", "math.sin(q.anim_time*90*2-60)*-4", 0]
				},
				"ear_left": {
					"rotation": [0, -5, "3.5+math.sin(q.anim_time*90*4-60)*1"]
				},
				"ear_left2": {
					"rotation": [0, 0, "-15+math.sin(q.anim_time*90*4-120)*2"]
				},
				"ear_right": {
					"rotation": [0, 5, "-3.5+math.sin(q.anim_time*90*4-60)*-1"]
				},
				"ear_right2": {
					"rotation": [0, 0, "15+math.sin(q.anim_time*90*4-120)*-2"]
				},
				"back_plate": {
					"rotation": [0, 0, 0]
				},
				"tail": {
					"rotation": ["-16.5+math.sin(q.anim_time*90*4)*-2", "math.sin(q.anim_time*90*2)*-2", 0]
				},
				"tread3": {
					"rotation": [15, 0, 0]
				},
				"tail2": {
					"rotation": ["40+math.sin(q.anim_time*90*4-60)*-2", "math.sin(q.anim_time*90*2-60)*-4", 0]
				},
				"body": {
					"position": {
						"0.0": {
							"post": [0, 0, 0],
							"lerp_mode": "catmullrom"
						},
						"0.0833": {
							"post": [0, -0.2, 0],
							"lerp_mode": "catmullrom"
						},
						"0.1667": {
							"post": [0, 0.2, 0],
							"lerp_mode": "catmullrom"
						},
						"0.25": {
							"post": [0, -0.2, 0],
							"lerp_mode": "catmullrom"
						},
						"0.3333": {
							"post": [0, 0.2, 0],
							"lerp_mode": "catmullrom"
						},
						"0.375": {
							"post": [0, -0.1, 0],
							"lerp_mode": "catmullrom"
						},
						"0.4167": {
							"post": [0, 0.1, 0],
							"lerp_mode": "catmullrom"
						},
						"0.4583": {
							"post": [0, 0, 0],
							"lerp_mode": "catmullrom"
						},
						"0.9583": {
							"post": [0, 0, 0],
							"lerp_mode": "catmullrom"
						},
						"1.0417": {
							"post": [0, -0.2, 0],
							"lerp_mode": "catmullrom"
						},
						"1.125": {
							"post": [0, 0.2, 0],
							"lerp_mode": "catmullrom"
						},
						"1.2083": {
							"post": [0, -0.2, 0],
							"lerp_mode": "catmullrom"
						},
						"1.2917": {
							"post": [0, 0.2, 0],
							"lerp_mode": "catmullrom"
						},
						"1.3333": {
							"post": [0, -0.1, 0],
							"lerp_mode": "catmullrom"
						},
						"1.375": {
							"post": [0, 0.1, 0],
							"lerp_mode": "catmullrom"
						},
						"1.4167": {
							"post": [0, 0, 0],
							"lerp_mode": "catmullrom"
						},
						"2.0": {
							"post": [0, 0, 0],
							"lerp_mode": "catmullrom"
						}
					}
				},
				"leg_front_left": {
					"rotation": {
						"0.0": {
							"post": [4.9, -7.5, 0],
							"lerp_mode": "catmullrom"
						},
						"0.2917": {
							"post": [13.33, -7.5, 0],
							"lerp_mode": "catmullrom"
						},
						"0.875": {
							"post": [-28.5, -7.5, 0],
							"lerp_mode": "catmullrom"
						},
						"1.0": {
							"post": [-7.5, -2.5, 0],
							"lerp_mode": "catmullrom"
						},
						"1.5": {
							"post": [0, -7.5, 0],
							"lerp_mode": "catmullrom"
						},
						"2.0": {
							"post": [4.9, -7.5, 0],
							"lerp_mode": "catmullrom"
						}
					},
					"position": {
						"0.0": {
							"post": [0, 0.05, 2.5],
							"lerp_mode": "catmullrom"
						},
						"0.2917": {
							"post": [0, 1.1, 1.89],
							"lerp_mode": "catmullrom"
						},
						"0.5833": {
							"post": [0, 1.47, 0.67],
							"lerp_mode": "catmullrom"
						},
						"0.875": {
							"post": [0, 0.87, -0.95],
							"lerp_mode": "catmullrom"
						},
						"1.0": {
							"post": [0, -0.25, -1.4],
							"lerp_mode": "catmullrom"
						},
						"1.5": {
							"post": [0, -0.3, 0.4],
							"lerp_mode": "catmullrom"
						},
						"2.0": {
							"post": [0, 0.05, 2.5],
							"lerp_mode": "catmullrom"
						}
					}
				},
				"leg_back_left": {
					"rotation": {
						"0.0": {
							"post": [-13.93, -2.5, 0],
							"lerp_mode": "catmullrom"
						},
						"0.125": {
							"post": [-18.5, -2.5, 0],
							"lerp_mode": "catmullrom"
						},
						"0.25": {
							"post": [-7.5, -2.5, 0],
							"lerp_mode": "catmullrom"
						},
						"0.75": {
							"post": [0, -2.5, 0],
							"lerp_mode": "catmullrom"
						},
						"1.0": {
							"post": [2.61, -2.5, 0],
							"lerp_mode": "catmullrom"
						},
						"1.25": {
							"post": [4.9, -2.5, 0],
							"lerp_mode": "catmullrom"
						},
						"1.5417": {
							"post": [13.33, -2.5, 0],
							"lerp_mode": "catmullrom"
						},
						"2.0": {
							"post": [-13.93, -2.5, 0],
							"lerp_mode": "catmullrom"
						}
					},
					"position": {
						"0.0": {
							"post": [0, 0.73, -1.75],
							"lerp_mode": "catmullrom"
						},
						"0.125": {
							"post": [0, 0.62, -2.15],
							"lerp_mode": "catmullrom"
						},
						"0.25": {
							"post": [0, -0.25, -2.6],
							"lerp_mode": "catmullrom"
						},
						"0.75": {
							"post": [0, -0.3, -1.3],
							"lerp_mode": "catmullrom"
						},
						"1.0": {
							"post": [0, -0.13, -0.14],
							"lerp_mode": "catmullrom"
						},
						"1.25": {
							"post": [0, 0.05, 0.8],
							"lerp_mode": "catmullrom"
						},
						"1.5417": {
							"post": [0, 0.85, 0.19],
							"lerp_mode": "catmullrom"
						},
						"2.0": {
							"post": [0, 0.73, -1.75],
							"lerp_mode": "catmullrom"
						}
					}
				},
				"leg_front_left2": {
					"rotation": {
						"0.0": [0, 0, 0],
						"0.4167": {
							"pre": [14.73, 0, 0],
							"post": [14.73, 0, 0],
							"lerp_mode": "catmullrom"
						},
						"0.875": {
							"post": [21.25, 0, 0],
							"lerp_mode": "catmullrom"
						},
						"0.9167": {
							"post": [6.03, 0, 0],
							"lerp_mode": "catmullrom"
						},
						"1.0": [0, 0, 0],
						"2.0": [0, 0, 0]
					}
				},
				"leg_back_left2": {
					"rotation": {
						"0.0": {
							"post": [21.25, 0, 0],
							"lerp_mode": "catmullrom"
						},
						"0.125": {
							"post": [21.25, 0, 0],
							"lerp_mode": "catmullrom"
						},
						"0.1667": {
							"post": [6.53, 0, 0],
							"lerp_mode": "catmullrom"
						},
						"0.25": [0, 0, 0],
						"1.0": [0, 0, 0],
						"1.25": [0, 0, 0],
						"1.6667": {
							"pre": [14.73, 0, 0],
							"post": [14.73, 0, 0],
							"lerp_mode": "catmullrom"
						},
						"2.0": {
							"post": [21.25, 0, 0],
							"lerp_mode": "catmullrom"
						}
					}
				},
				"leg_front_right": {
					"rotation": {
						"0.0": {
							"post": [-7.5, 7.5, 0],
							"lerp_mode": "catmullrom"
						},
						"0.5": {
							"post": [0, 7.5, 0],
							"lerp_mode": "catmullrom"
						},
						"1.0": {
							"post": [4.9, 7.5, 0],
							"lerp_mode": "catmullrom"
						},
						"1.2917": {
							"post": [13.33, 7.5, 0],
							"lerp_mode": "catmullrom"
						},
						"1.875": {
							"post": [-28.5, 7.5, 0],
							"lerp_mode": "catmullrom"
						},
						"2.0": {
							"post": [-7.5, 7.5, 0],
							"lerp_mode": "catmullrom"
						}
					},
					"position": {
						"0.0": {
							"post": [0, -0.25, -1.4],
							"lerp_mode": "catmullrom"
						},
						"0.5": {
							"post": [0, -0.3, 0.4],
							"lerp_mode": "catmullrom"
						},
						"1.0": {
							"post": [0, 0.05, 2],
							"lerp_mode": "catmullrom"
						},
						"1.2917": {
							"post": [0, 1.1, 1.89],
							"lerp_mode": "catmullrom"
						},
						"1.5833": {
							"post": [0, 1.47, 0.67],
							"lerp_mode": "catmullrom"
						},
						"1.875": {
							"post": [0, 0.87, -0.95],
							"lerp_mode": "catmullrom"
						},
						"2.0": {
							"post": [0, -0.25, -1.4],
							"lerp_mode": "catmullrom"
						}
					}
				},
				"leg_front_right2": {
					"rotation": {
						"0.0": [0, 0, 0],
						"1.0": [0, 0, 0],
						"1.4167": {
							"pre": [14.73, 0, 0],
							"post": [14.73, 0, 0],
							"lerp_mode": "catmullrom"
						},
						"1.875": {
							"post": [21.25, 0, 0],
							"lerp_mode": "catmullrom"
						},
						"1.9167": {
							"post": [6.03, 0, 0],
							"lerp_mode": "catmullrom"
						},
						"2.0": [0, 0, 0]
					}
				},
				"leg_back_right": {
					"rotation": {
						"0.0": {
							"post": [2.61, 2.5, 0],
							"lerp_mode": "catmullrom"
						},
						"0.25": {
							"post": [4.9, 2.5, 0],
							"lerp_mode": "catmullrom"
						},
						"0.5417": {
							"post": [13.33, 2.5, 0],
							"lerp_mode": "catmullrom"
						},
						"1.125": {
							"post": [-18.5, 2.5, 0],
							"lerp_mode": "catmullrom"
						},
						"1.25": {
							"post": [-7.5, -2.5, 0],
							"lerp_mode": "catmullrom"
						},
						"1.75": {
							"post": [0, 2.5, 0],
							"lerp_mode": "catmullrom"
						},
						"2.0": {
							"post": [2.61, 2.5, 0],
							"lerp_mode": "catmullrom"
						}
					},
					"position": {
						"0.0": {
							"post": [0, -0.13, -0.14],
							"lerp_mode": "catmullrom"
						},
						"0.25": {
							"post": [0, 0.05, 0.8],
							"lerp_mode": "catmullrom"
						},
						"0.5417": {
							"post": [0, 0.85, 0.19],
							"lerp_mode": "catmullrom"
						},
						"0.8333": {
							"post": [0, 0.97, -1.03],
							"lerp_mode": "catmullrom"
						},
						"1.125": {
							"post": [0, 0.62, -2.15],
							"lerp_mode": "catmullrom"
						},
						"1.25": {
							"post": [0, -0.25, -2.6],
							"lerp_mode": "catmullrom"
						},
						"1.75": {
							"post": [0, -0.3, -1.3],
							"lerp_mode": "catmullrom"
						},
						"2.0": {
							"post": [0, -0.13, -0.14],
							"lerp_mode": "catmullrom"
						}
					}
				},
				"leg_back_right2": {
					"rotation": {
						"0.0": [0, 0, 0],
						"0.25": [0, 0, 0],
						"0.6667": {
							"pre": [14.73, 0, 0],
							"post": [14.73, 0, 0],
							"lerp_mode": "catmullrom"
						},
						"1.125": {
							"post": [21.25, 0, 0],
							"lerp_mode": "catmullrom"
						},
						"1.1667": {
							"post": [6.03, 0, 0],
							"lerp_mode": "catmullrom"
						},
						"1.25": [0, 0, 0],
						"2.0": [0, 0, 0]
					}
				}
			}
		},
		"animation.irontreads.ground_run": {
			"loop": true,
			"bones": {
				"torso_back": {
					"rotation": [-62.5, 0, 0],
					"position": [0, 0, -9],
					"scale": 0
				},
				"head": {
					"rotation": [77.5, 0, 0],
					"scale": 0
				},
				"ear_left": {
					"rotation": [7.47178, 0.65182, "-9.9148+math.sin(q.anim_time*90*12)*2"],
					"position": [0, 2.75, -5]
				},
				"trunk": {
					"rotation": ["45+math.sin(q.anim_time*90*15+30)*0.2", 0, 0]
				},
				"torso_front": {
					"rotation": ["math.mod(q.anim_time*1.6, 1)*360", 0, 0],
					"position": [0, "math.sin(q.anim_time*90*7+60)*-0.4+(math.sin(q.anim_time*90*30-120)*0.4)", 0]
				},
				"trunk2": {
					"rotation": ["47.5+math.sin(q.anim_time*90*15-30)*0.3", 0, 0]
				},
				"tail": {
					"rotation": ["-7.5+math.sin(q.anim_time*90*15-90)*0.2", 0, 0]
				},
				"front_plate": {
					"rotation": [0, 0, 0],
					"position": [0, "-1.5+math.sin(q.anim_time*90*15)*-0.05", 0]
				},
				"tail2": {
					"rotation": ["-65+math.sin(q.anim_time*90*15-150)*0.8", 0, 0]
				},
				"back_plate": {
					"rotation": [-45, 0, 0]
				},
				"head_plate": {
					"rotation": [40, 0, 0]
				},
				"leg_front_left": {
					"rotation": [155, 0, 0],
					"scale": 0
				},
				"leg_back_left": {
					"rotation": [140, 0, 0],
					"position": [0, 0, -14],
					"scale": 0
				},
				"ear_left2": {
					"rotation": [0, 0, "27.5+math.sin(q.anim_time*90*12-90)*6"]
				},
				"trunk3": {
					"rotation": ["32.5+math.sin(q.anim_time*90*15-90)*0.8", 0, 0]
				},
				"ear_right": {
					"rotation": [7.47178, -0.65182, "9.9148+math.sin(q.anim_time*90*12)*2"],
					"position": [0, 2.75, -5]
				},
				"ear_right2": {
					"rotation": [0, 0, "-27.5+math.sin(q.anim_time*90*12-150)*6"]
				},
				"tread": {
					"rotation": [-25, 0, 0],
					"position": [0, -0.25, -2.5]
				},
				"tread2": {
					"rotation": [-2.5, 0, 0]
				},
				"tread3": {
					"rotation": [-40, 0, 0],
					"position": [0, -0.5, -1]
				},
				"tread4": {
					"rotation": [22.5, 0, 0],
					"position": [0, -0.75, -0.25]
				},
				"tread5": {
					"rotation": [17.5, 0, 0],
					"position": [0, 0, 0]
				},
				"tread6": {
					"rotation": [17.5, 0, 0]
				},
				"body": {
					"position": [0, 0, 5]
				},
				"leg_front_right": {
					"rotation": [155, 0, 0],
					"scale": 0
				},
				"leg_back_right": {
					"rotation": [140, 0, 0],
					"position": [0, 0, -14],
					"scale": 0
				}
			}
		},
		"animation.irontreads.battle_idle": {
			"loop": true,
			"animation_length": 8,
			"bones": {
				"head": {
					"rotation": ["2.5+math.sin(q.anim_time*90*1)*2", 0, 0]
				},
				"ear_left": {
					"rotation": [0, -5, "5+math.sin(q.anim_time*90*1-150)*3"]
				},
				"front_plate": {
					"rotation": [0, 0, 0]
				},
				"head_plate": {
					"rotation": ["-2.5+math.sin(q.anim_time*90*1)*1", 0, 0]
				},
				"trunk": {
					"rotation": ["35+math.sin(q.anim_time*90*1-30)*1", 0, 0]
				},
				"trunk2": {
					"rotation": ["45+math.sin(q.anim_time*90*1-90)*5", 0, 0]
				},
				"back_plate": {
					"rotation": [0, 0, 0]
				},
				"tail": {
					"rotation": ["-10+math.sin(q.anim_time*90*1-30)*-2", 0, 0]
				},
				"tail2": {
					"rotation": ["35+math.sin(q.anim_time*90*1-90)*-5", 0, 0]
				},
				"ear_left2": {
					"rotation": [0, 0, "-17.5+math.sin(q.anim_time*90*1-210)*5"]
				},
				"trunk3": {
					"rotation": ["67.5+math.sin(q.anim_time*90*1-120)*10", 0, 0]
				},
				"ear_right": {
					"rotation": [0, 5, "-5+math.sin(q.anim_time*90*1-150)*-3"]
				},
				"ear_right2": {
					"rotation": [0, 0, "17.5+math.sin(q.anim_time*90*1-210)*-5"]
				},
				"tread3": {
					"rotation": [15, 0, 0]
				},
				"tread4": {
					"rotation": [0, 0, 0]
				},
				"tread5": {
					"rotation": [22.5, 0, 0],
					"position": [0, 0, 0]
				},
				"tread6": {
					"rotation": [7.5, 0, 0]
				},
				"torso": {
					"rotation": {
						"0.0": ["math.sin(q.anim_time*90*1+60)*1", "math.sin(q.anim_time*90*0.5+60)*1", "math.sin(q.anim_time*90*0.5)*4"],
						"2.0": ["0.0226+math.sin(q.anim_time*90*1+60)*1", "0.0373+math.sin(q.anim_time*90*0.5+60)*1", "2.4998+math.sin(q.anim_time*90*0.5)*4"],
						"2.125": [-0.49151, "0.0219+math.sin(q.anim_time*90*0.5+60)*1", "2.5+math.sin(q.anim_time*90*0.5)*4"],
						"2.2917": ["2+math.sin(q.anim_time*90*1+60)*1", "math.sin(q.anim_time*90*0.5+60)*1", "math.sin(q.anim_time*90*0.5)*4"],
						"2.4583": [1.28, "math.sin(q.anim_time*90*0.5+60)*1", "math.sin(q.anim_time*90*0.5)*4"],
						"3.375": ["math.sin(q.anim_time*90*1+60)*1", "math.sin(q.anim_time*90*0.5+60)*1", "math.sin(q.anim_time*90*0.5)*4"],
						"6.0": ["0.0352+math.sin(q.anim_time*90*1+60)*1", "-0.0369+math.sin(q.anim_time*90*0.5+60)*1", "-2.4998+math.sin(q.anim_time*90*0.5)*4"],
						"6.125": [-0.49151, "-0.0219+math.sin(q.anim_time*90*0.5+60)*1", "-2.5+math.sin(q.anim_time*90*0.5)*4"],
						"6.2917": ["2+math.sin(q.anim_time*90*1+60)*1", "math.sin(q.anim_time*90*0.5+60)*1", "math.sin(q.anim_time*90*0.5)*4"],
						"6.4583": [1.28, "math.sin(q.anim_time*90*0.5+60)*1", "math.sin(q.anim_time*90*0.5)*4"],
						"7.375": ["math.sin(q.anim_time*90*1+60)*1", "math.sin(q.anim_time*90*0.5+60)*1", "math.sin(q.anim_time*90*0.5)*4"]
					},
					"position": [0, "math.sin(q.anim_time*90*1)*0.1", 0]
				},
				"leg_front_left": {
					"rotation": {
						"4.0": [0, -17.5, 0],
						"5.0": {
							"pre": [-17.5, -17.5, 0],
							"post": [-17.5, -17.5, 0],
							"lerp_mode": "catmullrom"
						},
						"6.125": {
							"post": [-37.5, -17.5, 0],
							"lerp_mode": "catmullrom"
						},
						"6.2917": [0, -17.5, 0]
					},
					"position": {
						"4.0": [0.25, 0, 1.05],
						"5.0": {
							"pre": [0.25, 0.25, -0.75],
							"post": [0.25, 0.25, -0.75],
							"lerp_mode": "catmullrom"
						},
						"6.125": {
							"post": [0.25, 0.25, -0.75],
							"lerp_mode": "catmullrom"
						},
						"6.2917": [0.25, 0, 1.05]
					}
				},
				"leg_back_left": {
					"rotation": [0, -7.5, 0]
				},
				"body": {
					"position": {
						"2.2083": [0, 0, 0],
						"2.3333": [0, -0.2, 0],
						"2.4583": [0, 0.2, 0],
						"2.5417": [0, -0.1, 0],
						"2.625": [0, 0.1, 0],
						"2.75": [0, 0, 0],
						"6.2083": [0, 0, 0],
						"6.3333": [0, -0.2, 0],
						"6.4583": [0, 0.2, 0],
						"6.5417": [0, -0.1, 0],
						"6.625": [0, 0.1, 0],
						"6.75": [0, 0, 0]
					}
				},
				"jaw": {
					"rotation": ["12.5+math.sin(q.anim_time*90*1-60)*4", 0, 0]
				},
				"leg_front_left2": {
					"rotation": {
						"4.0": [0, 0, 0],
						"5.0": {
							"pre": [27.5, 0, 0],
							"post": [27.5, 0, 0],
							"lerp_mode": "catmullrom"
						},
						"6.125": {
							"post": [27.5, 0, 0],
							"lerp_mode": "catmullrom"
						},
						"6.2917": [0, 0, 0]
					}
				},
				"leg_front_right": {
					"rotation": {
						"0.0": [0, 17.5, 0],
						"1.0": {
							"pre": [-17.5, 17.5, 0],
							"post": [-17.5, 17.5, 0],
							"lerp_mode": "catmullrom"
						},
						"2.1667": {
							"post": [-37.5, 17.5, 0],
							"lerp_mode": "catmullrom"
						},
						"2.2917": [0, 17.5, 0]
					},
					"position": {
						"0.0": [-0.25, 0, 1.05],
						"1.0": {
							"pre": [-0.25, 0.25, -0.75],
							"post": [-0.25, 0.25, -0.75],
							"lerp_mode": "catmullrom"
						},
						"2.1667": {
							"post": [-0.25, 0.25, -0.75],
							"lerp_mode": "catmullrom"
						},
						"2.2917": [-0.25, 0, 1.05]
					}
				},
				"leg_front_right2": {
					"rotation": {
						"0.0": [0, 0, 0],
						"1.0": {
							"pre": [27.5, 0, 0],
							"post": [27.5, 0, 0],
							"lerp_mode": "catmullrom"
						},
						"2.1667": {
							"post": [27.5, 0, 0],
							"lerp_mode": "catmullrom"
						},
						"2.2917": [0, 0, 0]
					}
				}
			}
		},
		"animation.irontreads.sleep": {
			"loop": true,
			"animation_length": 8,
			"bones": {
				"body": {
					"position": [0, -5, 0]
				},
				"torso": {
					"rotation": ["math.sin(q.anim_time*90*0.5)*-1", 0, 0],
					"position": [0, "math.sin(q.anim_time*90*0.5)*0.05", 0]
				},
				"head": {
					"rotation": ["12+math.sin(q.anim_time*90*0.5)*2", -1, 4]
				},
				"eyelid_right": {
					"position": [-0.25, 0, -0.25]
				},
				"eyelid_left": {
					"position": [0.25, 0, -0.25]
				},
				"head_plate": {
					"rotation": ["5+math.sin(q.anim_time*90*0.5)*1", 0, 1],
					"position": [0, 0, -1]
				},
				"tread5": {
					"rotation": [5, 0, 0]
				},
				"trunk": {
					"rotation": ["40+math.sin(q.anim_time*90*0.5-90)*1", 5, 1]
				},
				"tread6": {
					"rotation": [20, 0, 0],
					"position": [0, 0, 0.5]
				},
				"trunk2": {
					"rotation": ["62+math.sin(q.anim_time*90*0.5-30)*-1", -2, -4]
				},
				"trunk3": {
					"rotation": ["50+math.sin(q.anim_time*90*0.5-90)*-2", 0, 0]
				},
				"tread7": {
					"position": [0, 0, 0.75]
				},
				"ear_left": {
					"rotation": [7.94633, 13.87484, 17.72185]
				},
				"ear_left2": {
					"rotation": [0, 0, 27.5]
				},
				"ear_right": {
					"rotation": [7.75533, -31.96471, -15.64327]
				},
				"ear_right2": {
					"rotation": [0, 0, -27.5]
				},
				"tread2": {
					"rotation": [-2.5, 0, 0]
				},
				"tail": {
					"rotation": ["-5+math.sin(q.anim_time*90*0.5-90)*-2", 0, 0]
				},
				"tread3": {
					"rotation": [-12.5, 0, 0]
				},
				"tail2": {
					"rotation": ["-17.5+math.sin(q.anim_time*90*0.5-120)*-4", 0, 0]
				},
				"leg_front_left": {
					"rotation": [-81.08936, -26.8891, 16.85862],
					"position": [0, -1, 0]
				},
				"leg_front_left2": {
					"rotation": [20, 0, 0]
				},
				"leg_back_left": {
					"rotation": [81.19532, 18.6876, -12.33369],
					"position": [1.25, -1.75, 0]
				},
				"leg_back_left2": {
					"rotation": [17.5, 0, 0]
				},
				"leg_front_right": {
					"rotation": [-81.08936, 26.8891, -16.85862],
					"position": [0, -1, 0]
				},
				"leg_front_right2": {
					"rotation": [20, 0, 0]
				},
				"leg_back_right": {
					"rotation": [81.19532, -18.6876, 12.33369],
					"position": [-1.25, -1, 0]
				},
				"leg_back_right2": {
					"rotation": [17.5, 0, 0]
				}
			}
		},
		"animation.irontreads.cry": {
			"animation_length": 3.5833,
			"bones": {
				"jaw": {
					"rotation": {
						"0.5833": {
							"pre": [0, 0, 0],
							"post": [0, 0, 0],
							"lerp_mode": "catmullrom"
						},
						"0.8333": {
							"post": [32.25, 0, 0],
							"lerp_mode": "catmullrom"
						},
						"1.25": {
							"post": [27.25, 0, 0],
							"lerp_mode": "catmullrom"
						},
						"1.5833": {
							"post": [8, 0, 0],
							"lerp_mode": "catmullrom"
						},
						"2.1667": {
							"post": [0, 0, 0],
							"lerp_mode": "catmullrom"
						}
					}
				},
				"torso": {
					"rotation": {
						"0.0": {
							"post": [0, 0, 0],
							"lerp_mode": "catmullrom"
						},
						"0.4167": {
							"post": [2, 0, 0],
							"lerp_mode": "catmullrom"
						},
						"0.75": {
							"post": [-7, 0, 0],
							"lerp_mode": "catmullrom"
						},
						"1.5": {
							"post": [-6, 0, 0],
							"lerp_mode": "catmullrom"
						},
						"2.5": {
							"post": [0, 0, 0],
							"lerp_mode": "catmullrom"
						},
						"3.5833": [0, 0, 0]
					}
				},
				"head": {
					"rotation": {
						"0.0": {
							"post": [0, 0, 0],
							"lerp_mode": "catmullrom"
						},
						"0.25": {
							"post": [-2.5, 0, 0],
							"lerp_mode": "catmullrom"
						},
						"0.5833": {
							"post": [5, 0, 0],
							"lerp_mode": "catmullrom"
						},
						"0.9167": {
							"post": [-7.5, 0, 0],
							"lerp_mode": "catmullrom"
						},
						"1.6667": {
							"post": [-1, 0, 0],
							"lerp_mode": "catmullrom"
						},
						"2.3333": {
							"post": [1, 0, 0],
							"lerp_mode": "catmullrom"
						},
						"3.1667": [0, 0, 0]
					}
				},
				"head_plate": {
					"rotation": {
						"0.0": {
							"post": [0, 0, 0],
							"lerp_mode": "catmullrom"
						},
						"0.25": {
							"post": [-0.5, 0, 0],
							"lerp_mode": "catmullrom"
						},
						"0.5833": {
							"post": [2, 0, 0],
							"lerp_mode": "catmullrom"
						},
						"0.9167": {
							"post": [-6.5, 0, 0],
							"lerp_mode": "catmullrom"
						},
						"1.6667": {
							"post": [-1, 0, 0],
							"lerp_mode": "catmullrom"
						},
						"2.1667": {
							"post": [0.5, 0, 0],
							"lerp_mode": "catmullrom"
						},
						"3.0833": [0, 0, 0]
					},
					"position": {
						"0.25": {
							"pre": [0, 0, 0],
							"post": [0, 0, 0],
							"lerp_mode": "catmullrom"
						},
						"0.5833": {
							"post": [0, 0, -0.5],
							"lerp_mode": "catmullrom"
						},
						"0.9167": {
							"post": [0, 0, 0],
							"lerp_mode": "catmullrom"
						},
						"1.6667": {
							"post": [0, 0, -0.1],
							"lerp_mode": "catmullrom"
						},
						"2.1667": [0, 0, 0]
					}
				},
				"trunk": {
					"rotation": {
						"0.0": {
							"post": [0, 0, 0],
							"lerp_mode": "catmullrom"
						},
						"0.4167": {
							"post": [-2.5, 0, 0],
							"lerp_mode": "catmullrom"
						},
						"0.6667": {
							"post": [2.5, 0, 0],
							"lerp_mode": "catmullrom"
						},
						"1.0833": {
							"post": [-17.5, 0, 0],
							"lerp_mode": "catmullrom"
						},
						"1.6667": {
							"post": [-7.5, 0, 0],
							"lerp_mode": "catmullrom"
						},
						"2.3333": {
							"post": [0, 0, 0],
							"lerp_mode": "catmullrom"
						},
						"3.5833": [0, 0, 0]
					}
				},
				"trunk2": {
					"rotation": {
						"0.0": {
							"post": [0, 0, 0],
							"lerp_mode": "catmullrom"
						},
						"0.3333": {
							"post": [2.5, 0, 0],
							"lerp_mode": "catmullrom"
						},
						"0.6667": {
							"post": [-2.5, 0, 0],
							"lerp_mode": "catmullrom"
						},
						"1.1667": {
							"post": [-54.52, 0, 0],
							"lerp_mode": "catmullrom"
						},
						"1.8333": {
							"post": [-55, 0, 0],
							"lerp_mode": "catmullrom"
						},
						"2.4167": {
							"post": [0, 0, 0],
							"lerp_mode": "catmullrom"
						},
						"3.5833": [0, 0, 0]
					},
					"position": {
						"0.0": {
							"post": [0, 0, 0],
							"lerp_mode": "catmullrom"
						},
						"0.6667": {
							"post": [0, 0, 0],
							"lerp_mode": "catmullrom"
						},
						"1.1667": {
							"post": [0, 0, 1.5],
							"lerp_mode": "catmullrom"
						},
						"1.8333": {
							"post": [0, 0, 1.2],
							"lerp_mode": "catmullrom"
						},
						"2.4167": {
							"post": [0, 0, 0],
							"lerp_mode": "catmullrom"
						},
						"3.5833": [0, 0, 0]
					}
				},
				"trunk3": {
					"rotation": {
						"0.0": {
							"post": [0, 0, 0],
							"lerp_mode": "catmullrom"
						},
						"0.3333": {
							"post": [7.5, 0, 0],
							"lerp_mode": "catmullrom"
						},
						"0.6667": {
							"post": [-2.5, 0, 0],
							"lerp_mode": "catmullrom"
						},
						"1.25": {
							"post": [-94.44, 0, 0],
							"lerp_mode": "catmullrom"
						},
						"1.8333": {
							"post": [-102.5, 0, 0],
							"lerp_mode": "catmullrom"
						},
						"2.5": {
							"post": [0, 0, 0],
							"lerp_mode": "catmullrom"
						},
						"3.5833": [0, 0, 0]
					},
					"position": {
						"0.0": {
							"post": [0, 0, 0],
							"lerp_mode": "catmullrom"
						},
						"1.25": {
							"post": [0, -0.7, 2.1],
							"lerp_mode": "catmullrom"
						},
						"1.8333": {
							"post": [0, -0.7, 1.8],
							"lerp_mode": "catmullrom"
						},
						"2.5": {
							"post": [0, 0, 0],
							"lerp_mode": "catmullrom"
						},
						"3.5833": [0, 0, 0]
					}
				},
				"tread7": {
					"position": {
						"0.6667": {
							"pre": [0, 0, 0],
							"post": [0, 0, 0],
							"lerp_mode": "catmullrom"
						},
						"1.25": {
							"post": [0, 0, 0.9],
							"lerp_mode": "catmullrom"
						},
						"1.8333": {
							"post": [0, 0, 0.9],
							"lerp_mode": "catmullrom"
						},
						"2.4167": [0, 0, 0]
					}
				},
				"ear_left": {
					"rotation": {
						"0.0": {
							"post": [0, 0, 0],
							"lerp_mode": "catmullrom"
						},
						"0.3333": {
							"post": [0, -2.5, -5],
							"lerp_mode": "catmullrom"
						},
						"0.8333": {
							"post": [-20, 5, 5],
							"lerp_mode": "catmullrom"
						},
						"1.4167": {
							"post": [-20, 0, -7.5],
							"lerp_mode": "catmullrom"
						},
						"2.1667": {
							"post": [-10, 0, -2.5],
							"lerp_mode": "catmullrom"
						},
						"3.3333": [0, 0, 0]
					}
				},
				"ear_left2": {
					"rotation": {
						"0.0": {
							"post": [0, 0, 0],
							"lerp_mode": "catmullrom"
						},
						"0.5": {
							"post": [0, 0, 3.52],
							"lerp_mode": "catmullrom"
						},
						"0.9167": {
							"post": [0, 0, 12.5],
							"lerp_mode": "catmullrom"
						},
						"1.5833": {
							"post": [0, 0, -2.5],
							"lerp_mode": "catmullrom"
						},
						"2.6667": {
							"post": [0, 0, 5],
							"lerp_mode": "catmullrom"
						},
						"3.5833": [0, 0, 0]
					}
				},
				"ear_right": {
					"rotation": {
						"0.0": {
							"post": [0, 0, 0],
							"lerp_mode": "catmullrom"
						},
						"0.3333": {
							"post": [0, 2.5, 5],
							"lerp_mode": "catmullrom"
						},
						"0.8333": {
							"post": [-20, -5, -5],
							"lerp_mode": "catmullrom"
						},
						"1.4167": {
							"post": [-20, 0, 7.5],
							"lerp_mode": "catmullrom"
						},
						"2.1667": {
							"post": [-10, 0, 2.5],
							"lerp_mode": "catmullrom"
						},
						"3.3333": [0, 0, 0]
					}
				},
				"ear_right2": {
					"rotation": {
						"0.0": {
							"post": [0, 0, 0],
							"lerp_mode": "catmullrom"
						},
						"0.5": {
							"post": [0, 0, -3.52],
							"lerp_mode": "catmullrom"
						},
						"0.9167": {
							"post": [0, 0, -12.5],
							"lerp_mode": "catmullrom"
						},
						"1.5833": {
							"post": [0, 0, 2.5],
							"lerp_mode": "catmullrom"
						},
						"2.6667": {
							"post": [0, 0, -5],
							"lerp_mode": "catmullrom"
						},
						"3.5833": [0, 0, 0]
					}
				}
			},
			"sound_effects": {
				"0.6667": {
					"effect": "pokemon.irontreads.cry"
				}
			}
		},
		"animation.irontreads.blink": {
			"animation_length": 0.1667,
			"bones": {
				"eyelid_right": {
					"position": {
						"0.0": [-0.25, 0, -0.25],
						"0.125": [-0.25, 0, -0.25],
						"0.1667": [0, 0, 0]
					}
				},
				"eyelid_left": {
					"position": {
						"0.0": [0.25, 0, -0.25],
						"0.125": [0.25, 0, -0.25],
						"0.1667": [0, 0, 0]
					}
				}
			}
		},
		"animation.irontreads.faint_WIP": {
			"animation_length": 2.375,
			"bones": {
				"head": {
					"rotation": [2.5, 0, 0]
				},
				"ear_left": {
					"rotation": [0, -5, 3.5]
				},
				"front_plate": {
					"rotation": [0, 0, 0]
				},
				"head_plate": {
					"rotation": [-2.5, 0, 0]
				},
				"trunk": {
					"rotation": [34.5, 0, 0]
				},
				"trunk2": {
					"rotation": [40, 0, 0]
				},
				"back_plate": {
					"rotation": [0, 0, 0]
				},
				"tail": {
					"rotation": [-9, 0, 0]
				},
				"tail2": {
					"rotation": [40, 0, 0]
				},
				"ear_left2": {
					"rotation": [0, 0, -15]
				},
				"trunk3": {
					"rotation": [58.83975, 0, 0]
				},
				"ear_right": {
					"rotation": [0, 5, -3.5]
				},
				"ear_right2": {
					"rotation": [0, 0, 15]
				},
				"tread3": {
					"rotation": [15, 0, 0]
				},
				"tread4": {
					"rotation": [0, 0, 0]
				},
				"tread5": {
					"rotation": [22.5, 0, 0],
					"position": [0, 0, 0]
				},
				"tread6": {
					"rotation": [7.5, 0, 0]
				},
				"torso": {
					"rotation": [0.86603, 0.86603, 0],
					"position": [0, 0, 0]
				},
				"leg_back_left": {
					"rotation": [0, -7.5, 0]
				},
				"jaw": {
					"rotation": [9.0359, 0, 0]
				},
				"leg_front_right": {
					"rotation": [0, 17.5, 0],
					"position": [-0.25, 0, 1.05]
				},
				"leg_front_right2": {
					"rotation": [0, 0, 0]
				}
			}
		}
	}
}