{
  "type": "minecraft:chest",
  "pools": [
    {
      "rolls": {
        "type": "minecraft:uniform",
        "min": 0,
        "max": 1
      },
      "entries": [
        {
          "type": "minecraft:item",
          "name": "mega_showdown:aloraichium-z"
        },
        {
          "type": "minecraft:item",
          "name": "mega_showdown:buginium-z"
        },
        {
          "type": "minecraft:item",
          "name": "mega_showdown:darkinium-z"
        },
        {
          "type": "minecraft:item",
          "name": "mega_showdown:decidium-z"
        },
        {
          "type": "minecraft:item",
          "name": "mega_showdown:dragonium-z"
        },
        {
          "type": "minecraft:item",
          "name": "mega_showdown:eevium-z"
        },
        {
          "type": "minecraft:item",
          "name": "mega_showdown:electrium-z"
        },
        {
          "type": "minecraft:item",
          "name": "mega_showdown:fairium-z"
        },
        {
          "type": "minecraft:item",
          "name": "mega_showdown:fightinium-z"
        },
        {
          "type": "minecraft:item",
          "name": "mega_showdown:firium-z"
        },      
        {
          "type": "minecraft:item",
          "name": "mega_showdown:flyinium-z"
        },
        {
          "type": "minecraft:item",
          "name": "mega_showdown:ghostium-z"
        },
        {
          "type": "minecraft:item",
          "name": "mega_showdown:grassium-z"
        },
        {
          "type": "minecraft:item",
          "name": "mega_showdown:groundium-z"
        },
        {
          "type": "minecraft:item",
          "name": "mega_showdown:icium-z"
        },
        {
          "type": "minecraft:item",
          "name": "mega_showdown:incinium-z"
        },        
        {
          "type": "minecraft:item",
          "name": "mega_showdown:kommonium-z"
        },        
        {
          "type": "minecraft:item",
          "name": "mega_showdown:lunalium-z"
        },
        {
          "type": "minecraft:item",
          "name": "mega_showdown:lycanium-z"
        },
        {
          "type": "minecraft:item",
          "name": "mega_showdown:marshadium-z"
        },
        {
          "type": "minecraft:item",
          "name": "mega_showdown:mewnium-z"
        },
        {
          "type": "minecraft:item",
          "name": "mega_showdown:mimikium-z"
        },
        {
          "type": "minecraft:item",
          "name": "mega_showdown:normalium-z"
        },
        {
          "type": "minecraft:item",
          "name": "mega_showdown:pikanium-z"
        },
        {
          "type": "minecraft:item",
          "name": "mega_showdown:pikashunium-z"
        },
        {
          "type": "minecraft:item",
          "name": "mega_showdown:poisonium-z"
        },        
        {
          "type": "minecraft:item",
          "name": "mega_showdown:primarium-z"
        },
        {
          "type": "minecraft:item",
          "name": "mega_showdown:psychium-z"
        },
        {
          "type": "minecraft:item",
          "name": "mega_showdown:rockium-z"
        },
        {
          "type": "minecraft:item",
          "name": "mega_showdown:snorlium-z"
        },
        {
          "type": "minecraft:item",
          "name": "mega_showdown:solganium-z"
        },
        {
          "type": "minecraft:item",
          "name": "mega_showdown:steelium-z"
        },
        {
          "type": "minecraft:item",
          "name": "mega_showdown:tapunium-z"
        },
        {
          "type": "minecraft:item",
          "name": "mega_showdown:ultranecrozium-z"
        },
        {
          "type": "minecraft:item",
          "name": "mega_showdown:waterium-z"
        }
      ]
    },
    {
      "rolls": {
        "type": "minecraft:uniform",
        "min": 1,
        "max": 1
      },
      "entries": [
        {
          "type": "minecraft:item",
          "name": "mega_showdown:blank-z"
        }
      ]
    }
  ],
  "functions": []
}