{
	"format_version": "1.8.0",
	"animations": {
		"animation.inkay.ground_idle": {
			"loop": true,
			"animation_length": 2.5,
			"bones": {
				"1": {
					"rotation": {
						"0.0": [-10, 0, 0],
						"0.75": [10, 0, 0],
						"2.5": [-10, 0, 0]
					}
				},
				"2": {
					"rotation": {
						"0.0": [-15, 0, 0],
						"0.75": [15, 0, 0],
						"2.5": [-15, 0, 0]
					}
				},
				"3": {
					"rotation": {
						"0.0": [-20, 0, 0],
						"0.75": [20, 0, 0],
						"2.5": [-20, 0, 0]
					}
				},
				"4": {
					"rotation": {
						"0.0": [12.5, 0, 0],
						"0.75": [-12.5, 0, 0],
						"2.5": [12.5, 0, 0]
					}
				},
				"5": {
					"rotation": {
						"0.0": [25, 0, 0],
						"0.75": [-25, 0, 0],
						"2.5": [25, 0, 0]
					}
				},
				"6": {
					"rotation": {
						"0.0": [10, 0, 0],
						"0.75": [-10, 0, 0],
						"2.5": [10, 0, 0]
					}
				},
				"7": {
					"rotation": {
						"0.0": [10, 0, 0],
						"0.75": [-10, 0, 0],
						"2.5": [10, 0, 0]
					}
				},
				"8": {
					"rotation": {
						"0.0": [-15, 0, 0],
						"0.75": [15, 0, 0],
						"2.5": [-15, 0, 0]
					}
				},
				"9": {
					"rotation": {
						"0.0": [0, 0, -10],
						"0.75": [0, 0, -2.5],
						"2.5": [0, 0, -10]
					}
				},
				"10": {
					"rotation": {
						"0.0": [0, 0, 12.5],
						"0.75": [0, 0, 5],
						"2.5": [0, 0, 12.5]
					}
				},
				"inkay": {
					"rotation": {
						"0.0": [0, 0, 0],
						"0.75": [10, -17.5, 0],
						"2.5": [0, 0, 0]
					},
					"position": {
						"0.0": [0, 7, 0],
						"0.75": [0, 14, 0],
						"2.5": [0, 7, 0]
					}
				},
				"gorro": {
					"rotation": {
						"0.0": [0, 0, 0],
						"0.75": [7.5, 0, 0],
						"2.5": [0, 0, 0]
					}
				},
				"bone3": {
					"rotation": {
						"0.0": [-12.5, 0, 0],
						"0.75": [12.5, 0, 0],
						"2.5": [-12.5, 0, 0]
					}
				},
				"bone4": {
					"rotation": {
						"0.0": [-7.5, 0, 0],
						"0.75": [7.5, 0, 0],
						"2.5": [-7.5, 0, 0]
					}
				},
				"bone": {
					"rotation": {
						"0.0": [-10, 0, 0],
						"0.75": [10, 0, 0],
						"2.5": [-10, 0, 0]
					}
				},
				"bone2": {
					"rotation": {
						"0.0": [-12.5, 0, 0],
						"0.75": [12.5, 0, 0],
						"2.5": [-12.5, 0, 0]
					}
				},
				"bone5": {
					"rotation": {
						"0.0": [-10, 0, 0],
						"0.75": [10, 0, 0],
						"2.5": [-10, 0, 0]
					}
				},
				"bone6": {
					"rotation": {
						"0.0": [-12.5, 0, 0],
						"0.75": [12.5, 0, 0],
						"2.5": [-12.5, 0, 0]
					}
				},
				"bone7": {
					"rotation": {
						"0.0": [17.5, 0, 0],
						"0.75": [-17.5, 0, 0],
						"2.5": [17.5, 0, 0]
					}
				},
				"bone8": {
					"rotation": {
						"0.0": [15, 0, 0],
						"0.75": [-15, 0, 0],
						"2.5": [15, 0, 0]
					}
				},
				"bone9": {
					"rotation": {
						"0.0": [15, 0, 0],
						"0.75": [-15, 0, 0],
						"2.5": [15, 0, 0]
					}
				},
				"bone10": {
					"rotation": {
						"0.0": [10, 0, 0],
						"0.75": [-10, 0, 0],
						"2.5": [10, 0, 0]
					}
				},
				"bone11": {
					"rotation": {
						"0.0": [15, 0, 0],
						"0.75": [-15, 0, 0],
						"2.5": [15, 0, 0]
					}
				},
				"bone12": {
					"rotation": {
						"0.0": [17.5, 0, 0],
						"0.75": [-17.5, 0, 0],
						"2.5": [17.5, 0, 0]
					}
				},
				"bone13": {
					"rotation": {
						"0.0": [7.5, 0, 0],
						"0.75": [-7.5, 0, 0],
						"2.5": [7.5, 0, 0]
					}
				},
				"bone14": {
					"rotation": {
						"0.0": [5, 0, 0],
						"0.75": [-5, 0, 0],
						"2.5": [5, 0, 0]
					}
				},
				"bone15": {
					"rotation": {
						"0.0": [-10, 0, 0],
						"0.75": [10, 0, 0],
						"2.5": [-10, 0, 0]
					}
				},
				"bone16": {
					"rotation": {
						"0.0": [-10, 0, 0],
						"0.75": [10, 0, 0],
						"2.5": [-10, 0, 0]
					}
				},
				"bone17": {
					"rotation": {
						"0.0": [0, 0, -10],
						"0.75": [0, 0, 10],
						"2.5": [0, 0, -10]
					}
				},
				"bone18": {
					"rotation": {
						"0.0": [0, 0, -7.5],
						"0.75": [0, 0, 7.5],
						"2.5": [0, 0, -7.5]
					}
				},
				"bone19": {
					"rotation": {
						"0.0": [0, 0, -10],
						"0.75": [0, 0, 10],
						"2.5": [0, 0, -10]
					}
				},
				"bone20": {
					"rotation": {
						"0.0": [0, 0, -12.5],
						"0.75": [0, 0, 12.5],
						"2.5": [0, 0, -12.5]
					}
				},
				"bone21": {
					"rotation": {
						"0.0": [0, 0, 7.5],
						"0.75": [0, 0, -7.5],
						"2.5": [0, 0, 7.5]
					}
				},
				"bone22": {
					"rotation": {
						"0.0": [0, 0, 10],
						"0.75": [0, 0, -10],
						"2.5": [0, 0, 10]
					}
				},
				"bone23": {
					"rotation": {
						"0.0": [0, 0, 12.5],
						"0.75": [0, 0, -12.5],
						"2.5": [0, 0, 12.5]
					}
				},
				"bone24": {
					"rotation": {
						"0.0": [0, 0, 15],
						"0.75": [0, 0, -15],
						"2.5": [0, 0, 15]
					}
				}
			}
		},
		"animation.inkay.ground_walk": {
			"loop": true,
			"animation_length": 2.5,
			"bones": {
				"1": {
					"rotation": {
						"0.0": [-10, 0, 0],
						"0.75": [10, 0, 0],
						"2.5": [-10, 0, 0]
					}
				},
				"2": {
					"rotation": {
						"0.0": [-15, 0, 0],
						"0.75": [15, 0, 0],
						"2.5": [-15, 0, 0]
					}
				},
				"3": {
					"rotation": {
						"0.0": [-20, 0, 0],
						"0.75": [20, 0, 0],
						"2.5": [-20, 0, 0]
					}
				},
				"4": {
					"rotation": {
						"0.0": [12.5, 0, 0],
						"0.75": [-12.5, 0, 0],
						"2.5": [12.5, 0, 0]
					}
				},
				"5": {
					"rotation": {
						"0.0": [25, 0, 0],
						"0.75": [-25, 0, 0],
						"2.5": [25, 0, 0]
					}
				},
				"6": {
					"rotation": {
						"0.0": [10, 0, 0],
						"0.75": [-10, 0, 0],
						"2.5": [10, 0, 0]
					}
				},
				"7": {
					"rotation": {
						"0.0": [10, 0, 0],
						"0.75": [-10, 0, 0],
						"2.5": [10, 0, 0]
					}
				},
				"8": {
					"rotation": {
						"0.0": [-15, 0, 0],
						"0.75": [15, 0, 0],
						"2.5": [-15, 0, 0]
					}
				},
				"9": {
					"rotation": {
						"0.0": [0, 0, -10],
						"0.75": [0, 0, -2.5],
						"2.5": [0, 0, -10]
					}
				},
				"10": {
					"rotation": {
						"0.0": [0, 0, 12.5],
						"0.75": [0, 0, 5],
						"2.5": [0, 0, 12.5]
					}
				},
				"inkay": {
					"rotation": {
						"0.0": [0, 0, 0],
						"0.75": [25, -17.5, 0],
						"2.5": [0, 0, 0]
					},
					"position": {
						"0.0": [0, 7, 0],
						"0.75": [0, 23, 0],
						"2.5": [0, 7, 0]
					}
				},
				"gorro": {
					"rotation": {
						"0.0": [0, 0, 0],
						"0.75": [7.5, 0, 0],
						"2.5": [0, 0, 0]
					}
				},
				"bone3": {
					"rotation": {
						"0.0": [-12.5, 0, 0],
						"0.75": [12.5, 0, 0],
						"2.5": [-12.5, 0, 0]
					}
				},
				"bone4": {
					"rotation": {
						"0.0": [-7.5, 0, 0],
						"0.75": [7.5, 0, 0],
						"2.5": [-7.5, 0, 0]
					}
				},
				"bone": {
					"rotation": {
						"0.0": [-10, 0, 0],
						"0.75": [10, 0, 0],
						"2.5": [-10, 0, 0]
					}
				},
				"bone2": {
					"rotation": {
						"0.0": [-12.5, 0, 0],
						"0.75": [12.5, 0, 0],
						"2.5": [-12.5, 0, 0]
					}
				},
				"bone5": {
					"rotation": {
						"0.0": [-10, 0, 0],
						"0.75": [10, 0, 0],
						"2.5": [-10, 0, 0]
					}
				},
				"bone6": {
					"rotation": {
						"0.0": [-12.5, 0, 0],
						"0.75": [12.5, 0, 0],
						"2.5": [-12.5, 0, 0]
					}
				},
				"bone7": {
					"rotation": {
						"0.0": [17.5, 0, 0],
						"0.75": [-17.5, 0, 0],
						"2.5": [17.5, 0, 0]
					}
				},
				"bone8": {
					"rotation": {
						"0.0": [15, 0, 0],
						"0.75": [-15, 0, 0],
						"2.5": [15, 0, 0]
					}
				},
				"bone9": {
					"rotation": {
						"0.0": [15, 0, 0],
						"0.75": [-15, 0, 0],
						"2.5": [15, 0, 0]
					}
				},
				"bone10": {
					"rotation": {
						"0.0": [10, 0, 0],
						"0.75": [-10, 0, 0],
						"2.5": [10, 0, 0]
					}
				},
				"bone11": {
					"rotation": {
						"0.0": [15, 0, 0],
						"0.75": [-15, 0, 0],
						"2.5": [15, 0, 0]
					}
				},
				"bone12": {
					"rotation": {
						"0.0": [17.5, 0, 0],
						"0.75": [-17.5, 0, 0],
						"2.5": [17.5, 0, 0]
					}
				},
				"bone13": {
					"rotation": {
						"0.0": [7.5, 0, 0],
						"0.75": [-7.5, 0, 0],
						"2.5": [7.5, 0, 0]
					}
				},
				"bone14": {
					"rotation": {
						"0.0": [5, 0, 0],
						"0.75": [-5, 0, 0],
						"2.5": [5, 0, 0]
					}
				},
				"bone15": {
					"rotation": {
						"0.0": [-10, 0, 0],
						"0.75": [10, 0, 0],
						"2.5": [-10, 0, 0]
					}
				},
				"bone16": {
					"rotation": {
						"0.0": [-10, 0, 0],
						"0.75": [10, 0, 0],
						"2.5": [-10, 0, 0]
					}
				},
				"bone17": {
					"rotation": {
						"0.0": [0, 0, -10],
						"0.75": [0, 0, 10],
						"2.5": [0, 0, -10]
					}
				},
				"bone18": {
					"rotation": {
						"0.0": [0, 0, -7.5],
						"0.75": [0, 0, 7.5],
						"2.5": [0, 0, -7.5]
					}
				},
				"bone19": {
					"rotation": {
						"0.0": [0, 0, -10],
						"0.75": [0, 0, 10],
						"2.5": [0, 0, -10]
					}
				},
				"bone20": {
					"rotation": {
						"0.0": [0, 0, -12.5],
						"0.75": [0, 0, 12.5],
						"2.5": [0, 0, -12.5]
					}
				},
				"bone21": {
					"rotation": {
						"0.0": [0, 0, 7.5],
						"0.75": [0, 0, -7.5],
						"2.5": [0, 0, 7.5]
					}
				},
				"bone22": {
					"rotation": {
						"0.0": [0, 0, 10],
						"0.75": [0, 0, -10],
						"2.5": [0, 0, 10]
					}
				},
				"bone23": {
					"rotation": {
						"0.0": [0, 0, 12.5],
						"0.75": [0, 0, -12.5],
						"2.5": [0, 0, 12.5]
					}
				},
				"bone24": {
					"rotation": {
						"0.0": [0, 0, 15],
						"0.75": [0, 0, -15],
						"2.5": [0, 0, 15]
					}
				}
			}
		}
	}
}