{
	"format_version": "1.8.0",
	"animations": {
		"animation.jigglypuff.ground_idle": {
			"loop": true,
			"bones": {
				"body": {
					"position": [0, 0.6, 0]
				},
				"foot_right": {
					"rotation": ["12.5-math.sin(q.anim_time*90*4+90)*3", 30, 0],
					"position": ["0+math.sin(q.anim_time*90*4+90)*0.05", "0-math.sin(q.anim_time*90*4+90)*0.15", "0+math.sin(q.anim_time*90*4+90)*0.1"]
				},
				"foot_right2": {
					"rotation": ["-12.5+math.sin(q.anim_time*90*4+90)*3", 0, 0]
				},
				"foot_left": {
					"rotation": ["12.5-math.sin(q.anim_time*90*4+90)*3", -30, 0],
					"position": ["0-math.sin(q.anim_time*90*4+90)*0.05", "0-math.sin(q.anim_time*90*4+90)*0.15", "0+math.sin(q.anim_time*90*4+90)*0.1"]
				},
				"foot_left2": {
					"rotation": ["-12.5+math.sin(q.anim_time*90*4+90)*3", 0, 0]
				},
				"head": {
					"rotation": ["0+math.sin(q.anim_time*90*4+45)*2", "0-math.sin(q.anim_time*90*2+90)*3", "0-math.sin(q.anim_time*90*2+45)*1"],
					"position": [0, "0-math.sin(q.anim_time*90*4+90)*0.25", 0]
				},
				"arm_left": {
					"rotation": ["8.6438783644-math.sin(q.anim_time*90*4+150)*4", -29.7174, -4.30963]
				},
				"arm_right": {
					"rotation": ["8.6438783644-math.sin(q.anim_time*90*4+150)*4", 29.7174, 4.30963],
					"position": [-0.5, 0, 0]
				},
				"ear_right": {
					"rotation": ["0-math.sin(q.anim_time*90*4+120)*4", 4.00067, -30.49373]
				},
				"arm_left2": {
					"rotation": ["0-math.sin(q.anim_time*90*4+150)*2", 0, 0]
				},
				"arm_right2": {
					"rotation": ["0-math.sin(q.anim_time*90*4+150)*2", 0, 0]
				},
				"ear_left": {
					"rotation": ["0-math.sin(q.anim_time*90*4+120)*4", -4.00067, 30.49373]
				},
				"ear_right2": {
					"rotation": [7.5, 0, 0]
				},
				"ear_left2": {
					"rotation": [7.5, 0, 0]
				},
				"microphone_arm1": {
					"rotation": [12.06797, -19.27648, -3.96242],
					"position": [-0.5, 0, 0],
					"scale": 0
				},
				"microphone_arm2": {
					"rotation": [0, -50, 0]
				},
				"microphone": {
					"rotation": [12.5, 0, 0]
				},
				"locator_target": {
					"position": [0, 0, -1]
				},
				"hair": {
					"rotation": ["0-math.sin(q.anim_time*90*4+120)*2", "0-math.sin(q.anim_time*90*2+45)*2", "0+math.sin(q.anim_time*90*2+150)*2"]
				},
				"hair_curl": {
					"rotation": ["0-math.sin(q.anim_time*90*4+45)*1", 0, 0]
				}
			}
		},
		"animation.jigglypuff.ground_walk": {
			"loop": true,
			"animation_length": 1.5,
			"bones": {
				"body": {
					"rotation": ["0-math.sin(q.anim_time*90*2.67*2+150)*2", 0, 0],
					"position": [0, 0.6, 0]
				},
				"foot_right": {
					"rotation": {
						"0.0": {
							"post": [44.83, 9.86, 18.45],
							"lerp_mode": "catmullrom"
						},
						"0.1667": {
							"post": [30.36853, 7.37398, 32.79245],
							"lerp_mode": "catmullrom"
						},
						"0.5417": {
							"post": [-22.27971, 9.42158, 5.74906],
							"lerp_mode": "catmullrom"
						},
						"0.75": {
							"post": [16.77178, 7.02795, -1.90382],
							"lerp_mode": "catmullrom"
						},
						"1.0417": {
							"post": [63.48609, 7.65202, 0.07028],
							"lerp_mode": "catmullrom"
						},
						"1.3333": {
							"post": [53.91542, 12.0462, 0.64769],
							"lerp_mode": "catmullrom"
						},
						"1.5": {
							"post": [44.83, 9.86, 18.45],
							"lerp_mode": "catmullrom"
						}
					},
					"position": {
						"0.0": {
							"post": [0, 2.36, 1.05],
							"lerp_mode": "catmullrom"
						},
						"0.1667": {
							"post": [0, 2.25, 0],
							"lerp_mode": "catmullrom"
						},
						"0.5417": {
							"post": [0, 0.53, -2.82],
							"lerp_mode": "catmullrom"
						},
						"0.75": {
							"post": [0, 0.15, -1.5],
							"lerp_mode": "catmullrom"
						},
						"1.0417": {
							"post": [0, 2.25, -0.5],
							"lerp_mode": "catmullrom"
						},
						"1.3333": {
							"post": [0, 2.25, 1.5],
							"lerp_mode": "catmullrom"
						},
						"1.5": {
							"post": [0, 2.36, 1.05],
							"lerp_mode": "catmullrom"
						}
					}
				},
				"foot_right2": {
					"rotation": {
						"0.0": {
							"post": [-15.31, 0, 0],
							"lerp_mode": "catmullrom"
						},
						"0.1667": {
							"post": [17.5, 0, 0],
							"lerp_mode": "catmullrom"
						},
						"0.5417": {
							"post": [-17.5, 0, 0],
							"lerp_mode": "catmullrom"
						},
						"0.75": {
							"post": [-17.5, 0, 0],
							"lerp_mode": "catmullrom"
						},
						"1.0417": {
							"post": [-52.5, 0, 0],
							"lerp_mode": "catmullrom"
						},
						"1.3333": {
							"post": [-52.5, 0, 0],
							"lerp_mode": "catmullrom"
						},
						"1.5": {
							"post": [-15.31, 0, 0],
							"lerp_mode": "catmullrom"
						}
					},
					"position": {
						"0.0": {
							"post": [0, -0.25, -0.25],
							"lerp_mode": "catmullrom"
						},
						"0.1667": {
							"post": [0, 0, 0.25],
							"lerp_mode": "catmullrom"
						},
						"0.5417": {
							"post": [0, 0, 0],
							"lerp_mode": "catmullrom"
						},
						"0.75": {
							"post": [0, 0, 0],
							"lerp_mode": "catmullrom"
						},
						"1.0417": {
							"post": [0, -0.5, -0.5],
							"lerp_mode": "catmullrom"
						},
						"1.3333": {
							"post": [0, -0.5, -0.75],
							"lerp_mode": "catmullrom"
						},
						"1.5": {
							"post": [0, -0.25, -0.25],
							"lerp_mode": "catmullrom"
						}
					}
				},
				"foot_left": {
					"rotation": {
						"0.0": {
							"post": [17.0513, -6.3006, -0.50433],
							"lerp_mode": "catmullrom"
						},
						"0.2917": {
							"post": [63.48609, -7.65202, -0.07028],
							"lerp_mode": "catmullrom"
						},
						"0.5833": {
							"post": [53.91542, -12.0462, -0.64769],
							"lerp_mode": "catmullrom"
						},
						"0.9167": {
							"post": [30.36853, -7.37398, -32.79245],
							"lerp_mode": "catmullrom"
						},
						"1.2917": {
							"post": [-22.27971, -9.42158, -5.74906],
							"lerp_mode": "catmullrom"
						},
						"1.5": {
							"post": [17.0513, -6.3006, -0.50433],
							"lerp_mode": "catmullrom"
						}
					},
					"position": {
						"0.0": {
							"post": [0, 0.15, -1.5],
							"lerp_mode": "catmullrom"
						},
						"0.2917": {
							"post": [0, 2.25, -0.5],
							"lerp_mode": "catmullrom"
						},
						"0.5833": {
							"post": [0, 2.25, 1.5],
							"lerp_mode": "catmullrom"
						},
						"0.9167": {
							"post": [0, 2.25, 0],
							"lerp_mode": "catmullrom"
						},
						"1.2917": {
							"post": [0, 0.53, -2.82],
							"lerp_mode": "catmullrom"
						},
						"1.5": {
							"post": [0, 0.15, -1.5],
							"lerp_mode": "catmullrom"
						}
					}
				},
				"foot_left2": {
					"rotation": {
						"0.0": {
							"post": [-17.5, 0, 0],
							"lerp_mode": "catmullrom"
						},
						"0.2917": {
							"post": [-52.5, 0, 0],
							"lerp_mode": "catmullrom"
						},
						"0.5833": {
							"post": [-52.5, 0, 0],
							"lerp_mode": "catmullrom"
						},
						"0.9167": {
							"post": [17.5, 0, 0],
							"lerp_mode": "catmullrom"
						},
						"1.2917": {
							"post": [-17.5, 0, 0],
							"lerp_mode": "catmullrom"
						},
						"1.5": {
							"post": [-17.5, 0, 0],
							"lerp_mode": "catmullrom"
						}
					},
					"position": {
						"0.0": {
							"post": [0, 0, 0],
							"lerp_mode": "catmullrom"
						},
						"0.2917": {
							"post": [0, -0.5, -0.5],
							"lerp_mode": "catmullrom"
						},
						"0.5833": {
							"post": [0, -0.5, -0.75],
							"lerp_mode": "catmullrom"
						},
						"0.9167": {
							"post": [0, 0, 0.25],
							"lerp_mode": "catmullrom"
						},
						"1.2917": {
							"post": [0, 0, 0],
							"lerp_mode": "catmullrom"
						},
						"1.5": {
							"post": [0, 0, 0],
							"lerp_mode": "catmullrom"
						}
					}
				},
				"head": {
					"rotation": ["-5+math.sin(q.anim_time*90*2.67*2+45)*8", "math.sin(q.anim_time*90*2.67+120)*4", "math.sin(q.anim_time*90*2.67+45)*8"],
					"position": {
						"0.0": {
							"post": [0, -0.25, 0],
							"lerp_mode": "catmullrom"
						},
						"0.375": {
							"post": [0, 1.5, 0],
							"lerp_mode": "catmullrom"
						},
						"0.75": {
							"post": [0, -0.25, 0],
							"lerp_mode": "catmullrom"
						},
						"1.125": {
							"post": [0, 1.5, 0],
							"lerp_mode": "catmullrom"
						},
						"1.5": {
							"post": [0, -0.25, 0],
							"lerp_mode": "catmullrom"
						}
					}
				},
				"arm_left": {
					"rotation": [-10.78288, "-8.4462-math.sin(q.anim_time*90*2.67*2-150)*4", -11.33916]
				},
				"arm_right": {
					"rotation": [-10.78288, "8.4462+math.sin(q.anim_time*90*2.67*2+150)*4", 11.33916],
					"position": [-0.5, 0, 0]
				},
				"ear_right": {
					"rotation": ["0-math.sin(q.anim_time*90*2.67*2+120)*5", 4.00067, "-30.4937-math.sin(q.anim_time*90*2.67+120)*8"]
				},
				"arm_left2": {
					"rotation": [0, "15-math.sin(q.anim_time*90*2.67*2-150)*4", 0]
				},
				"arm_right2": {
					"rotation": [0, "-15+math.sin(q.anim_time*90*2.67*2+150)*4", 0]
				},
				"ear_left": {
					"rotation": ["0-math.sin(q.anim_time*90*2.67*2+120)*5", -4.00067, "30.4937333-math.sin(q.anim_time*90*2.67+120)*8"]
				},
				"ear_right2": {
					"rotation": [7.5, 0, 0]
				},
				"ear_left2": {
					"rotation": [7.5, 0, 0]
				},
				"microphone_arm1": {
					"rotation": [12.06797, -19.27648, -3.96242],
					"position": [-0.5, 0, 0],
					"scale": 0
				},
				"microphone_arm2": {
					"rotation": [0, -50, 0]
				},
				"microphone": {
					"rotation": [12.5, 0, 0]
				},
				"locator_target": {
					"position": [0, 0, -1]
				},
				"hair": {
					"rotation": ["0-math.cos(q.anim_time*90*2.67*2+45)*4", 0, "0+math.sin(q.anim_time*90*2.67*2+150)*2"]
				},
				"hair_curl": {
					"rotation": ["0-math.cos(q.anim_time*90*2.67*2+45)*2", 0, 0]
				}
			}
		},
		"animation.jigglypuff.battle_idle": {
			"loop": true,
			"bones": {
				"body": {
					"position": [0, 0.6, 0]
				},
				"foot_right": {
					"rotation": ["12.5-math.sin(q.anim_time*90*6+90)*3", 30, 0],
					"position": ["0+math.sin(q.anim_time*90*6+90)*0.05", "0-math.sin(q.anim_time*90*6+90)*0.15", "0+math.sin(q.anim_time*90*6+90)*0.1"]
				},
				"foot_right2": {
					"rotation": ["-12.5+math.sin(q.anim_time*90*6+90)*3", 0, 0]
				},
				"foot_left": {
					"rotation": ["12.5-math.sin(q.anim_time*90*6+90)*3", -30, 0],
					"position": ["0-math.sin(q.anim_time*90*6+90)*0.05", "0-math.sin(q.anim_time*90*6+90)*0.15", "0+math.sin(q.anim_time*90*6+90)*0.1"]
				},
				"foot_left2": {
					"rotation": ["-12.5+math.sin(q.anim_time*90*6+90)*3", 0, 0]
				},
				"head": {
					"rotation": ["0+math.sin(q.anim_time*90*6+45)*2", "0-math.sin(q.anim_time*90*3+90)*3", "0-math.sin(q.anim_time*90*3+45)*1"],
					"position": [0, "0-math.sin(q.anim_time*90*6+90)*0.25", 0]
				},
				"arm_left": {
					"rotation": ["8.6438783644-math.sin(q.anim_time*90*6+150)*4", -29.7174, -4.30963]
				},
				"arm_right": {
					"rotation": ["8.6438783644-math.sin(q.anim_time*90*6+150)*4", 29.7174, 4.30963],
					"position": [-0.5, 0, 0]
				},
				"ear_right": {
					"rotation": ["0-math.sin(q.anim_time*90*6+120)*4", 4.00067, -30.49373]
				},
				"arm_left2": {
					"rotation": ["0-math.sin(q.anim_time*90*6+150)*2", 0, 0]
				},
				"arm_right2": {
					"rotation": ["0-math.sin(q.anim_time*90*6+150)*2", 0, 0]
				},
				"ear_left": {
					"rotation": ["0-math.sin(q.anim_time*90*6+120)*4", -4.00067, 30.49373]
				},
				"ear_right2": {
					"rotation": [7.5, 0, 0]
				},
				"ear_left2": {
					"rotation": [7.5, 0, 0]
				},
				"microphone_arm1": {
					"rotation": [12.06797, -19.27648, -3.96242],
					"position": [-0.5, 0, 0],
					"scale": 0
				},
				"microphone_arm2": {
					"rotation": [0, -50, 0]
				},
				"microphone": {
					"rotation": [12.5, 0, 0]
				},
				"locator_target": {
					"position": [0, 0, -1]
				},
				"hair": {
					"rotation": ["0-math.sin(q.anim_time*90*6+120)*2", "0-math.sin(q.anim_time*90*3+45)*2", "0+math.sin(q.anim_time*90*3+150)*2"]
				},
				"hair_curl": {
					"rotation": ["0-math.sin(q.anim_time*90*6+45)*1", 0, 0]
				}
			}
		},
		"animation.jigglypuff.sleep": {
			"loop": true,
			"bones": {
				"body": {
					"rotation": [-10, 0, 0],
					"position": [0, -1.4, 0]
				},
				"foot_right": {
					"rotation": [-32.72684, 37.04109, -8.53235],
					"position": [-0.7, -0.15, -5.9]
				},
				"foot_right2": {
					"rotation": [-22, 0, 0]
				},
				"foot_left": {
					"rotation": [-32.72684, -37.04109, 8.53235],
					"position": [0.7, -0.15, -5.9]
				},
				"foot_left2": {
					"rotation": [-9.5, 0, 0]
				},
				"head": {
					"rotation": ["1.414213562-math.sin(q.anim_time*90*1+45)*0.25", -3, -0.70711],
					"position": [0, -0.25, 0],
					"scale": "1+math.sin(q.anim_time*90*1+90)*0.005"
				},
				"arm_left": {
					"rotation": [23.1446, 44.82569, 4.75611],
					"position": [0.25, 1.25, -1.75]
				},
				"arm_right": {
					"rotation": [23.1446, -44.82569, -4.75611],
					"position": [-0.25, 1.25, -1.75]
				},
				"ear_right": {
					"rotation": ["11.535898385+math.sin(q.anim_time*90*1+150)*0.5", 4.00067, -30.49373]
				},
				"arm_left2": {
					"rotation": [-1.04852, 17.49725, -0.31528]
				},
				"arm_right2": {
					"rotation": [-1.04852, -17.49725, 0.31528]
				},
				"ear_left": {
					"rotation": ["11.535898385+math.sin(q.anim_time*90*1+150)*0.5", -4.00067, 30.49373]
				},
				"ear_right2": {
					"rotation": [7.5, 0, 0]
				},
				"ear_left2": {
					"rotation": [7.5, 0, 0]
				},
				"microphone_arm1": {
					"rotation": [12.06797, -19.27648, -3.96242],
					"position": [-0.5, 0, 0],
					"scale": 0
				},
				"microphone_arm2": {
					"rotation": [0, -50, 0]
				},
				"microphone": {
					"rotation": [12.5, 0, 0]
				},
				"locator_target": {
					"position": [0, 0, -1]
				},
				"arms": {
					"scale": "1-math.sin(q.anim_time*90*1+90)*0.0025"
				},
				"hair": {
					"rotation": ["-1.732050808-math.sin(q.anim_time*90*1+45)*0.5", -1.41421, 1],
					"scale": "1-math.sin(q.anim_time*90*1+90)*0.005"
				},
				"hair_curl": {
					"rotation": [-0.70711, 0, 0]
				},
				"mouth_closed": {
					"position": [0, 0, 1]
				},
				"mouth_open_small": {
					"position": [0, 0, -0.25],
					"scale": "1+math.sin(q.anim_time*90*1+120)*0.075"
				},
				"eye_right": {
					"position": [0, 0, 0.1]
				},
				"eye_left": {
					"position": [0, 0, 0.1]
				},
				"eyelid_right": {
					"rotation": [0, 0, 5],
					"position": [0, 0, -0.1]
				},
				"eyelid_left": {
					"rotation": [0, 0, -5],
					"position": [0, 0, -0.1]
				},
				"ears": {
					"scale": "1-math.sin(q.anim_time*90*1+90)*0.005"
				},
				"legs": {
					"scale": "1-math.sin(q.anim_time*90*1+90)*0.005"
				}
			}
		},
		"animation.jigglypuff.pose": {
			"loop": true,
			"bones": {
				"body": {
					"rotation": [0, -20, 0],
					"position": [0, 1.5, 0]
				},
				"head": {
					"rotation": [-7.5, 0, -7.5]
				},
				"arm_left": {
					"rotation": [-32.24476, -39.20808, 25.82397]
				},
				"arm_left2": {
					"rotation": [0, 40, 0]
				},
				"arm_right": {
					"rotation": [18.07779, 14.2906, 17.10659]
				},
				"arm_right2": {
					"rotation": [0, -40, 0]
				},
				"microphone_arm1": {
					"rotation": [18.07779, 14.2906, 17.10659]
				},
				"microphone_arm2": {
					"rotation": [0, -40, 0]
				},
				"microphone": {
					"rotation": [8.21888, -5.71617, 34.58897]
				},
				"mouth_closed": {
					"position": [0, 0, 0.1]
				},
				"mouth_open": {
					"position": [0, 0, -0.1]
				},
				"eye_right": {
					"position": [0, 0, 0.1]
				},
				"eye_left": {
					"position": [0, 0, 0.1]
				},
				"ear_right": {
					"rotation": [17.5, 0, -40]
				},
				"ear_right2": {
					"rotation": [10, 0, 0]
				},
				"ear_left": {
					"rotation": [17.5, 0, 40]
				},
				"ear_left2": {
					"rotation": [10, 0, 0]
				},
				"foot_right": {
					"rotation": [30, 35, 0]
				},
				"foot_right2": {
					"rotation": [-27.5, 0, 0]
				},
				"foot_left": {
					"rotation": [15.41321, -35.05223, -3.50101],
					"position": [0, 1, -2]
				},
				"foot_left2": {
					"rotation": [-12.5, 0, 0]
				},
				"eyelid_happy_left": {
					"position": [0, 0, -0.1]
				},
				"eyelid_happy_right": {
					"position": [0, 0, -0.1]
				}
			}
		},
		"animation.jigglypuff.blink": {
			"animation_length": 0.1667,
			"bones": {
				"eyelid_right": {
					"rotation": {
						"0.0": [0, 0, 5],
						"0.125": [0, 0, 5],
						"0.1667": [0, 0, 0]
					},
					"position": {
						"0.0": [0, 0, -0.1],
						"0.125": {"pre": [0, 0, -0.1], "post": [0, 0, -0.1]},
						"0.1667": {"pre": [0, 0, -0.1], "post": [0, 0, 0]}
					}
				},
				"eyelid_left": {
					"rotation": {
						"0.0": [0, 0, -5],
						"0.125": [0, 0, -5],
						"0.1667": [0, 0, 0]
					},
					"position": {
						"0.0": [0, 0, -0.1],
						"0.125": {"pre": [0, 0, -0.1], "post": [0, 0, -0.1]},
						"0.1667": {"pre": [0, 0, -0.1], "post": [0, 0, 0]}
					}
				},
				"eye_right": {
					"position": {
						"0.0": [0, 0, 0.1],
						"0.125": {"pre": [0, 0, 0.1], "post": [0, 0, 0.1]},
						"0.1667": {"pre": [0, 0, 0.1], "post": [0, 0, 0]}
					}
				},
				"eye_left": {
					"position": {
						"0.0": [0, 0, 0.1],
						"0.125": {"pre": [0, 0, 0.1], "post": [0, 0, 0.1]},
						"0.1667": {"pre": [0, 0, 0.1], "post": [0, 0, 0]}
					}
				}
			}
		},
		"animation.jigglypuff.sad": {
			"loop": true,
			"bones": {
				"mouth2": {
					"position": [0, 0.5, 0]
				},
				"half_eyelid_right": {
					"rotation": [0, 0, -12.5],
					"position": [0, 0.75, -0.1]
				},
				"half_eyelid_left": {
					"rotation": [0, 0, 12.5],
					"position": [0, 0.75, -0.1]
				},
				"mouth1": {
					"position": [0, -0.5, 0]
				},
				"mouth3": {
					"position": [0, 0.5, 0]
				},
				"mouth4": {
					"position": [0, -0.5, 0]
				},
				"eye_right": {
					"rotation": [0, 0, -5]
				},
				"eye_left": {
					"rotation": [0, 0, 5]
				},
				"right_tear": {
					"position": [0, 0, -0.1]
				},
				"left_tear": {
					"position": [0, 0, -0.1]
				}
			}
		},
		"animation.jigglypuff.angry": {
			"loop": true,
			"bones": {
				"mouth2": {
					"position": [0, 0.25, 0]
				},
				"half_eyelid_right": {
					"rotation": [0, 0, 15],
					"position": [0, 0.5, -0.1]
				},
				"half_eyelid_left": {
					"rotation": [0, 0, -15],
					"position": [0, 0.5, -0.1]
				},
				"mouth1": {
					"position": [0, -0.5, 0]
				},
				"mouth3": {
					"position": [0, 0.25, 0]
				},
				"mouth4": {
					"position": [0, -0.5, 0]
				},
				"pupil_right": {
					"position": [0, -0.5, 0]
				},
				"pupil_left": {
					"position": [0, -0.5, 0]
				},
				"eye_right": {
					"rotation": [0, 0, 5]
				},
				"eye_left": {
					"rotation": [0, 0, -5]
				}
			}
		},
		"animation.jigglypuff.happy": {
			"loop": true,
			"bones": {
				"mouth_closed": {
					"position": [0, 0, 0.25]
				},
				"mouth_open": {
					"position": [0, 0, -0.1]
				},
				"eye_right": {
					"position": [0, 0, 0.1]
				},
				"eye_left": {
					"position": [0, 0, 0.1]
				},
				"eyelid_happy_right": {
					"rotation": [0, 0, -5],
					"position": [0, -0.25, -0.1]
				},
				"eyelid_happy_left": {
					"rotation": [0, 0, 5],
					"position": [0, -0.25, -0.1]
				},
				"left_blush": {
					"position": [0, 0, -0.1]
				},
				"right_blush": {
					"position": [0, 0, -0.1]
				}
			}
		},
		"animation.jigglypuff.surprise": {
			"loop": true,
			"bones": {
				"mouth_closed": {
					"position": [0, 0, 0.25]
				},
				"mouth_open_small": {
					"position": [0, 0, -0.1]
				}
			}
		},
		"animation.jigglypuff.pout": {
			"loop": true,
			"bones": {
				"body": {
					"position": [0, 1, 0]
				},
				"head": {
					"rotation": [4.99527, -0.21782, 2.4905],
					"position": [0, 1, 0]
				},
				"arms": {
					"position": [0, 0, -1]
				},
				"arm_left": {
					"rotation": [23.946, -42.70218, -28.69456]
				},
				"arm_left2": {
					"rotation": [0, 37.5, 0]
				},
				"arm_right": {
					"rotation": [16.36452, 34.22348, 27.56928]
				},
				"arm_right2": {
					"rotation": [0, -50, 0]
				},
				"microphone_arm1": {
					"rotation": [16.36452, 34.22348, 27.56928]
				},
				"microphone_arm2": {
					"rotation": [0, -50, 0]
				},
				"microphone": {
					"rotation": [0, 0, 25]
				},
				"microphone_top": {
					"rotation": [-62.5, 0, 0],
					"position": [10.5, 7, -3]
				},
				"hair": {
					"rotation": [-2.5, 0, 0],
					"position": [0, 1, -1]
				},
				"face": {
					"position": [0, 0, -1.2]
				},
				"mouth1": {
					"position": [0.25, 0, 0]
				},
				"mouth2": {
					"position": [0.25, 0.5, 0]
				},
				"mouth3": {
					"position": [0, 0.5, 0]
				},
				"mouth4": {
					"position": [0, 0, 0.1]
				},
				"pupil_right": {
					"position": [-1, -0.5, 0]
				},
				"pupil_left": {
					"position": [0, -0.5, 0]
				},
				"half_eyelid_right": {
					"rotation": [0, 0, 15],
					"position": [0, 0.5, -0.1]
				},
				"half_eyelid_left": {
					"rotation": [0, 0, -15],
					"position": [0, 0.5, -0.1]
				},
				"ears": {
					"position": [0, 1, -1]
				},
				"ear_right": {
					"rotation": [14.94548, -1.29256, -37.66955],
					"position": [-1, 0.5, 0]
				},
				"ear_right2": {
					"rotation": [10, 0, 0]
				},
				"ear_left": {
					"rotation": [14.94548, 1.29256, 37.66955],
					"position": [1, 0.5, 0]
				},
				"ear_left2": {
					"rotation": [10, 0, 0]
				},
				"foot_right": {
					"rotation": [20, 22.5, 0]
				},
				"foot_right2": {
					"rotation": [-17.5, 0, 0]
				},
				"foot_left": {
					"rotation": [20, -22.5, 0]
				},
				"foot_left2": {
					"rotation": [-17.5, 0, 0]
				},
				"mouth_pout_left": {
					"rotation": [0, 0, -10],
					"position": [-0.5, -0.25, -0.1]
				},
				"mouth_pout_right": {
					"rotation": [0, 0, 10],
					"position": [0, -0.25, -0.1]
				},
				"head_scale": {
					"scale": 1.2
				},
				"eyelid_pout_right": {
					"rotation": [0, 0, 17.5],
					"position": [-0.75, -0.25, -0.1]
				},
				"eyelid_pout_left": {
					"rotation": [0, 0, -17.5],
					"position": [0.75, -0.25, -0.1]
				}
			}
		},
		"animation.jigglypuff.pout_bounce": {
			"loop": true,
			"bones": {
				"body": {
					"rotation": ["0+math.sin(q.anim_time*90*4+150)*8", 0, "0+math.sin(q.anim_time*90*2+45)*2"],
					"position": [0, "1+math.abs(math.sin(q.anim_time*90*2+90)*10)", 0]
				},
				"head": {
					"rotation": ["4.995265198-math.sin(q.anim_time*90*4+45)*5", -0.21782, "2.490498747-math.sin(q.anim_time*90*2+120)*5"],
					"position": [0, 1, 0],
					"scale": ["1+math.sin(q.anim_time*90*4+150)*0.05", "1-math.cos(q.anim_time*90*4+90)*0.10", "1-math.sin(q.anim_time*90*4+45)*0.05"]
				},
				"arms": {
					"position": [0, 0, -1],
					"scale": ["1-math.sin(q.anim_time*90*4+120)*0.05", "1+math.cos(q.anim_time*90*4+45)*0.1", 1]
				},
				"arm_left": {
					"rotation": ["0+math.sin(q.anim_time*90*4+120)*10", -57.5, 0]
				},
				"arm_left2": {
					"rotation": ["0+math.sin(q.anim_time*90*4+150)*10", 0, 0]
				},
				"arm_right": {
					"rotation": ["0+math.sin(q.anim_time*90*4+120)*10", 57.5, 0]
				},
				"arm_right2": {
					"rotation": ["0+math.sin(q.anim_time*90*4+150)*10", 0, 0]
				},
				"microphone_arm1": {
					"rotation": [16.36452, 34.22348, 27.56928]
				},
				"microphone_arm2": {
					"rotation": [0, -50, 0]
				},
				"microphone": {
					"rotation": [0, 0, 25],
					"scale": 0
				},
				"microphone_top": {
					"rotation": [-62.5, 0, 0],
					"position": [10.5, 7, -3]
				},
				"hair": {
					"rotation": ["-2.5+math.sin(q.anim_time*90*4+150)*6", 0, 0],
					"position": [0, 1, -1]
				},
				"face": {
					"position": [0, 0, -1.2]
				},
				"mouth1": {
					"position": [0.25, 0, 0]
				},
				"mouth2": {
					"position": [0.25, 0.5, 0]
				},
				"mouth3": {
					"position": [0, 0.5, 0]
				},
				"mouth4": {
					"position": [0, 0, 0.1]
				},
				"pupil_right": {
					"position": [-1, -0.5, 0]
				},
				"pupil_left": {
					"position": [0, -0.5, 0]
				},
				"half_eyelid_right": {
					"rotation": [0, 0, 15],
					"position": [0, 0.5, -0.1]
				},
				"half_eyelid_left": {
					"rotation": [0, 0, -15],
					"position": [0, 0.5, -0.1]
				},
				"ears": {
					"position": [0, 1, -1],
					"scale": ["1-math.sin(q.anim_time*90*4+120)*0.05", "1+math.cos(q.anim_time*90*4+45)*0.1", 1]
				},
				"ear_right": {
					"rotation": ["14.945479184+math.sin(q.anim_time*90*4+150)*15", -1.29256, -37.66955],
					"position": [-1, 0.5, 0]
				},
				"ear_right2": {
					"rotation": [10, 0, 0]
				},
				"ear_left": {
					"rotation": ["14.945479184+math.sin(q.anim_time*90*4+150)*15", 1.29256, 37.66955],
					"position": [1, 0.5, 0]
				},
				"ear_left2": {
					"rotation": [10, 0, 0]
				},
				"foot_right": {
					"rotation": ["20+math.cos(q.anim_time*90*4+45)*10", "22.5-math.cos(q.anim_time*90*2+45)*3", 0]
				},
				"foot_right2": {
					"rotation": ["-17.5-math.cos(q.anim_time*90*4+120)*5", 0, 0]
				},
				"foot_left": {
					"rotation": ["20+math.cos(q.anim_time*90*4+45)*10", "-22.5+math.cos(q.anim_time*90*2+45)*3", 0]
				},
				"foot_left2": {
					"rotation": ["-17.5-math.cos(q.anim_time*90*4+120)*5", 0, 0]
				},
				"mouth_pout_left": {
					"rotation": [0, 0, -10],
					"position": [-0.5, -0.25, -0.1]
				},
				"mouth_pout_right": {
					"rotation": [0, 0, 10],
					"position": [0, -0.25, -0.1]
				},
				"head_scale": {
					"scale": 1.2
				},
				"eyelid_pout_right": {
					"rotation": [0, 0, 17.5],
					"position": [-0.75, -0.25, -0.1]
				},
				"eyelid_pout_left": {
					"rotation": [0, 0, -17.5],
					"position": [0.75, -0.25, -0.1]
				},
				"locator_item": {
					"rotation": ["0+math.sin(q.anim_time*90*4+120)*10", 0, 0]
				}
			}
		},
		"animation.jigglypuff.faint": {
			"animation_length": 3,
			"bones": {
				"body": {
					"rotation": {
						"0.0": [0, 0, 0],
						"0.1667": [7.71, 0, 0],
						"0.2917": [10, 0, 0],
						"0.4167": [0, 0, 0],
						"0.6667": {
							"pre": [-18.88172, -6.71771, -18.88172],
							"post": [-18.88172, -6.71771, -18.88172],
							"lerp_mode": "catmullrom"
						},
						"1.1667": {
							"post": [58.62, 23.28, -83.88],
							"lerp_mode": "catmullrom"
						},
						"1.5": [249.84, 24.52, -84.17],
						"1.625": [263.62, -32.22, -83.88],
						"1.8333": [268.62, -81.72, -83.88],
						"1.875": {"pre": [268.62, -81.72, -83.88], "post": [-18.57493, 61.13867, 169.83328]},
						"1.9583": [33.18, 61.14, 169.83],
						"2.0417": {
							"pre": [60.93, 61.14, 169.83],
							"post": [60.93, 61.14, 169.83],
							"lerp_mode": "catmullrom"
						},
						"2.0833": {
							"post": [75.31, 61.14, 169.83],
							"lerp_mode": "catmullrom"
						},
						"2.2083": {
							"post": [92.93, 61.14, 169.83],
							"lerp_mode": "catmullrom"
						},
						"2.3333": {
							"post": [80.93, 61.14, 169.83],
							"lerp_mode": "catmullrom"
						},
						"2.5833": [80.93, 61.14, 169.83]
					},
					"position": {
						"0.0": [0, 0, 0],
						"0.1667": {
							"pre": [0, 2.25, 0],
							"post": [0, 2.25, 0],
							"lerp_mode": "catmullrom"
						},
						"0.2917": [0, 1, 0],
						"0.4167": [0, 7.58, 2.75],
						"0.5": {
							"pre": [-0.5, 21.08, 8.5],
							"post": [-0.5, 21.08, 8.5],
							"lerp_mode": "catmullrom"
						},
						"0.6667": {
							"post": [-3, 50.08, 13],
							"lerp_mode": "catmullrom"
						},
						"0.7917": {
							"post": [-7.75, 58.08, 13.25],
							"lerp_mode": "catmullrom"
						},
						"0.9583": {
							"post": [-23.67, 65.64, 5.25],
							"lerp_mode": "catmullrom"
						},
						"1.1667": {
							"post": [-47.67, 56.64, -23.75],
							"lerp_mode": "catmullrom"
						},
						"1.25": {
							"post": [-38.47, 50.39, -45.75],
							"lerp_mode": "catmullrom"
						},
						"1.375": {
							"post": [-9.67, 49.89, -62.25],
							"lerp_mode": "catmullrom"
						},
						"1.4583": {
							"post": [20.69, 51.64, -53.1],
							"lerp_mode": "catmullrom"
						},
						"1.5833": {
							"post": [28.33, 54.39, -34.75],
							"lerp_mode": "catmullrom"
						},
						"1.7083": {
							"post": [21.33, 44.39, -19.75],
							"lerp_mode": "catmullrom"
						},
						"1.7917": {
							"post": [17.39, 26.55, -11.31],
							"lerp_mode": "catmullrom"
						},
						"1.875": {
							"post": [14.33, 2.14, -4.75],
							"lerp_mode": "catmullrom"
						},
						"1.9167": {
							"post": [11.51, -3.45, -2.59],
							"lerp_mode": "catmullrom"
						},
						"1.9583": {
							"post": [8.33, -2.11, -0.75],
							"lerp_mode": "catmullrom"
						},
						"2.0833": {
							"post": [2.33, -2.36, 3.25],
							"lerp_mode": "catmullrom"
						},
						"2.25": {
							"post": [-1.17, -4.86, 5.725],
							"lerp_mode": "catmullrom"
						},
						"2.4583": [-2.32, -4.86, 6.43]
					},
					"scale": {
						"0.0": [1, 1, 1],
						"0.125": {
							"pre": [1.1794, 1.1794, 1.1794],
							"post": [1.1794, 1.1794, 1.1794],
							"lerp_mode": "catmullrom"
						},
						"0.2917": {
							"post": [1.2165, 1.2165, 1.2165],
							"lerp_mode": "catmullrom"
						},
						"0.4583": {
							"post": [0.9405, 1.2432, 0.9155],
							"lerp_mode": "catmullrom"
						},
						"0.7083": [0.9, 1, 0.9],
						"1.125": {
							"pre": [0.5665, 0.9015, 0.5415],
							"post": [0.5665, 0.9015, 0.5415],
							"lerp_mode": "catmullrom"
						},
						"1.5833": {
							"post": [0.4415, 0.8415, 0.4415],
							"lerp_mode": "catmullrom"
						},
						"1.8333": {
							"post": [0.4415, 0.8415, 0.4415],
							"lerp_mode": "catmullrom"
						},
						"1.9167": {
							"post": [1.0415, 0.4415, 0.9415],
							"lerp_mode": "catmullrom"
						},
						"2.0417": {
							"post": [0.4415, 0.8415, 0.4415],
							"lerp_mode": "catmullrom"
						}
					}
				}
			}
		},
		"animation.jigglypuff.walktest": {
			"loop": true,
			"bones": {
				"jigglypuff": {
					"position": [0, 0, "0-q.anim_time*90*0.2"]
				}
			}
		}
	}
}