{
	"format_version": "1.8.0",
	"animations": {
		"animation.kyurem.ground_walk": {
			"loop": true,
			"animation_length": 4,
			"bones": {
				"body": {
					"rotation": ["-math.sin(q.anim_time*90*4)*1.5", "-math.sin(q.anim_time*90*2)*1", "math.sin(q.anim_time*90*2)*1"],
					"position": [0, "math.clamp(math.sin(q.anim_time*90*4)*1.2,0,2)", 0]
				},
				"tail": {
					"rotation": [12.5, "-math.sin(q.anim_time*90*2-40)*4", 0]
				},
				"tail_2": {
					"rotation": [-2.5, "-math.sin(q.anim_time*90*2-40)*4", 0]
				},
				"leg_left": {
					"rotation": {
						"0.0": {
							"post": [11.84157, -4.90459, -7.80371],
							"lerp_mode": "catmullrom"
						},
						"0.5": {
							"post": [21.86078, -24.33289, -12.60514],
							"lerp_mode": "catmullrom"
						},
						"1.0417": {
							"post": [39.39788, -24.60805, -18.31005],
							"lerp_mode": "catmullrom"
						},
						"1.375": {
							"post": [-7.512, -27.12167, -9.58996],
							"lerp_mode": "catmullrom"
						},
						"1.5": {
							"post": [3.62, -19.68, -10.63],
							"lerp_mode": "catmullrom"
						},
						"2.5": {
							"post": [21.86078, -24.33289, -12.60514],
							"lerp_mode": "catmullrom"
						},
						"3.0417": {
							"post": [39.39788, -24.60805, -18.31005],
							"lerp_mode": "catmullrom"
						},
						"3.375": {
							"post": [-7.512, -27.12167, -9.58996],
							"lerp_mode": "catmullrom"
						},
						"3.5": {
							"post": [3.62, -19.68, -10.63],
							"lerp_mode": "catmullrom"
						},
						"4.0": {
							"post": [11.84157, -4.90459, -7.80371],
							"lerp_mode": "catmullrom"
						}
					},
					"position": {
						"0.0": {
							"post": [1, -2.4, -2.2],
							"lerp_mode": "catmullrom"
						},
						"0.5": {
							"post": [1, -2.9, 1.3],
							"lerp_mode": "catmullrom"
						},
						"0.875": {
							"post": [1, 1.92, -0.51],
							"lerp_mode": "catmullrom"
						},
						"1.2917": {
							"post": [1, 1.9, -3.84],
							"lerp_mode": "catmullrom"
						},
						"1.4167": {
							"post": [1, 3.1, -5.7],
							"lerp_mode": "catmullrom"
						},
						"1.5": {
							"post": [1, -1.4, -5.7],
							"lerp_mode": "catmullrom"
						},
						"2.5": {
							"post": [1, -2.9, 1.3],
							"lerp_mode": "catmullrom"
						},
						"2.875": {
							"post": [1, 1.92, -0.51],
							"lerp_mode": "catmullrom"
						},
						"3.2917": {
							"post": [1, 1.9, -3.84],
							"lerp_mode": "catmullrom"
						},
						"3.4167": {
							"post": [1, 3.1, -5.7],
							"lerp_mode": "catmullrom"
						},
						"3.5": {
							"post": [1, -1.4, -5.7],
							"lerp_mode": "catmullrom"
						},
						"4.0": {
							"post": [1, -2.4, -2.2],
							"lerp_mode": "catmullrom"
						}
					}
				},
				"leg_left3": {
					"rotation": {
						"0.0": {
							"post": [0, 0, 0],
							"lerp_mode": "catmullrom"
						},
						"0.5": {
							"post": [0, 0, 0],
							"lerp_mode": "catmullrom"
						},
						"0.875": {
							"post": [12.5, 0, 0],
							"lerp_mode": "catmullrom"
						},
						"1.4583": {
							"post": [0, 0, 0],
							"lerp_mode": "catmullrom"
						},
						"2.5": {
							"post": [0, 0, 0],
							"lerp_mode": "catmullrom"
						},
						"2.875": {
							"post": [12.5, 0, 0],
							"lerp_mode": "catmullrom"
						},
						"3.4583": {
							"post": [0, 0, 0],
							"lerp_mode": "catmullrom"
						},
						"4.0": {
							"post": [0, 0, 0],
							"lerp_mode": "catmullrom"
						}
					},
					"position": {
						"0.0": {
							"post": [0, 0, 0],
							"lerp_mode": "catmullrom"
						},
						"0.5": {
							"post": [0, 0, 0],
							"lerp_mode": "catmullrom"
						},
						"0.875": {
							"post": [0, 1.2, 0],
							"lerp_mode": "catmullrom"
						},
						"1.4583": {
							"post": [0, 0, 0],
							"lerp_mode": "catmullrom"
						},
						"2.5": {
							"post": [0, 0, 0],
							"lerp_mode": "catmullrom"
						},
						"2.875": {
							"post": [0, 1.2, 0],
							"lerp_mode": "catmullrom"
						},
						"3.4583": {
							"post": [0, 0, 0],
							"lerp_mode": "catmullrom"
						},
						"4.0": {
							"post": [0, 0, 0],
							"lerp_mode": "catmullrom"
						}
					}
				},
				"feet_left": {
					"rotation": {
						"0.0": {
							"post": [0, 0, 10],
							"lerp_mode": "catmullrom"
						},
						"0.5": {
							"post": [0, 0, 10],
							"lerp_mode": "catmullrom"
						},
						"0.9167": {
							"post": [0, 0, 10],
							"lerp_mode": "catmullrom"
						},
						"1.1667": {
							"post": [-11.6232, 0, 10],
							"lerp_mode": "catmullrom"
						},
						"1.5": {
							"post": [0, 0, 10],
							"lerp_mode": "catmullrom"
						},
						"2.0": {
							"post": [0, 0, 10],
							"lerp_mode": "catmullrom"
						},
						"2.9167": {
							"post": [0, 0, 10],
							"lerp_mode": "catmullrom"
						},
						"3.1667": {
							"post": [-11.6232, 0, 10],
							"lerp_mode": "catmullrom"
						},
						"3.5": {
							"post": [0, 0, 10],
							"lerp_mode": "catmullrom"
						},
						"4.0": {
							"post": [0, 0, 10],
							"lerp_mode": "catmullrom"
						}
					}
				},
				"leg_left9": {
					"rotation": {
						"0.0": [-9.13, 0, 0],
						"0.5": [-17.5, 0, 0],
						"0.9167": [-20.38, 0, 0],
						"1.125": [-17.15, 0, 0],
						"1.5": [-18.06, 0, 0],
						"1.5417": [0, 0, 0],
						"2.4583": [-17.5, 0, 0],
						"2.875": [-20.38, 0, 0],
						"3.0833": [-17.15, 0, 0],
						"3.4583": [-18.06, 0, 0],
						"3.5": [0, 0, 0],
						"4.0": [-9.13, 0, 0]
					}
				},
				"leg_left10": {
					"rotation": {
						"0.0": [1.56, 0, 0],
						"0.0417": [-0.29, 0, 0],
						"0.0833": [-17.15, 0, 0],
						"0.4583": [-3.06, 0, 0],
						"0.5": [0, 0, 0],
						"1.0": [13.37, 0, 0],
						"1.5": [0, 0, 0],
						"1.9167": [-5.38, 0, 0],
						"2.125": [-2.15, 0, 0],
						"2.5": [1.94, 0, 0],
						"2.5417": [0, 0, 0],
						"3.4583": [-7.5, 0, 0],
						"3.875": [-7.88, 0, 0],
						"4.0": [1.56, 0, 0]
					}
				},
				"leg_left7": {
					"rotation": {
						"0.0": [-9.13, 0, 0],
						"0.5": [-17.5, 0, 0],
						"0.9167": [-20.38, 0, 0],
						"1.125": [-17.15, 0, 0],
						"1.5": [-18.06, 0, 0],
						"1.5417": [0, 0, 0],
						"2.4583": [-17.5, 0, 0],
						"2.875": [-20.38, 0, 0],
						"3.0833": [-17.15, 0, 0],
						"3.4583": [-18.06, 0, 0],
						"3.5": [0, 0, 0],
						"4.0": [-9.13, 0, 0]
					}
				},
				"leg_left8": {
					"rotation": {
						"0.0": [1.56, 0, 0],
						"0.0417": [-0.29, 0, 0],
						"0.0833": [-17.15, 0, 0],
						"0.4583": [-3.06, 0, 0],
						"0.5": [0, 0, 0],
						"1.0": [13.37, 0, 0],
						"1.5": [0, 0, 0],
						"1.9167": [-2.88, 0, 0],
						"2.125": [-2.15, 0, 0],
						"2.5": [1.94, 0, 0],
						"2.5417": [0, 0, 0],
						"3.4583": [-7.5, 0, 0],
						"3.875": [-7.88, 0, 0],
						"4.0": [1.56, 0, 0]
					}
				},
				"leg_left5": {
					"rotation": {
						"0.0": [-9.13, 0, 0],
						"0.5": [-17.5, 0, 0],
						"0.9167": [-20.38, 0, 0],
						"1.125": [-17.15, 0, 0],
						"1.5": [-18.06, 0, 0],
						"1.5417": [0, 0, 0],
						"2.4583": [-17.5, 0, 0],
						"2.875": [-20.38, 0, 0],
						"3.0833": [-17.15, 0, 0],
						"3.4583": [-18.06, 0, 0],
						"3.5": [0, 0, 0],
						"4.0": [-9.13, 0, 0]
					}
				},
				"leg_left6": {
					"rotation": {
						"0.0": [1.56, 0, 0],
						"0.0417": [-0.29, 0, 0],
						"0.0833": [-17.15, 0, 0],
						"0.4583": [-3.06, 0, 0],
						"0.5": [0, 0, 0],
						"1.0": [13.37, 0, 0],
						"1.5": [0, 0, 0],
						"1.9167": [-5.38, 0, 0],
						"2.125": [-2.15, 0, 0],
						"2.5": [1.94, 0, 0],
						"2.5417": [0, 0, 0],
						"3.4583": [-7.5, 0, 0],
						"3.875": [-7.88, 0, 0],
						"4.0": [1.56, 0, 0]
					}
				},
				"leg_right": {
					"rotation": {
						"0.0": {
							"post": [36.61501, 11.00442, 6.90777],
							"lerp_mode": "catmullrom"
						},
						"0.375": {
							"post": [-7.512, 27.12167, 9.58996],
							"lerp_mode": "catmullrom"
						},
						"0.5": {
							"post": [3.62, 19.68, 10.63],
							"lerp_mode": "catmullrom"
						},
						"1.0": {
							"post": [12.74, 22.01, 11.62],
							"lerp_mode": "catmullrom"
						},
						"1.5": {
							"post": [21.86078, 24.33289, 12.60514],
							"lerp_mode": "catmullrom"
						},
						"2.0417": {
							"post": [39.39788, 24.60805, 18.31005],
							"lerp_mode": "catmullrom"
						},
						"2.375": {
							"post": [-7.512, 27.12167, 9.58996],
							"lerp_mode": "catmullrom"
						},
						"2.5": {
							"post": [3.62, 19.68, 10.63],
							"lerp_mode": "catmullrom"
						},
						"3.5": {
							"post": [21.86078, 24.33289, 12.60514],
							"lerp_mode": "catmullrom"
						},
						"4.0": {
							"post": [36.61501, 11.00442, 6.90777],
							"lerp_mode": "catmullrom"
						}
					},
					"position": {
						"0.0": [-1, -2.4, -2.2],
						"0.2917": [-1, 1.9, -3.84],
						"0.4167": [-1, 3.1, -5.7],
						"0.5": [-1, -1.4, -5.7],
						"1.0": [-1, -1.9, -2.2],
						"1.5": [-1, -2.9, 1.3],
						"1.875": [-1, 1.92, -0.51],
						"2.2917": [-1, 1.9, -3.84],
						"2.4167": [-1, 3.1, -5.7],
						"2.5": [-1, -1.4, -5.7],
						"3.5": [-1, -2.9, 1.3],
						"3.875": [-1, 1.92, -0.51],
						"4.0": [-1, -2.4, -2.2]
					}
				},
				"leg_right3": {
					"rotation": {
						"0.0": {
							"post": [11.25, 0, 0],
							"lerp_mode": "catmullrom"
						},
						"0.4583": {
							"post": [0, 0, 0],
							"lerp_mode": "catmullrom"
						},
						"1.0": {
							"post": [0, 0, 0],
							"lerp_mode": "catmullrom"
						},
						"1.5": {
							"post": [0, 0, 0],
							"lerp_mode": "catmullrom"
						},
						"1.875": {
							"post": [12.5, 0, 0],
							"lerp_mode": "catmullrom"
						},
						"2.4583": {
							"post": [0, 0, 0],
							"lerp_mode": "catmullrom"
						},
						"3.5": {
							"post": [0, 0, 0],
							"lerp_mode": "catmullrom"
						},
						"3.875": {
							"post": [12.5, 0, 0],
							"lerp_mode": "catmullrom"
						},
						"4.0": {
							"post": [11.25, 0, 0],
							"lerp_mode": "catmullrom"
						}
					},
					"position": {
						"0.0": {
							"post": [0, 1.08, 0],
							"lerp_mode": "catmullrom"
						},
						"0.4583": {
							"post": [0, 0, 0],
							"lerp_mode": "catmullrom"
						},
						"1.0": {
							"post": [0, 0, 0],
							"lerp_mode": "catmullrom"
						},
						"1.5": {
							"post": [0, 0, 0],
							"lerp_mode": "catmullrom"
						},
						"1.875": {
							"post": [0, 1.2, 0],
							"lerp_mode": "catmullrom"
						},
						"2.4583": {
							"post": [0, 0, 0],
							"lerp_mode": "catmullrom"
						},
						"3.5": {
							"post": [0, 0, 0],
							"lerp_mode": "catmullrom"
						},
						"3.875": {
							"post": [0, 1.2, 0],
							"lerp_mode": "catmullrom"
						},
						"4.0": {
							"post": [0, 1.08, 0],
							"lerp_mode": "catmullrom"
						}
					}
				},
				"feet_right": {
					"rotation": {
						"0.0": [-3.87, 0, -10],
						"0.1667": [-11.6232, 0, -10],
						"0.5": [0, 0, -10],
						"1.0": [0, 0, -10],
						"1.5": [0, 0, -10],
						"1.9167": [0, 0, -10],
						"2.1667": [-11.6232, 0, -10],
						"2.5": [0, 0, -10],
						"3.0": [0, 0, -10],
						"3.9167": [0, 0, -10],
						"4.0": [-3.87, 0, -10]
					}
				},
				"leg_right9": {
					"rotation": {
						"0.0": [-18.44, 0, 0],
						"0.0833": [-17.15, 0, 0],
						"0.4583": [-18.06, 0, 0],
						"0.5": [0, 0, 0],
						"1.0": [-9.13, 0, 0],
						"1.5": [-17.5, 0, 0],
						"1.9167": [-20.38, 0, 0],
						"2.125": [-17.15, 0, 0],
						"2.5": [-18.06, 0, 0],
						"2.5417": [0, 0, 0],
						"3.4583": [-17.5, 0, 0],
						"3.875": [-20.38, 0, 0],
						"4.0": [-18.44, 0, 0]
					}
				},
				"leg_right10": {
					"rotation": {
						"0.0": [11.56, 0, 0],
						"0.0833": [-17.15, 0, 0],
						"0.4583": [6.94, 0, 0],
						"0.5": [0, 0, 0],
						"1.0": [5.87, 0, 0],
						"1.5": [5, 0, 0],
						"1.9167": [-0.38, 0, 0],
						"2.125": [0.35, 0, 0],
						"2.5": [-5.56, 0, 0],
						"2.5417": [0, 0, 0],
						"3.4583": [0, 0, 0],
						"3.875": [2.12, 0, 0],
						"4.0": [11.56, 0, 0]
					}
				},
				"leg_right7": {
					"rotation": {
						"0.0": [-18.44, 0, 0],
						"0.0833": [-17.15, 0, 0],
						"0.4583": [-18.06, 0, 0],
						"0.5": [0, 0, 0],
						"1.0": [-9.13, 0, 0],
						"1.5": [-17.5, 0, 0],
						"1.9167": [-20.38, 0, 0],
						"2.125": [-17.15, 0, 0],
						"2.5": [-18.06, 0, 0],
						"2.5417": [0, 0, 0],
						"3.4583": [-17.5, 0, 0],
						"3.875": [-20.38, 0, 0],
						"4.0": [-18.44, 0, 0]
					}
				},
				"leg_right8": {
					"rotation": {
						"0.0": [11.56, 0, 0],
						"0.0833": [-17.15, 0, 0],
						"0.4583": [6.94, 0, 0],
						"0.5": [0, 0, 0],
						"1.0": [8.37, 0, 0],
						"1.5": [5, 0, 0],
						"1.9167": [-0.38, 0, 0],
						"2.125": [0.35, 0, 0],
						"2.5": [-3.06, 0, 0],
						"2.5417": [0, 0, 0],
						"3.4583": [0, 0, 0],
						"3.875": [2.12, 0, 0],
						"4.0": [11.56, 0, 0]
					}
				},
				"leg_right5": {
					"rotation": {
						"0.0": [-18.44, 0, 0],
						"0.0833": [-17.15, 0, 0],
						"0.4583": [-18.06, 0, 0],
						"0.5": [0, 0, 0],
						"1.0": [-9.13, 0, 0],
						"1.5": [-17.5, 0, 0],
						"1.9167": [-20.38, 0, 0],
						"2.125": [-17.15, 0, 0],
						"2.5": [-18.06, 0, 0],
						"2.5417": [0, 0, 0],
						"3.4583": [-17.5, 0, 0],
						"3.875": [-20.38, 0, 0],
						"4.0": [-18.44, 0, 0]
					}
				},
				"leg_right6": {
					"rotation": {
						"0.0": [11.56, 0, 0],
						"0.0833": [-17.15, 0, 0],
						"0.4583": [6.94, 0, 0],
						"0.5": [0, 0, 0],
						"1.0": [5.87, 0, 0],
						"1.5": [5, 0, 0],
						"1.9167": [-0.38, 0, 0],
						"2.125": [0.35, 0, 0],
						"2.5": [-0.56, 0, 0],
						"2.5417": [0, 0, 0],
						"3.4583": [0, 0, 0],
						"3.875": [2.12, 0, 0],
						"4.0": [11.56, 0, 0]
					}
				},
				"arm_left": {
					"rotation": [-9.28293, "-8.4082-math.sin(q.anim_time*90*2-40)*20", 41.81615],
					"position": [0, 0, "1+math.sin(q.anim_time*90*2)*1.5"]
				},
				"arm_left2": {
					"rotation": [0, "17.5+math.sin(q.anim_time*90*2-120)*10", 0]
				},
				"arm_left3": {
					"rotation": [-0.91186, "69.9904-math.sin(q.anim_time*90*1-150)*2", 3.33559]
				},
				"arm_left4": {
					"rotation": [-2.53777, "6.9872-math.sin(q.anim_time*90*1-150)*2", 22.63562]
				},
				"arm_right": {
					"rotation": [9.28293, "8.4082+math.sin(q.anim_time*90*2-40)*20", -41.81615],
					"position": [0, 0, "1+math.sin(q.anim_time*90*2)*1.5"]
				},
				"arm_right2": {
					"rotation": [0, "-17.5+math.sin(q.anim_time*90*2-120)*10", 0]
				},
				"arm_right3": {
					"rotation": [0.91186, "-69.9904-math.sin(q.anim_time*90*1-150)*2", -3.33559]
				},
				"arm_right4": {
					"rotation": [2.53777, "-6.9872-math.sin(q.anim_time*90*1-150)*2", -22.63562]
				},
				"neck2": {
					"rotation": ["2.5-math.sin(q.anim_time*90*4)*1.5", "-math.sin(q.anim_time*90*2)*1", "math.sin(q.anim_time*90*2)*1"]
				},
				"neck3": {
					"rotation": ["2.5-math.sin(q.anim_time*90*4)*0.75", "-math.sin(q.anim_time*90*2)*0.5", "math.sin(q.anim_time*90*2)*0.5"]
				},
				"neck4": {
					"rotation": ["2.5-math.sin(q.anim_time*90*4)*0.5", "-math.sin(q.anim_time*90*2)*0.25", "math.sin(q.anim_time*90*2)*0.25"]
				},
				"neck5": {
					"rotation": ["2.5-math.sin(q.anim_time*90*4)*0.25", "-math.sin(q.anim_time*90*2)*0.1", "math.sin(q.anim_time*90*2)*0.1"]
				},
				"head": {
					"rotation": ["-math.sin(q.anim_time*90*4)*0.15", "-math.sin(q.anim_time*90*2)*0.1", "math.sin(q.anim_time*90*2)*0.1"]
				}
			}
		},
		"animation.kyurem.battle_idle": {
			"loop": true,
			"animation_length": 2,
			"bones": {
				"kyurem": {
					"position": [0, -1.75, 0]
				},
				"body": {
					"rotation": [0, -22.5, 0]
				},
				"tail": {
					"rotation": ["32.1672-Math.cos((query.anim_time - 0.2) * 180) * 3", "-13.1016-Math.cos((query.anim_time + 0.3) * 180) * -4", 0.9923]
				},
				"leg_left": {
					"rotation": [0.9226, -19.96033, -5.23939],
					"position": {
						"0.0": [0, 0, 0],
						"1.2917": {
							"pre": [0.08583, -0.99619, 0.01513],
							"post": [0.08583, -0.99619, 0.01513],
							"lerp_mode": "catmullrom"
						},
						"2.0": [0, 0, 0]
					}
				},
				"leg_left2": {
					"position": {
						"0.0": [0, 0, 0],
						"1.2917": {
							"pre": [0, 1, 0],
							"post": [0, 1, 0],
							"lerp_mode": "catmullrom"
						},
						"2.0": [0, 0, 0]
					}
				},
				"leg_left3": {
					"rotation": [15, 0, 0],
					"position": [0, -0.96593, 0.25882]
				},
				"leg_left4": {
					"rotation": [-15, 0, 0]
				},
				"feet_left": {
					"rotation": [5, 0, 0],
					"position": [0, 0, 0]
				},
				"leg_left9": {
					"rotation": [-5, 10, 0],
					"position": [0, 1, 0]
				},
				"leg_left7": {
					"rotation": [-2.52154, -7.49282, 0.32902],
					"position": [0, 1, 0]
				},
				"leg_left5": {
					"rotation": [0, -22.5, 0],
					"position": [0, 1, 0]
				},
				"leg_right": {
					"rotation": [-18.59109, 12.48165, 7.21677],
					"position": {
						"0.0": [-0.68865, 0.5221, -3.90553],
						"1.2917": [-0.87743, -0.41165, -4.22128],
						"2.0": [-0.68865, 0.5221, -3.90553]
					}
				},
				"leg_right2": {
					"rotation": [0, 0, -5],
					"position": {
						"0.0": [0, -0.25, 0],
						"1.2917": [-0.08716, 0.74619, 0],
						"2.0": [0, -0.25, 0]
					}
				},
				"leg_right3": {
					"rotation": [22.5, 0, 0],
					"position": [0, -1.84776, 0.76537]
				},
				"leg_right4": {
					"rotation": [-15, 0, 0]
				},
				"feet_right": {
					"rotation": [12.68664, 9.76061, 2.18558],
					"position": [0, 0.48815, -0.10822]
				},
				"leg_right9": {
					"rotation": [0, -10, 0]
				},
				"leg_right5": {
					"rotation": [0, 10, 0]
				},
				"torso": {
					"rotation": [0, "7.5+Math.cos((query.anim_time - 0.2) * 180) * 1.5", 0],
					"position": [0.22842, "-0.5-Math.cos((query.anim_time - 0.2) * 180) * 0.1", 1.73503]
				},
				"arm_left": {
					"rotation": [0, 0, 35]
				},
				"arm_left3": {
					"rotation": [-56.33203, "45.8201+Math.cos((query.anim_time - 0.0) * 180) * 1 ", -27.48112]
				},
				"arm_left4": {
					"rotation": [0, 0, 25]
				},
				"arm_right": {
					"rotation": [0, -17.5, -35]
				},
				"arm_right3": {
					"rotation": [0, "-70-Math.cos((query.anim_time - 0.0) * 180) * 1 ", 0]
				},
				"arm_right4": {
					"rotation": [0, 0, -25]
				},
				"neck": {
					"position": [0, "0-Math.cos((query.anim_time - 0.2) * 180) * 0.25", 0]
				},
				"neck2": {
					"rotation": ["12.7413252112-Math.cos((query.anim_time - 0.2) * 180) * 3", "-17.4312690993-Math.cos((query.anim_time + 0.3) * 180) * -4", -1.5741],
					"position": [-0.52624, 0.14546, 1.66265]
				},
				"neck3": {
					"rotation": ["-4.8788424837-Math.cos((query.anim_time - 0.2) * 180) * 3", "-17.4828066601-Math.cos((query.anim_time + 0.3) * 180) * -3", -0.78795],
					"position": [-0.2236, -0.06687, 0.71276]
				},
				"neck4": {
					"rotation": ["-2.5-Math.cos((query.anim_time - 0.2) * 180) * 2", "17.5-Math.cos((query.anim_time + 0.3) * 180) * -2", 0]
				},
				"neck5": {
					"rotation": ["2.5215446767-Math.cos((query.anim_time - 0.2) * 180) * 1", "7.4928206685-Math.cos((query.anim_time + 0.3) * 180) * -1", 0.32902]
				},
				"head": {
					"rotation": [-12.14787, "34.3927451001+Math.cos((query.anim_time + 0.3) * 180) * -5", -6.93255],
					"position": [0.90158, -0.52633, 2.98498]
				}
			}
		},
		"animation.kyurem.ground_idle": {
			"loop": true,
			"bones": {
				"body": {
					"position": [0, -2, 0]
				},
				"tail": {
					"rotation": [17.5, "0-math.sin(q.anim_time*90*0.5-120)*4", 0]
				},
				"tail_2": {
					"rotation": [7.5, "-math.sin(q.anim_time*90*0.5-160)*8", 0]
				},
				"leg_left": {
					"rotation": [-22.5, -10, 0]
				},
				"leg_left2": {
					"rotation": [7.5, 0, 0]
				},
				"leg_left3": {
					"rotation": [12.5, 0, 0]
				},
				"leg_left4": {
					"rotation": [-5, 0, 0]
				},
				"feet_left": {
					"rotation": [7.5, 0, 0]
				},
				"leg_right": {
					"rotation": [-22.5, 10, 0]
				},
				"leg_right2": {
					"rotation": [7.5, 0, 0]
				},
				"leg_right3": {
					"rotation": [12.5, 0, 0]
				},
				"leg_right4": {
					"rotation": [-5, 0, 0]
				},
				"feet_right": {
					"rotation": [7.5, 0, 0]
				},
				"torso": {
					"rotation": ["5-math.sin(q.anim_time*90*1-40)*1", "math.cos(q.anim_time*90*0.5)*2", 0],
					"position": [0, "-0.5+math.sin(q.anim_time*90*1)*0.2", 0]
				},
				"arm_left": {
					"rotation": [9.28293, "-8.4082+math.sin(q.anim_time*90*1-40)*5", 41.81615]
				},
				"arm_left2": {
					"rotation": [0, "17.5+math.sin(q.anim_time*90*1-90)*6", 0]
				},
				"arm_left3": {
					"rotation": [0.55607, "54.9915+math.sin(q.anim_time*90*1-150)*2", 2.93417]
				},
				"arm_left4": {
					"rotation": [0, 0, 15]
				},
				"claw_left2": {
					"rotation": [0, 0, 7.5]
				},
				"arm_right": {
					"rotation": [9.28293, "8.4082-math.sin(q.anim_time*90*1-40)*5", -41.81615]
				},
				"arm_right2": {
					"rotation": [0, "-17.5-math.sin(q.anim_time*90*1-90)*6", 0]
				},
				"arm_right3": {
					"rotation": [0.49822, "-49.9916-math.sin(q.anim_time*90*1-150)*2", -2.86031]
				},
				"arm_right4": {
					"rotation": [0, 0, -15]
				},
				"claw_right2": {
					"rotation": [0, 0, -7.5]
				},
				"neck3": {
					"rotation": ["-5-math.sin(q.anim_time*90*1-120)*1", 0, 0]
				},
				"neck5": {
					"rotation": ["-math.sin(q.anim_time*90*1-160)*2", 0, 0]
				},
				"head": {
					"rotation": ["10-math.sin(q.anim_time*90*1-210)*2", 0, 0]
				}
			}
		},
		"animation.kyurem.cry": {
			"animation_length": 2.25,
			"bones": {
				"arm_left": {
					"rotation": {
						"0.0": [0, 0, 0],
						"0.5": {
							"pre": [0, 3, 0],
							"post": [0, 3, 0],
							"lerp_mode": "catmullrom"
						},
						"0.8333": {
							"post": [0, -9.5, 0],
							"lerp_mode": "catmullrom"
						},
						"1.4167": {
							"post": [0, -1.88, 0],
							"lerp_mode": "catmullrom"
						},
						"1.8333": [0, 0, 0]
					}
				},
				"arm_left3": {
					"rotation": {
						"0.0": [0, 0, 0],
						"0.4583": {
							"pre": [0, 5, 0],
							"post": [0, 5, 0],
							"lerp_mode": "catmullrom"
						},
						"0.9167": {
							"post": [0, -5, 0],
							"lerp_mode": "catmullrom"
						},
						"1.625": {
							"post": [0, 1, 0],
							"lerp_mode": "catmullrom"
						},
						"2.25": [0, 0, 0]
					}
				},
				"arm_left4": {
					"rotation": {
						"0.0": [0, 0, 0],
						"0.375": {
							"pre": [0, 5, 0],
							"post": [0, 5, 0],
							"lerp_mode": "catmullrom"
						},
						"0.8333": {
							"post": [0, 7.5, 0],
							"lerp_mode": "catmullrom"
						},
						"1.2083": {
							"post": [0, -3, 0],
							"lerp_mode": "catmullrom"
						},
						"1.7917": {
							"post": [0, -0.68, 0],
							"lerp_mode": "catmullrom"
						},
						"2.125": [0, 0, 0]
					}
				},
				"arm_right": {
					"rotation": {
						"0.0": [0, 0, 0],
						"0.5": {
							"pre": [0, -3, 0],
							"post": [0, -3, 0],
							"lerp_mode": "catmullrom"
						},
						"0.8333": {
							"post": [0, 9.5, 0],
							"lerp_mode": "catmullrom"
						},
						"1.4167": {
							"post": [0, 1.88, 0],
							"lerp_mode": "catmullrom"
						},
						"1.8333": [0, 0, 0]
					}
				},
				"arm_right3": {
					"rotation": {
						"0.0": [0, 0, 0],
						"0.4583": {
							"pre": [0, -5, 0],
							"post": [0, -5, 0],
							"lerp_mode": "catmullrom"
						},
						"0.9167": {
							"post": [0, 5, 0],
							"lerp_mode": "catmullrom"
						},
						"1.625": {
							"post": [0, -1, 0],
							"lerp_mode": "catmullrom"
						},
						"2.25": [0, 0, 0]
					}
				},
				"arm_right4": {
					"rotation": {
						"0.0": [0, 0, 0],
						"0.375": {
							"pre": [0, -5, 0],
							"post": [0, -5, 0],
							"lerp_mode": "catmullrom"
						},
						"0.8333": {
							"post": [0, -7.5, 0],
							"lerp_mode": "catmullrom"
						},
						"1.2083": {
							"post": [0, 3, 0],
							"lerp_mode": "catmullrom"
						},
						"1.7917": {
							"post": [0, 0.68, 0],
							"lerp_mode": "catmullrom"
						},
						"2.125": [0, 0, 0]
					}
				},
				"neck2": {
					"rotation": {
						"0.0": [0, 0, 0],
						"0.4583": {
							"pre": [1, 0, 0],
							"post": [1, 0, 0],
							"lerp_mode": "catmullrom"
						},
						"0.6667": {
							"post": [-2, 0, 0],
							"lerp_mode": "catmullrom"
						},
						"1.0417": {
							"post": [-2.12, 0, 0],
							"lerp_mode": "catmullrom"
						},
						"2.0833": [0, 0, 0]
					}
				},
				"neck3": {
					"rotation": {
						"0.0": [0, 0, 0],
						"0.3333": {
							"pre": [1, 0, 0],
							"post": [1, 0, 0],
							"lerp_mode": "catmullrom"
						},
						"0.6667": {
							"post": [-3.5, 0, 0],
							"lerp_mode": "catmullrom"
						},
						"1.1667": {
							"post": [-3.1, 0, 0],
							"lerp_mode": "catmullrom"
						},
						"1.4167": {
							"post": [-0.80498, -2.73345, 0.16188],
							"lerp_mode": "catmullrom"
						},
						"1.5": {
							"post": [-3.35447, -0.07161, 0.00905],
							"lerp_mode": "catmullrom"
						},
						"1.5417": {
							"post": [-3.24308, 2.496, -0.14139],
							"lerp_mode": "catmullrom"
						},
						"2.125": [0, 0, 0]
					}
				},
				"neck4": {
					"rotation": {
						"0.0": [0, 0, 0],
						"0.4167": {
							"pre": [1.5, 0, 0],
							"post": [1.5, 0, 0],
							"lerp_mode": "catmullrom"
						},
						"0.7917": {
							"post": [-2, 0, 0],
							"lerp_mode": "catmullrom"
						},
						"1.0417": {
							"post": [-1.56, 0, 0],
							"lerp_mode": "catmullrom"
						},
						"1.2917": {
							"post": [0.50048, 2.4999, 0.02183],
							"lerp_mode": "catmullrom"
						},
						"1.375": {
							"post": [0.55008, -0.05343, -0.00265],
							"lerp_mode": "catmullrom"
						},
						"1.4583": {
							"post": [0.51515, 2.34253, 0.01897],
							"lerp_mode": "catmullrom"
						},
						"1.5417": {
							"post": [-2.02661, 2.26964, 0.01848],
							"lerp_mode": "catmullrom"
						},
						"2.1667": [0, 0, 0]
					}
				},
				"neck5": {
					"rotation": {
						"0.0": [0, 0, 0],
						"0.4583": {
							"pre": [3, 0, 0],
							"post": [3, 0, 0],
							"lerp_mode": "catmullrom"
						},
						"0.7917": {
							"post": [-2, 0, 0],
							"lerp_mode": "catmullrom"
						},
						"1.2083": {
							"post": [-1.94, 0.6, 0],
							"lerp_mode": "catmullrom"
						},
						"1.2917": {
							"post": [-4.33275, 0.58925, 0],
							"lerp_mode": "catmullrom"
						},
						"1.375": {
							"post": [-4.17682, -4.43351, 0.36373],
							"lerp_mode": "catmullrom"
						},
						"2.1667": [0, 0, 0]
					}
				},
				"head": {
					"rotation": {
						"0.5417": [0, 0, 0],
						"0.875": {
							"pre": [0, 0, 0],
							"post": [0, 0, 0],
							"lerp_mode": "catmullrom"
						},
						"1.2083": {
							"post": [0, -2.5, 0],
							"lerp_mode": "catmullrom"
						},
						"1.3333": {
							"post": [0, 5, 0],
							"lerp_mode": "catmullrom"
						},
						"1.4167": {
							"post": [0, -5, 0],
							"lerp_mode": "catmullrom"
						},
						"1.5417": {
							"post": [0, 2.5, 0],
							"lerp_mode": "catmullrom"
						},
						"1.75": {
							"post": [0, -0.41, 0],
							"lerp_mode": "catmullrom"
						},
						"2.0": [0, 0, 0]
					}
				}
			}
		},
		"animation.kyurem.special": {
			"animation_length": 3,
			"bones": {
				"kyurem": {
					"position": [0, -1.75, 0]
				},
				"body": {
					"rotation": {
						"0.0": [0, -22.5, 0],
						"1.2083": [0, -22.5, 0],
						"1.3333": {
							"pre": [0, -20, 0],
							"post": [0, -20, 0],
							"lerp_mode": "catmullrom"
						},
						"3.0": [0, -22.5, 0]
					}
				},
				"tail": {
					"rotation": {
						"0.0": [5, 0, 0],
						"0.2083": {
							"pre": [-8.92257, -2.46978, 0.38763],
							"post": [-8.92257, -2.46978, 0.38763],
							"lerp_mode": "catmullrom"
						},
						"0.6667": {
							"post": [-9.21745, -14.66472, 6.35254],
							"lerp_mode": "catmullrom"
						},
						"1.125": {
							"post": [-28.59863, -10.96444, 8.76161],
							"lerp_mode": "catmullrom"
						},
						"1.4167": {
							"post": [-18.29393, 26.50215, -9.56116],
							"lerp_mode": "catmullrom"
						},
						"1.75": {
							"post": [-15.8, -24.8, 4.13],
							"lerp_mode": "catmullrom"
						},
						"2.0417": {
							"post": [-13.36505, 16.39031, -3.92766],
							"lerp_mode": "catmullrom"
						},
						"2.4167": {
							"post": [-10.17148, 14.98478, -4.11436],
							"lerp_mode": "catmullrom"
						},
						"2.75": [-7.5, 0, 0]
					},
					"position": {
						"0.0": [0, 0, 0],
						"1.125": [0, -1, 0]
					}
				},
				"tail_2": {
					"rotation": {
						"0.0": [7.5, 0, 0],
						"0.2917": {
							"pre": [10.74592, -21.69276, 0.52917],
							"post": [10.74592, -21.69276, 0.52917],
							"lerp_mode": "catmullrom"
						},
						"0.75": {
							"post": [1.53862, -28.44482, -0.47506],
							"lerp_mode": "catmullrom"
						},
						"1.2083": {
							"post": [-5.46168, -33.14343, -1.44891],
							"lerp_mode": "catmullrom"
						},
						"1.5417": {
							"post": [9.98458, 29.73168, 9.23109],
							"lerp_mode": "catmullrom"
						},
						"1.875": {
							"post": [22.3381, -19.99191, 3.40732],
							"lerp_mode": "catmullrom"
						},
						"2.125": {
							"post": [22.26899, 15.50266, 6.3494],
							"lerp_mode": "catmullrom"
						},
						"2.4583": {
							"post": [17.52, 15.06, 1.96],
							"lerp_mode": "catmullrom"
						},
						"2.8333": [7.5, 0, 0]
					}
				},
				"leg_left": {
					"rotation": [0.9226, -19.96033, -5.23939],
					"position": [0, 0, 0]
				},
				"leg_left2": {
					"position": [0, 0, 0]
				},
				"leg_left3": {
					"rotation": [15, 0, 0],
					"position": [0, -0.96593, 0.25882]
				},
				"leg_left4": {
					"rotation": [-15, 0, 0]
				},
				"feet_left": {
					"rotation": [5, 0, 0],
					"position": [0, 0, 0]
				},
				"leg_left9": {
					"rotation": [-5, 10, 0],
					"position": [0, 1, 0]
				},
				"leg_left7": {
					"rotation": [-2.52154, -7.49282, 0.32902],
					"position": [0, 1, 0]
				},
				"leg_left5": {
					"rotation": [0, -22.5, 0],
					"position": [0, 1, 0]
				},
				"leg_right": {
					"rotation": {
						"0.0": [-18.59109, 12.48165, 7.21677],
						"0.8333": [-18.59109, 12.48165, 7.21677],
						"1.2083": {
							"pre": [-3.59109, 12.48165, 7.21677],
							"post": [-3.59109, 12.48165, 7.21677],
							"lerp_mode": "catmullrom"
						},
						"1.3333": [-16.09109, 12.48165, 7.21677],
						"1.5833": [-23.96609, 12.48165, 7.21677],
						"2.0": [-27.38521, 12.48165, 7.21677],
						"3.0": [-18.59109, 12.48165, 7.21677]
					},
					"position": {
						"0.0": [-0.68865, 0.5221, -3.90553],
						"0.8333": [-0.68865, 0.5221, -3.90553],
						"1.2083": {
							"pre": [-0.69, 3.52, -3.91],
							"post": [-0.69, 3.52, -3.91],
							"lerp_mode": "catmullrom"
						},
						"1.3333": [-0.69, 0.52, -2.91],
						"1.5833": [-0.69, 2.52, -3.06],
						"3.0": [-0.68865, 0.5221, -3.90553]
					}
				},
				"leg_right2": {
					"rotation": {
						"0.0": [0, 0, -5],
						"1.2083": [0, 0, -5],
						"1.3333": [12.5, 0, -5],
						"1.5833": [20.625, 0, -5],
						"2.0": [7.05882, 0, -5],
						"3.0": [0, 0, -5]
					},
					"position": {
						"0.0": [0, -0.25, 0],
						"3.0": [0, -0.25, 0]
					}
				},
				"leg_right3": {
					"rotation": {
						"0.0": [22.5, 0, 0],
						"1.2083": [22.5, 0, 0],
						"1.3333": [30, 0, 0],
						"1.5833": [41.38, 0, 0],
						"2.0": [28.33, 0, 0],
						"3.0": [22.5, 0, 0]
					},
					"position": {
						"0.0": [0, -1.84776, 0.76537],
						"3.0": [0, -1.84776, 0.76537]
					}
				},
				"leg_right4": {
					"rotation": {
						"0.0": [-15, 0, 0],
						"1.2083": [-15, 0, 0],
						"1.3333": [-30, 0, 0],
						"1.5833": [-35.25, 0, 0],
						"2.0": [-21.79, 0, 0],
						"3.0": [-15, 0, 0]
					},
					"position": {
						"0.0": [0, 0, 0],
						"1.2083": [0, 0, 0],
						"1.3333": [0.07953, -1.8117, -0.84345],
						"3.0": [0, 0, 0]
					}
				},
				"feet_right": {
					"rotation": {
						"0.0": [12.68664, 9.76061, 2.18558],
						"1.2083": [12.68664, 9.76061, 2.18558],
						"1.3333": [22.68664, 9.76061, 2.18558],
						"1.5833": [28.68664, 9.76061, 2.18558],
						"2.0": [28.98075, 9.76061, 2.18558],
						"3.0": [12.68664, 9.76061, 2.18558]
					},
					"position": {
						"0.0": [0, 0.48815, -0.10822],
						"3.0": [0, 0.48815, -0.10822]
					}
				},
				"leg_right9": {
					"rotation": {
						"0.0": [0, -10, 0],
						"1.2917": [0, -10, 0],
						"1.3333": [-12.5, -10, 0],
						"1.5833": [1.875, -10, 0],
						"2.0": [-3.67647, -10, 0],
						"3.0": [0, -10, 0]
					}
				},
				"leg_right7": {
					"rotation": {
						"0.0": [0, 0, 0],
						"1.2917": [0, 0, 0],
						"1.3333": [-15, 0, 0],
						"1.5833": [-0.25, 0, 0],
						"2.0": [-5.18, 0, 0],
						"3.0": [0, 0, 0]
					}
				},
				"leg_right5": {
					"rotation": {
						"0.0": [0, 10, 0],
						"1.2917": [0, 10, 0],
						"1.3333": [-15, 10, 0],
						"1.5833": [-0.25, 10, 0],
						"2.0": [-5.17647, 10, 0],
						"3.0": [0, 10, 0]
					}
				},
				"torso": {
					"rotation": {
						"0.0": [4.99431, 3.23761, 0.65286],
						"0.625": {
							"pre": [-2.24, -12.07, 6.33],
							"post": [-2.24, -12.07, 6.33],
							"lerp_mode": "catmullrom"
						},
						"0.9583": {
							"post": [-2.5, -6.73, 5],
							"lerp_mode": "catmullrom"
						},
						"1.125": {
							"post": [-3.61, 6.17, 4.4],
							"lerp_mode": "catmullrom"
						},
						"1.25": {
							"post": [-16.7, 16.17, 1.7],
							"lerp_mode": "catmullrom"
						},
						"2.0": {
							"post": [-6.7, 16.17, 1.7],
							"lerp_mode": "catmullrom"
						},
						"2.5417": [-15.92017, 3.60807, 4.55543],
						"3.0": [5, -4.23396, 0]
					},
					"position": {
						"0.0": [0, -0.45, 0],
						"0.625": [0, -0.2, 1],
						"0.875": [0, -0.2, 0],
						"1.125": {
							"pre": [0, -1.2, 2.71],
							"post": [0, -1.2, 2.71],
							"lerp_mode": "catmullrom"
						},
						"1.25": {
							"post": [0, -2.2, 3.9],
							"lerp_mode": "catmullrom"
						},
						"2.0": {
							"post": [0, -0.2, 3.9],
							"lerp_mode": "catmullrom"
						},
						"3.0": [0, -0.2, 0]
					}
				},
				"arm_left": {
					"rotation": {
						"0.0": [5, -20, 17.40192],
						"1.0": {
							"pre": [-14.68229, 18.20661, 3.3183],
							"post": [-14.68229, 18.20661, 3.3183],
							"lerp_mode": "catmullrom"
						},
						"1.25": {
							"post": [-14.10267, -29.14022, 20.48288],
							"lerp_mode": "catmullrom"
						},
						"1.8333": {
							"post": [-14.10267, -29.14022, 20.48288],
							"lerp_mode": "catmullrom"
						},
						"2.5": {
							"post": [-12.55, -7.54, 21.72],
							"lerp_mode": "catmullrom"
						},
						"3.0": [5, -20, 17.40192]
					},
					"position": {
						"0.0": [0, 0.5, 0],
						"1.0": {
							"pre": [0, 0.8, -1.08],
							"post": [0, 0.8, -1.08],
							"lerp_mode": "catmullrom"
						},
						"1.25": {
							"post": [0, 0.9, 1.1],
							"lerp_mode": "catmullrom"
						},
						"1.8333": {
							"post": [0, 0.9, 1.1],
							"lerp_mode": "catmullrom"
						},
						"3.0": [0, 0.5, 0]
					}
				},
				"arm_left2": {
					"rotation": {
						"0.0": [0, -7.5, 14],
						"0.625": {
							"pre": [-4.98084, -7.49521, 1.2803],
							"post": [-4.98084, -7.49521, 1.2803],
							"lerp_mode": "catmullrom"
						},
						"1.0417": {
							"post": [-3.57517, 6.17039, 5.51975],
							"lerp_mode": "catmullrom"
						},
						"1.375": {
							"post": [-2.61913, -7.19925, 1.29433],
							"lerp_mode": "catmullrom"
						},
						"1.875": {
							"post": [-2.61913, -7.19925, 1.29433],
							"lerp_mode": "catmullrom"
						},
						"2.4583": {
							"post": [1.61, -3.32, 1.46],
							"lerp_mode": "catmullrom"
						},
						"3.0": [0, -7.5, 14]
					}
				},
				"arm_left3": {
					"rotation": {
						"0.0": [7.13397, 68.85673, 5.76795],
						"0.625": {
							"pre": [56.25015, 63.63845, 46.57923],
							"post": [56.25015, 63.63845, 46.57923],
							"lerp_mode": "catmullrom"
						},
						"1.0833": {
							"post": [52.54187, 61.19799, 50.3275],
							"lerp_mode": "catmullrom"
						},
						"1.375": {
							"post": [-6.31521, 34.45287, 7.1623],
							"lerp_mode": "catmullrom"
						},
						"1.9167": {
							"post": [-7.03969, 22.86363, 4.52444],
							"lerp_mode": "catmullrom"
						},
						"2.5": {
							"post": [2.48, 40.82, 5.49],
							"lerp_mode": "catmullrom"
						},
						"3.0": [7.13397, 68.85673, 5.76795]
					},
					"position": {
						"0.0": [0, 0, 0],
						"0.625": {
							"pre": [0, 0.25, 0],
							"post": [0, 0.25, 0],
							"lerp_mode": "catmullrom"
						},
						"1.0": {
							"post": [0, 0.25, 0],
							"lerp_mode": "catmullrom"
						},
						"1.2083": {
							"post": [-0.6, 0.11, 0],
							"lerp_mode": "catmullrom"
						},
						"1.375": {
							"post": [0, 0, 0],
							"lerp_mode": "catmullrom"
						},
						"3.0": [0, 0, 0]
					}
				},
				"arm_left4": {
					"rotation": {
						"0.0": [7.5, 20, -1.69459],
						"0.75": {
							"pre": [-42.16612, 34.12813, 2.16057],
							"post": [-42.16612, 34.12813, 2.16057],
							"lerp_mode": "catmullrom"
						},
						"1.375": {
							"post": [-70.17446, 3.68896, -25.38127],
							"lerp_mode": "catmullrom"
						},
						"1.9167": {
							"post": [-59.29991, 1.64766, -23.60775],
							"lerp_mode": "catmullrom"
						},
						"2.5": {
							"post": [-18.8, 10.47, -11.8],
							"lerp_mode": "catmullrom"
						},
						"3.0": [7.5, 20, -1.69459]
					}
				},
				"arm_right": {
					"rotation": {
						"0.0": [-12.5, 2.5, -22.40192],
						"1.0": {
							"pre": [-14.68229, -18.20661, -3.3183],
							"post": [-14.68229, -18.20661, -3.3183],
							"lerp_mode": "catmullrom"
						},
						"1.25": {
							"post": [-12.58175, -12.31466, -10.78277],
							"lerp_mode": "catmullrom"
						},
						"1.8333": {
							"post": [-13.05874, -19.62827, -9.05292],
							"lerp_mode": "catmullrom"
						},
						"2.5": {
							"post": [-12.55, 7.54, -21.72],
							"lerp_mode": "catmullrom"
						},
						"3.0": [-12.5, 2.5, -22.40192]
					},
					"position": {
						"0.0": [0, 0.5, 0],
						"1.0": {
							"pre": [0, 0.8, -1.08],
							"post": [0, 0.8, -1.08],
							"lerp_mode": "catmullrom"
						},
						"1.25": {
							"post": [0, 0.9, 1.1],
							"lerp_mode": "catmullrom"
						},
						"1.8333": {
							"post": [0, 0.9, 1.1],
							"lerp_mode": "catmullrom"
						},
						"3.0": [0, 0.5, 0]
					}
				},
				"arm_right2": {
					"rotation": {
						"0.0": [2.5, 2.5, -1.5],
						"0.625": {
							"pre": [-4.98084, 7.49521, -1.2803],
							"post": [-4.98084, 7.49521, -1.2803],
							"lerp_mode": "catmullrom"
						},
						"1.0417": {
							"post": [-3.57517, -6.17039, -5.51975],
							"lerp_mode": "catmullrom"
						},
						"1.375": {
							"post": [-2.61913, 7.19925, -1.29433],
							"lerp_mode": "catmullrom"
						},
						"1.875": {
							"post": [-2.61913, 7.19925, -1.29433],
							"lerp_mode": "catmullrom"
						},
						"2.4583": {
							"post": [1.61, 3.32, -1.46],
							"lerp_mode": "catmullrom"
						},
						"3.0": [2.5, 2.5, -1.5]
					}
				},
				"arm_right3": {
					"rotation": {
						"0.0": [4.63397, -46.35673, -5.76795],
						"0.625": {
							"pre": [56.25015, -63.63845, -46.57923],
							"post": [56.25015, -63.63845, -46.57923],
							"lerp_mode": "catmullrom"
						},
						"1.0833": {
							"post": [52.54187, -61.19799, -50.3275],
							"lerp_mode": "catmullrom"
						},
						"1.375": {
							"post": [-6.31521, -34.45287, -7.1623],
							"lerp_mode": "catmullrom"
						},
						"1.9167": {
							"post": [-7.03969, -22.86363, -4.52444],
							"lerp_mode": "catmullrom"
						},
						"2.5": {
							"post": [2.48, -40.82, -5.49],
							"lerp_mode": "catmullrom"
						},
						"3.0": [4.63397, -46.35673, -5.76795]
					},
					"position": {
						"0.0": [0, 0, 0],
						"0.625": {
							"pre": [0, 0.25, 0],
							"post": [0, 0.25, 0],
							"lerp_mode": "catmullrom"
						},
						"1.0": {
							"post": [0, 0.25, 0],
							"lerp_mode": "catmullrom"
						},
						"1.2083": {
							"post": [0.6, 0.11, 0],
							"lerp_mode": "catmullrom"
						},
						"1.375": {
							"post": [0, 0, 0],
							"lerp_mode": "catmullrom"
						}
					}
				},
				"arm_right4": {
					"rotation": {
						"0.0": [-10, -12.5, 9.19459],
						"0.75": {
							"pre": [-42.16612, -34.12813, -2.16057],
							"post": [-42.16612, -34.12813, -2.16057],
							"lerp_mode": "catmullrom"
						},
						"1.375": {
							"post": [-70.17446, -3.68896, 25.38127],
							"lerp_mode": "catmullrom"
						},
						"1.9167": {
							"post": [-59.29991, -1.64766, 23.60775],
							"lerp_mode": "catmullrom"
						},
						"2.5": {
							"post": [-18.8, -10.47, 11.8],
							"lerp_mode": "catmullrom"
						},
						"3.0": [-10, -12.5, 9.19459]
					}
				},
				"neck": {
					"rotation": {
						"0.0": [-1.06066, 2.5, -2.5],
						"0.625": {
							"pre": [-9.32, 2.6, -2.81],
							"post": [-9.32, 2.6, -2.81],
							"lerp_mode": "catmullrom"
						},
						"0.875": {
							"post": [-11.06, 2.5, 0],
							"lerp_mode": "catmullrom"
						},
						"1.0833": {
							"post": [-1.8, 1.08, -4.09],
							"lerp_mode": "catmullrom"
						},
						"1.25": {
							"post": [6.34, 0, -0.4],
							"lerp_mode": "catmullrom"
						},
						"2.0": {
							"post": [7.74, 0, -0.4],
							"lerp_mode": "catmullrom"
						},
						"2.5833": {
							"post": [0.5, 1.51, -1.67],
							"lerp_mode": "catmullrom"
						},
						"3.0": [-1.06066, 2.5, -2.5]
					},
					"position": {
						"0.0": [0, 0, 0],
						"0.4583": {
							"pre": [0, -0.36, 0],
							"post": [0, -0.36, 0],
							"lerp_mode": "catmullrom"
						},
						"0.875": {
							"post": [0, -0.5, 0],
							"lerp_mode": "catmullrom"
						},
						"1.0": [0, 0, 0],
						"3.0": [0, 0, 0]
					}
				},
				"neck2": {
					"rotation": {
						"0.0": [-2, 10, 2.5],
						"0.875": {
							"pre": [-27, 10, 7.5],
							"post": [-27, 10, 7.5],
							"lerp_mode": "catmullrom"
						},
						"1.0417": {
							"post": [-10.59931, 5.69273, 7.49835],
							"lerp_mode": "catmullrom"
						},
						"1.25": {
							"post": [13.4, 0, 6.7],
							"lerp_mode": "catmullrom"
						},
						"1.375": {
							"post": [2.24957, -0.27325, 6.66168],
							"lerp_mode": "catmullrom"
						},
						"1.625": {
							"post": [0.67018, -0.59386, 6.84277],
							"lerp_mode": "catmullrom"
						},
						"2.0": {
							"post": [6.5, 0, 6.7],
							"lerp_mode": "catmullrom"
						},
						"2.5": {
							"post": [3.89, 8.41, 3.17],
							"lerp_mode": "catmullrom"
						},
						"3.0": [-2, 10, 2.5]
					},
					"position": {
						"0.0": [-0.52624, 0.14546, 1.66265],
						"3.0": [-0.52624, 0.14546, 1.66265]
					}
				},
				"neck3": {
					"rotation": {
						"0.0": [-1.76777, 5, -2.5],
						"0.9167": {
							"pre": [23.73, 5, 0],
							"post": [23.73, 5, 0],
							"lerp_mode": "catmullrom"
						},
						"1.0417": {
							"post": [11.65611, 0.05, -2.51937],
							"lerp_mode": "catmullrom"
						},
						"1.375": {
							"post": [4.00524, -6.28875, -6.02441],
							"lerp_mode": "catmullrom"
						},
						"1.625": {
							"post": [-2.17903, -6.40601, -6.08472],
							"lerp_mode": "catmullrom"
						},
						"2.0": {
							"post": [-0.57, -5, -5.4],
							"lerp_mode": "catmullrom"
						},
						"2.3333": {
							"post": [8.87, -1.97, -4.51],
							"lerp_mode": "catmullrom"
						},
						"2.625": {
							"post": [26.77, 1.18, -3.6],
							"lerp_mode": "catmullrom"
						},
						"3.0": [-1.76777, 5, -2.5]
					},
					"position": {
						"0.0": [-0.2236, -0.06687, 0.71276],
						"0.875": [-0.22, 1.18, 2.21],
						"3.0": [-0.2236, -0.06687, 0.71276]
					}
				},
				"neck4": {
					"rotation": {
						"0.0": [2.5, 0, 0],
						"0.4167": {
							"pre": [7.62, 0, -1.97],
							"post": [7.62, 0, -1.97],
							"lerp_mode": "catmullrom"
						},
						"0.7917": {
							"post": [24.5112, 0, -7.16507],
							"lerp_mode": "catmullrom"
						},
						"1.0417": {
							"post": [32.84, 0, -7.25],
							"lerp_mode": "catmullrom"
						},
						"1.25": {
							"post": [10.2, 0, -6.3],
							"lerp_mode": "catmullrom"
						},
						"1.375": {
							"post": [11.99, 0, -6.32],
							"lerp_mode": "catmullrom"
						},
						"1.625": {
							"post": [9.10344, 0, -6.61632],
							"lerp_mode": "catmullrom"
						},
						"2.0": {
							"post": [9.7, 0, -6.3],
							"lerp_mode": "catmullrom"
						},
						"2.3333": {
							"post": [5.11086, 0, -4.4099],
							"lerp_mode": "catmullrom"
						},
						"3.0": [2.5, 0, 0]
					},
					"position": {
						"0.0": [0, 0, 0],
						"0.875": [0, 1.25, 2.5],
						"1.25": [0, 0.25, 2.5],
						"2.3333": [0, 0.1, 0.95],
						"3.0": [0, 0, 0]
					}
				},
				"neck5": {
					"rotation": {
						"0.0": [0, 0, 0],
						"0.4167": {
							"pre": [0.12, 0, -1.97],
							"post": [0.12, 0, -1.97],
							"lerp_mode": "catmullrom"
						},
						"0.7917": {
							"post": [14.0087, 0, -7.16507],
							"lerp_mode": "catmullrom"
						},
						"1.0417": {
							"post": [22.84, 0, -7.25],
							"lerp_mode": "catmullrom"
						},
						"1.25": {
							"post": [7.7, 0, -6.3],
							"lerp_mode": "catmullrom"
						},
						"1.375": {
							"post": [11.99, 0, -6.32],
							"lerp_mode": "catmullrom"
						},
						"1.625": {
							"post": [10.46344, 0, -6.61632],
							"lerp_mode": "catmullrom"
						},
						"2.0": {
							"post": [12.2, 0, -6.3],
							"lerp_mode": "catmullrom"
						},
						"2.3333": {
							"post": [6.21382, 0, -4.4099],
							"lerp_mode": "catmullrom"
						},
						"3.0": [0, 0, 0]
					},
					"position": {
						"0.0": [0, 0, 0],
						"0.875": [0, 1.5, 2],
						"1.25": [0, 1.5, 2],
						"3.0": [0, 0, 0]
					}
				},
				"head": {
					"rotation": {
						"0.0": [-1.08579, 0, 0],
						"0.375": {
							"pre": [28.39, 0, -1.38],
							"post": [28.39, 0, -1.38],
							"lerp_mode": "catmullrom"
						},
						"0.875": {
							"post": [41.41, 0, -5],
							"lerp_mode": "catmullrom"
						},
						"1.0417": {
							"post": [15.39333, 0, -3.16148],
							"lerp_mode": "catmullrom"
						},
						"1.375": {
							"post": [-11.3, 0, 0.92],
							"lerp_mode": "catmullrom"
						},
						"1.9167": {
							"post": [-11.79, 0, 0.8],
							"lerp_mode": "catmullrom"
						},
						"2.125": {
							"post": [-4.1, 0, 0.65],
							"lerp_mode": "catmullrom"
						},
						"2.4583": {
							"post": [26.93, 0, 0.34],
							"lerp_mode": "catmullrom"
						},
						"3.0": [-1.08579, 0, 0]
					},
					"position": {
						"0.0": [0.90158, -0.52633, 2.98498],
						"3.0": [0.90158, -0.52633, 2.98498]
					}
				}
			}
		},
		"animation.kyurem.recoil": {
			"animation_length": 1.5,
			"bones": {
				"torso": {
					"rotation": {
						"0.0": {
							"post": [0, 0, 0],
							"lerp_mode": "catmullrom"
						},
						"0.0833": {
							"post": [5, 0, 0],
							"lerp_mode": "catmullrom"
						},
						"0.25": {
							"post": [6, 0, 0],
							"lerp_mode": "catmullrom"
						},
						"0.8333": {
							"post": [-1, 0, 0],
							"lerp_mode": "catmullrom"
						},
						"1.2917": {
							"post": [0, 0, 0],
							"lerp_mode": "catmullrom"
						}
					}
				},
				"arm_left": {
					"rotation": {
						"0.0": [0, 0, 0],
						"0.1667": {
							"pre": [5, 36, 0],
							"post": [5, 36, 0],
							"lerp_mode": "catmullrom"
						},
						"1.0417": {
							"post": [5, -1, 0],
							"lerp_mode": "catmullrom"
						},
						"1.5": [0, 0, 0]
					}
				},
				"arm_right": {
					"rotation": {
						"0.0": [0, 0, 0],
						"0.1667": {
							"pre": [3, -14, 0],
							"post": [3, -14, 0],
							"lerp_mode": "catmullrom"
						},
						"1.0417": {
							"post": [3, 1, 0],
							"lerp_mode": "catmullrom"
						},
						"1.5": [0, 0, 0]
					}
				},
				"neck": {
					"rotation": {
						"0.0": {
							"post": [0, 0, 0],
							"lerp_mode": "catmullrom"
						},
						"0.125": {
							"post": [-7.5, 0, 0],
							"lerp_mode": "catmullrom"
						},
						"0.5417": {
							"post": [-2.5, 0, 0],
							"lerp_mode": "catmullrom"
						},
						"0.9583": {
							"post": [12, 0, 0],
							"lerp_mode": "catmullrom"
						},
						"1.4167": {
							"post": [0, 0, 0],
							"lerp_mode": "catmullrom"
						}
					}
				},
				"neck2": {
					"rotation": {
						"0.0": {
							"post": [0, 0, 0],
							"lerp_mode": "catmullrom"
						},
						"0.125": {
							"post": [-17.5, 0, 0],
							"lerp_mode": "catmullrom"
						},
						"0.5417": {
							"post": [-12.5, 0, 0],
							"lerp_mode": "catmullrom"
						},
						"0.9583": {
							"post": [2, 0, 0],
							"lerp_mode": "catmullrom"
						},
						"1.4167": {
							"post": [0, 0, 0],
							"lerp_mode": "catmullrom"
						}
					}
				},
				"neck3": {
					"rotation": {
						"0.0": {
							"post": [0, 0, 0],
							"lerp_mode": "catmullrom"
						},
						"0.125": {
							"post": [-2.5, 0, 0],
							"lerp_mode": "catmullrom"
						},
						"0.4583": {
							"post": [-1.5, 0, 0],
							"lerp_mode": "catmullrom"
						},
						"0.8333": {
							"post": [6, 0, 0],
							"lerp_mode": "catmullrom"
						},
						"1.375": {
							"post": [0, 0, 0],
							"lerp_mode": "catmullrom"
						}
					}
				},
				"neck4": {
					"rotation": {
						"0.0": {
							"post": [0, 0, 0],
							"lerp_mode": "catmullrom"
						},
						"0.125": {
							"post": [0, 0, 0],
							"lerp_mode": "catmullrom"
						},
						"0.5": {
							"post": [-1, 0, 0],
							"lerp_mode": "catmullrom"
						},
						"0.9583": {
							"post": [3.1, 0, 0],
							"lerp_mode": "catmullrom"
						},
						"1.4583": {
							"post": [0, 0, 0],
							"lerp_mode": "catmullrom"
						}
					}
				},
				"neck5": {
					"rotation": {
						"0.0": {
							"post": [0, 0, 0],
							"lerp_mode": "catmullrom"
						},
						"0.125": {
							"post": [0, 0, 0],
							"lerp_mode": "catmullrom"
						},
						"0.5": {
							"post": [-0.2, -0.6, 0],
							"lerp_mode": "catmullrom"
						},
						"0.75": {
							"post": [1.6, 3.4, 0],
							"lerp_mode": "catmullrom"
						},
						"0.8333": {
							"post": [2.26, -3.66, 0],
							"lerp_mode": "catmullrom"
						},
						"0.9583": {
							"post": [3, 1.3, 0],
							"lerp_mode": "catmullrom"
						},
						"1.125": {
							"post": [2.96, -0.43, 0],
							"lerp_mode": "catmullrom"
						},
						"1.4583": {
							"post": [0, 0, 0],
							"lerp_mode": "catmullrom"
						}
					}
				}
			}
		}
	}
}