{
  "nationalPokedexNumber": 514,
  "name": "Simisear",
  "primaryType": "fire",
  "maleRatio": 0.875,
  "height": 10,
  "weight": 280,
  "pokedex": [
    "cobblemon.species.simisear.desc"
  ],
  "labels": [
    "gen5"
  ],
  "aspects": [],
  "abilities": [
    "gluttony",
    "h:blaze"
  ],
  "eggGroups": [
    "field"
  ],
  "baseStats": {
    "hp": 75,
    "attack": 98,
    "defence": 63,
    "special_attack": 98,
    "special_defence": 63,
    "speed": 101
  },
  "evYield": {
    "hp": 0,
    "attack": 0,
    "defence": 0,
    "special_attack": 0,
    "special_defence": 0,
    "speed": 2
  },
  "baseExperienceYield": 174,
  "experienceGroup": "medium_fast",
  "catchRate": 75,
  "eggCycles": 20,
  "baseFriendship": 50,
  "baseScale": 0.85,
  "hitbox": {
    "width": 0.94,
    "height": 1.83,
    "fixed": false
  },
  "standingEyeHeight": 0.74,
  "drops": {
    "amount": 3,
    "entries": [
      {
        "item": "cobblemon:fire_stone",
        "percentage": 5.0
      },
      {
        "item": "cobblemon:charcoal_stick",
        "percentage": 5.0
      },
      {
        "item": "cobblemon:passho_berry",
        "percentage": 5.0
      }
    ]
  },
  "moves": [
    "1:leer",
    "1:lick",
    "1:furyswipes",
    "1:flameburst",
    "1:scratch",
    "1:yawn",
    "1:bite",
    "1:playnice",
    "1:naturalgift",
    "egg:astonish",
    "egg:belch",
    "egg:covet",
    "egg:disarmingvoice",
    "egg:firepunch",
    "egg:firespin",
    "egg:flareblitz",
    "egg:heatwave",
    "egg:lowkick",
    "egg:nastyplot",
    "egg:roleplay",
    "egg:sleeptalk",
    "egg:tickle",
    "tm:acrobatics",
    "tm:amnesia",
    "tm:brickbreak",
    "tm:burningjealousy",
    "tm:covet",
    "tm:crunch",
    "tm:cut",
    "tm:dig",
    "tm:disarmingvoice",
    "tm:endeavor",
    "tm:endure",
    "tm:facade",
    "tm:fireblast",
    "tm:firepledge",
    "tm:firepunch",
    "tm:firespin",
    "tm:flamecharge",
    "tm:flamethrower",
    "tm:flareblitz",
    "tm:fling",
    "tm:focusblast",
    "tm:focuspunch",
    "tm:gastroacid",
    "tm:gigaimpact",
    "tm:grassknot",
    "tm:gunkshot",
    "tm:heatwave",
    "tm:helpinghand",
    "tm:honeclaws",
    "tm:hyperbeam",
    "tm:incinerate",
    "tm:irontail",
    "tm:knockoff",
    "tm:lowkick",
    "tm:lowsweep",
    "tm:nastyplot",
    "tm:naturalgift",
    "tm:overheat",
    "tm:payback",
    "tm:poweruppunch",
    "tm:protect",
    "tm:recycle",
    "tm:rest",
    "tm:rockslide",
    "tm:rocksmash",
    "tm:rocktomb",
    "tm:roleplay",
    "tm:scorchingsands",
    "tm:shadowclaw",
    "tm:sleeptalk",
    "tm:solarbeam",
    "tm:substitute",
    "tm:sunnyday",
    "tm:superpower",
    "tm:swift",
    "tm:taunt",
    "tm:terablast",
    "tm:thief",
    "tm:throatchop",
    "tm:torment",
    "tm:uproar",
    "tm:willowisp",
    "tm:workup",
    "tutor:burningjealousy",
    "tutor:covet",
    "tutor:endeavor",
    "tutor:firepledge",
    "tutor:firepunch",
    "tutor:flamethrower",
    "tutor:focuspunch",
    "tutor:gastroacid",
    "tutor:gigaimpact",
    "tutor:gunkshot",
    "tutor:heatwave",
    "tutor:helpinghand",
    "tutor:hyperbeam",
    "tutor:irontail",
    "tutor:knockoff",
    "tutor:lowkick",
    "tutor:recycle",
    "tutor:rest",
    "tutor:rockslide",
    "tutor:rocksmash",
    "tutor:roleplay",
    "tutor:scorchingsands",
    "tutor:shadowclaw",
    "tutor:sleeptalk",
    "tutor:superpower",
    "tutor:swift",
    "tutor:throatchop",
    "tutor:uproar"
  ],
  "preEvolution": "pansear",
  "evolutions": []
}