{
  "species": "cobblemon:kyurem",
  "order": 12,
  "variations": [
    {
      "aspects": ["white-fusion"],
      "poser": "pokemans:kyurem_white",
      "model": "pokemans:kyurem_white.geo",
      "texture": "pokemans:textures/pokemon/kyurem/kyuremwhite.png",
      "layers": [
        {
              "name": "emissive",
              "emissive": true,
              "texture": "pokemans:textures/pokemon/kyurem/kyuremwhite_emissive.png",
              "translucent": true
        }
      ]
    },
    {
      "aspects": ["white-fusion",
        "shiny"
      ],
      "texture": "pokemans:textures/pokemon/kyurem/kyuremwhite_shiny.png",
      "layers": [
        {
              "name": "emissive",
              "emissive": true,
              "texture": "pokemans:textures/pokemon/kyurem/kyuremwhite_emissive_shiny.png",
              "translucent": true
        }
      ]
    }
  ]
}