{
  "species": "cobblemon:zekrom",
  "order": 10,
  "variations": [
    {
      "aspects": [],
      "poser": "pokemans:zekrom",
      "model": "pokemans:zekrom.geo",
      "texture": "pokemans:textures/pokemon/zekrom/zekrom.png",
      "layers": [
        {
              "name": "emissive",
              "emissive": true,
              "texture": "pokemans:textures/pokemon/zekrom/zekrom_emissive.png",
              "translucent": true
        }
      ]
    },
    {
      "aspects": [
        "shiny"
      ],
      "texture": "pokemans:textures/pokemon/zekrom/zekrom_shiny.png",
      "layers": [
        {
              "name": "emissive",
              "emissive": true,
              "texture": "pokemans:textures/pokemon/zekrom/zekrom_emissive_shiny.png",
              "translucent": true
        }
      ]
    }
  ]
}