{
  "species": "cobblemon:groudon",
  "order": 12,
  "variations": [
    {
      "aspects": ["primal"],
      "poser": "pokemans:groudon_primal",
      "model": "pokemans:groudon_primal.geo",
      "texture": "pokemans:textures/pokemon/groudon_primal/groudonprimal.png",
      "layers": [
        {
              "name": "emissive",
              "emissive": true,
              "texture": "pokemans:textures/pokemon/groudon_primal/groudonprimal_emissive.png",
              "translucent": true
        }
      ]
    },
    {
      "aspects": [
        "shiny","primal"
      ],
      "texture": "pokemans:textures/pokemon/groudon_primal/groudonprimal_shiny.png",
      "layers": [
        {
              "name": "emissive",
              "emissive": true,
              "texture": "pokemans:textures/pokemon/groudon_primal/groudonprimal_emissive_shiny.png",
              "translucent": true
        }
      ]
    }
  ]
}