{
  "species": "cobblemon:yveltal",
  "order": 1,
  "baseScale": 0.75,
  "hitbox": {
    "width": 0.5,
    "height": 2,
    "fixed": false
  },
  "variations": [
    {
      "aspects": [],
      "poser": "hydro_reanimodel:yveltal",
      "model": "hydro_reanimodel:yveltal.geo",
      "texture": "hydro_reanimodel:textures/pokemon/yveltal/yveltal.png",
      "layers": [
        
      ] 
    },
    {
      "aspects": ["shiny"],
      "texture": "hydro_reanimodel:textures/pokemon/yveltal/yveltal_shiny.png",
      "layers": [
        
       
      ]
      
    }
  ]
}