{
	"format_version": "1.8.0",
	"animations": {
		"animation.meowth.ground_idle": {
			"loop": true,
			"bones": {
				"arm_right": {
					"rotation": [0, 0, "-57.5-math.sin(q.anim_time*90*2+120)*1.5"]
				},
				"arm_left": {
					"rotation": [0, 0, "57.5+math.sin(q.anim_time*90*2+120)*1.5"]
				},
				"foot_right": {
					"rotation": [0, 12.5, 0]
				},
				"foot_left": {
					"rotation": [0, -12.5, 0]
				},
				"foot_left_2": {
					"rotation": [0, 0, 0]
				},
				"tail1": {
					"rotation": ["-12.5-math.sin(q.anim_time*90*2+90)*3", "0-math.sin(q.anim_time*90*2+180)*3", "0+math.sin(q.anim_time*90*2+180)*3"]
				},
				"tail2": {
					"rotation": ["45+math.sin(q.anim_time*90*2+150)*6", "0+math.sin(q.anim_time*90*2+45)*7", "0-math.sin(q.anim_time*90*2+180)*7"]
				},
				"tail3": {
					"rotation": ["45+math.sin(q.anim_time*90*2+45)*6", 0, 0]
				},
				"forearm_right": {
					"rotation": [0, "-20-math.sin(q.anim_time*90*2+45)*2", 0]
				},
				"forearm_left": {
					"rotation": [0, "20+math.sin(q.anim_time*90*2+45)*2", 0]
				},
				"torso": {
					"rotation": ["0-math.sin(q.anim_time*90*2+45)", 0, 0],
					"position": [0, "0+math.sin(q.anim_time*90*2+90)*0.1", 0]
				},
				"head": {
					"rotation": ["0+math.sin(q.anim_time*90*2+150)", 0, 0]
				},
				"ear_right": {
					"rotation": ["0+math.sin(q.anim_time*90*2+90)*1", 0, 0]
				},
				"ear_left": {
					"rotation": ["0+math.sin(q.anim_time*90*2+90)*1", 0, 0]
				},
				"head_whisker_right": {
					"rotation": ["0+math.sin(q.anim_time*90*2+90)*1.5", 0, 0]
				},
				"head_whisker_left": {
					"rotation": ["0+math.sin(q.anim_time*90*2+90)*1.5", 0, 0]
				},
				"whisker_top_right": {
					"rotation": [0, 0, "0-math.sin(q.anim_time*90*2+90)*1.5"]
				},
				"whisker_top_left": {
					"rotation": [0, 0, "0+math.sin(q.anim_time*90*2+90)*1.5"]
				},
				"whisker_bottom_right": {
					"rotation": [0, 0, "0-math.sin(q.anim_time*90*2+90)*1.5"]
				},
				"whisker_bottom_left": {
					"rotation": [0, 0, "0+math.sin(q.anim_time*90*2+90)*1.5"]
				},
				"hand_right": {
					"rotation": [0, "0-math.sin(q.anim_time*90*2+45)*3", 0]
				},
				"hand_left": {
					"rotation": [0, "0+math.sin(q.anim_time*90*2+45)*3", 0]
				}
			}
		},
		"animation.meowth.ground_walk": {
			"loop": true,
			"animation_length": 1.5,
			"bones": {
				"arm_right": {
					"rotation": [0, "0+math.sin(q.anim_time*90*2.67+45)*15", -58.79904]
				},
				"arm_left": {
					"rotation": [0, "0+math.sin(q.anim_time*90*2.67+45)*15", 58.79904]
				},
				"foot_right": {
					"rotation": {
						"0.0": {
							"post": [15.70499, 1.54125, 2.17646],
							"lerp_mode": "catmullrom"
						},
						"0.2083": {
							"post": [15.7, 1.54, 2.18],
							"lerp_mode": "catmullrom"
						},
						"0.4167": {
							"post": [25.7, 1.54, 2.18],
							"lerp_mode": "catmullrom"
						},
						"0.625": {
							"post": [33.2, 1.54, 2.18],
							"lerp_mode": "catmullrom"
						},
						"0.875": {
							"post": [53.2, 1.54, 2.18],
							"lerp_mode": "catmullrom"
						},
						"1.0833": {
							"post": [-3.0475, 1.54063, 2.17823],
							"lerp_mode": "catmullrom"
						},
						"1.2917": {
							"post": [-5.5475, 1.54063, 2.17823],
							"lerp_mode": "catmullrom"
						},
						"1.5": {
							"post": [15.70499, 1.54125, 2.17646],
							"lerp_mode": "catmullrom"
						}
					},
					"position": {
						"0.0": {
							"post": [0, 0.45, 0],
							"lerp_mode": "catmullrom"
						},
						"0.2083": {
							"post": [0, 0.35, 0],
							"lerp_mode": "catmullrom"
						},
						"0.4167": {
							"post": [0, 0.6, 0],
							"lerp_mode": "catmullrom"
						},
						"0.625": {
							"post": [0, 0.6, 0],
							"lerp_mode": "catmullrom"
						},
						"0.875": {
							"post": [0, 0.35, 0],
							"lerp_mode": "catmullrom"
						},
						"1.0833": {
							"post": [0, 0.35, 0],
							"lerp_mode": "catmullrom"
						},
						"1.2917": {
							"post": [0, 0.35, 0],
							"lerp_mode": "catmullrom"
						},
						"1.5": {
							"post": [0, 0.35, 0],
							"lerp_mode": "catmullrom"
						}
					}
				},
				"foot_left": {
					"rotation": {
						"0.0": {
							"post": [47.18, -1.54, -2.18],
							"lerp_mode": "catmullrom"
						},
						"0.125": {
							"post": [53.2, -1.54, -2.18],
							"lerp_mode": "catmullrom"
						},
						"0.3333": {
							"post": [-3.0475, -1.54063, -2.17823],
							"lerp_mode": "catmullrom"
						},
						"0.5417": {
							"post": [-5.5475, -1.54063, -2.17823],
							"lerp_mode": "catmullrom"
						},
						"0.75": {
							"post": [15.70499, -1.54125, -2.17646],
							"lerp_mode": "catmullrom"
						},
						"0.9583": {
							"post": [15.7, -1.54, -2.18],
							"lerp_mode": "catmullrom"
						},
						"1.1667": {
							"post": [25.7, -1.54, -2.18],
							"lerp_mode": "catmullrom"
						},
						"1.375": {
							"post": [33.2, -1.54, -2.18],
							"lerp_mode": "catmullrom"
						},
						"1.5": {
							"post": [47.18, -1.54, -2.18],
							"lerp_mode": "catmullrom"
						}
					},
					"position": {
						"0.0": {
							"post": [0, 0.48, 0],
							"lerp_mode": "catmullrom"
						},
						"0.125": {
							"post": [0, 0.35, 0],
							"lerp_mode": "catmullrom"
						},
						"0.3333": {
							"post": [0, 0.35, 0],
							"lerp_mode": "catmullrom"
						},
						"0.5417": {
							"post": [0, 0.35, 0],
							"lerp_mode": "catmullrom"
						},
						"0.75": {
							"post": [0, 0.35, 0],
							"lerp_mode": "catmullrom"
						},
						"0.9583": {
							"post": [0, 0.35, 0],
							"lerp_mode": "catmullrom"
						},
						"1.1667": {
							"post": [0, 0.6, 0],
							"lerp_mode": "catmullrom"
						},
						"1.375": {
							"post": [0, 0.6, 0],
							"lerp_mode": "catmullrom"
						},
						"1.5": {
							"post": [0, 0.48, 0],
							"lerp_mode": "catmullrom"
						}
					}
				},
				"foot_left_2": {
					"rotation": {
						"0.0": {
							"post": [-28.75, 0, 0],
							"lerp_mode": "catmullrom"
						},
						"0.125": {
							"post": [10, 0, 0],
							"lerp_mode": "catmullrom"
						},
						"0.3333": {
							"post": [2.5, 0, 0],
							"lerp_mode": "catmullrom"
						},
						"0.5417": {
							"post": [-7.5, 0, 0],
							"lerp_mode": "catmullrom"
						},
						"0.75": {
							"post": [0, 0, 0],
							"lerp_mode": "catmullrom"
						},
						"0.9583": {
							"post": [-15, 0, 0],
							"lerp_mode": "catmullrom"
						},
						"1.1667": {
							"post": [-60, 0, 0],
							"lerp_mode": "catmullrom"
						},
						"1.375": {
							"post": [-67.5, 0, 0],
							"lerp_mode": "catmullrom"
						},
						"1.5": {
							"post": [-28.75, 0, 0],
							"lerp_mode": "catmullrom"
						}
					},
					"position": {
						"0.0": {
							"post": [0, 0, 0.36],
							"lerp_mode": "catmullrom"
						},
						"0.125": {
							"post": [0, 0, 0.35],
							"lerp_mode": "catmullrom"
						},
						"0.3333": {
							"post": [0, 0, 0.26],
							"lerp_mode": "catmullrom"
						},
						"0.5417": {
							"post": [0, 0, 0.13],
							"lerp_mode": "catmullrom"
						},
						"0.75": {
							"post": [0, 0, 0],
							"lerp_mode": "catmullrom"
						},
						"0.9583": {
							"post": [0, 0, 0.1],
							"lerp_mode": "catmullrom"
						},
						"1.0833": {
							"post": [0, 0, 0.72],
							"lerp_mode": "catmullrom"
						},
						"1.1667": {
							"post": [0, 0, 0.35],
							"lerp_mode": "catmullrom"
						},
						"1.375": {
							"post": [0, 0, 0.35],
							"lerp_mode": "catmullrom"
						},
						"1.5": {
							"post": [0, 0, 0.36],
							"lerp_mode": "catmullrom"
						}
					}
				},
				"tail1": {
					"rotation": ["-15.5-math.sin(q.anim_time*90*2.67*2+120)*5", 0, 0]
				},
				"tail2": {
					"rotation": ["48-math.sin(q.anim_time*90*2.67*2+90)*10", 4.94975, 0]
				},
				"tail3": {
					"rotation": ["49.242640687+math.sin(q.anim_time*90*2.67*2-150)*10", 0, 0]
				},
				"forearm_right": {
					"rotation": [0, "-21.4142-math.sin(q.anim_time*90*2.67+180)*10", 0]
				},
				"forearm_left": {
					"rotation": [0, "21.414213562-math.sin(q.anim_time*90*2.67+180)*10", 0]
				},
				"torso": {
					"rotation": ["-0.707106781+math.sin(q.anim_time*90*2.67*2+45)*8", "0+math.sin(q.anim_time*90*2.67+180)*3", "0-math.sin(q.anim_time*90*2.67+120)*3"],
					"position": [0, "0-math.sin(q.anim_time*90*2.67*2+90)*0.5", 0]
				},
				"head": {
					"rotation": ["0.5-math.sin(q.anim_time*90*2.67*2+120)*4", 0, 0],
					"position": [0, -0.2, 0]
				},
				"ear_right": {
					"rotation": ["1-math.sin(q.anim_time*90*2.67*2+90)*5", 0, 0]
				},
				"ear_left": {
					"rotation": ["1-math.sin(q.anim_time*90*2.67*2+90)*5", 0, 0]
				},
				"head_whisker_right": {
					"rotation": ["1.5-math.sin(q.anim_time*90*2.67*2+90)*8", 0, 0]
				},
				"head_whisker_left": {
					"rotation": ["1.5-math.sin(q.anim_time*90*2.67*2+90)*8", 0, 0]
				},
				"whisker_top_right": {
					"rotation": [0, "0+math.sin(q.anim_time*90*2.67*2+90)*5", -1.5]
				},
				"whisker_top_left": {
					"rotation": [0, "0-math.sin(q.anim_time*90*2.67*2+90)*5", 1.5]
				},
				"whisker_bottom_right": {
					"rotation": [0, "0+math.sin(q.anim_time*90*2.67*2+90)*5", -1.5]
				},
				"whisker_bottom_left": {
					"rotation": [0, "0-math.sin(q.anim_time*90*2.67*2+90)*5", 1.5]
				},
				"hand_right": {
					"rotation": [0, -2.12132, 0]
				},
				"hand_left": {
					"rotation": [0, 2.12132, 0]
				},
				"leg_right": {
					"rotation": {
						"0.0": {
							"post": [-15, 0, 0],
							"lerp_mode": "catmullrom"
						},
						"0.2083": {
							"post": [0, 0, 0],
							"lerp_mode": "catmullrom"
						},
						"0.4167": {
							"post": [35, 0, 0],
							"lerp_mode": "catmullrom"
						},
						"0.625": {
							"post": [55, 0, 0],
							"lerp_mode": "catmullrom"
						},
						"0.875": {
							"post": [55, 0, 0],
							"lerp_mode": "catmullrom"
						},
						"1.0833": {
							"post": [10, 0, 0],
							"lerp_mode": "catmullrom"
						},
						"1.2917": {
							"post": [-25, 0, 0],
							"lerp_mode": "catmullrom"
						},
						"1.5": {
							"post": [-15, 0, 0],
							"lerp_mode": "catmullrom"
						}
					},
					"position": {
						"0.0": {
							"post": [0, -0.5, -1],
							"lerp_mode": "catmullrom"
						},
						"0.2083": {
							"post": [0, 0.25, 0],
							"lerp_mode": "catmullrom"
						},
						"0.4167": {
							"post": [0, 0.25, 0.75],
							"lerp_mode": "catmullrom"
						},
						"0.625": {
							"post": [0, 0.25, 0.75],
							"lerp_mode": "catmullrom"
						},
						"0.875": {
							"post": [0, 0.5, 0.25],
							"lerp_mode": "catmullrom"
						},
						"1.0833": {
							"post": [0, 1, -0.37],
							"lerp_mode": "catmullrom"
						},
						"1.2917": {
							"post": [0, 0.25, -0.62],
							"lerp_mode": "catmullrom"
						},
						"1.5": {
							"post": [0, -0.5, -1],
							"lerp_mode": "catmullrom"
						}
					}
				},
				"foot_right_2": {
					"rotation": {
						"0.0": {
							"post": [0, 0, 0],
							"lerp_mode": "catmullrom"
						},
						"0.2083": {
							"post": [-15, 0, 0],
							"lerp_mode": "catmullrom"
						},
						"0.4167": {
							"post": [-60, 0, 0],
							"lerp_mode": "catmullrom"
						},
						"0.625": {
							"post": [-67.5, 0, 0],
							"lerp_mode": "catmullrom"
						},
						"0.875": {
							"post": [10, 0, 0],
							"lerp_mode": "catmullrom"
						},
						"1.0833": {
							"post": [2.5, 0, 0],
							"lerp_mode": "catmullrom"
						},
						"1.2917": {
							"post": [-7.5, 0, 0],
							"lerp_mode": "catmullrom"
						},
						"1.5": {
							"post": [0, 0, 0],
							"lerp_mode": "catmullrom"
						}
					},
					"position": {
						"0.0": {
							"post": [0, 0, 0],
							"lerp_mode": "catmullrom"
						},
						"0.2083": {
							"post": [0, 0, 0.1],
							"lerp_mode": "catmullrom"
						},
						"0.3333": {
							"post": [0, 0, 0.72],
							"lerp_mode": "catmullrom"
						},
						"0.4167": {
							"post": [0, 0, 0.35],
							"lerp_mode": "catmullrom"
						},
						"0.625": {
							"post": [0, 0, 0.35],
							"lerp_mode": "catmullrom"
						},
						"0.875": {
							"post": [0, 0, 0.35],
							"lerp_mode": "catmullrom"
						},
						"1.0833": {
							"post": [0, 0, 0.26],
							"lerp_mode": "catmullrom"
						},
						"1.2917": {
							"post": [0, 0, 0.13],
							"lerp_mode": "catmullrom"
						},
						"1.5": {
							"post": [0, 0, 0],
							"lerp_mode": "catmullrom"
						}
					}
				},
				"leg_left": {
					"rotation": {
						"0.0": {
							"post": [59.06, 0, 0],
							"lerp_mode": "catmullrom"
						},
						"0.125": {
							"post": [55, 0, 0],
							"lerp_mode": "catmullrom"
						},
						"0.3333": {
							"post": [10, 0, 0],
							"lerp_mode": "catmullrom"
						},
						"0.5417": {
							"post": [-25, 0, 0],
							"lerp_mode": "catmullrom"
						},
						"0.75": {
							"post": [-15, 0, 0],
							"lerp_mode": "catmullrom"
						},
						"0.9583": {
							"post": [0, 0, 0],
							"lerp_mode": "catmullrom"
						},
						"1.1667": {
							"post": [35, 0, 0],
							"lerp_mode": "catmullrom"
						},
						"1.375": {
							"post": [55, 0, 0],
							"lerp_mode": "catmullrom"
						},
						"1.5": {
							"post": [59.06, 0, 0],
							"lerp_mode": "catmullrom"
						}
					},
					"position": {
						"0.0": {
							"post": [0, 0.34, 0.54],
							"lerp_mode": "catmullrom"
						},
						"0.125": {
							"post": [0, 0.5, 0.25],
							"lerp_mode": "catmullrom"
						},
						"0.3333": {
							"post": [0, 1, -0.37],
							"lerp_mode": "catmullrom"
						},
						"0.5417": {
							"post": [0, 0.25, -0.62],
							"lerp_mode": "catmullrom"
						},
						"0.75": {
							"post": [0, -0.5, -1],
							"lerp_mode": "catmullrom"
						},
						"0.9583": {
							"post": [0, 0.25, 0],
							"lerp_mode": "catmullrom"
						},
						"1.1667": {
							"post": [0, 0.25, 0.75],
							"lerp_mode": "catmullrom"
						},
						"1.375": {
							"post": [0, 0.25, 0.75],
							"lerp_mode": "catmullrom"
						},
						"1.5": {
							"post": [0, 0.34, 0.54],
							"lerp_mode": "catmullrom"
						}
					}
				}
			}
		},
		"animation.meowth.battle_idle": {
			"loop": true,
			"bones": {
				"arm_right": {
					"rotation": [0, 0, "-57.5-math.sin(q.anim_time*90*2+120)*1.5"]
				},
				"arm_left": {
					"rotation": [0, 0, "57.5+math.sin(q.anim_time*90*2+120)*1.5"]
				},
				"foot_right": {
					"rotation": [0, 12.5, 0]
				},
				"foot_left": {
					"rotation": [0, -12.5, 0]
				},
				"foot_left_2": {
					"rotation": [0, 0, 0]
				},
				"tail1": {
					"rotation": ["-12.5-math.sin(q.anim_time*90*2+90)*3", "0-math.sin(q.anim_time*90*2+180)*3", "0+math.sin(q.anim_time*90*2+180)*3"]
				},
				"tail2": {
					"rotation": ["45+math.sin(q.anim_time*90*2+150)*6", "0+math.sin(q.anim_time*90*2+45)*7", "0-math.sin(q.anim_time*90*2+180)*7"]
				},
				"tail3": {
					"rotation": ["45+math.sin(q.anim_time*90*2+45)*6", 0, 0]
				},
				"forearm_right": {
					"rotation": [0, "-20-math.sin(q.anim_time*90*2+45)*2", 0]
				},
				"forearm_left": {
					"rotation": [0, "20+math.sin(q.anim_time*90*2+45)*2", 0]
				},
				"torso": {
					"rotation": ["0-math.sin(q.anim_time*90*2+45)", 0, 0],
					"position": [0, "0+math.sin(q.anim_time*90*2+90)*0.1", 0]
				},
				"head": {
					"rotation": ["0+math.sin(q.anim_time*90*2+150)", 0, 0]
				},
				"ear_right": {
					"rotation": ["0+math.sin(q.anim_time*90*2+90)*1", 0, 0]
				},
				"ear_left": {
					"rotation": ["0+math.sin(q.anim_time*90*2+90)*1", 0, 0]
				},
				"head_whisker_right": {
					"rotation": ["0+math.sin(q.anim_time*90*2+90)*1.5", 0, 0]
				},
				"head_whisker_left": {
					"rotation": ["0+math.sin(q.anim_time*90*2+90)*1.5", 0, 0]
				},
				"whisker_top_right": {
					"rotation": [0, 0, "0-math.sin(q.anim_time*90*2+90)*1.5"]
				},
				"whisker_top_left": {
					"rotation": [0, 0, "0+math.sin(q.anim_time*90*2+90)*1.5"]
				},
				"whisker_bottom_right": {
					"rotation": [0, 0, "0-math.sin(q.anim_time*90*2+90)*1.5"]
				},
				"whisker_bottom_left": {
					"rotation": [0, 0, "0+math.sin(q.anim_time*90*2+90)*1.5"]
				},
				"hand_right": {
					"rotation": [0, "0-math.sin(q.anim_time*90*2+45)*3", 0]
				},
				"hand_left": {
					"rotation": [0, "0+math.sin(q.anim_time*90*2+45)*3", 0]
				}
			}
		},
		"animation.meowth.render": {
			"loop": true,
			"bones": {
				"body": {
					"rotation": [0, 3, 0]
				},
				"head": {
					"rotation": [0, 6, 0]
				},
				"arm_right": {
					"rotation": [12.2561, -42.59831, -17.79375]
				},
				"forearm_right": {
					"rotation": [4.73334, -14.2499, -18.59199]
				},
				"hand_right": {
					"rotation": [0, 0, -22]
				},
				"arm_left": {
					"rotation": [-78.06155, 3.73171, -17.10967],
					"position": [0, -1, 0]
				},
				"forearm_left": {
					"rotation": [-6.45419, 25.78073, -7.15127]
				},
				"hand_left": {
					"rotation": [0, 0, 25]
				},
				"leg_right": {
					"rotation": [0, 0, 22.5]
				},
				"foot_right_2": {
					"rotation": [7.5, 0, 0]
				},
				"leg_left": {
					"rotation": [0, 0, 1]
				},
				"foot_left": {
					"rotation": [0, -2, 0]
				},
				"foot_left_2": {
					"rotation": [4, 0, 0]
				},
				"tail1": {
					"rotation": [-9, 40, 0]
				},
				"tail2": {
					"rotation": [7, 0, 0]
				},
				"tail3": {
					"rotation": [7, 0, 0]
				}
			}
		},
		"animation.meowth.cry": {
			"animation_length": 1.5,
			"bones": {
				"head": {
					"rotation": {
						"0.0": [0, 0, 0],
						"0.25": [-7.5, 0, 0],
						"1.25": [-7.5, 0, 0],
						"1.5": [0, 0, 0]
					}
				},
				"mouth_lips": {
					"position": {
						"0.0": [0, 0, 0],
						"0.25": {"pre": [0, 0, 0], "post": [0, 0.5, 0]},
						"1.25": {"pre": [0, 0.5, 0], "post": [0, 0, 0]},
						"1.5": {
							"pre": [0, 0, 0],
							"post": [0, 0, 0],
							"lerp_mode": "catmullrom"
						}
					}
				},
				"mouth_opening": {
					"position": {
						"0.0": [0, 0, 0],
						"0.25": {"pre": [0, 0, 0], "post": [0, 0, -0.1]},
						"1.25": {"pre": [0, 0, -0.1], "post": [0, 0, 0]},
						"1.5": {"pre": [0, 0, 0], "post": [0, 0, 0]}
					}
				}
			},
			"sound_effects": {
				"0.2083": {
					"effect": "pokemon.meowth.cry"
				}
			}
		},
		"animation.meowth.walktest": {
			"loop": true,
			"bones": {
				"meowth": {
					"position": [0, 0, "0-q.anim_time*90*0.09"]
				}
			}
		},
		"animation.meowth.sleep": {
			"loop": true,
			"bones": {
				"body": {
					"rotation": [82.52822, 0.65182, 4.95744],
					"position": [0, -5, 0]
				},
				"head": {
					"rotation": [-40.86286, 1.48678, -13.80191]
				},
				"eyelids": {
					"position": [0, 0, -0.1]
				},
				"ear_right": {
					"rotation": [-26.78651, -11.06084, -22.52508]
				},
				"ear_left": {
					"rotation": [-33.48964, 15.18089, 23.01875]
				},
				"head_whisker_right": {
					"rotation": [15, 0, 0]
				},
				"head_whisker_left": {
					"rotation": [20, 0, 0]
				},
				"whisker_top_right": {
					"rotation": [0, -57.5, 0]
				},
				"whisker_top_left": {
					"rotation": [0, 37.5, 0]
				},
				"whisker_bottom_right": {
					"rotation": [0, -52.5, 0]
				},
				"whisker_bottom_left": {
					"rotation": [0, 27.5, 0]
				},
				"arm_right": {
					"rotation": [-79.22158, -23.87408, 5.74526]
				},
				"forearm_right": {
					"rotation": [36.51073, -77.52294, -37.16782]
				},
				"hand_right": {
					"rotation": [11.81028, -8.55346, 4.93623]
				},
				"arm_left": {
					"rotation": [-84.50484, 22.9491, -45.59689]
				},
				"forearm_left": {
					"rotation": [-5, 32.5, -20]
				},
				"hand_left": {
					"rotation": [-24.53622, 13.42946, -0.71475]
				},
				"leg_right": {
					"rotation": [-9.85108, 47.59191, 14.00194]
				},
				"foot_right": {
					"rotation": [57.98181, 30.03502, 15.40729]
				},
				"leg_left": {
					"rotation": [-7.5, 12.5, 0]
				},
				"foot_left": {
					"rotation": [85.04221, 16.00293, 23.69721]
				},
				"tail1": {
					"rotation": [-82.48127, -5.10466, 9.08112]
				},
				"tail2": {
					"rotation": [0, -30, 0]
				},
				"tail3": {
					"rotation": [0, -25, 0]
				},
				"eyelid_right": {
					"position": [0, 0, -0.1]
				},
				"eyelid_left": {
					"position": [0, 0, -0.1]
				}
			}
		},
		"animation.meowth.blink": {
			"animation_length": 0.1667,
			"bones": {
				"eyelid_right": {
					"position": {
						"0.0": [0, 0, -0.1],
						"0.125": [0, 0, -0.1],
						"0.1667": [0, 0, 0]
					}
				},
				"eyelid_left": {
					"position": {
						"0.0": [0, 0, -0.1],
						"0.125": [0, 0, -0.1],
						"0.1667": [0, 0, 0]
					}
				}
			}
		}
	}
}