{
  "nationalPokedexNumber": 930,
  "name": "Arboliva",
  "primaryType": "grass",
  "secondaryType": "normal",
  "maleRatio": 0.5,
  "height": 14,
  "weight": 482,
  "pokedex": [
    "cobblemon.species.arboliva.desc"
  ],
  "labels": [
    "gen9"
  ],
  "aspects": [],
  "abilities": [
    "seedsower",
    "h:harvest"
  ],
  "eggGroups": [
    "grass"
  ],
  "baseStats": {
    "hp": 78,
    "attack": 69,
    "defence": 90,
    "special_attack": 125,
    "special_defence": 109,
    "speed": 39
  },
  "evYield": {
    "hp": 0,
    "attack": 0,
    "defence": 0,
    "special_attack": 3,
    "special_defence": 0,
    "speed": 0
  },
  "baseExperienceYield": 255,
  "experienceGroup": "medium_slow",
  "catchRate": 45,
  "eggCycles": 20,
  "baseFriendship": 50,
  "drops": {
    "amount": 2,
    "entries": [
      {
        "item": "cobblemon:big_root",
        "percentage": 10.0
      },
      {
        "item": "cobblemon:kebia_berry",
        "percentage": 10.0
      }
    ]
  },
  "moves": [
    "1:sweetscent",
    "1:mirrorcoat",
    "1:safeguard",
    "1:tackle",
    "5:absorb",
    "7:growth",
    "10:razorleaf",
    "13:helpinghand",
    "16:flail",
    "20:megadrain",
    "23:grassyterrain",
    "29:seedbomb",
    "34:energyball",
    "39:leechseed",
    "46:terrainpulse",
    "52:petalblizzard",
    "58:petaldance",
    "egg:memento",
    "egg:strengthsap",
    "egg:synthesis",
    "egg:weatherball",
    "tm:alluringvoice",
    "tm:bulletseed",
    "tm:charm",
    "tm:dazzlinggleam",
    "tm:earthpower",
    "tm:encore",
    "tm:endure",
    "tm:energyball",
    "tm:facade",
    "tm:fling",
    "tm:gigadrain",
    "tm:gigaimpact",
    "tm:grassknot",
    "tm:grassyterrain",
    "tm:helpinghand",
    "tm:hyperbeam",
    "tm:hypervoice",
    "tm:leafstorm",
    "tm:lightscreen",
    "tm:magicalleaf",
    "tm:metronome",
    "tm:petalblizzard",
    "tm:pollenpuff",
    "tm:protect",
    "tm:psychup",
    "tm:reflect",
    "tm:rest",
    "tm:safeguard",
    "tm:seedbomb",
    "tm:sleeptalk",
    "tm:solarbeam",
    "tm:solarblade",
    "tm:substitute",
    "tm:sunnyday",
    "tm:swift",
    "tm:synthesis",
    "tm:terablast",
    "tm:terrainpulse",
    "tm:trailblaze",
    "tm:weatherball",
    "tutor:dazzlinggleam",
    "tutor:earthpower",
    "tutor:energyball",
    "tutor:gigadrain",
    "tutor:gigaimpact",
    "tutor:helpinghand",
    "tutor:hyperbeam",
    "tutor:hypervoice",
    "tutor:magicalleaf",
    "tutor:rest",
    "tutor:seedbomb",
    "tutor:sleeptalk",
    "tutor:swift",
    "tutor:synthesis",
    "tutor:terrainpulse"
  ],
  "preEvolution": "dolliv",
  "evolutions": []
}