{
  "nationalPokedexNumber": 962,
  "name": "Bombirdier",
  "primaryType": "flying",
  "secondaryType": "dark",
  "maleRatio": 0.5,
  "height": 15,
  "weight": 429,
  "pokedex": [
    "cobblemon.species.bombirdier.desc"
  ],
  "labels": [
    "gen9"
  ],
  "aspects": [],
  "abilities": [
    "bigpecks",
    "keeneye",
    "h:rockypayload"
  ],
  "eggGroups": [
    "flying"
  ],
  "baseStats": {
    "hp": 70,
    "attack": 103,
    "defence": 85,
    "special_attack": 60,
    "special_defence": 85,
    "speed": 82
  },
  "evYield": {
    "hp": 0,
    "attack": 2,
    "defence": 0,
    "special_attack": 0,
    "special_defence": 0,
    "speed": 0
  },
  "baseExperienceYield": 243,
  "experienceGroup": "slow",
  "catchRate": 25,
  "eggCycles": 35,
  "baseFriendship": 50,
  "drops": {
    "amount": 4,
    "entries": [
      {
        "item": "minecraft:feather",
        "quantityRange": "0-2"
      },
      {
        "item": "minecraft:chicken"
      },
      {
        "item": "cobblemon:razz_berry",
        "percentage": 5.0
      }
    ]
  },
  "moves": [
    "1:wingattack",
    "1:leer",
    "1:peck",
    "1:memento",
    "1:honeclaws",
    "7:thief",
    "11:rockthrow",
    "16:whirlwind",
    "20:pluck",
    "24:torment",
    "29:rocktomb",
    "36:payback",
    "42:dualwingbeat",
    "47:rockslide",
    "53:knockoff",
    "60:partingshot",
    "egg:featherdance",
    "egg:powertrip",
    "egg:roost",
    "egg:skyattack",
    "egg:suckerpunch",
    "tm:acrobatics",
    "tm:aerialace",
    "tm:aircutter",
    "tm:airslash",
    "tm:bravebird",
    "tm:curse",
    "tm:darkpulse",
    "tm:drillrun",
    "tm:dualwingbeat",
    "tm:endeavor",
    "tm:endure",
    "tm:facade",
    "tm:featherdance",
    "tm:fly",
    "tm:foulplay",
    "tm:gigaimpact",
    "tm:heatwave",
    "tm:honeclaws",
    "tm:hurricane",
    "tm:hyperbeam",
    "tm:hypervoice",
    "tm:icywind",
    "tm:knockoff",
    "tm:lashout",
    "tm:nastyplot",
    "tm:payback",
    "tm:pluck",
    "tm:powergem",
    "tm:protect",
    "tm:psychup",
    "tm:raindance",
    "tm:rest",
    "tm:rockblast",
    "tm:rockslide",
    "tm:rocktomb",
    "tm:roost",
    "tm:sandstorm",
    "tm:scaryface",
    "tm:skyattack",
    "tm:sleeptalk",
    "tm:snarl",
    "tm:stealthrock",
    "tm:stoneedge",
    "tm:substitute",
    "tm:suckerpunch",
    "tm:sunnyday",
    "tm:tailwind",
    "tm:takedown",
    "tm:taunt",
    "tm:terablast",
    "tm:thief",
    "tm:torment",
    "tm:uturn",
    "tutor:aerialace",
    "tutor:aircutter",
    "tutor:darkpulse",
    "tutor:drillrun",
    "tutor:dualwingbeat",
    "tutor:endeavor",
    "tutor:foulplay",
    "tutor:gigaimpact",
    "tutor:heatwave",
    "tutor:hyperbeam",
    "tutor:hypervoice",
    "tutor:icywind",
    "tutor:knockoff",
    "tutor:lashout",
    "tutor:rest",
    "tutor:rockslide",
    "tutor:roost",
    "tutor:skyattack",
    "tutor:sleeptalk",
    "tutor:snarl",
    "tutor:stealthrock",
    "tutor:stoneedge",
    "tutor:suckerpunch",
    "tutor:tailwind"
  ],
  "evolutions": []
}