{
  "nationalPokedexNumber": 946,
  "name": "Bramblin",
  "primaryType": "grass",
  "secondaryType": "ghost",
  "maleRatio": 0.5,
  "height": 6,
  "weight": 6,
  "pokedex": [
    "cobblemon.species.bramblin.desc"
  ],
  "labels": [
    "gen9"
  ],
  "aspects": [],
  "abilities": [
    "windrider",
    "h:infiltrator"
  ],
  "eggGroups": [
    "grass"
  ],
  "baseStats": {
    "hp": 40,
    "attack": 65,
    "defence": 30,
    "special_attack": 45,
    "special_defence": 35,
    "speed": 60
  },
  "evYield": {
    "hp": 0,
    "attack": 1,
    "defence": 0,
    "special_attack": 0,
    "special_defence": 0,
    "speed": 0
  },
  "baseExperienceYield": 55,
  "experienceGroup": "medium_fast",
  "catchRate": 190,
  "eggCycles": 20,
  "baseFriendship": 50,
  "drops": {
    "amount": 3,
    "entries": [
      {
        "item": "minecraft:dead_bush",
        "quantityRange": "0-1"
      },
      {
        "item": "minecraft:stick",
        "quantityRange": "0-1"
      },
      {
        "item": "cobblemon:kasib_berry",
        "percentage": 2.5
      }
    ]
  },
  "moves": [
    "1:defensecurl",
    "1:rollout",
    "1:astonish",
    "5:absorb",
    "9:rapidspin",
    "13:bulletseed",
    "17:infestation",
    "21:hex",
    "25:megadrain",
    "29:disable",
    "35:phantomforce",
    "40:gigadrain",
    "45:curse",
    "50:painsplit",
    "55:powerwhip",
    "egg:beatup",
    "egg:block",
    "egg:leechseed",
    "egg:shadowsneak",
    "egg:strengthsap",
    "tm:beatup",
    "tm:block",
    "tm:bulletseed",
    "tm:confuseray",
    "tm:curse",
    "tm:endure",
    "tm:energyball",
    "tm:facade",
    "tm:gigadrain",
    "tm:grassknot",
    "tm:grassyglide",
    "tm:grassyterrain",
    "tm:hex",
    "tm:infestation",
    "tm:leafstorm",
    "tm:nightshade",
    "tm:painsplit",
    "tm:phantomforce",
    "tm:poltergeist",
    "tm:pounce",
    "tm:powerwhip",
    "tm:protect",
    "tm:rest",
    "tm:rollout",
    "tm:scaryface",
    "tm:seedbomb",
    "tm:shadowball",
    "tm:sleeptalk",
    "tm:solarbeam",
    "tm:spikes",
    "tm:spite",
    "tm:substitute",
    "tm:terablast",
    "tm:thief",
    "tm:trailblaze",
    "tutor:block",
    "tutor:energyball",
    "tutor:gigadrain",
    "tutor:grassyglide",
    "tutor:painsplit",
    "tutor:poltergeist",
    "tutor:rest",
    "tutor:rollout",
    "tutor:seedbomb",
    "tutor:shadowball",
    "tutor:sleeptalk",
    "tutor:spikes",
    "tutor:spite"
  ],
  "evolutions": [
    {
      "id": "bramblin_brambleghast",
      "variant": "level_up",
      "result": "brambleghast",
      "consumeHeldItem": false,
      "learnableMoves": [],
      "requirements": [
        {
          "variant": "blocks_traveled",
          "amount": 1000
        }
      ]
    }
  ]
}