{
	"name": "groudon",
	"offsets": {
		"DEFAULT": {
			"x": 0.0,
			"y": 7,
			"z": 2.6
		},
		"WALKING": {
			"x": 0.0,
			"y": -1.8,
			"z": 2.9
		}
	},
	"additionalSeats": [
   {
		"DEFAULT": {
			"x": 0.0,
			"y": 6.5,
			"z": 1.9
		},
		"WALKING": {
			"x": 0.0,
			"y": -1.6,
			"z": 2.2
		}
  }
],
	"baseSpeedModifier": 1.0,
	"landSpeedModifier": 0.8,
	"waterSpeedModifier": 0.2,
	"forms": [
		{
		"name": "primal",
		"DEFAULT": {
			"x": 0.0,
			"y": 7,
			"z": 2.6
		},
		"WALKING": {
			"x": 0.0,
			"y": -1.8,
			"z": 2.9
		},
			"baseSpeedModifier": 1.0,
			"landSpeedModifier": 0.8,
			"waterSpeedModifier": 0.1
		}
	]
}
