{
	"name": "Kyogre",
	"offsets": {
		"DEFAULT": {
			"x": 0.0,
			"y": 1.2,
			"z": 2.5
		}
	},
	"additionalSeats": [
    {
		"DEFAULT": {
			"x": 0.0,
			"y": 1.2,
			"z": 1.3
		}
    },
	{
		"DEFAULT": {
			"x": 0.0,
			"y": 1.2,
			"z": 0.6
		}
    },
    {
		"DEFAULT": {
			"x": 0.0,
			"y": 1.2,
			"z": 0
		}
    }
],
	"baseSpeedModifier": 1.0,
	"landSpeedModifier": 0.3,
	"waterSpeedModifier": 1.2,
	"forms": [
		{
			"name": "primal",
			"DEFAULT": {
				"x": 0.0,
				"y": 1.2,
				"z": 2.0
			},
	"additionalSeats": [
    {
		"DEFAULT": {
			"x": 0.0,
			"y": 1.2,
			"z": 1.3
		}
    },
	{
		"DEFAULT": {
			"x": 0.0,
			"y": 1.2,
			"z": 0.6
		}
    },
    {
		"DEFAULT": {
			"x": 0.0,
			"y": 1.2,
			"z": 0
		}
    }
],
			"baseSpeedModifier": 1.0,
			"landSpeedModifier": 0.5,
			"waterSpeedModifier": 1.5
		}
	]
}
