{
	"name": "rayquaza",
	"enabled": true,
	"offsets": {
		"DEFAULT": {
			"x": 0.0,
			"y": 1.2,
			"z": 0.8
		},
		"FLYING": {
			"x": 0,
			"y": -1.0,
			"z": 0.6
		  }
	},
	"baseSpeedModifier": 1.0,
	"landSpeedModifier": 1.0,
	"waterSpeedModifier": 1.0,
	"forms": [
		{
			"name": "Mega",
			"enabled": true,
			"offsets": {
				"DEFAULT": {
					"x": 0.0,
					"y": 1,
					"z": 0.5
				},
				"FLYING": {
					"x": 0,
					"y": 1.0,
					"z": 1.0
				  }
			},
			"baseSpeedModifier": 1.0,
			"landSpeedModifier": 1.0,
			"waterSpeedModifier": 1.0,
			"airSpeedModifier":1.4
		}
	]
}
