{
  "name": "Wailord",
  "offsets": {
    "DEFAULT": {
      "x": 0,
      "y": 0.7,
      "z": 4
    }
  },
  "additionalSeats": [
    {
      "DEFAULT": {
        "x": -1,
        "y": 0.7,
        "z": 3
      }
    },
    {
      "DEFAULT": {
        "x": 1,
        "y": 0.7,
        "z": 3
      }
    },
    {
      "DEFAULT": {
        "x": -1,
        "y": 0.7,
        "z": 2
      }
    },
    {
      "DEFAULT": {
        "x": 1,
        "y": 0.7,
        "z": 2
      }
    },
    {
      "DEFAULT": {
        "x": -1,
        "y": 0.7,
        "z": 1
      }
    },
    {
      "DEFAULT": {
        "x": 1,
        "y": 0.7,
        "z": 1
      }
    },
    {
      "DEFAULT": {
        "x": -1,
        "y": 0.7,
        "z": 0
      }
    },
    {
      "DEFAULT": {
        "x": 1,
        "y": 0.7,
        "z": 0
      }
    },
    {
      "DEFAULT": {
        "x": -1,
        "y": 0.7,
        "z": -1
      }
    },
    {
      "DEFAULT": {
        "x": 1,
        "y": 0.7,
        "z": -1
      }
    },
    {
      "DEFAULT": {
        "x": -1,
        "y": 0.7,
        "z": -2
      }
    },
    {
      "DEFAULT": {
        "x": 1,
        "y": 0.7,
        "z": -2
      }
    },
    {
      "DEFAULT": {
        "x": -1,
        "y": 0.7,
        "z": -3
      }
    },
    {
      "DEFAULT": {
        "x": 1,
        "y": 0.7,
        "z": -3
      }
    }
  ],
  "baseSpeedModifier": 0.5,
  "landSpeedModifier": 0.25,
  "waterSpeedModifier": 1.0,
  "airSpeedModifier": 1.0,
  "forms": []
}