{
  "species": "cobblemon:ironmoth",
  "order": 0,
  "variations": [
    {
      "aspects": [],
      "poser": "cobblemon:ironmoth",
      "model": "cobblemon:ironmoth.geo",
      "texture": "cobblemon:textures/pokemon/ironmoth/ironmoth.png",
      "layers": [
        {
              "name": "emissive",
              "emissive": true,
              "texture": "cobblemon:textures/pokemon/ironmoth/ironmoth_emissive.png",
              "translucent": false
        }
      ]
    },
    {
      "aspects": [
        "shiny"
      ],
      "texture": "cobblemon:textures/pokemon/ironmoth/ironmoth_shiny.png",
      "layers": [
        {
              "name": "emissive",
              "emissive": true,
              "texture": "cobblemon:textures/pokemon/ironmoth/ironmoth_emissive.png",
              "translucent": false
        }
      ]
    }
  ]
}