{
  "implemented": true,
  "nationalPokedexNumber": 420,
  "name": "Cherubi",
  "primaryType": "grass",
  "maleRatio": 0.5,
  "height": 4,
  "weight": 33,
  "pokedex": [
    "cobblemon.species.cherubi.desc"
  ],
  "labels": [
    "gen4"
  ],
  "aspects": [],
  "abilities": [
    "chlorophyll",
    "h:chlorophyll"
  ],
  "eggGroups": [
    "fairy",
    "grass"
  ],
  "baseStats": {
    "hp": 45,
    "attack": 35,
    "defence": 45,
    "special_attack": 62,
    "special_defence": 53,
    "speed": 35
  },
  "evYield": {
    "hp": 0,
    "attack": 0,
    "defence": 0,
    "special_attack": 1,
    "special_defence": 0,
    "speed": 0
  },
  "baseExperienceYield": 55,
  "experienceGroup": "medium_fast",
  "catchRate": 190,
  "eggCycles": 20,
  "baseFriendship": 50,
  "baseScale": 1,
  "hitbox": {
    "width": 1,
    "height": 1,
    "fixed": false
  },
  "drops": {
    "amount": 2,
    "entries": [
      {
        "item": "cobblemon:miracle_seed",
        "percentage": 2.5
      },
      {
        "item": "cobblemon:cheri_berry",
        "percentage": 2.5
      }
    ]
  },
  "moves": [
    "1:tackle",
    "1:morningsun",
    "5:leafage",
    "10:growth",
    "15:helpinghand",
    "20:magicalleaf",
    "26:leechseed",
    "30:takedown",
    "35:petalblizzard",
    "40:luckychant",
    "45:solarbeam",
    "egg:aromatherapy",
    "egg:defensecurl",
    "egg:flowershield",
    "egg:grasswhistle",
    "egg:healingwish",
    "egg:healpulse",
    "egg:naturalgift",
    "egg:naturepower",
    "egg:razorleaf",
    "egg:rollout",
    "egg:sweetscent",
    "egg:tickle",
    "tm:bulletseed",
    "tm:dazzlinggleam",
    "tm:drainingkiss",
    "tm:endure",
    "tm:energyball",
    "tm:facade",
    "tm:flash",
    "tm:gigadrain",
    "tm:grassknot",
    "tm:grassyglide",
    "tm:grassyterrain",
    "tm:helpinghand",
    "tm:magicalleaf",
    "tm:naturalgift",
    "tm:naturepower",
    "tm:petalblizzard",
    "tm:pollenpuff",
    "tm:protect",
    "tm:rest",
    "tm:rollout",
    "tm:safeguard",
    "tm:seedbomb",
    "tm:sleeptalk",
    "tm:solarbeam",
    "tm:substitute",
    "tm:sunnyday",
    "tm:swordsdance",
    "tm:synthesis",
    "tm:takedown",
    "tm:terablast",
    "tm:weatherball",
    "tm:worryseed",
    "tutor:dazzlinggleam",
    "tutor:energyball",
    "tutor:gigadrain",
    "tutor:grassyglide",
    "tutor:helpinghand",
    "tutor:magicalleaf",
    "tutor:rest",
    "tutor:rollout",
    "tutor:seedbomb",
    "tutor:sleeptalk",
    "tutor:synthesis",
    "tutor:worryseed"
  ],
  "evolutions": [
    {
      "id": "cherubi_cherrim",
      "variant": "level_up",
      "result": "cherrim blossom_form=overcast",
      "consumeHeldItem": false,
      "learnableMoves": [
        "petaldance",
        "sunnyday"
      ],
      "requirements": [
        {
          "variant": "level",
          "minLevel": 25
        }
      ]
    }
  ]
}