{
	"format_version": "1.12.0",
	"minecraft:geometry": [
		{
			"description": {
				"identifier": "geometry.meloetta_aria",
				"texture_width": 64,
				"texture_height": 64,
				"visible_bounds_width": 3,
				"visible_bounds_height": 3.5,
				"visible_bounds_offset": [0, 1.25, 0]
			},
			"bones": [
				{
					"name": "meloetta",
					"pivot": [0, 0, 0]
				},
				{
					"name": "locator_root",
					"parent": "meloetta",
					"pivot": [0, 0, 0],
					"locators": {
						"root": [0, 0, 0]
					}
				},
				{
					"name": "locator_top",
					"parent": "meloetta",
					"pivot": [0, 26.8, 0],
					"locators": {
						"top": [0, 27.8, 0]
					}
				},
				{
					"name": "body",
					"parent": "meloetta",
					"pivot": [0, 11.8, 0]
				},
				{
					"name": "locator_target",
					"parent": "body",
					"pivot": [0, 4.8, 0],
					"locators": {
						"target": [0, 14.8, -7]
					}
				},
				{
					"name": "locator_middle",
					"parent": "body",
					"pivot": [0, 4.8, 0],
					"locators": {
						"middle": [0, 13.8, 0]
					}
				},
				{
					"name": "torso",
					"parent": "body",
					"pivot": [0, 9.5, 0],
					"cubes": [
						{"origin": [-0.5, 15.8, -0.5], "size": [1, 2, 1], "uv": [15, 18]},
						{"origin": [-1, 12.3, -1], "size": [2, 4, 2], "uv": [19, 18]},
						{"origin": [-2, 8.3, -1.5], "size": [4, 4, 3], "uv": [13, 24]}
					]
				},
				{
					"name": "dress",
					"parent": "torso",
					"pivot": [0, 12, 0],
					"cubes": [
						{"origin": [-2, 4.3, -1.5], "size": [4, 8, 3], "inflate": 0.11, "uv": [13, 31]}
					]
				},
				{
					"name": "dress_tip",
					"parent": "dress",
					"pivot": [2.1, 4.3, 0.5],
					"rotation": [0, 0, 65],
					"cubes": [
						{"origin": [2.1, 4.3, -0.5], "size": [2, 0, 2], "uv": [10, 25]}
					]
				},
				{
					"name": "head",
					"parent": "torso",
					"pivot": [0, 17.8, 0]
				},
				{
					"name": "head_ai",
					"parent": "head",
					"pivot": [0, 17.8, 0]
				},
				{
					"name": "head_angle",
					"parent": "head_ai",
					"pivot": [0, 17.8, 0],
					"cubes": [
						{"origin": [-6.5, 19.8, -1.5], "size": [2, 5, 3], "uv": [0, 19]},
						{"origin": [-4.5, 17.8, -4.5], "size": [9, 9, 9], "uv": [0, 0]},
						{"origin": [-4.5, 23.8, -4.5], "size": [9, 1, 1], "inflate": 0.01, "uv": [0, 43]},
						{"origin": [-0.5, 23.3, -4.5], "size": [1, 2, 1], "inflate": 0.02, "uv": [28, 4]}
					]
				},
				{
					"name": "eyes",
					"parent": "head_angle",
					"pivot": [0, 4.4, 0]
				},
				{
					"name": "eye_left",
					"parent": "eyes",
					"pivot": [2.5, 20.9, -4.5],
					"rotation": [0, 0, -4],
					"cubes": [
						{"origin": [2.1, 20.4, -4.502], "size": [2, 2, 1], "uv": [33, 4]},
						{"origin": [1.5, 20.4, -4.502], "size": [2, 2, 1], "uv": [33, 4]},
						{"origin": [1.5, 21.9, -4.501], "size": [3, 1, 0], "uv": [28, 2]}
					]
				},
				{
					"name": "pupil_left",
					"parent": "eye_left",
					"pivot": [2.5, 20.9, -4],
					"cubes": [
						{"origin": [1.5, 19.4, -4.503], "size": [2, 3, 0], "uv": [4, 2]},
						{"origin": [2, 19.9, -4.504], "size": [1, 2, 0], "uv": [40, 1]}
					]
				},
				{
					"name": "eye_shine_left",
					"parent": "pupil_left",
					"pivot": [2, 21.6, -4.005],
					"cubes": [
						{"origin": [1.5, 21.1, -4.505], "size": [1, 1, 1], "uv": [40, 4]}
					]
				},
				{
					"name": "locator_eye_left",
					"parent": "eye_left",
					"pivot": [5, 43.2, -9],
					"locators": {
						"eye2": [2.5, 21.1, -4.5]
					}
				},
				{
					"name": "eye_right",
					"parent": "eyes",
					"pivot": [-2.5, 20.9, -4.5],
					"rotation": [0, 0, 4],
					"cubes": [
						{"origin": [-4.1, 20.4, -4.502], "size": [2, 2, 1], "uv": [33, 4], "mirror": true},
						{"origin": [-3.5, 20.4, -4.502], "size": [2, 2, 1], "uv": [33, 4], "mirror": true},
						{"origin": [-4.5, 21.9, -4.501], "size": [3, 1, 0], "uv": [28, 1]}
					]
				},
				{
					"name": "pupil_right",
					"parent": "eye_right",
					"pivot": [-2.5, 20.9, -4],
					"cubes": [
						{"origin": [-3.5, 19.4, -4.503], "size": [2, 3, 0], "uv": [4, 5]},
						{"origin": [-3, 19.9, -4.504], "size": [1, 2, 0], "uv": [42, 1]}
					]
				},
				{
					"name": "eye_shine_right",
					"parent": "pupil_right",
					"pivot": [-3, 21.6, -4.005],
					"cubes": [
						{"origin": [-3.5, 21.1, -4.505], "size": [1, 1, 1], "uv": [40, 6]}
					]
				},
				{
					"name": "locator_eye_right",
					"parent": "eye_right",
					"pivot": [-5, 43.2, -9],
					"locators": {
						"eye1": [-2.5, 21.1, -4.5]
					}
				},
				{
					"name": "eyelid_left",
					"parent": "eyes",
					"pivot": [2.5, 20.9, -3.5],
					"rotation": [0, 0, -4],
					"cubes": [
						{"origin": [1.3, 19.4, -3.501], "size": [3, 1, 0], "uv": [37, 12]}
					]
				},
				{
					"name": "eyelid_right",
					"parent": "eyes",
					"pivot": [-2.5, 20.9, -3.5],
					"rotation": [0, 0, 4],
					"cubes": [
						{"origin": [-4.3, 19.4, -3.501], "size": [3, 1, 0], "uv": [37, 13]}
					]
				},
				{
					"name": "mouth",
					"parent": "head_angle",
					"pivot": [0, 4.8, 0]
				},
				{
					"name": "mouth_closed",
					"parent": "mouth",
					"pivot": [0, 18.8, -4.501],
					"cubes": [
						{"origin": [-0.5, 18.3, -4.501], "size": [1, 1, 0], "uv": [37, 1]}
					]
				},
				{
					"name": "mouth_open_happy",
					"parent": "mouth",
					"pivot": [0, 18.75, -3.5015],
					"cubes": [
						{"origin": [-1, 18.5, -3.501], "size": [2, 1, 0], "uv": [35, 2]},
						{"origin": [-0.5, 18, -3.502], "size": [1, 1, 0], "uv": [35, 1]}
					]
				},
				{
					"name": "mouth_open",
					"parent": "mouth",
					"pivot": [0, 19, -3.5],
					"cubes": [
						{"origin": [-0.5, 18.6, -3.501], "size": [1, 1, 0], "uv": [37, 9]},
						{"origin": [-0.5, 18.3, -3.502], "size": [1, 1, 0], "uv": [37, 10]}
					]
				},
				{
					"name": "locator_mouth",
					"parent": "mouth",
					"pivot": [0, 23.6, -4.5],
					"locators": {
						"mouth": [0, 18.8, -4.5]
					}
				},
				{
					"name": "hair",
					"parent": "head_angle",
					"pivot": [4.5, 26.8, 0],
					"rotation": [0, 0, -2.5],
					"cubes": [
						{"origin": [4.5, 19.8, -4.5], "size": [0, 7, 9], "uv": [28, 10]}
					]
				},
				{
					"name": "hair2",
					"parent": "hair",
					"pivot": [4.5, 19.8, 0],
					"cubes": [
						{"origin": [4.5, 12.8, -4.5], "size": [0, 7, 9], "uv": [28, 17]}
					]
				},
				{
					"name": "hair3",
					"parent": "hair2",
					"pivot": [4.5, 12.8, 0],
					"cubes": [
						{"origin": [4.5, 5.8, -4.5], "size": [0, 7, 9], "uv": [46, 10]}
					]
				},
				{
					"name": "hair4",
					"parent": "hair3",
					"pivot": [4.5, 5.8, 0],
					"cubes": [
						{"origin": [4.5, -1.2, -4.5], "size": [0, 7, 9], "uv": [46, 17]}
					]
				},
				{
					"name": "microphone",
					"parent": "head_angle",
					"pivot": [-4.5, 19.8, 0.5],
					"cubes": [
						{"origin": [-5, 16.8, -0.5], "size": [1, 3, 1], "uv": [0, 33]}
					]
				},
				{
					"name": "microphone2",
					"parent": "microphone",
					"pivot": [-4.5, 16.8, 0.5],
					"cubes": [
						{"origin": [-5, 13.8, -0.5], "size": [1, 3, 1], "inflate": -0.001, "uv": [4, 33]}
					]
				},
				{
					"name": "microphone3",
					"parent": "microphone2",
					"pivot": [-4.5, 13.8, 0.5],
					"cubes": [
						{"origin": [-5.5, 11.8, -1.5], "size": [2, 2, 2], "uv": [0, 37]}
					]
				},
				{
					"name": "hair_tails",
					"parent": "head_angle",
					"pivot": [-0.3, 17.8, 0]
				},
				{
					"name": "tail_front",
					"parent": "hair_tails",
					"pivot": [-5.3, 24.8, -1],
					"rotation": [23, 0, 0],
					"cubes": [
						{"origin": [-5.3, 24.3, -1.5], "size": [0, 3, 1], "uv": [10, 18]},
						{"origin": [-5.3, 29.2, -1.5], "size": [0, 1, 1], "uv": [10, 21]},
						{"origin": [-5.8, 25.5, -2], "size": [1, 4, 2], "uv": [0, 27]}
					]
				},
				{
					"name": "tail_back",
					"parent": "hair_tails",
					"pivot": [-5.3, 24.8, 1],
					"rotation": [-19, 0, 0],
					"cubes": [
						{"origin": [-5.3, 24.3, 0.5], "size": [0, 3, 1], "uv": [12, 18]},
						{"origin": [-5.3, 29.2, 0.5], "size": [0, 1, 1], "uv": [12, 21]},
						{"origin": [-5.8, 25.5, 0], "size": [1, 4, 2], "uv": [6, 27]}
					]
				},
				{
					"name": "locator_head",
					"parent": "head_angle",
					"pivot": [0, 17.8, 0],
					"locators": {
						"head": [0, 26.8, 0],
						"item_head": [0, 26.8, 0]
					}
				},
				{
					"name": "locator_face",
					"parent": "head_angle",
					"pivot": [0, 17.8, 0],
					"locators": {
						"face": [0, 20.8, -4.5],
						"item_face": [0, 20.8, -4.5]
					}
				},
				{
					"name": "arms",
					"parent": "torso",
					"pivot": [0, 4.8, 0]
				},
				{
					"name": "arm_right",
					"parent": "arms",
					"pivot": [-1, 16.3, 0],
					"cubes": [
						{"origin": [-4, 15.3, -0.5], "size": [3, 1, 1], "uv": [28, 36]}
					]
				},
				{
					"name": "arm_right2",
					"parent": "arm_right",
					"pivot": [-4, 16.3, 0],
					"cubes": [
						{"origin": [-7, 15.3, -0.5], "size": [3, 1, 1], "uv": [36, 36]}
					]
				},
				{
					"name": "hand_right",
					"parent": "arm_right2",
					"pivot": [-6.5, 16.6, 0],
					"cubes": [
						{"origin": [-10.5, 14.6, -1], "size": [4, 2, 2], "uv": [28, 38]}
					]
				},
				{
					"name": "locator_hand_primary",
					"parent": "hand_right",
					"pivot": [-16, 31.1, 0],
					"locators": {
						"hand_primary": [-9.5, 14.8, 0],
						"item": [-9.5, 14.8, 0]
					}
				},
				{
					"name": "arm_left",
					"parent": "arms",
					"pivot": [1, 16.3, 0],
					"cubes": [
						{"origin": [1, 15.3, -0.5], "size": [3, 1, 1], "uv": [28, 34]}
					]
				},
				{
					"name": "arm_left2",
					"parent": "arm_left",
					"pivot": [4, 16.3, 0],
					"cubes": [
						{"origin": [4, 15.3, -0.5], "size": [3, 1, 1], "uv": [36, 34]}
					]
				},
				{
					"name": "hand_left",
					"parent": "arm_left2",
					"pivot": [6.5, 16.6, 0],
					"cubes": [
						{"origin": [6.5, 14.6, -1], "size": [4, 2, 2], "uv": [40, 38]}
					]
				},
				{
					"name": "locator_hand_secondary",
					"parent": "hand_left",
					"pivot": [16, 31.1, 0],
					"locators": {
						"hand_secondary": [9.5, 14.8, 0]
					}
				},
				{
					"name": "legs",
					"parent": "body",
					"pivot": [0, 4.8, 0]
				},
				{
					"name": "leg_right",
					"parent": "legs",
					"pivot": [-1.1, 11.3, 0],
					"cubes": [
						{"origin": [-2.1, 5.3, -1], "size": [2, 6, 2], "uv": [47, 9]}
					]
				},
				{
					"name": "foot_right",
					"parent": "leg_right",
					"pivot": [-1.1, 5.4, -0.8],
					"cubes": [
						{"origin": [-2.1, -0.2, -1], "size": [2, 6, 2], "inflate": -0.2, "uv": [55, 9]}
					]
				},
				{
					"name": "locator_foot_primary",
					"parent": "foot_right",
					"pivot": [-1.1, 5.4, -0.8],
					"locators": {
						"foot_primary": [-1, 0.5, 0]
					}
				},
				{
					"name": "leg_left",
					"parent": "legs",
					"pivot": [1.1, 11.3, 0],
					"cubes": [
						{"origin": [0.1, 5.3, -1], "size": [2, 6, 2], "uv": [47, 1]}
					]
				},
				{
					"name": "foot_left",
					"parent": "leg_left",
					"pivot": [1.1, 5.4, -0.8],
					"cubes": [
						{"origin": [0.1, -0.2, -1], "size": [2, 6, 2], "inflate": -0.2, "uv": [55, 1]}
					]
				},
				{
					"name": "locator_foot_secondary",
					"parent": "foot_left",
					"pivot": [2.1, 5.4, -0.8],
					"locators": {
						"foot_secondary": [1, 0.5, 0]
					}
				}
			]
		}
	]
}