{
  "type": "minecraft:jigsaw",
  "start_pool": "nestgmax:nextgmax",
  "size": 1,
  "max_distance_from_center": 64,
  "spawn_overrides": {},
  "step": "surface_structures",
  "terrain_adaptation": "beard_thin",
  "start_height": {
    "absolute": 0
  },
  "project_start_to_heightmap": "WORLD_SURFACE_WG",
  "biomes": [
    "minecraft:badlands",
    "minecraft:bamboo_jungle",
    "minecraft:beach",
    "minecraft:crimson_forest",
    "minecraft:dark_forest",
    "minecraft:desert",
    "minecraft:flower_forest",
    "minecraft:forest",
    "minecraft:frozen_ocean",
    "minecraft:frozen_river",
    "minecraft:jungle",
    "minecraft:mangrove_swamp",
    "minecraft:plains",
    "minecraft:river",
    "minecraft:savanna",
    "minecraft:sparse_jungle",
    "minecraft:sunflower_plains",
    "minecraft:swamp"
  ],
  "use_expansion_hack": false
}