{
  "portraitScale": 0.83,
  "portraitTranslation": [0.079, 0.971, 0],
  "profileScale": 0.4,
  "profileTranslation": [0.02, 1.13, 0],
  "animations": {
      "cry": "q.bedrock_stateful('victini', 'cry')",
      "faint": "q.bedrock_primary('victini', 'faint', q.curve('one'))",
      "recoil": "q.bedrock_stateful('victini', 'recoil')",
      "physical": "q.bedrock_primary('victini', 'physical')",
      "special": "q.bedrock_primary('victini', 'special')",
      "status": "q.bedrock_primary('victini', 'status', q.curve('symmetrical_wide'))"
},
  "poses": {
      "battle-standing": {
      "poseTypes": ["STAND", "WALK"],
      "isBattle": true,
      "animations": [
                "q.look('head')",
		"q.bedrock('victini', 'battle_idle')"
      ],
      "quirks": [
        "q.bedrock_quirk('victini', 'blink')"
      ]
    },
    "standing": {
      "poseTypes": ["STAND", "NONE", "PORTRAIT", "PROFILE"],
      "isBattle": false,
      "animations": [
      		"q.look('head')",
		"q.bedrock('victini', 'ground_idle')"
      ],
      "quirks": [
        "q.bedrock_quirk('victini', 'blink')"
      ]
    },
    "walking": {
      "poseTypes": ["WALK"],
      "animations": [
      	"q.look('head')",
        "q.bedrock('victini', 'ground_walk')"
      ]
    },
    "sleeping": {
     "poseTypes": ["SLEEP"],
     "animations": ["q.bedrock('victini', 'sleep')"]
   }
  }
}
