{
	"credit": "Made with Blockbench",
	"texture_size": [64, 64],
	"textures": {
		"0": "pokeflute:item/camera",
		"particle": "pokeflute:item/camera"
	},
	"elements": [
		{
			"from": [6, 7, 7],
			"to": [10, 9, 10],
			"faces": {
				"north": {"uv": [6.25, 5.25, 7.25, 5.75], "texture": "#0"},
				"east": {"uv": [3.5, 6.5, 4.25, 7], "texture": "#0"},
				"south": {"uv": [6.25, 6, 7.25, 6.5], "texture": "#0"},
				"west": {"uv": [6.25, 6.75, 7, 7.25], "texture": "#0"},
				"up": {"uv": [5.75, 5, 4.75, 4.25], "texture": "#0"},
				"down": {"uv": [3.75, 5, 2.75, 5.75], "texture": "#0"}
			}
		},
		{
			"from": [11, 7, 7],
			"to": [13, 8, 10],
			"faces": {
				"north": {"uv": [7.75, 1, 8.25, 1.25], "texture": "#0"},
				"east": {"uv": [7.25, 4.25, 8, 4.5], "texture": "#0"},
				"south": {"uv": [1.25, 7.75, 1.75, 8], "texture": "#0"},
				"west": {"uv": [7.25, 4.75, 8, 5], "texture": "#0"},
				"up": {"uv": [0.5, 7.75, 0, 7], "texture": "#0"},
				"down": {"uv": [7.5, 2.75, 7, 3.5], "texture": "#0"}
			}
		},
		{
			"from": [2, 0, 6],
			"to": [14, 7, 11],
			"faces": {
				"north": {"uv": [0, 0, 3, 1.75], "texture": "#0"},
				"east": {"uv": [3.25, 3, 4.5, 4.75], "texture": "#0"},
				"south": {"uv": [0, 2, 3, 3.75], "texture": "#0"},
				"west": {"uv": [0, 4, 1.25, 5.75], "texture": "#0"},
				"up": {"uv": [6.25, 1.25, 3.25, 0], "texture": "#0"},
				"down": {"uv": [6.25, 1.5, 3.25, 2.75], "texture": "#0"}
			}
		},
		{
			"from": [6, 1, 4],
			"to": [10, 5, 6],
			"faces": {
				"north": {"uv": [1.5, 4, 2.5, 5], "texture": "#0"},
				"east": {"uv": [6.5, 0, 7, 1], "texture": "#0"},
				"south": {"uv": [4.75, 3, 5.75, 4], "texture": "#0"},
				"west": {"uv": [1.25, 6.5, 1.75, 7.5], "texture": "#0"},
				"up": {"uv": [7.5, 1.75, 6.5, 1.25], "texture": "#0"},
				"down": {"uv": [7.5, 2, 6.5, 2.5], "texture": "#0"}
			}
		},
		{
			"from": [5, 1, 3],
			"to": [6, 5, 6],
			"faces": {
				"north": {"uv": [2, 6.5, 2.25, 7.5], "texture": "#0"},
				"east": {"uv": [1.5, 5.25, 2.25, 6.25], "texture": "#0"},
				"south": {"uv": [4.5, 6.5, 4.75, 7.5], "texture": "#0"},
				"west": {"uv": [4, 5.25, 4.75, 6.25], "texture": "#0"},
				"up": {"uv": [3, 4.75, 2.75, 4], "texture": "#0"},
				"down": {"uv": [5.25, 7.25, 5, 8], "texture": "#0"}
			}
		},
		{
			"from": [6, 5, 3],
			"to": [10, 6, 6],
			"faces": {
				"north": {"uv": [7, 3.75, 8, 4], "texture": "#0"},
				"east": {"uv": [7.25, 6.75, 8, 7], "texture": "#0"},
				"south": {"uv": [7.25, 0, 8.25, 0.25], "texture": "#0"},
				"west": {"uv": [7.25, 7.25, 8, 7.5], "texture": "#0"},
				"up": {"uv": [6, 6, 5, 5.25], "texture": "#0"},
				"down": {"uv": [1, 6, 0, 6.75], "texture": "#0"}
			}
		},
		{
			"from": [10, 1, 3],
			"to": [11, 5, 6],
			"faces": {
				"north": {"uv": [0.75, 7, 1, 8], "texture": "#0"},
				"east": {"uv": [2.5, 6, 3.25, 7], "texture": "#0"},
				"south": {"uv": [2.5, 7.25, 2.75, 8.25], "texture": "#0"},
				"west": {"uv": [6, 3, 6.75, 4], "texture": "#0"},
				"up": {"uv": [5.75, 8, 5.5, 7.25], "texture": "#0"},
				"down": {"uv": [7.75, 5.25, 7.5, 6], "texture": "#0"}
			}
		},
		{
			"from": [6, 0, 3],
			"to": [10, 1, 6],
			"faces": {
				"north": {"uv": [7.25, 0.5, 8.25, 0.75], "texture": "#0"},
				"east": {"uv": [6, 7.5, 6.75, 7.75], "texture": "#0"},
				"south": {"uv": [3, 7.25, 4, 7.5], "texture": "#0"},
				"west": {"uv": [7.5, 6.25, 8.25, 6.5], "texture": "#0"},
				"up": {"uv": [7, 5, 6, 4.25], "texture": "#0"},
				"down": {"uv": [6, 6.25, 5, 7], "texture": "#0"}
			}
		}
	],
	"gui_light": "front",
	"display": {
		"thirdperson_righthand": {
			"translation": [-3.25, 2.5, -0.25],
			"scale": [0.69, 0.69, 0.69]
		},
		"thirdperson_lefthand": {
			"translation": [-3.25, 2.5, 0.25],
			"scale": [0.69, 0.69, 0.69]
		},
		"firstperson_righthand": {
			"translation": [0, 5.5, 0],
			"scale": [0.69, 0.69, 0.69]
		},
		"firstperson_lefthand": {
			"translation": [0.75, 5.25, 0],
			"scale": [0.69, 0.69, 0.69]
		},
		"ground": {
			"translation": [0, 2, 0],
			"scale": [0.69, 0.69, 0.69]
		},
		"gui": {
			"rotation": [30, 225, 0],
			"translation": [0.5, 4.5, 0],
			"scale": [1.1, 1.1, 1.1]
		},
		"head": {
			"translation": [0, 3.25, -10.75]
		},
		"fixed": {
			"translation": [0, 4.25, 0],
			"scale": [1.1, 1.1, 1.1]
		}
	},
	"groups": [
		{
			"name": "group",
			"origin": [0, 0, 0],
			"color": 0,
			"children": [0, 1, 2, 3, 4, 5, 6, 7]
		}
	]
}