{
	"format_version": "1.12.0",
	"minecraft:geometry": [
		{
			"description": {
				"identifier": "geometry.unknown",
				"texture_width": 256,
				"texture_height": 256,
				"visible_bounds_width": 11,
				"visible_bounds_height": 5.5,
				"visible_bounds_offset": [0, 2.25, 0]
			},
			"bones": [
				{
					"name": "kyurem",
					"pivot": [0, 0, 0]
				},
				{
					"name": "body",
					"parent": "kyurem",
					"pivot": [0, 30, -5],
					"cubes": [
						{"origin": [-10.5, 19, -15], "size": [21, 24, 25], "uv": [0, 0]}
					]
				},
				{
					"name": "tail",
					"parent": "body",
					"pivot": [0, 40.5, 10],
					"cubes": [
						{"origin": [-2.5, 37.5, 6], "size": [5, 5, 13], "uv": [142, 130]}
					]
				},
				{
					"name": "tail_2",
					"parent": "tail",
					"pivot": [0, 40, 16],
					"cubes": [
						{"origin": [-6.5, 31.5, 16], "size": [13, 14, 7], "uv": [130, 80]},
						{"origin": [-7.5, 30.5, 23], "size": [15, 16, 4], "uv": [0, 142]},
						{"origin": [-1.5, 45.5, 20], "size": [3, 5, 3], "pivot": [0.5, 45.5, 20], "rotation": [-45, 0, 0], "uv": [172, 198]},
						{"origin": [-2, 45.75, 23.75], "size": [4, 3, 6], "pivot": [0.5, 45.5, 20], "rotation": [5, 0, 0], "uv": [184, 176]},
						{"origin": [-1, 46.75, 29.25], "size": [3, 2, 3], "pivot": [0.5, 45.5, 20], "rotation": [5, 0, 0], "uv": [200, 20]},
						{"origin": [-15.5, 31.5, 19], "size": [3, 3, 6], "pivot": [-7.5, 19.5, 43], "rotation": [-5.26308, -22.46976, 0.9353], "uv": [122, 187]},
						{"origin": [-8.77641, 32.99765, 23.92572], "size": [3, 3, 5], "pivot": [-7.5, 34.5, 26], "rotation": [-4.86733, -2.54618, -0.86433], "uv": [130, 101]},
						{"origin": [6, 80.5, 27], "size": [4, 3, 9], "pivot": [15, 54.5, 54], "rotation": [0, 0, -120], "uv": [174, 148]},
						{"origin": [-10, 80.5, 27], "size": [4, 3, 9], "pivot": [-15, 54.5, 54], "rotation": [0, 0, 120], "uv": [0, 175]},
						{"origin": [-2, 43, 27], "size": [4, 3, 9], "uv": [176, 0]},
						{"origin": [-1.5, 43.25, 36], "size": [3, 2, 9], "uv": [112, 176]},
						{"origin": [-8.5, 80.75, 36], "size": [3, 2, 9], "pivot": [-14.5, 54.75, 63], "rotation": [0, 0, 120], "uv": [136, 176]},
						{"origin": [5.5, 80.75, 36], "size": [3, 2, 9], "pivot": [14.5, 54.75, 63], "rotation": [0, 0, -120], "uv": [160, 176]},
						{"origin": [12.5, 31.5, 21], "size": [3, 3, 5], "pivot": [7.5, 19.5, 43], "rotation": [-5.26308, 22.46976, -0.9353], "uv": [76, 197]}
					]
				},
				{
					"name": "leg_left",
					"parent": "body",
					"pivot": [10, 32, -5],
					"cubes": [
						{"origin": [8, 27, -13], "size": [11, 13, 16], "uv": [76, 80]}
					]
				},
				{
					"name": "leg_left2",
					"parent": "leg_left",
					"pivot": [15, 27, -12],
					"cubes": [
						{"origin": [6.75, 21.5, -11.75], "size": [11, 7, 16], "pivot": [0, 0, 0], "rotation": [2.49762, -0.10901, 2.49762], "uv": [92, 0]}
					]
				},
				{
					"name": "leg_left3",
					"parent": "leg_left2",
					"pivot": [15, 21, -9],
					"cubes": [
						{"origin": [12, 14, -12], "size": [6, 10, 13], "inflate": -0.01, "uv": [104, 130]}
					]
				},
				{
					"name": "leg_left4",
					"parent": "leg_left3",
					"pivot": [14, 20, -3],
					"cubes": [
						{"origin": [11, 13, -3], "size": [7, 11, 8], "uv": [146, 0]},
						{"origin": [12, 3, -3], "size": [5, 11, 6], "uv": [54, 91]}
					]
				},
				{
					"name": "feet_left",
					"parent": "leg_left4",
					"pivot": [15, 4, 0],
					"cubes": [
						{"origin": [11, 0, -5], "size": [7, 4, 9], "uv": [146, 114]}
					]
				},
				{
					"name": "leg_left9",
					"parent": "feet_left",
					"pivot": [11.5, 2, -5],
					"cubes": [
						{"origin": [10, 0, -9], "size": [3, 3, 4], "uv": [108, 197]}
					]
				},
				{
					"name": "leg_left10",
					"parent": "leg_left9",
					"pivot": [11.5, 3, -9],
					"cubes": [
						{"origin": [10.5, 0, -12], "size": [2, 3, 3], "uv": [132, 153]},
						{"origin": [10.5, 0, -14], "size": [2, 2, 2], "uv": [68, 204]}
					]
				},
				{
					"name": "leg_left7",
					"parent": "feet_left",
					"pivot": [14.5, 2, -5],
					"cubes": [
						{"origin": [13, 0, -9], "size": [3, 3, 4], "uv": [198, 34]}
					]
				},
				{
					"name": "leg_left8",
					"parent": "leg_left7",
					"pivot": [14.5, 3, -9],
					"cubes": [
						{"origin": [13.5, 0, -12], "size": [2, 3, 3], "uv": [94, 157]},
						{"origin": [13.5, 0, -14], "size": [2, 2, 2], "uv": [108, 204]}
					]
				},
				{
					"name": "leg_left5",
					"parent": "feet_left",
					"pivot": [17.5, 2, -5],
					"cubes": [
						{"origin": [16, 0, -9], "size": [3, 3, 4], "uv": [198, 41]}
					]
				},
				{
					"name": "leg_left6",
					"parent": "leg_left5",
					"pivot": [17.5, 3, -9],
					"cubes": [
						{"origin": [16.5, 0, -12], "size": [2, 3, 3], "uv": [94, 163]},
						{"origin": [16.5, 0, -14], "size": [2, 2, 2], "uv": [156, 204]}
					]
				},
				{
					"name": "leg_right",
					"parent": "body",
					"pivot": [-10, 32, -5],
					"cubes": [
						{"origin": [-19, 27, -13], "size": [11, 13, 16], "uv": [0, 91]}
					]
				},
				{
					"name": "leg_right2",
					"parent": "leg_right",
					"pivot": [-15, 27, -12],
					"cubes": [
						{"origin": [-17.75, 21.5, -11.75], "size": [11, 7, 16], "pivot": [0, 0, 0], "rotation": [2.49762, 0.10901, -2.49762], "uv": [92, 23]}
					]
				},
				{
					"name": "leg_right3",
					"parent": "leg_right2",
					"pivot": [-15, 21, -9],
					"cubes": [
						{"origin": [-18, 14, -12], "size": [6, 10, 13], "inflate": -0.01, "uv": [132, 46]}
					]
				},
				{
					"name": "leg_right4",
					"parent": "leg_right3",
					"pivot": [-14, 20, -3],
					"cubes": [
						{"origin": [-18, 13, -3], "size": [7, 11, 8], "uv": [146, 19]},
						{"origin": [-17, 3, -3], "size": [5, 11, 6], "uv": [90, 170]}
					]
				},
				{
					"name": "feet_right",
					"parent": "leg_right4",
					"pivot": [-15, 4, 0],
					"cubes": [
						{"origin": [-18, 0, -5], "size": [7, 4, 9], "uv": [142, 148]}
					]
				},
				{
					"name": "leg_right9",
					"parent": "feet_right",
					"pivot": [-11.5, 2, -5],
					"cubes": [
						{"origin": [-13, 0, -9], "size": [3, 3, 4], "uv": [198, 48]}
					]
				},
				{
					"name": "leg_right10",
					"parent": "leg_right9",
					"pivot": [-11.5, 3, -9],
					"cubes": [
						{"origin": [-12.5, 0, -12], "size": [2, 3, 3], "uv": [30, 201]},
						{"origin": [-12.5, 0, -14], "size": [2, 2, 2], "uv": [204, 158]}
					]
				},
				{
					"name": "leg_right7",
					"parent": "feet_right",
					"pivot": [-14.5, 2, -5],
					"cubes": [
						{"origin": [-16, 0, -9], "size": [3, 3, 4], "uv": [198, 55]}
					]
				},
				{
					"name": "leg_right8",
					"parent": "leg_right7",
					"pivot": [-14.5, 3, -9],
					"cubes": [
						{"origin": [-15.5, 0, -12], "size": [2, 3, 3], "uv": [202, 0]},
						{"origin": [-15.5, 0, -14], "size": [2, 2, 2], "uv": [204, 162]}
					]
				},
				{
					"name": "leg_right5",
					"parent": "feet_right",
					"pivot": [-17.5, 2, -5],
					"cubes": [
						{"origin": [-19, 0, -9], "size": [3, 3, 4], "uv": [198, 127]}
					]
				},
				{
					"name": "leg_right6",
					"parent": "leg_right5",
					"pivot": [-20.5, 3, -9],
					"cubes": [
						{"origin": [-18.5, 0, -12], "size": [2, 3, 3], "uv": [202, 6]},
						{"origin": [-18.5, 0, -14], "size": [2, 2, 2], "uv": [164, 204]}
					]
				},
				{
					"name": "torso",
					"parent": "body",
					"pivot": [0, 30, -13],
					"cubes": [
						{"origin": [-9.5, 20, -28], "size": [19, 23, 19], "inflate": -0.01, "uv": [0, 49]}
					]
				},
				{
					"name": "arm_left",
					"parent": "torso",
					"pivot": [10, 27, -28],
					"cubes": [
						{"origin": [7.5, 24.5, -30.5], "size": [5, 5, 5], "uv": [178, 127]}
					]
				},
				{
					"name": "arm_left2",
					"parent": "arm_left",
					"pivot": [13, 26.25, -27.25],
					"cubes": [
						{"origin": [11.5, 24.75, -28.75], "size": [7, 3, 3], "uv": [146, 38]}
					]
				},
				{
					"name": "arm_left3",
					"parent": "arm_left2",
					"pivot": [18.5, 26.25, -27],
					"cubes": [
						{"origin": [17.5, 25.25, -28.25], "size": [7, 2, 2], "uv": [176, 34]}
					]
				},
				{
					"name": "arm_left4",
					"parent": "arm_left3",
					"pivot": [24.5, 26.25, -27.25],
					"cubes": [
						{"origin": [24.5, 25.25, -28.25], "size": [3, 2, 2], "uv": [170, 97]}
					]
				},
				{
					"name": "claw_left",
					"parent": "arm_left4",
					"pivot": [27.75, 26.25, -28],
					"cubes": [
						{"origin": [27.5, 25.75, -28.25], "size": [3, 1, 0], "uv": [92, 48]}
					]
				},
				{
					"name": "claw_left2",
					"parent": "arm_left4",
					"pivot": [27.75, 26.25, -26],
					"cubes": [
						{"origin": [27.5, 25.75, -26.25], "size": [3, 1, 0], "uv": [98, 48]}
					]
				},
				{
					"name": "arm_right",
					"parent": "torso",
					"pivot": [-10, 27, -28],
					"cubes": [
						{"origin": [-12.5, 24.5, -30.5], "size": [5, 5, 5], "uv": [178, 137]}
					]
				},
				{
					"name": "arm_right2",
					"parent": "arm_right",
					"pivot": [-13, 26.25, -27.25],
					"cubes": [
						{"origin": [-18.5, 24.75, -28.75], "size": [7, 3, 3], "uv": [112, 170]}
					]
				},
				{
					"name": "arm_right3",
					"parent": "arm_right2",
					"pivot": [-18.5, 26.25, -27],
					"cubes": [
						{"origin": [-24.5, 25.25, -28.25], "size": [7, 2, 2], "uv": [182, 109]}
					]
				},
				{
					"name": "arm_right4",
					"parent": "arm_right3",
					"pivot": [-24.5, 26.25, -27.25],
					"cubes": [
						{"origin": [-27.5, 25.25, -28.25], "size": [3, 2, 2], "uv": [204, 25]}
					]
				},
				{
					"name": "claw_right",
					"parent": "arm_right4",
					"pivot": [-27.75, 26.25, -28],
					"cubes": [
						{"origin": [-30.5, 25.75, -28.25], "size": [3, 1, 0], "uv": [104, 48]}
					]
				},
				{
					"name": "claw_right2",
					"parent": "arm_right4",
					"pivot": [-27.75, 26.25, -26],
					"cubes": [
						{"origin": [-30.5, 25.75, -26.25], "size": [3, 1, 0], "uv": [54, 108]}
					]
				},
				{
					"name": "wings",
					"parent": "torso",
					"pivot": [-8.75, 47, 0],
					"cubes": [
						{"origin": [2.5, 37, -30], "size": [8, 12, 4], "pivot": [4, 40, 0], "rotation": [0, 0, 45], "uv": [170, 65]},
						{"origin": [-4, 41, -31], "size": [2, 4, 6], "pivot": [0, 0, 0], "rotation": [5, 0, 12.5], "uv": [140, 187]},
						{"origin": [8.51383, 47.07516, -30.5], "size": [9, 10, 5], "pivot": [8.75, 47, 0], "rotation": [0, 0, 72.5], "uv": [132, 161]},
						{"origin": [12.76383, 49.57516, -30.5], "size": [9, 12, 5], "inflate": -0.01, "pivot": [8.75, 47, 0], "rotation": [0, 0, 35], "uv": [104, 153]},
						{"origin": [2.25, 44.5, -28], "size": [8, 9, 0], "pivot": [5.75, 38.5, 0], "rotation": [0, 0, 40], "uv": [194, 65]},
						{"origin": [11.76383, 55.57516, -30.5], "size": [1, 6, 5], "inflate": 0.01, "pivot": [8.75, 47, 0], "rotation": [0, 0, 35], "uv": [172, 187]},
						{"origin": [2.26383, 60.32516, -30.5], "size": [11, 7, 5], "inflate": -0.001, "pivot": [8.75, 47, 0.5], "rotation": [0, 0, 72.5], "uv": [62, 157]},
						{"origin": [11.76383, 57.57516, -28], "size": [9, 12, 0], "inflate": 0.01, "pivot": [8.75, 47, 0], "rotation": [0, 0, 35], "uv": [182, 97]},
						{"origin": [1.01383, 67.07516, -30.5], "size": [13, 8, 5], "pivot": [8.75, 47, 0], "rotation": [0, 0, 72.5], "uv": [146, 101]},
						{"origin": [5.51383, 80.07516, -26.5], "size": [-3, -5, -3], "pivot": [8.75, 47, 0], "rotation": [0, 0, 72.5], "uv": [0, 0]},
						{"origin": [2.51383, 75.07516, -29.5], "size": [3, 5, 3], "inflate": -0.1, "pivot": [8.75, 47, 0], "rotation": [0, 0, 72.5], "uv": [200, 94]},
						{"origin": [5.01383, 80.07516, -27], "size": [-2, 6, -2], "pivot": [8.75, 47, 0], "rotation": [0, 0, 72.5], "uv": [0, 0]},
						{"origin": [3.01383, 80.07516, -29], "size": [2, 6, 2], "inflate": -0.1, "pivot": [8.75, 47, 0], "rotation": [0, 0, 72.5], "uv": [30, 162]},
						{"origin": [12.01383, 80.07516, -27], "size": [-2, 6, -2], "pivot": [8.75, 47, 0], "rotation": [0, 0, 72.5], "uv": [0, 0]},
						{"origin": [10.01383, 80.07516, -29], "size": [2, 6, 2], "inflate": -0.1, "pivot": [8.75, 47, 0], "rotation": [0, 0, 72.5], "uv": [122, 203]},
						{"origin": [12.51383, 75.07516, -26.5], "size": [-3, 5, -3], "pivot": [8.75, 47, 0], "rotation": [0, 0, 72.5], "uv": [0, 0]},
						{"origin": [9.51383, 75.07516, -29.5], "size": [3, 5, 3], "inflate": -0.1, "pivot": [8.75, 47, 0], "rotation": [0, 0, 72.5], "uv": [200, 102]},
						{"origin": [2, 41, -31], "size": [2, 4, 6], "pivot": [0, 0, 0], "rotation": [5, 0, -12.5], "uv": [156, 187]},
						{"origin": [-10.5, 37, -30], "size": [8, 12, 4], "pivot": [-4, 40, 0], "rotation": [0, 0, -45], "uv": [170, 81]},
						{"origin": [-17.51383, 47.07516, -30.5], "size": [9, 10, 5], "pivot": [-8.75, 47, 0], "rotation": [0, 0, -72.5], "uv": [160, 161]},
						{"origin": [-12.25, 47.5, -28], "size": [8, 9, 0], "pivot": [-5.75, 38.5, 0], "rotation": [0, 0, -40], "uv": [194, 74]},
						{"origin": [-19.01383, 57.07516, -30.5], "size": [12, 6, 5], "pivot": [-8.75, 47, 0], "rotation": [0, 0, -72.5], "uv": [132, 69]},
						{"origin": [-8.01383, 66.07516, -26.5], "size": [-3, -3, -3], "pivot": [-8.75, 47, 0], "rotation": [0, 0, -72.5], "uv": [0, 0]},
						{"origin": [-11.01383, 63.07516, -29.5], "size": [3, 3, 3], "inflate": -0.1, "pivot": [-8.75, 47, 0], "rotation": [0, 0, -72.5], "uv": [200, 192]},
						{"origin": [-8.51383, 69.07516, -27], "size": [-2, -3, -2], "pivot": [-8.75, 47, 0], "rotation": [0, 0, -72.5], "uv": [0, 0]},
						{"origin": [-10.51383, 66.07516, -29], "size": [2, 3, 2], "inflate": -0.1, "pivot": [-8.75, 47, 0], "rotation": [0, 0, -72.5], "uv": [204, 29]},
						{"origin": [-15.01383, 66.07516, -26.5], "size": [-3, -3, -3], "pivot": [-8.75, 47, 0], "rotation": [0, 0, -72.5], "uv": [0, 0]},
						{"origin": [-18.01383, 63.07516, -29.5], "size": [3, 3, 3], "inflate": -0.1, "pivot": [-8.75, 47, 0], "rotation": [0, 0, -72.5], "uv": [200, 198]},
						{"origin": [-15.51383, 69.07516, -27], "size": [-2, -3, -2], "pivot": [-8.75, 47, 0], "rotation": [0, 0, -72.5], "uv": [0, 0]},
						{"origin": [-17.51383, 66.07516, -29], "size": [2, 3, 2], "inflate": -0.1, "pivot": [-8.75, 47, 0], "rotation": [0, 0, -72.5], "uv": [60, 204]},
						{"origin": [-10.5, 29, -26.5], "size": [3, 8, 4], "pivot": [-6, 40, -29], "rotation": [-45, 0, 0], "uv": [40, 120]},
						{"origin": [-11.75, 23.5, -35.5], "size": [4, 7, 5], "pivot": [-6, 33, -31], "rotation": [0, -5, 0], "uv": [50, 183]},
						{"origin": [-11.25, 28, -33.25], "size": [4, 8, 4], "pivot": [-6, 39, -28], "rotation": [45, 0, 0], "uv": [184, 185]},
						{"origin": [-11.5, 23.25, -25], "size": [3, 7, 4], "uv": [194, 83]},
						{"origin": [-12.5, 20.25, -24.5], "size": [3, 4, 3], "pivot": [-6, 33, -31], "rotation": [0, 0, -10], "uv": [50, 176]},
						{"origin": [-9.8371, 18.5, -34.51908], "size": [4, 6, 4], "pivot": [-9, 23, -33], "rotation": [15.71873, -3.82821, -40.1076], "uv": [188, 160]},
						{"origin": [-10.3371, 15, -34.76908], "size": [3, 4, 3], "pivot": [-9, 22, -33], "rotation": [34.74534, 19.09859, -58.15651], "uv": [200, 110]},
						{"origin": [-7.3371, 12, -36.76908], "size": [2, 5, 2], "pivot": [-9, 22, -33], "rotation": [63.34288, 11.30508, -43.40847], "uv": [130, 203]},
						{"origin": [-19, 30, -23], "size": [2, 5, 2], "pivot": [-6, 33, -31], "rotation": [-5.019, -4.98093, -82.06312], "uv": [0, 204]},
						{"origin": [17, 30, -23], "size": [2, 5, 2], "pivot": [6, 33, -31], "rotation": [-5.019, 4.98093, 82.06312], "uv": [8, 204]},
						{"origin": [6.8371, 15.5, -34.51908], "size": [4, 6, 2], "pivot": [9, 23, -33], "rotation": [27.37429, -6.40677, 76.24179], "uv": [200, 12]},
						{"origin": [5.8371, 19.5, -34.51908], "size": [4, 6, 4], "pivot": [9, 23, -33], "rotation": [15.71873, 3.82821, 40.1076], "uv": [16, 189]},
						{"origin": [9.5, 20.25, -24.5], "size": [3, 4, 3], "pivot": [6, 33, -31], "rotation": [0, 0, 10], "uv": [200, 117]},
						{"origin": [8.5, 23.25, -25], "size": [3, 7, 4], "uv": [46, 195]},
						{"origin": [7.25, 28, -33.25], "size": [4, 8, 4], "pivot": [6, 39, -28], "rotation": [45, 0, 0], "uv": [0, 187]},
						{"origin": [7.5, 29, -26.5], "size": [3, 8, 4], "pivot": [6, 40, -29], "rotation": [-45, 0, 0], "uv": [32, 189]},
						{"origin": [7.75, 23.5, -35.5], "size": [4, 7, 5], "pivot": [6, 33, -31], "rotation": [0, 5, 0], "uv": [68, 183]},
						{"origin": [3.01383, 75.07516, -29], "size": [2, 0, 2], "pivot": [8.75, 47, 0], "rotation": [0, 0, 72.5], "uv": [100, 46]},
						{"origin": [10.01383, 75.07516, -29], "size": [2, 0, 2], "pivot": [8.75, 47, 0], "rotation": [0, 0, 72.5], "uv": [92, 46]},
						{"origin": [-10.51383, 63.07516, -29], "size": [2, 0, 2], "pivot": [-8.75, 47, 0], "rotation": [0, 0, -72.5], "uv": [108, 46]},
						{"origin": [-17.51383, 63.07516, -29], "size": [2, 0, 2], "pivot": [-8.75, 47, 0], "rotation": [0, 0, -72.5], "uv": [116, 46]}
					]
				},
				{
					"name": "neck",
					"parent": "torso",
					"pivot": [0, 30, -27],
					"cubes": [
						{"origin": [-8, 21, -35], "size": [16, 19, 12], "uv": [76, 49]}
					]
				},
				{
					"name": "neck2",
					"parent": "neck",
					"pivot": [0, 30, -34],
					"cubes": [
						{"origin": [-6, 23, -46], "size": [12, 13, 13], "uv": [54, 109]}
					]
				},
				{
					"name": "neck3",
					"parent": "neck2",
					"pivot": [0, 30, -45],
					"cubes": [
						{"origin": [-4.5, 24, -56], "size": [9, 11, 11], "inflate": 0.015, "uv": [0, 120]}
					]
				},
				{
					"name": "neck4",
					"parent": "neck3",
					"pivot": [0, 30, -55],
					"cubes": [
						{"origin": [-4.5, 26, -67], "size": [9, 9, 12], "inflate": 0.01, "uv": [104, 109]},
						{"origin": [0, 34, -66], "size": [0, 10, 12], "pivot": [0, 34, -64], "rotation": [-17.5, 0, 0], "uv": [80, 135]}
					]
				},
				{
					"name": "neck5",
					"parent": "neck4",
					"pivot": [0, 30, -65],
					"cubes": [
						{"origin": [-4.5, 26, -78], "size": [9, 9, 11], "uv": [40, 135]},
						{"origin": [0, 35, -78], "size": [0, 9, 12], "pivot": [0, 30, -78], "rotation": [-10, 0, 0], "uv": [38, 155]}
					]
				},
				{
					"name": "head",
					"parent": "neck5",
					"pivot": [0, 31, -78.75],
					"cubes": [
						{"origin": [-5.5, 29, -82], "size": [11, 9, 4], "uv": [0, 162]},
						{"origin": [-53.5, 28, -65.25], "size": [7, 6, 7], "pivot": [0, 0, -11.75], "rotation": [0, -45, 0], "uv": [170, 52]},
						{"origin": [-3.58831, 31.25, -87.41674], "size": [4, 4, 0], "pivot": [-2, 29, -81.75], "rotation": [-7.43656, -44.5119, 10.54684], "uv": [204, 166]},
						{"origin": [-2.33831, 31.75, -87.66674], "size": [3, 2, 0], "pivot": [-2, 29, -81.75], "rotation": [4.98107, -44.78238, -7.05323], "uv": [124, 46]},
						{"origin": [-14.5, 53, -65.75], "size": [2, 3, 0], "pivot": [0, 0, -11.75], "rotation": [35.26439, -30, -54.73561], "uv": [46, 132]},
						{"origin": [-15.5, 54, -65.5], "size": [2, 3, 0], "pivot": [0, 0, -11.75], "rotation": [35.26439, -30, -54.73561], "uv": [50, 132]},
						{"origin": [-16.5, 55, -65.5], "size": [2, 3, 0], "pivot": [0, 0, -11.75], "rotation": [35.26439, -30, -54.73561], "uv": [146, 127]},
						{"origin": [3.5, 24, -85], "size": [4, 6, 7], "pivot": [5, 28, -80], "rotation": [-2.61298, -9.65594, 25.22074], "uv": [178, 114]},
						{"origin": [6.75, 25, -87.25], "size": [3, 4, 6], "pivot": [5, 28, -80], "rotation": [-3.37761, 40.28506, 22.59676], "uv": [86, 187]},
						{"origin": [10.5, 25, -87.5], "size": [2, 3, 4], "pivot": [5, 28, -80], "rotation": [-7.61435, 70.17284, 17.61435], "uv": [200, 144]},
						{"origin": [-12.5, 25, -87.5], "size": [2, 3, 4], "pivot": [-5, 28, -80], "rotation": [-7.61435, -70.17284, -17.61435], "uv": [200, 151]},
						{"origin": [-9.75, 25, -87.25], "size": [3, 4, 6], "pivot": [-5, 28, -80], "rotation": [-3.37761, -40.28506, -22.59676], "uv": [104, 187]},
						{"origin": [-8.5, 24, -85], "size": [5, 6, 7], "pivot": [-5, 28, -80], "rotation": [-2.61298, 9.65594, -25.22074], "uv": [176, 12]},
						{"origin": [-11.5, 25.75, -83.5], "size": [3, 4, 5], "pivot": [-5, 28, -80], "rotation": [-2.61298, 9.65594, -25.22074], "uv": [60, 195]},
						{"origin": [-14.5, 29.25, -83.5], "size": [3, 0, 5], "pivot": [-5, 28, -80], "rotation": [-2.61298, 9.65594, -25.22074], "uv": [198, 134]},
						{"origin": [14.5, 55, -65.5], "size": [2, 3, 0], "pivot": [0, 0, -11.75], "rotation": [35.26439, 30, 54.73561], "uv": [150, 127]},
						{"origin": [-3.5, 25, -85], "size": [7, 2, 7], "uv": [176, 25]},
						{"origin": [-2, 25.52972, -89.25812], "size": [4, 2, 5], "pivot": [0, 26, -85], "rotation": [-37.5, 0, 0], "uv": [122, 196]},
						{"origin": [13.5, 54, -65.5], "size": [2, 3, 0], "pivot": [0, 0, -11.75], "rotation": [35.26439, 30, 54.73561], "uv": [154, 127]},
						{"origin": [12.5, 53, -65.75], "size": [2, 3, 0], "pivot": [0, 0, -11.75], "rotation": [35.26439, 30, 54.73561], "uv": [158, 127]},
						{"origin": [-0.41169, 31.25, -87.41674], "size": [4, 4, 0], "pivot": [2, 29, -81.75], "rotation": [-7.43656, 44.5119, -10.54684], "uv": [204, 176]},
						{"origin": [-0.66169, 31.75, -87.66674], "size": [3, 2, 0], "pivot": [2, 29, -81.75], "rotation": [4.98107, 44.78238, 7.05323], "uv": [40, 132]}
					]
				},
				{
					"name": "ice_head2",
					"parent": "head",
					"pivot": [4.5, 31, -87],
					"rotation": [-10, 0, 0]
				},
				{
					"name": "bone3",
					"parent": "ice_head2",
					"pivot": [1.35659, 43.72982, -89.9909],
					"rotation": [0.15108, -9.84655, -1.75378],
					"cubes": [
						{"origin": [7.32604, 39.62595, -85.75905], "size": [3, 2, 5], "inflate": -0.01, "pivot": [13.35659, 43.72982, -83.9909], "rotation": [54.54617, 22.10468, 27.85436], "uv": [156, 197]},
						{"origin": [7.32604, 41.62595, -81.00905], "size": [3, 0, 6], "inflate": -0.01, "pivot": [13.35659, 43.72982, -83.9909], "rotation": [54.54617, 22.10468, 27.85436], "uv": [188, 170]}
					]
				},
				{
					"name": "bone4",
					"parent": "head",
					"pivot": [1.25095, 32.97821, -89.25],
					"rotation": [-4.84892, -9.84655, -1.75378],
					"cubes": [
						{"origin": [8.52193, 37.86976, -85.04413], "size": [3, 0, 5], "inflate": -0.01, "pivot": [13.55249, 42.97363, -83.27598], "rotation": [49.82786, 36.48351, 58.28959], "uv": [198, 139]},
						{"origin": [-0.94751, 29.72363, -79.02598], "size": [4, 4, 10], "pivot": [-4.44751, 30.97363, -87.27598], "rotation": [52.36538, 17.63393, 21.44872], "uv": [62, 169]},
						{"origin": [-3.44846, 30.74542, -82.52598], "size": [3, 3, 5], "pivot": [-4.19846, 30.99542, -87.02598], "rotation": [58.42185, 27.6393, 37.0422], "uv": [92, 197]}
					]
				},
				{
					"name": "bone2",
					"parent": "head",
					"pivot": [-1.25095, 32.97821, -89.25],
					"rotation": [-4.84892, 9.84655, 1.75378],
					"cubes": [
						{"origin": [0.44846, 30.74542, -82.52598], "size": [3, 3, 5], "pivot": [4.19846, 30.99542, -87.02598], "rotation": [58.42185, -27.6393, -37.0422], "uv": [140, 197]},
						{"origin": [-3.05249, 29.72363, -79.02598], "size": [4, 4, 10], "pivot": [4.44751, 30.97363, -87.27598], "rotation": [52.36538, -17.63393, -21.44872], "uv": [170, 38]},
						{"origin": [-10.52193, 38.86976, -86.04413], "size": [3, 2, 5], "inflate": -0.01, "pivot": [-13.55249, 42.97363, -83.27598], "rotation": [58.42185, -27.6393, -37.0422], "uv": [184, 197]},
						{"origin": [-11.52193, 37.86976, -85.04413], "size": [3, 0, 5], "inflate": -0.01, "pivot": [-13.55249, 42.97363, -83.27598], "rotation": [49.82786, -36.48351, -58.28959], "uv": [0, 199]}
					]
				},
				{
					"name": "ice_head",
					"parent": "head",
					"pivot": [-4.5, 31, -87],
					"rotation": [-10, 0, 0],
					"cubes": [
						{"origin": [-2, 27.75, -91.5], "size": [2, 3, 2], "pivot": [3.5, 28, -90], "rotation": [54.73561, 30, 35.26439], "uv": [30, 170]},
						{"origin": [-1.5, 30.75, -88.25], "size": [3, 3, 4], "inflate": 0.01, "pivot": [-4.5, 31, -87], "rotation": [49, 0, 0], "uv": [16, 199]},
						{"origin": [-1.5, 29.5, -84.25], "size": [3, 4, 9], "inflate": 0.01, "pivot": [-4.5, 31, -87], "rotation": [49, 0, 0], "uv": [26, 176]},
						{"origin": [-1, 30.5, -75.25], "size": [2, 3, 4], "inflate": 0.01, "pivot": [-4.5, 31, -87], "rotation": [49, 0, 0], "uv": [200, 185]}
					]
				}
			]
		}
	]
}