{
	"format_version": "1.12.0",
	"minecraft:geometry": [
		{
			"description": {
				"identifier": "geometry.regidrago",
				"texture_width": 256,
				"texture_height": 128,
				"visible_bounds_width": 8,
				"visible_bounds_height": 4.5,
				"visible_bounds_offset": [0, 1.75, 0]
			},
			"bones": [
				{
					"name": "regidrago",
					"pivot": [0, 0, 0]
				},
				{
					"name": "body",
					"parent": "regidrago",
					"pivot": [0, 22.5, 0]
				},
				{
					"name": "torso",
					"parent": "body",
					"pivot": [0, 10, 0],
					"cubes": [
						{"origin": [-12, 10, -12], "size": [24, 24, 24], "uv": [0, 0]},
						{"origin": [5.5, 15, 12], "size": [0, 14, 10], "pivot": [5.5, 15, 12], "rotation": [7.5, 12.5, 5], "uv": [72, -10]},
						{"origin": [-5.5, 15, 12], "size": [0, 14, 10], "pivot": [-5.5, 15, 12], "rotation": [7.5, -12.5, -5], "uv": [92, -10], "mirror": true}
					]
				},
				{
					"name": "eyes",
					"parent": "torso",
					"pivot": [0, 22, -12]
				},
				{
					"name": "eye_top",
					"parent": "eyes",
					"pivot": [0, 24, -12.01],
					"cubes": [
						{"origin": [-1, 23, -12.01], "size": [2, 2, 0], "uv": [0, 0]}
					]
				},
				{
					"name": "eyelid_top",
					"parent": "eye_top",
					"pivot": [0, 24, -11.91],
					"cubes": [
						{"origin": [-1, 23, -11.91], "size": [2, 2, 1], "inflate": 0.01, "uv": [0, 2]}
					]
				},
				{
					"name": "eye_center",
					"parent": "eyes",
					"pivot": [0, 20, -12.01],
					"cubes": [
						{"origin": [-1, 19, -12.01], "size": [2, 2, 0], "uv": [4, 0]}
					]
				},
				{
					"name": "eyelid_center",
					"parent": "eye_center",
					"pivot": [0, 20, -11.91],
					"cubes": [
						{"origin": [-1, 19, -11.91], "size": [2, 2, 1], "inflate": 0.01, "uv": [6, 2]}
					]
				},
				{
					"name": "eye_bottom",
					"parent": "eyes",
					"pivot": [0, 16, -12.01],
					"cubes": [
						{"origin": [-1, 15, -12.01], "size": [2, 2, 0], "uv": [8, 0]}
					]
				},
				{
					"name": "eyelid_bottom",
					"parent": "eye_bottom",
					"pivot": [0, 16, -11.91],
					"cubes": [
						{"origin": [-1, 15, -11.91], "size": [2, 2, 1], "inflate": 0.01, "uv": [12, 2]}
					]
				},
				{
					"name": "eye_left_top",
					"parent": "eyes",
					"pivot": [4, 26, -12.01],
					"cubes": [
						{"origin": [3, 25, -12.01], "size": [2, 2, 0], "uv": [0, 5]}
					]
				},
				{
					"name": "eyelid_left_top",
					"parent": "eye_left_top",
					"pivot": [4, 26, -11.91],
					"cubes": [
						{"origin": [3, 25, -11.91], "size": [2, 2, 1], "inflate": 0.01, "uv": [0, 7]}
					]
				},
				{
					"name": "eye_left_bottom",
					"parent": "eyes",
					"pivot": [3, 22, -12.01],
					"cubes": [
						{"origin": [2, 21, -12.01], "size": [2, 2, 0], "uv": [4, 5]}
					]
				},
				{
					"name": "eyelid_left_bottom",
					"parent": "eye_left_bottom",
					"pivot": [3, 22, -11.91],
					"cubes": [
						{"origin": [2, 21, -11.91], "size": [2, 2, 1], "inflate": 0.01, "uv": [6, 7]}
					]
				},
				{
					"name": "eye_right_top",
					"parent": "eyes",
					"pivot": [-4, 26, -12.01],
					"cubes": [
						{"origin": [-5, 25, -12.01], "size": [2, 2, 0], "uv": [0, 10], "mirror": true}
					]
				},
				{
					"name": "eyelid_right_top",
					"parent": "eye_right_top",
					"pivot": [-4, 26, -11.91],
					"cubes": [
						{"origin": [-5, 25, -11.91], "size": [2, 2, 1], "inflate": 0.01, "uv": [0, 12], "mirror": true}
					]
				},
				{
					"name": "eye_right_bottom",
					"parent": "eyes",
					"pivot": [-3, 22, -12.01],
					"cubes": [
						{"origin": [-4, 21, -12.01], "size": [2, 2, 0], "uv": [4, 10], "mirror": true}
					]
				},
				{
					"name": "eyelid_right_bottom",
					"parent": "eye_right_bottom",
					"pivot": [-3, 22, -11.91],
					"cubes": [
						{"origin": [-4, 21, -11.91], "size": [2, 2, 1], "inflate": 0.01, "uv": [6, 12], "mirror": true}
					]
				},
				{
					"name": "arms",
					"parent": "torso",
					"pivot": [0, 34, 0]
				},
				{
					"name": "arm_left",
					"parent": "arms",
					"pivot": [19, 34, 0],
					"cubes": [
						{"origin": [14, 34, -11], "size": [17, 11, 22], "inflate": 0.03, "uv": [68, 82], "mirror": true},
						{"origin": [30.3, 39, 0], "size": [23, 2, 0], "pivot": [53.3, 41, 0], "rotation": [0, 0, 5], "uv": [124, 89], "mirror": true},
						{"origin": [31, 34, -11], "size": [23, 5, 6], "inflate": 0.01, "pivot": [31, 36, -11], "rotation": [0, -12.5, 0], "uv": [62, 115], "mirror": true},
						{"origin": [31, 34, 5], "size": [23, 5, 6], "inflate": 0.01, "pivot": [31, 36, 11], "rotation": [0, 12.5, 0], "uv": [120, 115], "mirror": true},
						{"origin": [30.5, 34, -6], "size": [23, 7, 12], "inflate": 0.02, "uv": [124, 70], "mirror": true},
						{"origin": [23, 28, -11], "size": [8, 6, 0], "inflate": 0.03, "uv": [146, 103], "mirror": true},
						{"origin": [23, 28, 11], "size": [8, 6, 0], "inflate": 0.03, "uv": [146, 109], "mirror": true},
						{"origin": [31, 28, -11], "size": [23, 6, 0], "inflate": 0.01, "pivot": [31, 36, -11], "rotation": [0, -12.5, 0], "uv": [124, 91], "mirror": true},
						{"origin": [31, 28, 11], "size": [23, 6, 0], "inflate": 0.01, "pivot": [31, 36, 11], "rotation": [0, 12.5, 0], "uv": [124, 97], "mirror": true},
						{"origin": [53.5, 28, -6], "size": [0, 6, 12], "inflate": 0.02, "uv": [170, 77], "mirror": true}
					]
				},
				{
					"name": "arm_right",
					"parent": "arms",
					"pivot": [-19, 34, 0],
					"cubes": [
						{"origin": [-24, 34, -12.5], "size": [10, 14, 25], "inflate": 0.03, "uv": [0, 49]},
						{"origin": [-32.5, 34, -8.5], "size": [17, 14, 17], "pivot": [-24, 41, 0], "rotation": [0, 45, 0], "uv": [0, 88]},
						{"origin": [-53.3, 39, 0], "size": [30, 2, 0], "pivot": [-53.3, 41, 0], "rotation": [0, 0, -3.5], "uv": [96, 41]},
						{"origin": [-54, 34, -12.5], "size": [30, 5, 6], "inflate": 0.01, "pivot": [-24, 36, -12.5], "rotation": [0, 12.5, 0], "uv": [112, 0]},
						{"origin": [-54, 34, 6.5], "size": [30, 5, 6], "inflate": 0.01, "pivot": [-24, 36, 12.5], "rotation": [0, -12.5, 0], "uv": [106, 11]},
						{"origin": [-53.3, 34, -6], "size": [30, 7, 12], "inflate": 0.02, "uv": [96, 22]},
						{"origin": [-52.3, 41, -6], "size": [13, 0, 6], "pivot": [-52.3, 41, 0], "rotation": [0, 10, -20], "uv": [90, 43]},
						{"origin": [-52.3, 41, 0], "size": [13, 0, 6], "pivot": [-52.3, 41, 0], "rotation": [0, -10, -20], "uv": [116, 43]},
						{"origin": [-24, 25, -12.5], "size": [4, 9, 0], "uv": [170, 95]},
						{"origin": [-24, 25, 12.5], "size": [4, 9, 0], "uv": [178, 95]},
						{"origin": [-54, 25, -12.5], "size": [30, 9, 0], "pivot": [-24, 36, -12.5], "rotation": [0, 12.5, 0], "uv": [99, 60]},
						{"origin": [-54, 25, 12.5], "size": [30, 9, 0], "pivot": [-24, 36, 12.5], "rotation": [0, -12.5, 0], "uv": [70, 73]},
						{"origin": [-53.3, 28, -6], "size": [0, 6, 12], "uv": [121, 37]}
					]
				},
				{
					"name": "ear_front",
					"parent": "arm_right",
					"pivot": [-14, 43, -5],
					"rotation": [0, 10, -12.49999],
					"cubes": [
						{"origin": [-14, 43, -10.5], "size": [21, 5, 6], "uv": [73, 49]}
					]
				},
				{
					"name": "ear_back",
					"parent": "arm_right",
					"pivot": [-14, 43, 4.5],
					"rotation": [0, -10, -12.49999],
					"cubes": [
						{"origin": [-14, 43, 4.5], "size": [21, 5, 6], "uv": [45, 62]}
					]
				},
				{
					"name": "legs",
					"parent": "body",
					"pivot": [0, 10, 0]
				},
				{
					"name": "leg_left",
					"parent": "legs",
					"pivot": [5, 10, 0],
					"rotation": [0, 0, -5],
					"cubes": [
						{"origin": [2, 4, -3], "size": [6, 7, 6], "uv": [1, 48]}
					]
				},
				{
					"name": "foot_left",
					"parent": "leg_left",
					"pivot": [5, 4, 0],
					"cubes": [
						{"origin": [2, 0.5, -3], "size": [6, 7, 0], "pivot": [5, 4, -3], "rotation": [12.5, 0, 0], "uv": [45, 48]},
						{"origin": [2, 0.5, 3], "size": [6, 7, 0], "pivot": [5, 4, 3], "rotation": [-12.5, 0, 0], "uv": [57, 48]},
						{"origin": [8, 0.5, -3], "size": [0, 7, 6], "pivot": [8, 4, 0], "rotation": [0, 0, 12.5], "uv": [5, 85]},
						{"origin": [2, 0.5, -3], "size": [0, 7, 6], "pivot": [2, 4, 0], "rotation": [0, 0, -12.5], "uv": [51, 85]}
					]
				},
				{
					"name": "leg_right",
					"parent": "legs",
					"pivot": [-5, 10, 0],
					"rotation": [0, 0, 5],
					"cubes": [
						{"origin": [-8, 4, -3], "size": [6, 7, 6], "uv": [1, 61], "mirror": true}
					]
				},
				{
					"name": "foot_right",
					"parent": "leg_right",
					"pivot": [-5, 4, 0],
					"cubes": [
						{"origin": [-8, 0.5, -3], "size": [6, 7, 0], "pivot": [-5, 4, -3], "rotation": [12.5, 0, 0], "uv": [45, 55], "mirror": true},
						{"origin": [-8, 0.5, 3], "size": [6, 7, 0], "pivot": [-5, 4, 3], "rotation": [-12.5, 0, 0], "uv": [57, 55], "mirror": true},
						{"origin": [-8, 0.5, -3], "size": [0, 7, 6], "pivot": [-8, 4, 0], "rotation": [0, 0, -12.5], "uv": [5, 92], "mirror": true},
						{"origin": [-2, 0.5, -3], "size": [0, 7, 6], "pivot": [-2, 4, 0], "rotation": [0, 0, 12.5], "uv": [51, 92], "mirror": true}
					]
				}
			]
		}
	]
}