{
	"species": "cobblemon:urshifu",
	"order": 3,
	"variations": [
		{
			"aspects": ["rapid_strike-style"],
			"poser": "pokemans:urshifu_rapidstrike",
			"model": "pokemans:urshifu_rapidstrike.geo",
			"texture": "pokemans:textures/pokemon/0892_urshifu/urshifu_rapid.png",
			"layers": [
				
			]
		},
		{
			"aspects": [ "shiny", "rapid_strike-style" ],
            "poser": "pokemans:urshifu_rapidstrike",
			"model": "pokemans:urshifu_rapidstrike.geo",
			"texture": "pokemans:textures/pokemon/0892_urshifu/urshifu_rapid_shiny.png"
		}
	]
}