{
    "minecraft:music/game/ancestry": {
      "album": "Pokémon Ruby & Sapphire",
      "author": "Pokestir",
      "cover": "ruby",
      "customId": "musicnotification:mn.minecraft.music.game.ancestry",
      "title": "Route 110"
    },
    "minecraft:music/game/an_ordinary_day": {
      "album": "Pokémon Emerald",
      "author": "Morikazu Aoki",
      "cover": "emerald",
      "customId": "musicnotification:mn.minecraft.music.game.an_ordinary_day",
      "title": "Route 101"
    },
    "minecraft:music/game/a_familiar_room": {
      "album": "Pokémon Gold/Silver/Crystal",
      "author": "Junichi Masuda",
      "cover": "gold",
      "customId": "musicnotification:mn.minecraft.music.game.a_familiar_room",
      "title": "An Adventure Begins"
    },
    "minecraft:music/game/bromeliad": {
      "album": "Pokémon Gold/Silver/Crystal",
      "author": "Junichi Masuda & Go Ichinose",
      "cover": "gold",
      "customId": "musicnotification:mn.minecraft.music.game.bromeliad",
      "title": "New Bark Town"
    },
    "minecraft:music/game/clark": {
      "album": "Pokémon Black & White",
      "author": "Zame",
      "cover": "white",
      "customId": "musicnotification:mn.minecraft.music.game.clark",
      "title": "Skyarrow Bridge"
    },
    "minecraft:music/game/comforting_memories": {
      "album": "Pokémon Emerald",
      "author": "Zame",
      "cover": "emerald",
      "customId": "musicnotification:mn.minecraft.music.game.comforting_memories",
      "title": "Oldale Town"
    },
    "minecraft:music/game/crescent_dunes": {
      "album": "Pokémon Gold/Silver/Crystal",
      "author": "Junichi Masuda",
      "cover": "silver",
      "customId": "musicnotification:mn.minecraft.music.game.crescent_dunes",
      "title": "Cherrygrove City"
    },
    "minecraft:music/game/danny": {
      "album": "Pokémon Black & White",
      "author": "Shota Kageyama",
      "cover": "black",
      "customId": "musicnotification:mn.minecraft.music.game.danny",
      "title": "The Heated Raimon"
    },
    "minecraft:music/game/deeper": {
      "album": "Pokémon Gold/Silver/Crystal",
      "author": "Junichi Masuda",
      "cover": "silver",
      "customId": "musicnotification:mn.minecraft.music.game.deeper",
      "title": "Union Cave"
    },
    "minecraft:music/game/dry_hands": {
      "album": "Pokémon Black & White",
      "author": "Shota Kageyama",
      "cover": "white",
      "customId": "musicnotification:mn.minecraft.music.game.dry_hands",
      "title": "The Pleasure Cruise Ship"
    },
    "minecraft:music/game/echo_in_the_wind": {
      "album": "Pokémon Diamond & Pearl",
      "author": "Pokestir",
      "cover": "diamond",
      "customId": "musicnotification:mn.minecraft.music.game.echo_in_the_wind",
      "title": "Route 209"
    },
    "minecraft:music/game/eld_unknown": {
      "album": "Pokémon Gold/Silver/Crystal",
      "author": "Junichi Masuda",
      "cover": "crystal",
      "customId": "musicnotification:mn.minecraft.music.game.eld_unknown",
      "title": "Goldenrod City"
    },
    "minecraft:music/game/endless": {
      "album": "Pokémon Gold/Silver/Crystal",
      "author": "Go Ichinose",
      "cover": "gold",
      "customId": "musicnotification:mn.minecraft.music.game.endless",
      "title": "Goldenrod Game Corner"
    },
    "minecraft:music/game/featherfall": {
      "album": "Pokémon Gold/Silver/Crystal",
      "author": "Go Ichinose",
      "cover": "silver",
      "customId": "musicnotification:mn.minecraft.music.game.featherfall",
      "title": "Ecruteak City"
    },
    "minecraft:music/game/floating_dream": {
      "album": "Pokémon Emerald",
      "author": "Go Ichinose",
      "cover": "emerald",
      "customId": "musicnotification:mn.minecraft.music.game.floating_dream",
      "title": "Trainers' School"
    },
    "minecraft:music/game/haggstrom": {
      "album": "Pokémon Black & White",
      "author": "Hitomi Sato",
      "cover": "black",
      "customId": "musicnotification:mn.minecraft.music.game.haggstrom",
      "title": "The Evening Party"
    },
    "minecraft:music/game/infinite_amethyst": {
      "album": "Pokémon Emerald",
      "author": "Junichi Masuda & Morikazu Aoki",
      "cover": "emerald",
      "customId": "musicnotification:mn.minecraft.music.game.infinite_amethyst",
      "title": "Oceanic Museum"
    },
    "minecraft:music/game/key": {
      "album": "Pokémon Emerald",
      "author": "Zame",
      "cover": "emerald",
      "customId": "musicnotification:mn.minecraft.music.game.key",
      "title": "Littleroot Town"
    },
    "minecraft:music/game/komorebi": {
      "album": "Pokémon Gold/Silver/Crystal",
      "author": "Go Ichinose",
      "cover": "crystal",
      "customId": "musicnotification:mn.minecraft.music.game.komorebi",
      "title": "Azalea Town"
    },
    "minecraft:music/game/left_to_bloom": {
      "album": "Pokémon Emerald",
      "author": "Go Ichinose",
      "cover": "emerald",
      "customId": "musicnotification:mn.minecraft.music.game.left_to_bloom",
      "title": "Cycling"
    },
    "minecraft:music/game/mice_on_venus": {
        "album": "Pokémon Black & White",
        "author": "Shota Kageyama",
        "cover": "black",
        "customId": "musicnotification:mn.minecraft.music.game.mice_on_venus",
        "title": "Musical Hall"
    },
    "minecraft:music/game/living_mice": {
        "album": "Pokémon Black & White",
        "author": "Hitomi Sato",
        "cover": "white",
        "customId": "musicnotification:mn.minecraft.music.game.living_mice",
        "title": "A Walk in the Forest"
    },
    "minecraft:music/game/minecraft": {
      "album": "Pokémon Black & White",
      "author": "Shota Kageyama",
      "cover": "black",
      "customId": "musicnotification:mn.minecraft.music.game.minecraft",
      "title": "Kanoko Town"
    },
    "minecraft:music/game/one_more_day": {
      "album": "Pokémon X & Y",
      "author": "Pokestir",
      "cover": "y",
      "customId": "musicnotification:mn.minecraft.music.game.one_more_day",
      "title": "Lumiose City"
    },
    "minecraft:music/game/oxygene": {
        "album": "Pokémon Yellow",
        "author": "Zame",
        "cover": "yellow",
        "customId": "musicnotification:mn.minecraft.music.game.oxygene",
        "title": "Pallet Town"
    },
    "minecraft:music/game/pokopoko": {
        "album": "Pokémon Emerald",
        "author": "Morikazu Aoki",
        "cover": "emerald",
        "customId": "musicnotification:mn.minecraft.music.game.pokopoko",
        "title": "Petalburg City"
    },
    "minecraft:music/game/puzzlebox": {
        "album": "Pokémon Emerald",
        "author": "Go Ichinose",
        "cover": "emerald",
        "customId": "musicnotification:mn.minecraft.music.game.puzzlebox",
        "title": "Route 104"
    },
    "minecraft:music/game/stand_tall": {
        "album": "Pokémon X & Y",
        "author": "Pokestir",
        "cover": "x",
        "customId": "musicnotification:mn.minecraft.music.game.stand_tall",
        "title": "Kalos Region"
    },
    "minecraft:music/game/subwoofer_lullaby": {
        "album": "Pokémon Black & White",
        "author": "Minako Adachi",
        "cover": "black",
        "customId": "musicnotification:mn.minecraft.music.game.subwoofer_lullaby",
        "title": "Stardom!"
    },
    "minecraft:music/game/sweden": {
        "album": "Pokémon Black & White",
        "author": "Hitomi Sato",
        "cover": "white",
        "customId": "musicnotification:mn.minecraft.music.game.sweden",
        "title": "Gate"
    },
    "minecraft:music/game/watcher": {
        "album": "Pokémon Gold/Silver/Crystal",
        "author": "Go Ichinose",
        "cover": "crystal",
        "customId": "musicnotification:mn.minecraft.music.game.watcher",
        "title": "National Park"
    },
    "minecraft:music/game/wending": {
        "album": "Pokémon HeartGold & SoulSilver",
        "author": "Pokestir",
        "cover": "soulsilver",
        "customId": "musicnotification:mn.minecraft.music.game.wending",
        "title": "Surfing"
    },
    "minecraft:music/game/wet_hands": {
        "album": "Pokémon Black & White",
        "author": "Hitomi Sato",
        "cover": "black",
        "customId": "musicnotification:mn.minecraft.music.game.wet_hands",
        "title": "Global Terminal"
    },
    "minecraft:music/game/yakusoku": {
        "album": "Pokémon Emerald",
        "author": "Go Ichinose",
        "cover": "emerald",
        "customId": "musicnotification:mn.minecraft.music.game.yakusoku",
        "title": "Dewford Town"
    },
    "minecraft:music/game/creative/aria_math": {
        "album": "Pokémon X & Y",
        "author": "Shota Kageyama",
        "cover": "y",
        "customId": "musicnotification:mn.minecraft.music.game.creative.aria_math",
        "title": "Santalune City"
    },
    "minecraft:music/game/creative/biome_fest": {
        "album": "Pokémon X & Y",
        "author": "Shota Kageyama",
        "cover": "x",
        "customId": "musicnotification:mn.minecraft.music.game.creative.biome_fest",
        "title": "Santalune Forest"
    },
    "minecraft:music/game/creative/blind_spots": {
        "album": "Pokémon X & Y",
        "author": "Minako Adachi",
        "cover": "y",
        "customId": "musicnotification:mn.minecraft.music.game.creative.blind_spots",
        "title": "Parfum Palace"
    },
    "minecraft:music/game/creative/dreiton": {
        "album": "Pokémon X & Y",
        "author": "Shota Kageyama",
        "cover": "x",
        "customId": "musicnotification:mn.minecraft.music.game.creative.dreiton",
        "title": "Aquacorde Town"
    },
    "minecraft:music/game/creative/haunt_muskie": {
        "album": "Pokémon X & Y",
        "author": "Shota Kageyama",
        "cover": "y",
        "customId": "musicnotification:mn.minecraft.music.game.creative.haunt_muskie",
        "title": "Route 4"
    },
    "minecraft:music/game/creative/taswell": {
        "album": "Pokémon X & Y",
        "author": "Shota Kageyama",
        "cover": "x",
        "customId": "musicnotification:mn.minecraft.music.game.creative.taswell",
        "title": "Vaniville Town"
    },
    "minecraft:music/game/end/alpha": {
        "album": "Pokémon HeartGold & SoulSilver",
        "author": "Zame",
        "cover": "heartgold",
        "customId": "musicnotification:mn.minecraft.music.game.end.alpha",
        "title": "Ending Credits"
    },
    "minecraft:music/game/end/boss": {
        "album": "Pokémon Ruby & Sapphire",
        "author": "Junichi Masuda",
        "cover": "ruby",
        "customId": "musicnotification:mn.minecraft.music.game.end.boss",
        "title": "Battle! vs Elite Four"
    },
    "minecraft:music/game/end/the_end": {
        "album": "Pokémon Gold/Silver/Crystal",
        "author": "Pokestir",
        "cover": "crystal",
        "customId": "musicnotification:mn.minecraft.music.game.end.the_end",
        "title": "Battle! Johto Gym"
    },
    "minecraft:music/game/nether/crimson_forest/chrysopoeia": {
        "album": "Pokémon Emerald",
        "author": "Morikazu Aoki",
        "cover": "emerald",
        "customId": "musicnotification:mn.minecraft.music.game.nether.crimson_forest.chrysopoeia",
        "title": "Petalburg Woods"
    },
    "minecraft:music/game/nether/nether_wastes/rubedo": {
        "album": "Pokémon Emerald",
        "author": "Go Ichinose",
        "cover": "emerald",
        "customId": "musicnotification:mn.minecraft.music.game.nether.nether_wastes.rubedo",
        "title": "Battle Palace"
    },
    "minecraft:music/game/nether/soulsand_valley/so_below": {
        "album": "Pokémon Emerald",
        "author": "Morikazu Aoki",
        "cover": "emerald",
        "customId": "musicnotification:mn.minecraft.music.game.nether.soulsand_valley.so_below",
        "title": "Abandoned Ship"
    },
    "minecraft:music/game/nether/ballad_of_the_cats": {
        "album": "Pokémon Scarlet & Violet",
        "author": "Toby Fox",
        "cover": "violet",
        "customId": "musicnotification:mn.minecraft.music.game.nether.ballad_of_the_cats",
        "title": "Naranja & Uva Academy"
    },
    "minecraft:music/game/nether/concrete_halls": {
        "album": "Pokémon Scarlet & Violet",
        "author": "Toby Fox",
        "cover": "scarlet",
        "customId": "musicnotification:mn.minecraft.music.game.nether.concrete_halls",
        "title": "Area Zero"
    },
    "minecraft:music/game/nether/dead_voxel": {
        "album": "Pokémon Scarlet & Violet",
        "author": "Minako Adachi",
        "cover": "violet",
        "customId": "musicnotification:mn.minecraft.music.game.nether.dead_voxel",
        "title": "East Province"
    },
    "minecraft:music/game/nether/warmth": {
        "album": "Pokémon Scarlet & Violet",
        "author": "Hitomi Sato",
        "cover": "scarlet",
        "customId": "musicnotification:mn.minecraft.music.game.nether.warmth",
        "title": "Levincia"
    },
    "minecraft:music/game/swamp/aerie": {
        "album": "Pokémon Emerald",
        "author": "Morikazu Aoki",
        "cover": "emerald",
        "customId": "musicnotification:mn.minecraft.music.game.swamp.aerie",
        "title": "Route 120"
    },
    "minecraft:music/game/swamp/firebugs": {
        "album": "Pokémon Emerald",
        "author": "Junichi Masuda & Go Ichinose",
        "cover": "emerald",
        "customId": "musicnotification:mn.minecraft.music.game.swamp.firebugs",
        "title": "Fallarbor Town"
    },
    "minecraft:music/game/swamp/labyrinthine": {
        "album": "Pokémon Emerald",
        "author": "Go Ichinose",
        "cover": "emerald",
        "customId": "musicnotification:mn.minecraft.music.game.swamp.labyrinthine",
        "title": "Victory Road"
    },
    "minecraft:music/game/water/axolotl": {
        "album": "Pokémon Emerald",
        "author": "Go Ichinose",
        "cover": "emerald",
        "customId": "musicnotification:mn.minecraft.music.game.water.axolotl",
        "title": "Dive"
    },
    "minecraft:music/game/water/dragon_fish": {
        "album": "Pokémon Emerald",
        "author": "Go Ichinose",
        "cover": "emerald",
        "customId": "musicnotification:mn.minecraft.music.game.water.dragon_fish",
        "title": "Sealed Chamber"
    },
    "minecraft:music/game/water/shuniji": {
        "album": "Pokémon Emerald",
        "author": "Morikazu Aoki",
        "cover": "emerald",
        "customId": "musicnotification:mn.minecraft.music.game.water.shuniji",
        "title": "Surf"
    },
    "minecraft:music/menu/beginning_2": {
        "album": "Pokémon HeartGold & SoulSilver",
        "author": "Junichi Masuda & Shota Kageyama",
        "cover": "heartgold",
        "customId": "musicnotification:mn.minecraft.music.menu.beginning_2",
        "title": "Title Screen"
    },
    "minecraft:music/menu/floating_trees": {
        "album": "Pokémon FireRed & LeafGreen",
        "author": "Go Ichinose",
        "cover": "firered",
        "customId": "musicnotification:mn.minecraft.music.menu.floating_trees",
        "title": "Welcome to the World of Pokémon!"
    },
    "minecraft:music/menu/moog_city_2": {
        "album": "Pokémon Ruby & Sapphire",
        "author": "Shota Kageyama",
        "cover": "sapphire",
        "customId": "musicnotification:mn.minecraft.music.menu.moog_city_2",
        "title": "Title Screen Theme"
    },
    "minecraft:music/menu/mutation": {
        "album": "Pokémon Diamond & Pearl",
        "author": "Go Ichinose",
        "cover": "pearl",
        "customId": "musicnotification:mn.minecraft.music.menu.mutation",
        "title": "Opening Theme"
    },
    "minecraft:music_disc.5": {
        "album": "Pokémon HeartGold & SoulSilver",
        "author": "Zame",
        "cover": "heartgold",
        "title": "Lavandonia"
    },
    "minecraft:music_disc.11": {
        "album": "Pokémon Battle Revolution",
        "author": "Tsukasa Tawada",
        "cover": "battlerevolution",
        "title": "Title Screen Music"
    },
    "minecraft:music_disc.13": {
        "album": "Pokémon Mystery Dungeon",
        "author": "Arata Iiyoshi & Hideki Sakamoto & Keisuke Ito & Ken-ichi Saito & Yoshihiro Maeda",
        "cover": "explorersofsky",
        "title": "On the Beach at Dusk"
    },
    "minecraft:music_disc.blocks": {
        "album": "Pokémon Mystery Dungeon",
        "author": "Arata Iiyoshi & Hideki Sakamoto & Keisuke Ito & Ken-ichi Saito & Yoshihiro Maeda",
        "cover": "explorersofsky",
        "title": "Wigglytuff's Guild"
    },
    "minecraft:music_disc.cat": {
        "album": "Pokémon Mystery Dungeon",
        "author": "Arata Iiyoshi & Hideki Sakamoto & Keisuke Ito & Ken-ichi Saito & Yoshihiro Maeda",
        "cover": "explorersofsky",
        "title": "Goodnight"
    },
    "minecraft:music_disc.chirp": {
        "album": "Pokémon Yellow",
        "author": "Zame",
        "cover": "yellow",
        "title": "Pokémon Center"
    },
    "minecraft:music_disc.creator": {
        "album": "Pokémon Emerald",
        "author": "Morikazu Aoki",
        "cover": "emerald",
        "title": "Pokémon Gym"
    },
    "minecraft:music_disc.creator_music_box": {
        "album": "Pokémon Emerald",
        "author": "Go Ichinose",
        "cover": "emerald",
        "title": "Poké Mart"
    },
    "minecraft:music_disc.far": {
        "album": "Pokémon Mystery Dungeon",
        "author": "Arata Iiyoshi & Hideki Sakamoto & Keisuke Ito & Ken-ichi Saito & Yoshihiro Maeda",
        "cover": "explorersofsky",
        "title": "Outlaw!"
    },
    "minecraft:music_disc.mall": {
        "album": "Pokémon Diamond & Pearl",
        "author": "Zame",
        "cover": "pearl",
        "title": "Poké Mart"
    },
    "minecraft:music_disc.mellohi": {
        "album": "Pokémon Gold/Silver/Crystal",
        "author": "Zame",
        "cover": "gold",
        "title": "Lullaby"
    },
    "minecraft:music_disc.otherside": {
        "album": "Pokémon Battle Revolution",
        "author": "Tsukasa Tawada",
        "cover": "battlerevolution",
        "title": "What's Your Name?"
    },
    "minecraft:music_disc.pigstep": {
        "album": "Pokémon Channel",
        "author": "Miki Obata",
        "cover": "channel",
        "title": "Camp Starlight"
    },
    "minecraft:music_disc.precipice": {
        "album": "Pokémon Yellow",
        "author": "Zame",
        "cover": "yellow",
        "title": "Lavender Town"
    },
    "minecraft:music_disc.relic": {
        "album": "Pokémon HeartGold & SoulSilver",
        "author": "Pokestir",
        "cover": "heartgold",
        "title": "Oak's Laboratory"
    },
    "minecraft:music_disc.stal": {
        "album": "Pokémon Diamond & Pearl",
        "author": "Pokestir",
        "cover": "diamond",
        "title": "Game Corner"
    },
    "minecraft:music_disc.strad": {
        "album": "Pokémon HeartGold & SoulSilver",
        "author": "Pokestir",
        "cover": "heartgold",
        "title": "Radio March"
    },
    "minecraft:music_disc.wait": {
        "album": "Pokémon Yellow",
        "author": "Pokestir",
        "cover": "yellow",
        "title": "Bike Theme"
    },
    "minecraft:music_disc.ward": {
        "album": "Pokémon Yellow",
        "author": "Zame",
        "cover": "yellow",
        "title": "Pokémon Tower"
    }
}