{
  "enabled": true,
  "neededInstalledMods": [],
  "neededUninstalledMods": [],
  "spawns": [
    {
      "id": "victini-1T",
      "pokemon": "victini",
      "presets": [
        "natural",
        "wild"
      ],
      "type": "pokemon",
      "context": "grounded",
      "bucket": "ultra-rare",
      "level": "50",
      "weight": 2.0,
      "weightMultipliers": [
        {
          "multiplier": 3.0,
          "condition": {
            "timeRange": "morning"
          }
        },
        {
          "multiplier": 0.5,
          "condition": {
            "isRaining": true
          },
          "anticondition": {
            "biomes": [
              "#cobblemon:is_savanna",
              "#cobblemon:is_volcanic"
            ]
          }
        },
        {
          "multiplier": 0.5,
          "condition": {
            "isThundering": true
          },
          "anticondition": {
            "biomes": [
              "#cobblemon:is_savanna",
              "#cobblemon:is_volcanic"
            ]
          }
        }
      ],
      "condition": {
		"minSkyLight": 8,
		"maxSkyLight": 15,
        "biomes": [
          "#cobblemon:is_savanna",
          "#cobblemon:is_volcanic",
          "#cobblemon:is_island"
        ]
      }
    }
  ]
}