{
	
	"head": "head",
	"portraitScale": 1.2,
	"portraitTranslation": [-0.1, 1.4, 0],
	"profileScale": 0.8,
	"profileTranslation": [0.1, 0.8, 0],
	"poses": {
		"standing": {
			"poseName": "standing",
			"transformTicks": 10,
			"poseTypes": [
				"STAND",
				"NONE",
				"PORTRAIT",
				"PROFILE"
			],
			"animations": [
				"bedrock(malamar, ground_idle)"
			]
		},
		"walking": {
			"poseName": "walking",
			"transformTicks": 10,
			"poseTypes": [ "WALK" ],
			"animations": [
				"bedrock(malamar, ground_walk)"
			]
		}
	}
}