{
  "stunfisk": {
       "sounds": [
       "cobblemon:pokemon/stunfisk/stunfisk"
       ]
  },
    "pansage": {
       "sounds": [
       "cobblemon:pokemon/pansage/pansage"
       ]
  },
    "simisage": {
       "sounds": [
       "cobblemon:pokemon/simisage/simisage"
       ]
  },
    "pansear": {
       "sounds": [
       "cobblemon:pokemon/pansear/pansear"
       ]
  },
    "simisear": {
       "sounds": [
       "cobblemon:pokemon/simisear/simisear"
       ]
  },
    "panpour": {
       "sounds": [
       "cobblemon:pokemon/panpour/panpour"
       ]
  },
    "simipour": {
       "sounds": [
       "cobblemon:pokemon/simipour/simipour"
       ]
  }
}
