{
  "implemented": true,
  "nationalPokedexNumber": 1018,
  "name": "Archaludon",
  "primaryType": "steel",
  "secondaryType": "dragon",
  "maleRatio": 0.5,
  "height": 20,
  "weight": 600,
  "pokedex": [
    "cobblemon.species.archaludon.desc"
  ],
  "labels": [
    "gen9"
  ],
  "aspects": [],
  "abilities": [
    "stamina",
    "sturdy",
    "h:stalwart"
  ],
  "eggGroups": [
    "mineral",
    "dragon"
  ],
  "baseStats": {
    "hp": 90,
    "attack": 105,
    "defence": 130,
    "special_attack": 125,
    "special_defence": 65,
    "speed": 85
  },
  "evYield": {
    "hp": 0,
    "attack": 0,
    "defence": 3,
    "special_attack": 0,
    "special_defence": 0,
    "speed": 0
  },
  "baseExperienceYield": 300,
  "experienceGroup": "medium_fast",
  "catchRate": 10,
  "eggCycles": 30,
  "baseFriendship": 50,
  "moves": [
    "1:electroshot",
    "1:leer",
    "1:metalclaw",
    "6:rocksmash",
    "12:honeclaws",
    "18:metalsound",
    "24:breakingswipe",
    "30:dragontail",
    "36:irondefense",
    "42:focusenergy",
    "48:dragonclaw",
    "54:flashcannon",
    "60:metalburst",
    "66:hyperbeam",
    "egg:mirrorcoat",
    "egg:nightslash",
    "egg:slash",
    "tm:aurasphere",
    "tm:bodypress",
    "tm:bodyslam",
    "tm:breakingswipe",
    "tm:brickbreak",
    "tm:darkpulse",
    "tm:doubleedge",
    "tm:dracometeor",
    "tm:dragoncheer",
    "tm:dragonclaw",
    "tm:dragonpulse",
    "tm:dragontail",
    "tm:earthquake",
    "tm:endure",
    "tm:facade",
    "tm:flashcannon",
    "tm:focusenergy",
    "tm:foulplay",
    "tm:gigaimpact",
    "tm:gyroball",
    "tm:hardpress",
    "tm:heavyslam",
    "tm:honeclaws",
    "tm:hyperbeam",
    "tm:irondefense",
    "tm:ironhead",
    "tm:lightscreen",
    "tm:metalclaw",
    "tm:metalsound",
    "tm:meteorbeam",
    "tm:outrage",
    "tm:protect",
    "tm:reflect",
    "tm:rest",
    "tm:roar",
    "tm:rockslide",
    "tm:rocksmash",
    "tm:rocktomb",
    "tm:scaryface",
    "tm:sleeptalk",
    "tm:smackdown",
    "tm:snarl",
    "tm:solarbeam",
    "tm:stealthrock",
    "tm:steelbeam",
    "tm:stoneedge",
    "tm:substitute",
    "tm:swordsdance",
    "tm:takedown",
    "tm:terablast",
    "tm:thunder",
    "tm:thunderbolt",
    "tm:thunderwave",
    "tutor:darkpulse",
    "tutor:dracometeor",
    "tutor:dragonpulse",
    "tutor:flashcannon",
    "tutor:focusenergy",
    "tutor:foulplay",
    "tutor:gigaimpact",
    "tutor:hyperbeam",
    "tutor:irondefense",
    "tutor:ironhead",
    "tutor:meteorbeam",
    "tutor:outrage",
    "tutor:rest",
    "tutor:rockslide",
    "tutor:rocksmash",
    "tutor:sleeptalk",
    "tutor:snarl",
    "tutor:stealthrock",
    "tutor:steelbeam",
    "tutor:stoneedge",
    "tutor:thunderbolt"
  ],
  "preEvolution": "duraludon",
  "evolutions": []
}