{
  "implemented": true,
  "nationalPokedexNumber": 939,
  "name": "Bellibolt",
  "primaryType": "electric",
  "maleRatio": 0.5,
  "height": 12,
  "weight": 1130,
  "pokedex": [
    "cobblemon.species.bellibolt.desc"
  ],
  "labels": [
    "gen9"
  ],
  "aspects": [],
  "abilities": [
    "electromorphosis",
    "static",
    "h:damp"
  ],
  "eggGroups": [
    "water_1"
  ],
  "baseStats": {
    "hp": 109,
    "attack": 64,
    "defence": 91,
    "special_attack": 103,
    "special_defence": 83,
    "speed": 45
  },
  "evYield": {
    "hp": 2,
    "attack": 0,
    "defence": 0,
    "special_attack": 0,
    "special_defence": 0,
    "speed": 0
  },
  "baseExperienceYield": 173,
  "experienceGroup": "medium_fast",
  "catchRate": 50,
  "eggCycles": 20,
  "baseFriendship": 50,
  "behaviour": {
    "moving": {
      "swim": {
        "canSwimInWater": true,
        "canSwimInLava": false,
        "canBreatheUnderwater": true,
        "swimSpeed": "0.2"
      }
    }
  },
  "drops": {
    "amount": 2,
    "entries": [
      {
        "item": "minecraft:ochre_froglight",
        "percentage": 5.0
      },
      {
        "item": "cobblemon:wepear_berry",
        "percentage": 5.0
      }
    ]
  },
  "moves": [
    "1:tackle",
    "1:mudslap",
    "1:slackoff",
    "7:thundershock",
    "11:watergun",
    "17:charge",
    "21:spark",
    "24:mudshot",
    "25:flail",
    "32:discharge",
    "36:weatherball",
    "40:electricterrain",
    "45:suckerpunch",
    "50:zapcannon",
    "egg:muddywater",
    "egg:paraboliccharge",
    "egg:soak",
    "tm:acidspray",
    "tm:charge",
    "tm:chargebeam",
    "tm:chillingwater",
    "tm:confuseray",
    "tm:eerieimpulse",
    "tm:electricterrain",
    "tm:electroball",
    "tm:electroweb",
    "tm:endure",
    "tm:gigaimpact",
    "tm:hyperbeam",
    "tm:hypervoice",
    "tm:lightscreen",
    "tm:muddywater",
    "tm:mudshot",
    "tm:mudslap",
    "tm:protect",
    "tm:raindance",
    "tm:reflect",
    "tm:rest",
    "tm:sleeptalk",
    "tm:substitute",
    "tm:suckerpunch",
    "tm:supercellslam",
    "tm:swift",
    "tm:terablast",
    "tm:thunder",
    "tm:thunderbolt",
    "tm:thunderwave",
    "tm:toxic",
    "tm:voltswitch",
    "tm:waterpulse",
    "tm:weatherball",
    "tm:wildcharge",
    "tutor:chargebeam",
    "tutor:electroweb",
    "tutor:gigaimpact",
    "tutor:hyperbeam",
    "tutor:hypervoice",
    "tutor:mudslap",
    "tutor:rest",
    "tutor:sleeptalk",
    "tutor:suckerpunch",
    "tutor:swift",
    "tutor:thunderbolt",
    "tutor:waterpulse",
    "tutor:wildcharge"
  ],
  "preEvolution": "tadbulb",
  "evolutions": []
}