{
  "implemented": true,
  "nationalPokedexNumber": 951,
  "name": "Capsakid",
  "primaryType": "grass",
  "maleRatio": 0.5,
  "height": 3,
  "weight": 30,
  "pokedex": [
    "cobblemon.species.capsakid.desc"
  ],
  "labels": [
    "gen9"
  ],
  "aspects": [],
  "abilities": [
    "chlorophyll",
    "insomnia",
    "h:klutz"
  ],
  "eggGroups": [
    "grass"
  ],
  "baseStats": {
    "hp": 50,
    "attack": 62,
    "defence": 40,
    "special_attack": 62,
    "special_defence": 40,
    "speed": 50
  },
  "evYield": {
    "hp": 0,
    "attack": 1,
    "defence": 0,
    "special_attack": 0,
    "special_defence": 0,
    "speed": 0
  },
  "baseExperienceYield": 61,
  "experienceGroup": "medium_fast",
  "catchRate": 190,
  "eggCycles": 20,
  "baseFriendship": 50,
  "drops": {
    "amount": 2,
    "entries": [
      {
        "item": "cobblemon:roasted_leek",
        "quantityRange": "0-1"
      },
      {
        "item": "cobblemon:rawst_berry",
        "percentage": 2.5
      }
    ]
  },
  "moves": [
    "1:leer",
    "1:leafage",
    "4:bite",
    "10:growth",
    "13:razorleaf",
    "17:sunnyday",
    "21:bulletseed",
    "24:headbutt",
    "28:zenheadbutt",
    "38:crunch",
    "44:seedbomb",
    "48:solarbeam",
    "egg:ingrain",
    "egg:leechseed",
    "egg:ragepowder",
    "egg:rollout",
    "egg:worryseed",
    "tm:bulletseed",
    "tm:crunch",
    "tm:endeavor",
    "tm:endure",
    "tm:energyball",
    "tm:facade",
    "tm:gigadrain",
    "tm:grassknot",
    "tm:grassyglide",
    "tm:grassyterrain",
    "tm:headbutt",
    "tm:helpinghand",
    "tm:leafstorm",
    "tm:magicalleaf",
    "tm:protect",
    "tm:rest",
    "tm:rollout",
    "tm:sandstorm",
    "tm:seedbomb",
    "tm:sleeptalk",
    "tm:solarbeam",
    "tm:stompingtantrum",
    "tm:substitute",
    "tm:sunnyday",
    "tm:superfang",
    "tm:takedown",
    "tm:terablast",
    "tm:thief",
    "tm:trailblaze",
    "tm:worryseed",
    "tm:zenheadbutt",
    "tutor:endeavor",
    "tutor:energyball",
    "tutor:gigadrain",
    "tutor:grassyglide",
    "tutor:helpinghand",
    "tutor:magicalleaf",
    "tutor:rest",
    "tutor:rollout",
    "tutor:seedbomb",
    "tutor:sleeptalk",
    "tutor:stompingtantrum",
    "tutor:superfang",
    "tutor:worryseed",
    "tutor:zenheadbutt"
  ],
  "evolutions": [
    {
      "id": "capsakid_scovillain",
      "variant": "item_interact",
      "result": "scovillain",
      "consumeHeldItem": true,
      "learnableMoves": [
        "spicyextract",
        "flamethrower"
      ],
      "requirements": [],
      "requiredContext": "cobblemon:fire_stone"
    }
  ]
}