{
  "implemented": true,
  "nationalPokedexNumber": 967,
  "name": "Cyclizar",
  "primaryType": "dragon",
  "secondaryType": "normal",
  "maleRatio": 0.5,
  "height": 16,
  "weight": 630,
  "pokedex": [
    "cobblemon.species.cyclizar.desc"
  ],
  "labels": [
    "gen9"
  ],
  "aspects": [],
  "abilities": [
    "shedskin",
    "h:regenerator"
  ],
  "eggGroups": [
    "field"
  ],
  "baseStats": {
    "hp": 70,
    "attack": 95,
    "defence": 65,
    "special_attack": 85,
    "special_defence": 65,
    "speed": 121
  },
  "evYield": {
    "hp": 0,
    "attack": 0,
    "defence": 0,
    "special_attack": 0,
    "special_defence": 0,
    "speed": 2
  },
  "baseExperienceYield": 175,
  "experienceGroup": "medium_slow",
  "catchRate": 190,
  "eggCycles": 30,
  "baseFriendship": 50,
  "drops": {
    "amount": 1,
    "entries": [
      {
        "item": "cobblemon:haban_berry",
        "percentage": 5.0
      }
    ]
  },
  "moves": [
    "1:tackle",
    "1:growl",
    "7:rapidspin",
    "11:taunt",
    "14:breakingswipe",
    "18:quickattack",
    "23:bite",
    "27:uturn",
    "31:shedtail",
    "36:dragonclaw",
    "40:shiftgear",
    "45:dragonpulse",
    "51:doubleedge",
    "57:dragonrush",
    "egg:aquatail",
    "egg:irontail",
    "egg:knockoff",
    "egg:powerwhip",
    "tm:acrobatics",
    "tm:aerialace",
    "tm:agility",
    "tm:aquatail",
    "tm:bodyslam",
    "tm:breakingswipe",
    "tm:crunch",
    "tm:doubleedge",
    "tm:dracometeor",
    "tm:dragoncheer",
    "tm:dragonclaw",
    "tm:dragonpulse",
    "tm:dragontail",
    "tm:endeavor",
    "tm:endure",
    "tm:facade",
    "tm:firefang",
    "tm:gigaimpact",
    "tm:hyperbeam",
    "tm:hypervoice",
    "tm:icespinner",
    "tm:ironhead",
    "tm:irontail",
    "tm:knockoff",
    "tm:mudshot",
    "tm:mudslap",
    "tm:outrage",
    "tm:overheat",
    "tm:powerwhip",
    "tm:protect",
    "tm:raindance",
    "tm:rest",
    "tm:scaleshot",
    "tm:sleeptalk",
    "tm:substitute",
    "tm:sunnyday",
    "tm:supercellslam",
    "tm:takedown",
    "tm:taunt",
    "tm:temperflare",
    "tm:terablast",
    "tm:thief",
    "tm:thunderbolt",
    "tm:thunderfang",
    "tm:trailblaze",
    "tm:uproar",
    "tm:uturn",
    "tm:wildcharge",
    "tutor:aerialace",
    "tutor:aquatail",
    "tutor:dracometeor",
    "tutor:dragonpulse",
    "tutor:endeavor",
    "tutor:firefang",
    "tutor:gigaimpact",
    "tutor:hyperbeam",
    "tutor:hypervoice",
    "tutor:ironhead",
    "tutor:irontail",
    "tutor:knockoff",
    "tutor:mudslap",
    "tutor:outrage",
    "tutor:rest",
    "tutor:scaleshot",
    "tutor:sleeptalk",
    "tutor:thunderbolt",
    "tutor:thunderfang",
    "tutor:uproar",
    "tutor:wildcharge"
  ],
  "evolutions": []
}