{
  "implemented": true,
  "nationalPokedexNumber": 984,
  "name": "Great Tusk",
  "primaryType": "ground",
  "secondaryType": "fighting",
  "maleRatio": -1,
  "height": 22,
  "weight": 3200,
  "pokedex": [
    "cobblemon.species.greattusk.desc"
  ],
  "labels": [
    "gen9",
    "paradox"
  ],
  "aspects": [],
  "abilities": [
    "protosynthesis",
    "h:protosynthesis"
  ],
  "eggGroups": [
    "undiscovered"
  ],
  "baseStats": {
    "hp": 115,
    "attack": 131,
    "defence": 131,
    "special_attack": 53,
    "special_defence": 53,
    "speed": 87
  },
  "evYield": {
    "hp": 0,
    "attack": 3,
    "defence": 0,
    "special_attack": 0,
    "special_defence": 0,
    "speed": 0
  },
  "baseExperienceYield": 285,
  "experienceGroup": "slow",
  "catchRate": 30,
  "eggCycles": 50,
  "baseFriendship": 0,
  "moves": [
    "1:hornattack",
    "1:defensecurl",
    "1:rollout",
    "1:sunnyday",
    "7:bulldoze",
    "14:taunt",
    "21:rapidspin",
    "28:brickbreak",
    "35:stompingtantrum",
    "42:knockoff",
    "49:earthquake",
    "56:gigaimpact",
    "63:closecombat",
    "70:endeavor",
    "77:megahorn",
    "84:headsmash",
    "91:headlongrush",
    "tm:bodypress",
    "tm:bodyslam",
    "tm:brickbreak",
    "tm:bulkup",
    "tm:bulldoze",
    "tm:closecombat",
    "tm:dig",
    "tm:doubleedge",
    "tm:earthpower",
    "tm:earthquake",
    "tm:endeavor",
    "tm:endure",
    "tm:facade",
    "tm:firefang",
    "tm:flashcannon",
    "tm:gigaimpact",
    "tm:heavyslam",
    "tm:highhorsepower",
    "tm:hyperbeam",
    "tm:icefang",
    "tm:icespinner",
    "tm:ironhead",
    "tm:knockoff",
    "tm:megahorn",
    "tm:mudshot",
    "tm:mudslap",
    "tm:playrough",
    "tm:protect",
    "tm:psyshock",
    "tm:rest",
    "tm:reversal",
    "tm:roar",
    "tm:rockslide",
    "tm:rocktomb",
    "tm:rollout",
    "tm:sandstorm",
    "tm:scaryface",
    "tm:sleeptalk",
    "tm:smackdown",
    "tm:smartstrike",
    "tm:stealthrock",
    "tm:stompingtantrum",
    "tm:stoneedge",
    "tm:substitute",
    "tm:sunnyday",
    "tm:supercellslam",
    "tm:takedown",
    "tm:taunt",
    "tm:temperflare",
    "tm:terablast",
    "tm:throatchop",
    "tm:thunderfang",
    "tm:zenheadbutt",
    "tutor:bulkup",
    "tutor:bulldoze",
    "tutor:earthpower",
    "tutor:endeavor",
    "tutor:firefang",
    "tutor:flashcannon",
    "tutor:gigaimpact",
    "tutor:highhorsepower",
    "tutor:hyperbeam",
    "tutor:icefang",
    "tutor:ironhead",
    "tutor:knockoff",
    "tutor:megahorn",
    "tutor:mudslap",
    "tutor:playrough",
    "tutor:rest",
    "tutor:rockslide",
    "tutor:rollout",
    "tutor:sleeptalk",
    "tutor:stealthrock",
    "tutor:stompingtantrum",
    "tutor:stoneedge",
    "tutor:throatchop",
    "tutor:thunderfang",
    "tutor:zenheadbutt"
  ],
  "evolutions": []
}