{
  "implemented": true,
  "nationalPokedexNumber": 971,
  "name": "Greavard",
  "primaryType": "ghost",
  "maleRatio": 0.5,
  "height": 6,
  "weight": 350,
  "pokedex": [
    "cobblemon.species.greavard.desc"
  ],
  "labels": [
    "gen9"
  ],
  "aspects": [],
  "abilities": [
    "pickup",
    "h:fluffy"
  ],
  "eggGroups": [
    "field"
  ],
  "baseStats": {
    "hp": 50,
    "attack": 61,
    "defence": 60,
    "special_attack": 30,
    "special_defence": 55,
    "speed": 34
  },
  "evYield": {
    "hp": 0,
    "attack": 1,
    "defence": 0,
    "special_attack": 0,
    "special_defence": 0,
    "speed": 0
  },
  "baseExperienceYield": 58,
  "experienceGroup": "medium_slow",
  "catchRate": 120,
  "eggCycles": 20,
  "baseFriendship": 50,
  "drops": {
    "amount": 5,
    "entries": [
      {
        "item": "minecraft:bone",
        "quantityRange": "1-2"
      },
      {
        "item": "minecraft:rotten_flesh",
        "quantityRange": "0-1"
      },
      {
        "item": "minecraft:candle",
        "percentage": 2.5
      },
      {
        "item": "cobblemon:kasib_berry",
        "percentage": 2.5
      }
    ]
  },
  "moves": [
    "1:tackle",
    "1:growl",
    "3:lick",
    "6:tailwhip",
    "6:bite",
    "9:roar",
    "12:headbutt",
    "16:dig",
    "24:rest",
    "28:crunch",
    "32:playrough",
    "37:helpinghand",
    "41:phantomforce",
    "46:charm",
    "52:doubleedge",
    "egg:allyswitch",
    "egg:destinybond",
    "egg:disable",
    "egg:howl",
    "egg:memento",
    "egg:shadowsneak",
    "egg:yawn",
    "tm:allyswitch",
    "tm:bulldoze",
    "tm:charm",
    "tm:confuseray",
    "tm:crunch",
    "tm:dig",
    "tm:doubleedge",
    "tm:endeavor",
    "tm:endure",
    "tm:facade",
    "tm:firefang",
    "tm:headbutt",
    "tm:helpinghand",
    "tm:hex",
    "tm:icefang",
    "tm:mudshot",
    "tm:mudslap",
    "tm:nightshade",
    "tm:painsplit",
    "tm:phantomforce",
    "tm:playrough",
    "tm:poltergeist",
    "tm:protect",
    "tm:psychicfangs",
    "tm:raindance",
    "tm:rest",
    "tm:roar",
    "tm:sandstorm",
    "tm:scaryface",
    "tm:shadowball",
    "tm:sleeptalk",
    "tm:snarl",
    "tm:stompingtantrum",
    "tm:substitute",
    "tm:sunnyday",
    "tm:takedown",
    "tm:terablast",
    "tm:thief",
    "tm:thunderfang",
    "tm:trick",
    "tm:uproar",
    "tutor:allyswitch",
    "tutor:bulldoze",
    "tutor:endeavor",
    "tutor:firefang",
    "tutor:helpinghand",
    "tutor:icefang",
    "tutor:mudslap",
    "tutor:painsplit",
    "tutor:playrough",
    "tutor:poltergeist",
    "tutor:psychic",
    "tutor:rest",
    "tutor:shadowball",
    "tutor:sleeptalk",
    "tutor:snarl",
    "tutor:stompingtantrum",
    "tutor:thunderfang",
    "tutor:trick",
    "tutor:uproar"
  ],
  "evolutions": [
    {
      "id": "greavard_houndstone",
      "variant": "level_up",
      "result": "houndstone",
      "consumeHeldItem": false,
      "learnableMoves": [
        "lastrespects"
      ],
      "requirements": [
        {
          "variant": "level",
          "minLevel": 30
        },
        {
          "variant": "time_range",
          "range": "night"
        }
      ]
    }
  ]
}