{
  "implemented": true,
  "nationalPokedexNumber": 1019,
  "name": "Hydrapple",
  "primaryType": "grass",
  "secondaryType": "dragon",
  "maleRatio": 0.5,
  "height": 18,
  "weight": 930,
  "pokedex": [
    "cobblemon.species.hydrapple.desc"
  ],
  "labels": [
    "gen9"
  ],
  "aspects": [],
  "abilities": [
    "supersweetsyrup",
    "regenerator",
    "h:stickyhold"
  ],
  "eggGroups": [
    "grass",
    "dragon"
  ],
  "baseStats": {
    "hp": 106,
    "attack": 80,
    "defence": 110,
    "special_attack": 120,
    "special_defence": 80,
    "speed": 44
  },
  "evYield": {
    "hp": 0,
    "attack": 0,
    "defence": 0,
    "special_attack": 3,
    "special_defence": 0,
    "speed": 0
  },
  "baseExperienceYield": 270,
  "experienceGroup": "erratic",
  "catchRate": 10,
  "eggCycles": 20,
  "baseFriendship": 50,
  "moves": [
    "1:ficklebeam",
    "1:withdraw",
    "1:sweetscent",
    "1:recycle",
    "1:astonish",
    "1:yawn",
    "1:doublehit",
    "1:infestation",
    "4:dragontail",
    "8:growth",
    "12:dragonbreath",
    "16:protect",
    "20:bulletseed",
    "28:syrupbomb",
    "32:dragonpulse",
    "36:recover",
    "40:energyball",
    "44:substitute",
    "54:powerwhip",
    "egg:defensecurl",
    "egg:recycle",
    "egg:rollout",
    "egg:suckerpunch",
    "tm:bodypress",
    "tm:bodyslam",
    "tm:breakingswipe",
    "tm:bugbite",
    "tm:bulletseed",
    "tm:curse",
    "tm:doubleedge",
    "tm:dracometeor",
    "tm:dragoncheer",
    "tm:dragonpulse",
    "tm:dragontail",
    "tm:earthpower",
    "tm:earthquake",
    "tm:endure",
    "tm:energyball",
    "tm:facade",
    "tm:gigadrain",
    "tm:gigaimpact",
    "tm:grassknot",
    "tm:grassyglide",
    "tm:grassyterrain",
    "tm:gyroball",
    "tm:heavyslam",
    "tm:hydropump",
    "tm:hyperbeam",
    "tm:infestation",
    "tm:leafstorm",
    "tm:magicalleaf",
    "tm:nastyplot",
    "tm:outrage",
    "tm:pollenpuff",
    "tm:pounce",
    "tm:powerwhip",
    "tm:protect",
    "tm:raindance",
    "tm:recycle",
    "tm:reflect",
    "tm:rest",
    "tm:rollout",
    "tm:seedbomb",
    "tm:sleeptalk",
    "tm:solarbeam",
    "tm:substitute",
    "tm:suckerpunch",
    "tm:sunnyday",
    "tm:takedown",
    "tm:terablast",
    "tm:uproar",
    "tutor:bugbite",
    "tutor:dracometeor",
    "tutor:dragonpulse",
    "tutor:earthpower",
    "tutor:energyball",
    "tutor:gigadrain",
    "tutor:gigaimpact",
    "tutor:grassyglide",
    "tutor:hyperbeam",
    "tutor:magicalleaf",
    "tutor:outrage",
    "tutor:recycle",
    "tutor:rest",
    "tutor:rollout",
    "tutor:seedbomb",
    "tutor:sleeptalk",
    "tutor:suckerpunch",
    "tutor:uproar"
  ],
  "preEvolution": "dipplin",
  "evolutions": []
}