{
  "implemented": true,
  "nationalPokedexNumber": 993,
  "name": "Iron Jugulis",
  "primaryType": "dark",
  "secondaryType": "flying",
  "maleRatio": -1,
  "height": 13,
  "weight": 1110,
  "pokedex": [
    "cobblemon.species.ironjugulis.desc"
  ],
  "labels": [
    "gen9",
    "paradox"
  ],
  "aspects": [],
  "abilities": [
    "quarkdrive",
    "h:quarkdrive"
  ],
  "eggGroups": [
    "undiscovered"
  ],
  "baseStats": {
    "hp": 94,
    "attack": 80,
    "defence": 86,
    "special_attack": 122,
    "special_defence": 80,
    "speed": 108
  },
  "evYield": {
    "hp": 0,
    "attack": 0,
    "defence": 0,
    "special_attack": 3,
    "special_defence": 0,
    "speed": 0
  },
  "baseExperienceYield": 285,
  "experienceGroup": "slow",
  "catchRate": 30,
  "eggCycles": 50,
  "baseFriendship": 0,
  "moves": [
    "1:electricterrain",
    "1:workup",
    "1:focusenergy",
    "1:triattack",
    "1:aircutter",
    "7:roar",
    "14:assurance",
    "21:dragonbreath",
    "28:snarl",
    "35:crunch",
    "42:hypervoice",
    "56:airslash",
    "63:knockoff",
    "70:darkpulse",
    "77:outrage",
    "84:dragonpulse",
    "91:hyperbeam",
    "tm:acrobatics",
    "tm:aircutter",
    "tm:airslash",
    "tm:assurance",
    "tm:bodyslam",
    "tm:chargebeam",
    "tm:crunch",
    "tm:darkpulse",
    "tm:doubleedge",
    "tm:dragoncheer",
    "tm:dragonpulse",
    "tm:dragontail",
    "tm:dualwingbeat",
    "tm:earthpower",
    "tm:electricterrain",
    "tm:endure",
    "tm:facade",
    "tm:fireblast",
    "tm:firefang",
    "tm:flamethrower",
    "tm:flashcannon",
    "tm:fly",
    "tm:focusblast",
    "tm:focusenergy",
    "tm:gigaimpact",
    "tm:heatwave",
    "tm:hurricane",
    "tm:hydropump",
    "tm:hyperbeam",
    "tm:hypervoice",
    "tm:ironhead",
    "tm:knockoff",
    "tm:lashout",
    "tm:metalsound",
    "tm:meteorbeam",
    "tm:outrage",
    "tm:protect",
    "tm:raindance",
    "tm:rest",
    "tm:roar",
    "tm:rocktomb",
    "tm:scaryface",
    "tm:sleeptalk",
    "tm:snarl",
    "tm:substitute",
    "tm:sunnyday",
    "tm:tailwind",
    "tm:takedown",
    "tm:taunt",
    "tm:terablast",
    "tm:throatchop",
    "tm:triattack",
    "tm:uturn",
    "tm:workup",
    "tm:zenheadbutt",
    "tutor:aircutter",
    "tutor:chargebeam",
    "tutor:darkpulse",
    "tutor:dragonpulse",
    "tutor:dualwingbeat",
    "tutor:earthpower",
    "tutor:firefang",
    "tutor:flamethrower",
    "tutor:flashcannon",
    "tutor:focusenergy",
    "tutor:gigaimpact",
    "tutor:heatwave",
    "tutor:hyperbeam",
    "tutor:hypervoice",
    "tutor:ironhead",
    "tutor:knockoff",
    "tutor:lashout",
    "tutor:meteorbeam",
    "tutor:outrage",
    "tutor:rest",
    "tutor:sleeptalk",
    "tutor:snarl",
    "tutor:tailwind",
    "tutor:throatchop",
    "tutor:zenheadbutt"
  ],
  "evolutions": []
}