{
  "implemented": true,
  "nationalPokedexNumber": 994,
  "name": "Iron Moth",
  "primaryType": "fire",
  "secondaryType": "poison",
  "maleRatio": -1,
  "height": 12,
  "weight": 360,
  "pokedex": [
    "cobblemon.species.ironmoth.desc"
  ],
  "labels": [
    "gen9",
    "paradox"
  ],
  "aspects": [],
  "abilities": [
    "quarkdrive",
    "h:quarkdrive"
  ],
  "eggGroups": [
    "undiscovered"
  ],
  "baseStats": {
    "hp": 80,
    "attack": 70,
    "defence": 60,
    "special_attack": 140,
    "special_defence": 110,
    "speed": 110
  },
  "evYield": {
    "hp": 0,
    "attack": 0,
    "defence": 0,
    "special_attack": 3,
    "special_defence": 0,
    "speed": 0
  },
  "baseExperienceYield": 285,
  "experienceGroup": "slow",
  "catchRate": 30,
  "eggCycles": 50,
  "baseFriendship": 0,
  "moves": [
    "1:gust",
    "1:whirlwind",
    "1:ember",
    "1:acidspray",
    "1:electricterrain",
    "7:strugglebug",
    "14:firespin",
    "21:takedown",
    "28:lunge",
    "35:screech",
    "42:discharge",
    "49:sludgewave",
    "56:fierydance",
    "63:metalsound",
    "70:morningsun",
    "77:hurricane",
    "84:bugbuzz",
    "91:overheat",
    "tm:acidspray",
    "tm:acrobatics",
    "tm:agility",
    "tm:airslash",
    "tm:bugbuzz",
    "tm:chargebeam",
    "tm:confuseray",
    "tm:dazzlinggleam",
    "tm:electricterrain",
    "tm:endure",
    "tm:energyball",
    "tm:facade",
    "tm:fireblast",
    "tm:firespin",
    "tm:flamecharge",
    "tm:flamethrower",
    "tm:flareblitz",
    "tm:flashcannon",
    "tm:gigaimpact",
    "tm:heatwave",
    "tm:helpinghand",
    "tm:hurricane",
    "tm:hyperbeam",
    "tm:lightscreen",
    "tm:lunge",
    "tm:metalsound",
    "tm:meteorbeam",
    "tm:overheat",
    "tm:pounce",
    "tm:protect",
    "tm:psychic",
    "tm:rest",
    "tm:screech",
    "tm:sleeptalk",
    "tm:sludgewave",
    "tm:solarbeam",
    "tm:strugglebug",
    "tm:substitute",
    "tm:sunnyday",
    "tm:swift",
    "tm:takedown",
    "tm:terablast",
    "tm:toxic",
    "tm:toxicspikes",
    "tm:uturn",
    "tm:venoshock",
    "tutor:chargebeam",
    "tutor:dazzlinggleam",
    "tutor:energyball",
    "tutor:flamethrower",
    "tutor:flashcannon",
    "tutor:gigaimpact",
    "tutor:heatwave",
    "tutor:helpinghand",
    "tutor:hyperbeam",
    "tutor:meteorbeam",
    "tutor:psychic",
    "tutor:rest",
    "tutor:sleeptalk",
    "tutor:spikes",
    "tutor:swift"
  ],
  "evolutions": []
}