{
  "implemented": true,
  "nationalPokedexNumber": 990,
  "name": "Iron Treads",
  "primaryType": "ground",
  "secondaryType": "steel",
  "maleRatio": -1,
  "height": 9,
  "weight": 2400,
  "pokedex": [
    "cobblemon.species.irontreads.desc"
  ],
  "labels": [
    "gen9",
    "paradox"
  ],
  "aspects": [],
  "abilities": [
    "quarkdrive",
    "h:quarkdrive"
  ],
  "eggGroups": [
    "undiscovered"
  ],
  "baseStats": {
    "hp": 90,
    "attack": 112,
    "defence": 120,
    "special_attack": 72,
    "special_defence": 70,
    "speed": 106
  },
  "evYield": {
    "hp": 0,
    "attack": 0,
    "defence": 3,
    "special_attack": 0,
    "special_defence": 0,
    "speed": 0
  },
  "baseExperienceYield": 285,
  "experienceGroup": "slow",
  "catchRate": 30,
  "eggCycles": 50,
  "baseFriendship": 0,
  "moves": [
    "1:hornattack",
    "1:defensecurl",
    "1:rollout",
    "1:electricterrain",
    "7:bulldoze",
    "21:rapidspin",
    "28:ironhead",
    "35:stompingtantrum",
    "42:knockoff",
    "49:earthquake",
    "56:heavyslam",
    "63:wildcharge",
    "70:endeavor",
    "77:megahorn",
    "84:gigaimpact",
    "91:steelroller",
    "tm:bodypress",
    "tm:bodyslam",
    "tm:bulldoze",
    "tm:doubleedge",
    "tm:earthpower",
    "tm:earthquake",
    "tm:electricterrain",
    "tm:electroball",
    "tm:endeavor",
    "tm:facade",
    "tm:flashcannon",
    "tm:gigaimpact",
    "tm:gyroball",
    "tm:hardpress",
    "tm:heavyslam",
    "tm:highhorsepower",
    "tm:hyperbeam",
    "tm:icefang",
    "tm:icespinner",
    "tm:irondefense",
    "tm:ironhead",
    "tm:knockoff",
    "tm:megahorn",
    "tm:metalsound",
    "tm:mudshot",
    "tm:mudslap",
    "tm:protect",
    "tm:rest",
    "tm:rockslide",
    "tm:rocktomb",
    "tm:rollout",
    "tm:sandstorm",
    "tm:scaryface",
    "tm:sleeptalk",
    "tm:smartstrike",
    "tm:stealthrock",
    "tm:steelbeam",
    "tm:steelroller",
    "tm:stompingtantrum",
    "tm:stoneedge",
    "tm:substitute",
    "tm:supercellslam",
    "tm:takedown",
    "tm:terablast",
    "tm:thunder",
    "tm:thunderfang",
    "tm:voltswitch",
    "tm:wildcharge",
    "tm:zenheadbutt",
    "tutor:bulldoze",
    "tutor:earthpower",
    "tutor:endeavor",
    "tutor:flashcannon",
    "tutor:gigaimpact",
    "tutor:highhorsepower",
    "tutor:hyperbeam",
    "tutor:icefang",
    "tutor:irondefense",
    "tutor:ironhead",
    "tutor:knockoff",
    "tutor:megahorn",
    "tutor:mudslap",
    "tutor:rest",
    "tutor:rockslide",
    "tutor:rollout",
    "tutor:sleeptalk",
    "tutor:stealthrock",
    "tutor:steelbeam",
    "tutor:steelroller",
    "tutor:stompingtantrum",
    "tutor:stoneedge",
    "tutor:thunderfang",
    "tutor:wildcharge",
    "tutor:zenheadbutt"
  ],
  "evolutions": []
}