{
  "implemented": true,
  "nationalPokedexNumber": 992,
  "name": "Iron Hands",
  "primaryType": "fighting",
  "secondaryType": "electric",
  "maleRatio": -1,
  "height": 18,
  "weight": 3807,
  "pokedex": [
    "cobblemon.species.ironhands.desc"
  ],
  "labels": [
    "gen9",
    "paradox"
  ],
  "aspects": [],
  "abilities": [
    "quarkdrive",
    "h:quarkdrive"
  ],
  "eggGroups": [
    "undiscovered"
  ],
  "baseStats": {
    "hp": 154,
    "attack": 140,
    "defence": 108,
    "special_attack": 50,
    "special_defence": 68,
    "speed": 50
  },
  "evYield": {
    "hp": 0,
    "attack": 3,
    "defence": 0,
    "special_attack": 0,
    "special_defence": 0,
    "speed": 0
  },
  "baseExperienceYield": 285,
  "experienceGroup": "slow",
  "catchRate": 50,
  "eggCycles": 50,
  "baseFriendship": 0,
  "moves": [
    "1:sandattack",
    "1:tackle",
    "1:focusenergy",
    "1:armthrust",
    "1:electricterrain",
    "7:fakeout",
    "14:whirlwind",
    "21:thunderpunch",
    "28:slam",
    "35:forcepalm",
    "42:seismictoss",
    "49:charge",
    "56:wildcharge",
    "63:closecombat",
    "70:detect",
    "77:heavyslam",
    "84:bellydrum",
    "91:focuspunch",
    "tm:bodypress",
    "tm:bodyslam",
    "tm:brickbreak",
    "tm:bulldoze",
    "tm:charge",
    "tm:closecombat",
    "tm:doubleedge",
    "tm:drainpunch",
    "tm:earthquake",
    "tm:electricterrain",
    "tm:endure",
    "tm:facade",
    "tm:firepunch",
    "tm:fling",
    "tm:focusblast",
    "tm:focusenergy",
    "tm:focuspunch",
    "tm:gigaimpact",
    "tm:hardpress",
    "tm:heavyslam",
    "tm:hyperbeam",
    "tm:icepunch",
    "tm:irondefense",
    "tm:ironhead",
    "tm:lowkick",
    "tm:lowsweep",
    "tm:metronome",
    "tm:playrough",
    "tm:protect",
    "tm:rest",
    "tm:reversal",
    "tm:rockslide",
    "tm:rocktomb",
    "tm:scaryface",
    "tm:sleeptalk",
    "tm:stompingtantrum",
    "tm:substitute",
    "tm:supercellslam",
    "tm:swordsdance",
    "tm:takedown",
    "tm:terablast",
    "tm:thunder",
    "tm:thunderbolt",
    "tm:thunderpunch",
    "tm:voltswitch",
    "tm:wildcharge",
    "tutor:bulldoze",
    "tutor:drainpunch",
    "tutor:firepunch",
    "tutor:focusenergy",
    "tutor:focuspunch",
    "tutor:gigaimpact",
    "tutor:hyperbeam",
    "tutor:icepunch",
    "tutor:irondefense",
    "tutor:ironhead",
    "tutor:lowkick",
    "tutor:playrough",
    "tutor:rest",
    "tutor:rockslide",
    "tutor:sleeptalk",
    "tutor:stompingtantrum",
    "tutor:thunderbolt",
    "tutor:thunderpunch",
    "tutor:wildcharge"
  ],
  "evolutions": []
}