{
  "implemented": true,
  "nationalPokedexNumber": 983,
  "name": "Kingambit",
  "primaryType": "dark",
  "secondaryType": "steel",
  "maleRatio": 0.5,
  "height": 20,
  "weight": 1200,
  "pokedex": [
    "cobblemon.species.kingambit.desc"
  ],
  "labels": [
    "gen9"
  ],
  "aspects": [],
  "abilities": [
    "defiant",
    "supremeoverlord",
    "h:pressure"
  ],
  "eggGroups": [
    "human_like"
  ],
  "baseStats": {
    "hp": 100,
    "attack": 135,
    "defence": 120,
    "special_attack": 60,
    "special_defence": 85,
    "speed": 50
  },
  "evYield": {
    "hp": 0,
    "attack": 3,
    "defence": 0,
    "special_attack": 0,
    "special_defence": 0,
    "speed": 0
  },
  "baseExperienceYield": 275,
  "experienceGroup": "medium_fast",
  "catchRate": 25,
  "eggCycles": 20,
  "baseFriendship": 50,
  "drops": {
    "amount": 2,
    "entries": [
      {
        "item": "cobblemon:rocky_helmet",
        "percentage": 5.0
      },
      {
        "item": "cobblemon:cheri_berry",
        "percentage": 5.0
      }
    ]
  },
  "moves": [
    "1:kowtowcleave",
    "1:metalburst",
    "1:metalclaw",
    "1:furycutter",
    "1:scratch",
    "1:leer",
    "1:feintattack",
    "15:torment",
    "20:scaryface",
    "25:assurance",
    "30:metalsound",
    "35:slash",
    "40:nightslash",
    "45:irondefense",
    "50:retaliate",
    "57:ironhead",
    "64:swordsdance",
    "71:guillotine",
    "egg:feintattack",
    "egg:headbutt",
    "egg:meanlook",
    "egg:pursuit",
    "egg:quickguard",
    "egg:suckerpunch",
    "tm:aerialace",
    "tm:airslash",
    "tm:assurance",
    "tm:brickbreak",
    "tm:darkpulse",
    "tm:dig",
    "tm:endure",
    "tm:facade",
    "tm:falseswipe",
    "tm:flashcannon",
    "tm:fling",
    "tm:focusblast",
    "tm:foulplay",
    "tm:furycutter",
    "tm:gigaimpact",
    "tm:grassknot",
    "tm:headbutt",
    "tm:hyperbeam",
    "tm:irondefense",
    "tm:ironhead",
    "tm:lashout",
    "tm:lowkick",
    "tm:lowsweep",
    "tm:metalclaw",
    "tm:metalsound",
    "tm:poisonjab",
    "tm:protect",
    "tm:raindance",
    "tm:rest",
    "tm:retaliate",
    "tm:reversal",
    "tm:rocktomb",
    "tm:sandstorm",
    "tm:scaryface",
    "tm:shadowclaw",
    "tm:sleeptalk",
    "tm:snarl",
    "tm:spite",
    "tm:stealthrock",
    "tm:steelbeam",
    "tm:stoneedge",
    "tm:substitute",
    "tm:suckerpunch",
    "tm:swordsdance",
    "tm:takedown",
    "tm:taunt",
    "tm:terablast",
    "tm:thief",
    "tm:throatchop",
    "tm:thunderwave",
    "tm:torment",
    "tm:xscissor",
    "tm:zenheadbutt",
    "tutor:aerialace",
    "tutor:darkpulse",
    "tutor:falseswipe",
    "tutor:flashcannon",
    "tutor:foulplay",
    "tutor:furycutter",
    "tutor:gigaimpact",
    "tutor:hyperbeam",
    "tutor:irondefense",
    "tutor:ironhead",
    "tutor:lashout",
    "tutor:lowkick",
    "tutor:poisonjab",
    "tutor:rest",
    "tutor:shadowclaw",
    "tutor:sleeptalk",
    "tutor:snarl",
    "tutor:spite",
    "tutor:stealthrock",
    "tutor:steelbeam",
    "tutor:stoneedge",
    "tutor:suckerpunch",
    "tutor:throatchop",
    "tutor:xscissor",
    "tutor:zenheadbutt"
  ],
  "preEvolution": "bisharp",
  "evolutions": []
}