{
  "implemented": true,
  "nationalPokedexNumber": 920,
  "name": "Lokix",
  "primaryType": "bug",
  "secondaryType": "dark",
  "maleRatio": 0.5,
  "height": 10,
  "weight": 175,
  "pokedex": [
    "cobblemon.species.lokix.desc"
  ],
  "labels": [
    "gen9"
  ],
  "aspects": [],
  "abilities": [
    "swarm",
    "h:tintedlens"
  ],
  "eggGroups": [
    "bug"
  ],
  "baseStats": {
    "hp": 71,
    "attack": 102,
    "defence": 78,
    "special_attack": 52,
    "special_defence": 55,
    "speed": 92
  },
  "evYield": {
    "hp": 0,
    "attack": 2,
    "defence": 0,
    "special_attack": 0,
    "special_defence": 0,
    "speed": 0
  },
  "baseExperienceYield": 158,
  "experienceGroup": "medium_fast",
  "catchRate": 30,
  "eggCycles": 20,
  "baseFriendship": 0,
  "drops": {
    "amount": 1,
    "entries": [
      {
        "item": "cobblemon:coba_berry",
        "percentage": 5.0
      }
    ]
  },
  "moves": [
    "1:lunge",
    "1:tackle",
    "1:leer",
    "1:lowkick",
    "1:detect",
    "4:strugglebug",
    "6:astonish",
    "9:assurance",
    "11:doublekick",
    "14:screech",
    "18:endure",
    "22:bugbite",
    "28:feint",
    "32:agility",
    "36:throatchop",
    "40:suckerpunch",
    "44:firstimpression",
    "48:bounce",
    "53:axekick",
    "egg:counter",
    "egg:skittersmack",
    "tm:aerialace",
    "tm:agility",
    "tm:assurance",
    "tm:bounce",
    "tm:brickbreak",
    "tm:bugbite",
    "tm:bugbuzz",
    "tm:darkpulse",
    "tm:doubleedge",
    "tm:endure",
    "tm:facade",
    "tm:fling",
    "tm:gigaimpact",
    "tm:knockoff",
    "tm:lashout",
    "tm:leechlife",
    "tm:lowkick",
    "tm:lowsweep",
    "tm:lunge",
    "tm:pounce",
    "tm:protect",
    "tm:raindance",
    "tm:rest",
    "tm:reversal",
    "tm:scaryface",
    "tm:screech",
    "tm:skittersmack",
    "tm:sleeptalk",
    "tm:spite",
    "tm:strugglebug",
    "tm:substitute",
    "tm:suckerpunch",
    "tm:sunnyday",
    "tm:swordsdance",
    "tm:takedown",
    "tm:taunt",
    "tm:terablast",
    "tm:thief",
    "tm:throatchop",
    "tm:trailblaze",
    "tm:uturn",
    "tm:xscissor",
    "tutor:aerialace",
    "tutor:bounce",
    "tutor:bugbite",
    "tutor:darkpulse",
    "tutor:gigaimpact",
    "tutor:knockoff",
    "tutor:lashout",
    "tutor:leechlife",
    "tutor:lowkick",
    "tutor:rest",
    "tutor:skittersmack",
    "tutor:sleeptalk",
    "tutor:spite",
    "tutor:suckerpunch",
    "tutor:throatchop",
    "tutor:xscissor"
  ],
  "preEvolution": "nymble",
  "evolutions": []
}