{
  "implemented": true,
  "nationalPokedexNumber": 1015,
  "name": "Munkidori",
  "primaryType": "poison",
  "secondaryType": "psychic",
  "maleRatio": 1,
  "height": 10,
  "weight": 122,
  "pokedex": [
    "cobblemon.species.munkidori.desc"
  ],
  "labels": [
    "gen9",
    "legendary"
  ],
  "aspects": [],
  "abilities": [
    "toxicchain",
    "h:frisk"
  ],
  "eggGroups": [
    "undiscovered"
  ],
  "baseStats": {
    "hp": 88,
    "attack": 75,
    "defence": 66,
    "special_attack": 130,
    "special_defence": 90,
    "speed": 106
  },
  "evYield": {
    "hp": 0,
    "attack": 0,
    "defence": 0,
    "special_attack": 3,
    "special_defence": 0,
    "speed": 0
  },
  "baseExperienceYield": 278,
  "experienceGroup": "slow",
  "catchRate": 3,
  "eggCycles": 120,
  "baseFriendship": 0,
  "moves": [
    "1:scratch",
    "1:confusion",
    "1:fakeout",
    "1:flatter",
    "8:helpinghand",
    "16:psybeam",
    "24:clearsmog",
    "32:poisonjab",
    "40:psychic",
    "48:sludgewave",
    "56:nastyplot",
    "64:futuresight",
    "72:partingshot",
    "tm:acidspray",
    "tm:batonpass",
    "tm:calmmind",
    "tm:confuseray",
    "tm:endure",
    "tm:facade",
    "tm:fling",
    "tm:focusblast",
    "tm:futuresight",
    "tm:gigaimpact",
    "tm:grassknot",
    "tm:gunkshot",
    "tm:helpinghand",
    "tm:hex",
    "tm:hyperbeam",
    "tm:imprison",
    "tm:lashout",
    "tm:lightscreen",
    "tm:metronome",
    "tm:mudslap",
    "tm:nastyplot",
    "tm:nightshade",
    "tm:poisonjab",
    "tm:poltergeist",
    "tm:protect",
    "tm:psybeam",
    "tm:psychic",
    "tm:psychicnoise",
    "tm:psychicterrain",
    "tm:psychup",
    "tm:psyshock",
    "tm:rest",
    "tm:shadowball",
    "tm:shadowclaw",
    "tm:sleeptalk",
    "tm:sludgebomb",
    "tm:sludgewave",
    "tm:spite",
    "tm:storedpower",
    "tm:substitute",
    "tm:swift",
    "tm:taunt",
    "tm:terablast",
    "tm:thief",
    "tm:toxic",
    "tm:trailblaze",
    "tm:trick",
    "tm:uproar",
    "tm:uturn",
    "tm:venoshock",
    "tutor:calmmind",
    "tutor:gigaimpact",
    "tutor:gunkshot",
    "tutor:helpinghand",
    "tutor:hyperbeam",
    "tutor:lashout",
    "tutor:mudslap",
    "tutor:poisonjab",
    "tutor:poltergeist",
    "tutor:psychic",
    "tutor:rest",
    "tutor:shadowball",
    "tutor:shadowclaw",
    "tutor:sleeptalk",
    "tutor:sludgebomb",
    "tutor:spite",
    "tutor:swift",
    "tutor:trick",
    "tutor:uproar"
  ],
  "evolutions": []
}