{
  "implemented": true,
  "nationalPokedexNumber": 919,
  "name": "Nymble",
  "primaryType": "bug",
  "maleRatio": 0.5,
  "height": 2,
  "weight": 10,
  "pokedex": [
    "cobblemon.species.nymble.desc"
  ],
  "labels": [
    "gen9"
  ],
  "aspects": [],
  "abilities": [
    "swarm",
    "h:tintedlens"
  ],
  "eggGroups": [
    "bug"
  ],
  "baseStats": {
    "hp": 33,
    "attack": 46,
    "defence": 40,
    "special_attack": 21,
    "special_defence": 25,
    "speed": 45
  },
  "evYield": {
    "hp": 0,
    "attack": 1,
    "defence": 0,
    "special_attack": 0,
    "special_defence": 0,
    "speed": 0
  },
  "baseExperienceYield": 42,
  "experienceGroup": "medium_fast",
  "catchRate": 190,
  "eggCycles": 20,
  "baseFriendship": 20,
  "drops": {
    "amount": 1,
    "entries": [
      {
        "item": "cobblemon:coba_berry",
        "percentage": 2.5
      }
    ]
  },
  "moves": [
    "1:tackle",
    "1:leer",
    "4:strugglebug",
    "6:astonish",
    "9:assurance",
    "11:doublekick",
    "14:screech",
    "18:endure",
    "22:bugbite",
    "26:feint",
    "30:agility",
    "38:suckerpunch",
    "41:firstimpression",
    "egg:counter",
    "egg:skittersmack",
    "tm:agility",
    "tm:assurance",
    "tm:bugbite",
    "tm:bugbuzz",
    "tm:endure",
    "tm:facade",
    "tm:leechlife",
    "tm:pounce",
    "tm:protect",
    "tm:raindance",
    "tm:rest",
    "tm:screech",
    "tm:skittersmack",
    "tm:sleeptalk",
    "tm:strugglebug",
    "tm:substitute",
    "tm:suckerpunch",
    "tm:sunnyday",
    "tm:takedown",
    "tm:terablast",
    "tm:thief",
    "tm:trailblaze",
    "tm:uturn",
    "tm:xscissor",
    "tutor:bugbite",
    "tutor:leechlife",
    "tutor:rest",
    "tutor:skittersmack",
    "tutor:sleeptalk",
    "tutor:suckerpunch",
    "tutor:xscissor"
  ],
  "evolutions": [
    {
      "id": "nymble_lokix",
      "variant": "level_up",
      "result": "lokix",
      "consumeHeldItem": false,
      "learnableMoves": [
        "lunge"
      ],
      "requirements": [
        {
          "variant": "level",
          "minLevel": 24
        }
      ]
    }
  ]
}