{
  "implemented": true,
  "nationalPokedexNumber": 1014,
  "name": "Okidogi",
  "primaryType": "poison",
  "secondaryType": "fighting",
  "maleRatio": 1,
  "height": 18,
  "weight": 922,
  "pokedex": [
    "cobblemon.species.okidogi.desc"
  ],
  "labels": [
    "gen9",
    "legendary"
  ],
  "aspects": [],
  "abilities": [
    "toxicchain",
    "h:guarddog"
  ],
  "eggGroups": [
    "undiscovered"
  ],
  "baseStats": {
    "hp": 88,
    "attack": 128,
    "defence": 115,
    "special_attack": 58,
    "special_defence": 86,
    "speed": 80
  },
  "evYield": {
    "hp": 0,
    "attack": 3,
    "defence": 0,
    "special_attack": 0,
    "special_defence": 0,
    "speed": 0
  },
  "baseExperienceYield": 278,
  "experienceGroup": "slow",
  "catchRate": 3,
  "eggCycles": 120,
  "baseFriendship": 0,
  "moves": [
    "1:bite",
    "1:lowkick",
    "1:bulkup",
    "8:howl",
    "16:poisonfang",
    "24:forcepalm",
    "32:counter",
    "40:poisonjab",
    "48:brutalswing",
    "56:crunch",
    "64:superpower",
    "72:gigaimpact",
    "tm:bodypress",
    "tm:bodyslam",
    "tm:brickbreak",
    "tm:brutalswing",
    "tm:bulkup",
    "tm:closecombat",
    "tm:crunch",
    "tm:curse",
    "tm:dig",
    "tm:doubleedge",
    "tm:drainpunch",
    "tm:endure",
    "tm:facade",
    "tm:firefang",
    "tm:firepunch",
    "tm:fling",
    "tm:focusblast",
    "tm:focuspunch",
    "tm:gigaimpact",
    "tm:gunkshot",
    "tm:hardpress",
    "tm:highhorsepower",
    "tm:hyperbeam",
    "tm:icefang",
    "tm:icepunch",
    "tm:ironhead",
    "tm:knockoff",
    "tm:lashout",
    "tm:lowkick",
    "tm:lowsweep",
    "tm:metalclaw",
    "tm:outrage",
    "tm:poisonjab",
    "tm:poisontail",
    "tm:protect",
    "tm:psychicfangs",
    "tm:rest",
    "tm:reversal",
    "tm:roar",
    "tm:rocktomb",
    "tm:scaryface",
    "tm:shadowclaw",
    "tm:sleeptalk",
    "tm:sludgebomb",
    "tm:sludgewave",
    "tm:snarl",
    "tm:spite",
    "tm:stompingtantrum",
    "tm:substitute",
    "tm:superpower",
    "tm:takedown",
    "tm:taunt",
    "tm:terablast",
    "tm:thief",
    "tm:throatchop",
    "tm:thunderfang",
    "tm:thunderpunch",
    "tm:toxic",
    "tm:upperhand",
    "tm:uproar",
    "tutor:bulkup",
    "tutor:drainpunch",
    "tutor:firefang",
    "tutor:firepunch",
    "tutor:focuspunch",
    "tutor:gigaimpact",
    "tutor:gunkshot",
    "tutor:highhorsepower",
    "tutor:hyperbeam",
    "tutor:icefang",
    "tutor:icepunch",
    "tutor:ironhead",
    "tutor:knockoff",
    "tutor:lashout",
    "tutor:lowkick",
    "tutor:outrage",
    "tutor:poisonjab",
    "tutor:psychic",
    "tutor:rest",
    "tutor:shadowclaw",
    "tutor:sleeptalk",
    "tutor:sludgebomb",
    "tutor:snarl",
    "tutor:spite",
    "tutor:stompingtantrum",
    "tutor:superpower",
    "tutor:throatchop",
    "tutor:thunderfang",
    "tutor:thunderpunch",
    "tutor:uproar"
  ],
  "evolutions": []
}