{
  "implemented": true,
  "nationalPokedexNumber": 922,
  "name": "Pawmo",
  "primaryType": "electric",
  "secondaryType": "fighting",
  "maleRatio": 0.5,
  "height": 4,
  "weight": 65,
  "pokedex": [
    "cobblemon.species.pawmo.desc"
  ],
  "labels": [
    "gen9"
  ],
  "aspects": [],
  "abilities": [
    "voltabsorb",
    "naturalcure",
    "h:ironfist"
  ],
  "eggGroups": [
    "field"
  ],
  "baseStats": {
    "hp": 60,
    "attack": 75,
    "defence": 40,
    "special_attack": 50,
    "special_defence": 40,
    "speed": 85
  },
  "evYield": {
    "hp": 0,
    "attack": 0,
    "defence": 0,
    "special_attack": 0,
    "special_defence": 0,
    "speed": 2
  },
  "baseExperienceYield": 123,
  "experienceGroup": "medium_fast",
  "catchRate": 80,
  "eggCycles": 15,
  "baseFriendship": 50,
  "drops": {
    "amount": 1,
    "entries": [
      {
        "item": "cobblemon:cheri_berry",
        "percentage": 5.0
      }
    ]
  },
  "moves": [
    "1:armthrust",
    "1:scratch",
    "1:growl",
    "3:thundershock",
    "6:quickattack",
    "8:charge",
    "12:nuzzle",
    "15:dig",
    "19:bite",
    "23:spark",
    "27:thunderwave",
    "32:slam",
    "38:entrainment",
    "42:discharge",
    "46:agility",
    "52:wildcharge",
    "egg:fakeout",
    "egg:machpunch",
    "egg:sweetkiss",
    "egg:wish",
    "tm:agility",
    "tm:batonpass",
    "tm:charge",
    "tm:chargebeam",
    "tm:charm",
    "tm:coaching",
    "tm:crunch",
    "tm:dig",
    "tm:eerieimpulse",
    "tm:electricterrain",
    "tm:electroball",
    "tm:electroweb",
    "tm:encore",
    "tm:endure",
    "tm:facade",
    "tm:fling",
    "tm:focuspunch",
    "tm:helpinghand",
    "tm:knockoff",
    "tm:lowkick",
    "tm:lowsweep",
    "tm:metalclaw",
    "tm:playrough",
    "tm:protect",
    "tm:raindance",
    "tm:rest",
    "tm:sleeptalk",
    "tm:substitute",
    "tm:sunnyday",
    "tm:superfang",
    "tm:swift",
    "tm:takedown",
    "tm:terablast",
    "tm:thief",
    "tm:thunder",
    "tm:thunderbolt",
    "tm:thunderfang",
    "tm:thunderpunch",
    "tm:thunderwave",
    "tm:upperhand",
    "tm:voltswitch",
    "tm:wildcharge",
    "tutor:chargebeam",
    "tutor:coaching",
    "tutor:electroweb",
    "tutor:focuspunch",
    "tutor:helpinghand",
    "tutor:knockoff",
    "tutor:lowkick",
    "tutor:playrough",
    "tutor:rest",
    "tutor:sleeptalk",
    "tutor:superfang",
    "tutor:swift",
    "tutor:thunderbolt",
    "tutor:thunderfang",
    "tutor:thunderpunch",
    "tutor:wildcharge"
  ],
  "preEvolution": "pawmi",
  "evolutions": [
    {
      "id": "pawmo_pawmot",
      "variant": "level_up",
      "result": "pawmot",
      "consumeHeldItem": false,
      "learnableMoves": [
        "revivalblessing"
      ],
      "requirements": [
        {
          "variant": "blocks_traveled",
          "amount": 1000
        }
      ]
    }
  ]
}