{
  "implemented": true,
  "nationalPokedexNumber": 954,
  "name": "Rabsca",
  "primaryType": "bug",
  "secondaryType": "psychic",
  "maleRatio": 0.5,
  "height": 3,
  "weight": 35,
  "pokedex": [
    "cobblemon.species.rabsca.desc"
  ],
  "labels": [
    "gen9"
  ],
  "aspects": [],
  "abilities": [
    "synchronize",
    "h:telepathy"
  ],
  "eggGroups": [
    "bug"
  ],
  "baseStats": {
    "hp": 75,
    "attack": 50,
    "defence": 85,
    "special_attack": 115,
    "special_defence": 100,
    "speed": 45
  },
  "evYield": {
    "hp": 0,
    "attack": 0,
    "defence": 0,
    "special_attack": 2,
    "special_defence": 0,
    "speed": 0
  },
  "baseExperienceYield": 165,
  "experienceGroup": "fast",
  "catchRate": 45,
  "eggCycles": 20,
  "baseFriendship": 50,
  "drops": {
    "amount": 1,
    "entries": [
      {
        "item": "minecraft:ender_pearl"
      }
    ]
  },
  "moves": [
    "1:revivalblessing",
    "1:tackle",
    "1:defensecurl",
    "1:confusion",
    "1:safeguard",
    "1:psychup",
    "4:sandattack",
    "7:strugglebug",
    "11:rollout",
    "15:psybeam",
    "20:bugbite",
    "24:takedown",
    "29:extrasensory",
    "35:lunge",
    "40:speedswap",
    "40:powerswap",
    "40:guardswap",
    "45:bugbuzz",
    "50:psychic",
    "egg:cosmicpower",
    "egg:memento",
    "egg:recover",
    "egg:weatherball",
    "tm:bugbite",
    "tm:bugbuzz",
    "tm:calmmind",
    "tm:confuseray",
    "tm:cosmicpower",
    "tm:dazzlinggleam",
    "tm:dig",
    "tm:earthpower",
    "tm:electroball",
    "tm:endure",
    "tm:energyball",
    "tm:expandingforce",
    "tm:facade",
    "tm:fling",
    "tm:futuresight",
    "tm:gigaimpact",
    "tm:gravity",
    "tm:guardswap",
    "tm:gunkshot",
    "tm:hyperbeam",
    "tm:imprison",
    "tm:irondefense",
    "tm:leechlife",
    "tm:lightscreen",
    "tm:lunge",
    "tm:mudshot",
    "tm:mudslap",
    "tm:poltergeist",
    "tm:pounce",
    "tm:powergem",
    "tm:powerswap",
    "tm:protect",
    "tm:psybeam",
    "tm:psychic",
    "tm:psychicnoise",
    "tm:psychicterrain",
    "tm:psychup",
    "tm:psyshock",
    "tm:raindance",
    "tm:reflect",
    "tm:rest",
    "tm:rocktomb",
    "tm:rollout",
    "tm:safeguard",
    "tm:sandstorm",
    "tm:shadowball",
    "tm:skillswap",
    "tm:skittersmack",
    "tm:sleeptalk",
    "tm:sludgebomb",
    "tm:speedswap",
    "tm:storedpower",
    "tm:strugglebug",
    "tm:substitute",
    "tm:sunnyday",
    "tm:takedown",
    "tm:terablast",
    "tm:thief",
    "tm:trick",
    "tm:trickroom",
    "tm:weatherball",
    "tm:xscissor",
    "tm:zenheadbutt",
    "tutor:bugbite",
    "tutor:calmmind",
    "tutor:dazzlinggleam",
    "tutor:earthpower",
    "tutor:energyball",
    "tutor:expandingforce",
    "tutor:gigaimpact",
    "tutor:gravity",
    "tutor:gunkshot",
    "tutor:hyperbeam",
    "tutor:irondefense",
    "tutor:leechlife",
    "tutor:mudslap",
    "tutor:poltergeist",
    "tutor:psychic",
    "tutor:rest",
    "tutor:rollout",
    "tutor:shadowball",
    "tutor:skillswap",
    "tutor:skittersmack",
    "tutor:sleeptalk",
    "tutor:sludgebomb",
    "tutor:trick",
    "tutor:xscissor",
    "tutor:zenheadbutt"
  ],
  "preEvolution": "rellor",
  "evolutions": []
}