{
  "implemented": true,
  "nationalPokedexNumber": 1021,
  "name": "Raging Bolt",
  "primaryType": "electric",
  "secondaryType": "dragon",
  "maleRatio": -1,
  "height": 52,
  "weight": 4800,
  "pokedex": [
    "cobblemon.species.ragingbolt.desc"
  ],
  "labels": [
    "gen9",
    "paradox"
  ],
  "aspects": [],
  "abilities": [
    "protosynthesis",
    "h:protosynthesis"
  ],
  "eggGroups": [
    "undiscovered"
  ],
  "baseStats": {
    "hp": 125,
    "attack": 73,
    "defence": 91,
    "special_attack": 137,
    "special_defence": 89,
    "speed": 75
  },
  "evYield": {
    "hp": 0,
    "attack": 0,
    "defence": 0,
    "special_attack": 3,
    "special_defence": 0,
    "speed": 0
  },
  "baseExperienceYield": 295,
  "experienceGroup": "slow",
  "catchRate": 10,
  "eggCycles": 50,
  "baseFriendship": 0,
  "moves": [
    "1:twister",
    "1:sunnyday",
    "1:shockwave",
    "1:stomp",
    "1:ancientpower",
    "7:charge",
    "14:dragonbreath",
    "21:electricterrain",
    "28:discharge",
    "35:dragontail",
    "42:calmmind",
    "49:thunderclap",
    "56:dragonhammer",
    "63:risingvoltage",
    "70:dragonpulse",
    "77:zapcannon",
    "84:bodypress",
    "91:thunder",
    "tm:ancientpower",
    "tm:bodypress",
    "tm:bodyslam",
    "tm:breakingswipe",
    "tm:calmmind",
    "tm:charge",
    "tm:chargebeam",
    "tm:crunch",
    "tm:doubleedge",
    "tm:dracometeor",
    "tm:dragoncheer",
    "tm:dragonpulse",
    "tm:dragontail",
    "tm:earthquake",
    "tm:eerieimpulse",
    "tm:electricterrain",
    "tm:electroball",
    "tm:electroweb",
    "tm:endure",
    "tm:facade",
    "tm:gigaimpact",
    "tm:heavyslam",
    "tm:hyperbeam",
    "tm:hypervoice",
    "tm:outrage",
    "tm:protect",
    "tm:rest",
    "tm:risingvoltage",
    "tm:roar",
    "tm:scaryface",
    "tm:shockwave",
    "tm:sleeptalk",
    "tm:snarl",
    "tm:solarbeam",
    "tm:stompingtantrum",
    "tm:substitute",
    "tm:sunnyday",
    "tm:supercellslam",
    "tm:takedown",
    "tm:taunt",
    "tm:terablast",
    "tm:thunder",
    "tm:thunderbolt",
    "tm:thunderfang",
    "tm:thunderwave",
    "tm:twister",
    "tm:voltswitch",
    "tm:weatherball",
    "tm:wildcharge",
    "tutor:ancientpower",
    "tutor:calmmind",
    "tutor:chargebeam",
    "tutor:dracometeor",
    "tutor:dragonpulse",
    "tutor:electroweb",
    "tutor:gigaimpact",
    "tutor:hyperbeam",
    "tutor:hypervoice",
    "tutor:outrage",
    "tutor:rest",
    "tutor:risingvoltage",
    "tutor:shockwave",
    "tutor:sleeptalk",
    "tutor:snarl",
    "tutor:stompingtantrum",
    "tutor:thunderbolt",
    "tutor:thunderfang",
    "tutor:twister",
    "tutor:wildcharge"
  ],
  "evolutions": []
}