{
  "implemented": true,
  "nationalPokedexNumber": 1005,
  "name": "Roaring Moon",
  "primaryType": "dragon",
  "secondaryType": "dark",
  "maleRatio": -1,
  "height": 20,
  "weight": 3800,
  "pokedex": [
    "cobblemon.species.roaringmoon.desc"
  ],
  "labels": [
    "gen9",
    "paradox"
  ],
  "aspects": [],
  "abilities": [
    "protosynthesis",
    "h:protosynthesis"
  ],
  "eggGroups": [
    "undiscovered"
  ],
  "baseStats": {
    "hp": 105,
    "attack": 139,
    "defence": 71,
    "special_attack": 55,
    "special_defence": 101,
    "speed": 119
  },
  "evYield": {
    "hp": 0,
    "attack": 3,
    "defence": 0,
    "special_attack": 0,
    "special_defence": 0,
    "speed": 0
  },
  "baseExperienceYield": 295,
  "experienceGroup": "slow",
  "catchRate": 10,
  "eggCycles": 50,
  "baseFriendship": 0,
  "moves": [
    "1:dragonbreath",
    "1:leer",
    "1:bite",
    "1:focusenergy",
    "1:sunnyday",
    "1:jawlock",
    "1:breakingswipe",
    "1:scaleshot",
    "7:incinerate",
    "14:headbutt",
    "21:scaryface",
    "28:dragonclaw",
    "35:zenheadbutt",
    "42:flamethrower",
    "49:nightslash",
    "56:dragondance",
    "63:dragonrush",
    "70:fly",
    "77:throatchop",
    "84:roost",
    "91:doubleedge",
    "tm:acrobatics",
    "tm:aerialace",
    "tm:airslash",
    "tm:bodypress",
    "tm:bodyslam",
    "tm:breakingswipe",
    "tm:brickbreak",
    "tm:crunch",
    "tm:darkpulse",
    "tm:dig",
    "tm:doubleedge",
    "tm:dracometeor",
    "tm:dragoncheer",
    "tm:dragonclaw",
    "tm:dragondance",
    "tm:dragonpulse",
    "tm:dragontail",
    "tm:earthquake",
    "tm:endure",
    "tm:facade",
    "tm:fireblast",
    "tm:firefang",
    "tm:firespin",
    "tm:flamethrower",
    "tm:fly",
    "tm:focusenergy",
    "tm:gigaimpact",
    "tm:headbutt",
    "tm:heatwave",
    "tm:hurricane",
    "tm:hydropump",
    "tm:hyperbeam",
    "tm:hypervoice",
    "tm:incinerate",
    "tm:ironhead",
    "tm:knockoff",
    "tm:lashout",
    "tm:metalclaw",
    "tm:outrage",
    "tm:protect",
    "tm:rest",
    "tm:roar",
    "tm:rockslide",
    "tm:roost",
    "tm:scaleshot",
    "tm:scaryface",
    "tm:shadowclaw",
    "tm:sleeptalk",
    "tm:snarl",
    "tm:stompingtantrum",
    "tm:stoneedge",
    "tm:substitute",
    "tm:sunnyday",
    "tm:tailwind",
    "tm:takedown",
    "tm:taunt",
    "tm:terablast",
    "tm:throatchop",
    "tm:thunderfang",
    "tm:uturn",
    "tm:xscissor",
    "tm:zenheadbutt",
    "tutor:aerialace",
    "tutor:darkpulse",
    "tutor:dracometeor",
    "tutor:dragonpulse",
    "tutor:firefang",
    "tutor:flamethrower",
    "tutor:focusenergy",
    "tutor:gigaimpact",
    "tutor:heatwave",
    "tutor:hyperbeam",
    "tutor:hypervoice",
    "tutor:ironhead",
    "tutor:knockoff",
    "tutor:lashout",
    "tutor:outrage",
    "tutor:rest",
    "tutor:rockslide",
    "tutor:roost",
    "tutor:scaleshot",
    "tutor:shadowclaw",
    "tutor:sleeptalk",
    "tutor:snarl",
    "tutor:stompingtantrum",
    "tutor:stoneedge",
    "tutor:tailwind",
    "tutor:throatchop",
    "tutor:thunderfang",
    "tutor:xscissor",
    "tutor:zenheadbutt"
  ],
  "evolutions": []
}