{
  "implemented": true,
  "nationalPokedexNumber": 989,
  "name": "Sandy Shocks",
  "primaryType": "electric",
  "secondaryType": "ground",
  "maleRatio": -1,
  "height": 23,
  "weight": 600,
  "pokedex": [
    "cobblemon.species.sandyshocks.desc"
  ],
  "labels": [
    "gen9",
    "paradox"
  ],
  "aspects": [],
  "abilities": [
    "protosynthesis",
    "h:protosynthesis"
  ],
  "eggGroups": [
    "undiscovered"
  ],
  "baseStats": {
    "hp": 85,
    "attack": 81,
    "defence": 97,
    "special_attack": 121,
    "special_defence": 85,
    "speed": 101
  },
  "evYield": {
    "hp": 0,
    "attack": 0,
    "defence": 0,
    "special_attack": 3,
    "special_defence": 0,
    "speed": 0
  },
  "baseExperienceYield": 285,
  "experienceGroup": "slow",
  "catchRate": 30,
  "eggCycles": 50,
  "baseFriendship": 0,
  "moves": [
    "1:thunderwave",
    "1:electricterrain",
    "1:supersonic",
    "1:thundershock",
    "1:sunnyday",
    "7:spark",
    "14:bulldoze",
    "21:chargebeam",
    "28:triattack",
    "35:screech",
    "42:heavyslam",
    "49:metalsound",
    "56:discharge",
    "63:earthpower",
    "70:mirrorcoat",
    "77:gravity",
    "84:zapcannon",
    "91:magneticflux",
    "tm:bodypress",
    "tm:bodyslam",
    "tm:bulldoze",
    "tm:charge",
    "tm:chargebeam",
    "tm:earthpower",
    "tm:earthquake",
    "tm:eerieimpulse",
    "tm:electricterrain",
    "tm:electroball",
    "tm:electroweb",
    "tm:endure",
    "tm:facade",
    "tm:flashcannon",
    "tm:gigaimpact",
    "tm:gravity",
    "tm:heavyslam",
    "tm:highhorsepower",
    "tm:hyperbeam",
    "tm:irondefense",
    "tm:lightscreen",
    "tm:metalsound",
    "tm:mudshot",
    "tm:powergem",
    "tm:protect",
    "tm:reflect",
    "tm:rest",
    "tm:sandstorm",
    "tm:sandtomb",
    "tm:scorchingsands",
    "tm:screech",
    "tm:sleeptalk",
    "tm:spikes",
    "tm:stealthrock",
    "tm:stompingtantrum",
    "tm:substitute",
    "tm:sunnyday",
    "tm:supercellslam",
    "tm:swift",
    "tm:takedown",
    "tm:terablast",
    "tm:thunder",
    "tm:thunderbolt",
    "tm:thunderwave",
    "tm:triattack",
    "tm:voltswitch",
    "tm:wildcharge",
    "tutor:bulldoze",
    "tutor:chargebeam",
    "tutor:earthpower",
    "tutor:electroweb",
    "tutor:flashcannon",
    "tutor:gigaimpact",
    "tutor:gravity",
    "tutor:highhorsepower",
    "tutor:hyperbeam",
    "tutor:irondefense",
    "tutor:rest",
    "tutor:scorchingsands",
    "tutor:sleeptalk",
    "tutor:spikes",
    "tutor:stealthrock",
    "tutor:stompingtantrum",
    "tutor:swift",
    "tutor:thunderbolt",
    "tutor:wildcharge"
  ],
  "evolutions": []
}