{
  "implemented": true,
  "nationalPokedexNumber": 952,
  "name": "Scovillain",
  "primaryType": "grass",
  "secondaryType": "fire",
  "maleRatio": 0.5,
  "height": 9,
  "weight": 150,
  "pokedex": [
    "cobblemon.species.scovillain.desc"
  ],
  "labels": [
    "gen9"
  ],
  "aspects": [],
  "abilities": [
    "chlorophyll",
    "insomnia",
    "h:moody"
  ],
  "eggGroups": [
    "grass"
  ],
  "baseStats": {
    "hp": 65,
    "attack": 108,
    "defence": 65,
    "special_attack": 108,
    "special_defence": 65,
    "speed": 75
  },
  "evYield": {
    "hp": 0,
    "attack": 2,
    "defence": 0,
    "special_attack": 0,
    "special_defence": 0,
    "speed": 0
  },
  "baseExperienceYield": 170,
  "experienceGroup": "medium_fast",
  "catchRate": 75,
  "eggCycles": 20,
  "baseFriendship": 50,
  "drops": {
    "amount": 3,
    "entries": [
      {
        "item": "cobblemon:roasted_leek",
        "quantityRange": "0-2"
      },
      {
        "item": "cobblemon:rawst_berry",
        "percentage": 5.0
      }
    ]
  },
  "moves": [
    "1:spicyextract",
    "1:flamethrower",
    "1:leer",
    "1:firefang",
    "1:leafage",
    "4:bite",
    "10:growth",
    "13:razorleaf",
    "17:sunnyday",
    "21:bulletseed",
    "24:headbutt",
    "28:zenheadbutt",
    "33:worryseed",
    "38:crunch",
    "44:seedbomb",
    "48:solarbeam",
    "48:overheat",
    "egg:ingrain",
    "egg:leechseed",
    "egg:ragepowder",
    "egg:rollout",
    "egg:worryseed",
    "tm:bulletseed",
    "tm:burningjealousy",
    "tm:crunch",
    "tm:endeavor",
    "tm:endure",
    "tm:energyball",
    "tm:facade",
    "tm:fireblast",
    "tm:firefang",
    "tm:flamethrower",
    "tm:gigadrain",
    "tm:gigaimpact",
    "tm:grassknot",
    "tm:grassyglide",
    "tm:grassyterrain",
    "tm:headbutt",
    "tm:helpinghand",
    "tm:hyperbeam",
    "tm:lashout",
    "tm:leafstorm",
    "tm:magicalleaf",
    "tm:overheat",
    "tm:protect",
    "tm:rest",
    "tm:rollout",
    "tm:sandstorm",
    "tm:scaryface",
    "tm:seedbomb",
    "tm:sleeptalk",
    "tm:solarbeam",
    "tm:stompingtantrum",
    "tm:substitute",
    "tm:sunnyday",
    "tm:superfang",
    "tm:takedown",
    "tm:temperflare",
    "tm:terablast",
    "tm:thief",
    "tm:trailblaze",
    "tm:willowisp",
    "tm:worryseed",
    "tm:zenheadbutt",
    "tutor:burningjealousy",
    "tutor:endeavor",
    "tutor:energyball",
    "tutor:firefang",
    "tutor:flamethrower",
    "tutor:gigadrain",
    "tutor:gigaimpact",
    "tutor:grassyglide",
    "tutor:helpinghand",
    "tutor:hyperbeam",
    "tutor:lashout",
    "tutor:magicalleaf",
    "tutor:rest",
    "tutor:rollout",
    "tutor:seedbomb",
    "tutor:sleeptalk",
    "tutor:stompingtantrum",
    "tutor:superfang",
    "tutor:worryseed",
    "tutor:zenheadbutt"
  ],
  "preEvolution": "capsakid",
  "evolutions": []
}