{
  "implemented": true,
  "nationalPokedexNumber": 918,
  "name": "Spidops",
  "primaryType": "bug",
  "maleRatio": 0.5,
  "height": 10,
  "weight": 165,
  "pokedex": [
    "cobblemon.species.spidops.desc"
  ],
  "labels": [
    "gen9"
  ],
  "aspects": [],
  "abilities": [
    "insomnia",
    "h:stakeout"
  ],
  "eggGroups": [
    "bug"
  ],
  "baseStats": {
    "hp": 60,
    "attack": 79,
    "defence": 92,
    "special_attack": 52,
    "special_defence": 86,
    "speed": 35
  },
  "evYield": {
    "hp": 0,
    "attack": 0,
    "defence": 2,
    "special_attack": 0,
    "special_defence": 0,
    "speed": 0
  },
  "baseExperienceYield": 141,
  "experienceGroup": "erratic",
  "catchRate": 120,
  "eggCycles": 15,
  "baseFriendship": 50,
  "drops": {
    "amount": 4,
    "entries": [
      {
        "item": "minecraft:string",
        "quantityRange": "0-2"
      },
      {
        "item": "minecraft:spider_eye",
        "quantityRange": "0-2"
      }
    ]
  },
  "moves": [
    "1:silktrap",
    "1:tackle",
    "1:stringshot",
    "5:strugglebug",
    "8:assurance",
    "11:feint",
    "14:bugbite",
    "19:block",
    "24:counter",
    "28:headbutt",
    "33:stickyweb",
    "37:gastroacid",
    "41:circlethrow",
    "45:throatchop",
    "49:skittersmack",
    "egg:firstimpression",
    "egg:lunge",
    "egg:memento",
    "egg:suckerpunch",
    "tm:aerialace",
    "tm:assurance",
    "tm:block",
    "tm:bodyslam",
    "tm:brickbreak",
    "tm:bugbite",
    "tm:bugbuzz",
    "tm:bulletseed",
    "tm:electroweb",
    "tm:endure",
    "tm:facade",
    "tm:falseswipe",
    "tm:fling",
    "tm:gastroacid",
    "tm:gigadrain",
    "tm:gigaimpact",
    "tm:grassknot",
    "tm:headbutt",
    "tm:knockoff",
    "tm:leechlife",
    "tm:lowkick",
    "tm:lunge",
    "tm:painsplit",
    "tm:poisonjab",
    "tm:pounce",
    "tm:protect",
    "tm:raindance",
    "tm:rest",
    "tm:reversal",
    "tm:rocktomb",
    "tm:scaryface",
    "tm:shadowclaw",
    "tm:skittersmack",
    "tm:sleeptalk",
    "tm:spikes",
    "tm:stringshot",
    "tm:strugglebug",
    "tm:substitute",
    "tm:suckerpunch",
    "tm:sunnyday",
    "tm:takedown",
    "tm:taunt",
    "tm:terablast",
    "tm:thief",
    "tm:throatchop",
    "tm:toxicspikes",
    "tm:trailblaze",
    "tm:upperhand",
    "tm:uturn",
    "tm:xscissor",
    "tutor:aerialace",
    "tutor:block",
    "tutor:bugbite",
    "tutor:electroweb",
    "tutor:falseswipe",
    "tutor:gastroacid",
    "tutor:gigadrain",
    "tutor:gigaimpact",
    "tutor:knockoff",
    "tutor:leechlife",
    "tutor:lowkick",
    "tutor:painsplit",
    "tutor:poisonjab",
    "tutor:rest",
    "tutor:shadowclaw",
    "tutor:skittersmack",
    "tutor:sleeptalk",
    "tutor:spikes",
    "tutor:stringshot",
    "tutor:suckerpunch",
    "tutor:throatchop",
    "tutor:xscissor"
  ],
  "preEvolution": "tarountula",
  "evolutions": []
}