{
  "implemented": true,
  "nationalPokedexNumber": 1003,
  "name": "Ting-Lu",
  "primaryType": "dark",
  "secondaryType": "ground",
  "maleRatio": -1,
  "height": 27,
  "weight": 6997,
  "pokedex": [
    "cobblemon.species.tinglu.desc"
  ],
  "labels": [
    "gen9",
    "legendary"
  ],
  "aspects": [],
  "abilities": [
    "vesselofruin",
    "h:vesselofruin"
  ],
  "eggGroups": [
    "undiscovered"
  ],
  "baseStats": {
    "hp": 155,
    "attack": 110,
    "defence": 125,
    "special_attack": 55,
    "special_defence": 80,
    "speed": 45
  },
  "evYield": {
    "hp": 0,
    "attack": 0,
    "defence": 3,
    "special_attack": 0,
    "special_defence": 0,
    "speed": 0
  },
  "baseExperienceYield": 285,
  "experienceGroup": "slow",
  "catchRate": 6,
  "eggCycles": 50,
  "baseFriendship": 0,
  "moves": [
    "1:meanlook",
    "1:sandtomb",
    "1:spite",
    "5:spikes",
    "10:payback",
    "15:stomp",
    "20:bulldoze",
    "25:whirlwind",
    "30:taunt",
    "35:thrash",
    "40:darkpulse",
    "45:stompingtantrum",
    "50:ruination",
    "55:throatchop",
    "60:rockslide",
    "65:memento",
    "70:earthquake",
    "75:fissure",
    "tm:bodypress",
    "tm:bodyslam",
    "tm:bulldoze",
    "tm:darkpulse",
    "tm:dig",
    "tm:doubleedge",
    "tm:earthpower",
    "tm:earthquake",
    "tm:endure",
    "tm:facade",
    "tm:gigaimpact",
    "tm:heavyslam",
    "tm:hex",
    "tm:hyperbeam",
    "tm:lashout",
    "tm:mudshot",
    "tm:mudslap",
    "tm:payback",
    "tm:protect",
    "tm:rest",
    "tm:rockslide",
    "tm:rocktomb",
    "tm:sandstorm",
    "tm:sandtomb",
    "tm:scaryface",
    "tm:sleeptalk",
    "tm:snarl",
    "tm:spikes",
    "tm:spite",
    "tm:stealthrock",
    "tm:stompingtantrum",
    "tm:stoneedge",
    "tm:substitute",
    "tm:sunnyday",
    "tm:takedown",
    "tm:taunt",
    "tm:terablast",
    "tm:throatchop",
    "tm:zenheadbutt",
    "tutor:bulldoze",
    "tutor:darkpulse",
    "tutor:earthpower",
    "tutor:gigaimpact",
    "tutor:hyperbeam",
    "tutor:lashout",
    "tutor:mudslap",
    "tutor:rest",
    "tutor:rockslide",
    "tutor:sleeptalk",
    "tutor:snarl",
    "tutor:spikes",
    "tutor:spite",
    "tutor:stealthrock",
    "tutor:stompingtantrum",
    "tutor:stoneedge",
    "tutor:throatchop",
    "tutor:zenheadbutt"
  ],
  "evolutions": []
}