{
  "implemented": true,
  "nationalPokedexNumber": 1001,
  "name": "Wo-Chien",
  "primaryType": "dark",
  "secondaryType": "grass",
  "maleRatio": -1,
  "height": 15,
  "weight": 742,
  "pokedex": [
    "cobblemon.species.wochien.desc"
  ],
  "labels": [
    "gen9",
    "legendary"
  ],
  "aspects": [],
  "abilities": [
    "tabletsofruin",
    "h:tabletsofruin"
  ],
  "eggGroups": [
    "undiscovered"
  ],
  "baseStats": {
    "hp": 85,
    "attack": 85,
    "defence": 100,
    "special_attack": 95,
    "special_defence": 135,
    "speed": 70
  },
  "evYield": {
    "hp": 0,
    "attack": 0,
    "defence": 0,
    "special_attack": 0,
    "special_defence": 3,
    "speed": 0
  },
  "baseExperienceYield": 285,
  "experienceGroup": "slow",
  "catchRate": 6,
  "eggCycles": 50,
  "baseFriendship": 0,
  "moves": [
    "1:absorb",
    "1:spite",
    "1:meanlook",
    "5:tickle",
    "10:payback",
    "15:poisonpowder",
    "15:stunspore",
    "20:megadrain",
    "25:leechseed",
    "30:growth",
    "35:ingrain",
    "40:darkpulse",
    "45:gigadrain",
    "50:ruination",
    "55:foulplay",
    "60:powerwhip",
    "65:grassyterrain",
    "70:knockoff",
    "75:leafstorm",
    "tm:bodypress",
    "tm:bodyslam",
    "tm:bulletseed",
    "tm:darkpulse",
    "tm:endure",
    "tm:energyball",
    "tm:facade",
    "tm:foulplay",
    "tm:gigadrain",
    "tm:gigaimpact",
    "tm:grassknot",
    "tm:grassyterrain",
    "tm:hex",
    "tm:hyperbeam",
    "tm:knockoff",
    "tm:lashout",
    "tm:leafstorm",
    "tm:lightscreen",
    "tm:magicalleaf",
    "tm:mudshot",
    "tm:mudslap",
    "tm:payback",
    "tm:pollenpuff",
    "tm:powerwhip",
    "tm:protect",
    "tm:raindance",
    "tm:reflect",
    "tm:rest",
    "tm:scaryface",
    "tm:seedbomb",
    "tm:sleeptalk",
    "tm:snarl",
    "tm:solarbeam",
    "tm:solarblade",
    "tm:spite",
    "tm:substitute",
    "tm:sunnyday",
    "tm:takedown",
    "tm:taunt",
    "tm:terablast",
    "tm:trailblaze",
    "tm:zenheadbutt",
    "tutor:darkpulse",
    "tutor:energyball",
    "tutor:foulplay",
    "tutor:gigadrain",
    "tutor:gigaimpact",
    "tutor:hyperbeam",
    "tutor:knockoff",
    "tutor:lashout",
    "tutor:magicalleaf",
    "tutor:mudslap",
    "tutor:rest",
    "tutor:seedbomb",
    "tutor:sleeptalk",
    "tutor:snarl",
    "tutor:spite",
    "tutor:zenheadbutt"
  ],
  "evolutions": []
}