{
	"format_version": "1.12.0",
	"minecraft:geometry": [
		{
			"description": {
				"identifier": "geometry.unknown",
				"texture_width": 128,
				"texture_height": 128,
				"visible_bounds_width": 5,
				"visible_bounds_height": 4.5,
				"visible_bounds_offset": [0, 1.75, 0]
			},
			"bones": [
				{
					"name": "root",
					"pivot": [0, 0, 0]
				},
				{
					"name": "genesect",
					"parent": "root",
					"pivot": [0, 0, 0]
				},
				{
					"name": "body",
					"parent": "genesect",
					"pivot": [0, 0, 0]
				},
				{
					"name": "torso",
					"parent": "body",
					"pivot": [0, 11, 0]
				},
				{
					"name": "torso_top",
					"parent": "torso",
					"pivot": [0, 21, 3.5],
					"cubes": [
						{"origin": [-7, 21.5, 0.5], "size": [1, 5, 6], "uv": [34, 72]},
						{"origin": [-6, 22, 1], "size": [1, 4, 5], "uv": [59, 75]},
						{"origin": [5, 22, 1], "size": [1, 4, 5], "uv": [59, 75], "mirror": true},
						{"origin": [6, 21.5, 0.5], "size": [1, 5, 6], "uv": [34, 72], "mirror": true},
						{"origin": [-5, 21, 0.5], "size": [10, 7, 6], "uv": [32, 38]},
						{"origin": [-0.5, 21, 0.25], "size": [1, 7, 0], "uv": [8, 20]},
						{"origin": [-0.5, 21, 6.5], "size": [1, 7, 0], "uv": [8, 20]}
					]
				},
				{
					"name": "left_hand",
					"parent": "torso_top",
					"pivot": [-7, 24, 3.75],
					"cubes": [
						{"origin": [-10, 23.5, 3], "size": [3, 1, 1], "uv": [36, 25]},
						{"origin": [-11.75, 23.5, -3.25], "size": [3, 1, 3], "pivot": [-2, 25, 1.5], "rotation": [0, 45, 0], "uv": [74, 58]}
					]
				},
				{
					"name": "bone",
					"parent": "left_hand",
					"pivot": [-10.5, 24, 4.75],
					"cubes": [
						{"origin": [-17.75, 27.5, 1.75], "size": [3, 3, 8], "pivot": [-8, 31, 7.5], "rotation": [0, 0, -45], "uv": [2, 61], "mirror": true},
						{"origin": [-17.75, 27.5, -3.25], "size": [3, 3, 5], "pivot": [-8, 31, 7.5], "rotation": [0, 0, -45], "uv": [1, 73]}
					]
				},
				{
					"name": "claw_lh",
					"parent": "bone",
					"pivot": [-12, 24, -2.25],
					"cubes": [
						{"origin": [-17.75, 28, -4.25], "size": [3, 2, 1], "pivot": [-8, 31, -1.5], "rotation": [0, 0, -45], "uv": [48, 51]},
						{"origin": [-17.75, 28.5, -5.25], "size": [3, 1, 2], "pivot": [-8, 31, -1.5], "rotation": [0, 0, -45], "uv": [50, 9], "mirror": true},
						{"origin": [-18.5, 28.75, -9], "size": [3, 0, 4], "pivot": [-8, 32, -9.25], "rotation": [0, 0, -45], "uv": [33, 0]}
					]
				},
				{
					"name": "right_hand",
					"parent": "torso_top",
					"pivot": [7, 24, 3.75],
					"cubes": [
						{"origin": [7, 23.5, 3], "size": [3, 1, 1], "uv": [36, 25], "mirror": true},
						{"origin": [8.75, 23.5, -3.25], "size": [3, 1, 3], "pivot": [2, 25, 1.5], "rotation": [0, -45, 0], "uv": [74, 58], "mirror": true}
					]
				},
				{
					"name": "bone2",
					"parent": "right_hand",
					"pivot": [10.5, 24, 4.75],
					"cubes": [
						{"origin": [14.75, 27.5, 1.75], "size": [3, 3, 8], "pivot": [8, 31, 7.5], "rotation": [0, 0, 45], "uv": [2, 61]},
						{"origin": [14.75, 27.5, -3.25], "size": [3, 3, 5], "pivot": [8, 31, 7.5], "rotation": [0, 0, 45], "uv": [1, 73], "mirror": true}
					]
				},
				{
					"name": "claw_rh",
					"parent": "bone2",
					"pivot": [12, 24, -2.75],
					"cubes": [
						{"origin": [14.75, 28.5, -5.25], "size": [3, 1, 2], "pivot": [8, 31, -1.5], "rotation": [0, 0, 45], "uv": [50, 9]},
						{"origin": [15.5, 28.75, -9], "size": [3, 0, 4], "pivot": [8, 32, -9.25], "rotation": [0, 0, 45], "uv": [26, 25]},
						{"origin": [14.75, 28, -4.25], "size": [3, 2, 1], "pivot": [8, 31, -1.5], "rotation": [0, 0, 45], "uv": [48, 51], "mirror": true}
					]
				},
				{
					"name": "gun",
					"parent": "torso_top",
					"pivot": [0.5, 25, 6.5],
					"cubes": [
						{"origin": [-1, 21, 5.5], "size": [2, 3, 5], "pivot": [-2, 24, 2.5], "rotation": [45, 0, 0], "uv": [67, 41]},
						{"origin": [-8, 15, 12.25], "size": [16, 14, 5], "pivot": [-2, 22, 4.5], "rotation": [45, 0, 0], "uv": [0, 0]},
						{"origin": [-8, 15, 12.25], "size": [16, 14, 5], "pivot": [-2, 22, 4.5], "rotation": [45, 0, 0], "uv": [0, 0]},
						{"origin": [-8, 15, 12.25], "size": [16, 14, 5], "pivot": [-2, 22, 4.5], "rotation": [45, 0, 0], "uv": [0, 0]},
						{"origin": [-0.5, 15, 17.5], "size": [1, 15, 0], "pivot": [-2, 22, 4.5], "rotation": [45, 0, 0], "uv": [41, 113]},
						{"origin": [-0.5, 8.5, 18.5], "size": [1, 7, 0], "pivot": [-2, 21, 5.5], "rotation": [45, 0, 0], "uv": [41, 113]},
						{"origin": [-15.25, 3.25, 10.248], "size": [11, 11, 5], "pivot": [-13, 24, 2.5], "rotation": [35.26439, 30, -35.26439], "uv": [0, 34]},
						{"origin": [-16.25, 2.25, 10.248], "size": [11, 11, 5], "pivot": [-13, 24, 2.5], "rotation": [35.26439, 30, -35.26439], "uv": [0, 34]},
						{"origin": [-15.25, 3.25, 10.248], "size": [11, 11, 5], "pivot": [-13, 24, 2.5], "rotation": [35.26439, 30, -35.26439], "uv": [0, 34]}
					]
				},
				{
					"name": "bone3",
					"parent": "gun",
					"pivot": [-7, 29.5, 15],
					"cubes": [
						{"origin": [-2, 25, 13.5], "size": [4, 5, 7], "pivot": [-2, 21, 5.5], "rotation": [45, 0, 0], "uv": [26, 60]},
						{"origin": [-2, 25, 13.5], "size": [4, 5, 7], "pivot": [-2, 21, 5.5], "rotation": [45, 0, 0], "uv": [26, 60]},
						{"origin": [-8, 30.5, 16.75], "size": [3, 3, 2], "pivot": [-7, 22.5, 4], "rotation": [35.26439, -30, 35.26439], "uv": [76, 9]},
						{"origin": [-8, 30.5, 16.75], "size": [3, 3, 2], "pivot": [-7, 22.5, 4], "rotation": [35.26439, -30, 35.26439], "uv": [76, 9]}
					]
				},
				{
					"name": "bone4",
					"parent": "gun",
					"pivot": [0, 35.61181, 11.04074],
					"cubes": [
						{"origin": [-3, 22, 15.25], "size": [6, 6, 3], "pivot": [-2, 22, 4.5], "rotation": [45, 0, 0], "uv": [66, 49]},
						{"origin": [-3, 22, 15.25], "size": [6, 6, 3], "pivot": [-2, 22, 4.5], "rotation": [45, 0, 0], "uv": [66, 49]}
					]
				},
				{
					"name": "gun1",
					"parent": "gun",
					"pivot": [-2.5, 46.84404, -4.26561],
					"rotation": [-45, 0, 0],
					"cubes": [
						{"origin": [-2.5, 43.84404, 7.48439], "size": [5, 5, 5], "uv": [51, 55]}
					]
				},
				{
					"name": "gun2",
					"parent": "gun1",
					"pivot": [-2.5, 53.84404, -9.26561],
					"cubes": [
						{"origin": [-2, 43.84404, 3.48439], "size": [4, 4, 4], "uv": [66, 67]}
					]
				},
				{
					"name": "gun3",
					"parent": "gun2",
					"pivot": [-2.5, 57.34404, -14.76561],
					"cubes": [
						{"origin": [-1.5, 43.84404, -0.51561], "size": [3, 3, 4], "uv": [68, 20]}
					]
				},
				{
					"name": "head",
					"parent": "torso_top",
					"pivot": [0, 26, 2.5],
					"cubes": [
						{"origin": [-8.5, 27.01, -14.5], "size": [10, 4, 10], "pivot": [-5.5, 24, -3.5], "rotation": [0, -45, 0], "uv": [0, 20]},
						{"origin": [-3.75, 32, -3], "size": [8, 4, 7], "pivot": [4.25, 24, 5], "rotation": [25, 0, 0], "uv": [1, 117]},
						{"origin": [-6.75, 27, -6.5], "size": [14, 4, 7], "uv": [33, 27]},
						{"origin": [-7.5, 26, -11.5], "size": [8, 1, 8], "pivot": [-5.5, 18, -1.5], "rotation": [0, -45, 0], "uv": [24, 51]},
						{"origin": [-1, 26, 0.5], "size": [2, 3, 2], "uv": [0, 50]}
					]
				},
				{
					"name": "eyes",
					"parent": "head",
					"pivot": [-5.5, 24, -3.5],
					"cubes": [
						{"origin": [0.75, 28.25, -15.28], "size": [2, 3, 0], "pivot": [5.5, 24, -3.5], "rotation": [0, 45, 0], "uv": [0, 0]},
						{"origin": [3, 28.25, -15.28], "size": [2, 3, 0], "pivot": [5.5, 24, -3.5], "rotation": [0, 45, 0], "uv": [30, 20]},
						{"origin": [3.5, 28.75, -15.29], "size": [1, 2, 0], "pivot": [5.5, 24, -3.5], "rotation": [0, 45, 0], "uv": [0, 3]},
						{"origin": [1.25, 28.75, -15.29], "size": [1, 2, 0], "pivot": [5.5, 24, -3.5], "rotation": [0, 45, 0], "uv": [2, 3]},
						{"origin": [0.5, 28.25, -15.25], "size": [5, 3, 1], "pivot": [5.5, 24, -3.5], "rotation": [0, 45, 0], "uv": [66, 0], "mirror": true},
						{"origin": [-1.5, 28.25, -14.5], "size": [2, 3, 0], "pivot": [5.5, 24, -3.5], "rotation": [0, 45, 0], "uv": [32, 39], "mirror": true},
						{"origin": [-0.5, 28.25, -14.75], "size": [2, 3, 0], "pivot": [-5.5, 24, -3.5], "rotation": [0, -45, 0], "uv": [32, 39]},
						{"origin": [-2.75, 28.25, -15.3], "size": [2, 3, 0], "pivot": [-5.5, 24, -3.5], "rotation": [0, -45, 0], "uv": [0, 34]},
						{"origin": [-2.25, 28.75, -15.39], "size": [1, 2, 0], "pivot": [-5.5, 24, -3.5], "rotation": [0, -45, 0], "uv": [8, 27]},
						{"origin": [-4.5, 28.75, -15.39], "size": [1, 2, 0], "pivot": [-5.5, 24, -3.5], "rotation": [0, -45, 0], "uv": [30, 23]},
						{"origin": [-5, 28.25, -15.3], "size": [2, 3, 0], "pivot": [-5.5, 24, -3.5], "rotation": [0, -45, 0], "uv": [36, 27]},
						{"origin": [-5.5, 28.25, -15.25], "size": [5, 3, 1], "pivot": [-5.5, 24, -3.5], "rotation": [0, -45, 0], "uv": [66, 0]}
					]
				},
				{
					"name": "bottom_torso",
					"parent": "torso",
					"pivot": [0, 21, 3.5],
					"cubes": [
						{"origin": [-1, 4, -0.5], "size": [4, 3, 4], "pivot": [-2, 6, 1.5], "rotation": [0, -45, 0], "uv": [16, 60]},
						{"origin": [-2, 7, -1.5], "size": [6, 3, 6], "pivot": [-2, 9, 1.5], "rotation": [0, -45, 0], "uv": [58, 9]},
						{"origin": [-3, 10, -2.5], "size": [8, 5, 8], "pivot": [-2, 14, 1.5], "rotation": [0, -45, 0], "uv": [34, 12]},
						{"origin": [-3, 15, -2.5], "size": [8, 1, 8], "pivot": [-2, 19, 1.5], "rotation": [0, -45, 0], "uv": [42, 0]},
						{"origin": [-1, 16, -0.5], "size": [4, 3, 4], "pivot": [-2, 20, 1.5], "rotation": [0, -45, 0], "uv": [68, 27]},
						{"origin": [0, 19, 0.5], "size": [2, 2, 2], "pivot": [-2, 22, 1.5], "rotation": [0, -45, 0], "uv": [24, 50]}
					]
				},
				{
					"name": "legs",
					"parent": "body",
					"pivot": [0, 0, 0]
				},
				{
					"name": "leg_left",
					"parent": "legs",
					"pivot": [-5, 14.5, 4],
					"cubes": [
						{"origin": [-12, 7, 2], "size": [4, 11, 4], "pivot": [-4, 8.5, 3], "rotation": [-54.73561, -30, 35.26439], "uv": [48, 65]},
						{"origin": [-12, 4.5, 1], "size": [4, 3, 0], "pivot": [-4, 7.5, 2], "rotation": [-54.73561, -30, 35.26439], "uv": [24, 54]},
						{"origin": [-8.25, 7, 2.25], "size": [2, 7, 2], "pivot": [-14, 8.5, 3], "rotation": [-54.73561, 30, -35.26439], "uv": [71, 75]},
						{"origin": [-12, 4.5, 1], "size": [0, 3, 4], "pivot": [-4, 7.5, 2], "rotation": [-54.73561, -30, 35.26439], "uv": [42, 0]},
						{"origin": [-7, 14, 3.5], "size": [2, 1, 1], "uv": [27, 34]}
					]
				},
				{
					"name": "leg_left_1",
					"parent": "leg_left",
					"pivot": [-9, 9.5, 0],
					"cubes": [
						{"origin": [-12.25, 0, 1.25], "size": [0, 9, 4], "pivot": [-4, 0, 3.5], "rotation": [0, -10, 0], "uv": [0, 16]},
						{"origin": [-12, -0.5, 2.5], "size": [4, 5, 4], "pivot": [-4, -0.5, 3.5], "rotation": [-7.05323, -44.78238, 4.98107], "uv": [74, 0]},
						{"origin": [-5.5, 0, -0.5], "size": [0, 9, 4], "pivot": [-4, 0, 3.5], "rotation": [0, 10, 0], "uv": [0, 55]},
						{"origin": [-12, 4.5, 3], "size": [4, 6, 4], "pivot": [-4, 5.5, 4], "rotation": [0, -45, 0], "uv": [18, 72]}
					]
				},
				{
					"name": "claw_ll",
					"parent": "leg_left_1",
					"pivot": [-9.25, 1, -1.25],
					"cubes": [
						{"origin": [-10.5, 0, -4.5], "size": [3, 2, 4], "uv": [58, 38]},
						{"origin": [-13.25, 0, -9.25], "size": [2, 1, 2], "pivot": [-6.25, 1, -10.25], "rotation": [0, 45, 0], "uv": [27, 36]}
					]
				},
				{
					"name": "leg_right",
					"parent": "legs",
					"pivot": [5, 14.5, 4],
					"cubes": [
						{"origin": [8, 7, 2], "size": [4, 11, 4], "pivot": [4, 8.5, 3], "rotation": [-54.73561, 30, -35.26439], "uv": [48, 65], "mirror": true},
						{"origin": [9.75, 7, 2.25], "size": [2, 7, 2], "pivot": [4, 8.5, 3], "rotation": [-54.73561, 30, -35.26439], "uv": [71, 75]},
						{"origin": [12, 4.5, 1], "size": [0, 3, 4], "pivot": [4, 7.5, 2], "rotation": [-54.73561, 30, -35.26439], "uv": [42, 5]},
						{"origin": [8, 4.5, 1], "size": [4, 3, 0], "pivot": [4, 7.5, 2], "rotation": [-54.73561, 30, -35.26439], "uv": [24, 54], "mirror": true},
						{"origin": [5, 14, 3.5], "size": [2, 1, 1], "uv": [27, 34], "mirror": true}
					]
				},
				{
					"name": "leg_right_1",
					"parent": "leg_right",
					"pivot": [9, 9.5, 0],
					"cubes": [
						{"origin": [5.5, 0, -0.5], "size": [0, 9, 4], "pivot": [4, 0, 3.5], "rotation": [0, -10, 0], "uv": [0, 55], "mirror": true},
						{"origin": [12.25, 0, 1.25], "size": [0, 9, 4], "pivot": [4, 0, 3.5], "rotation": [0, 10, 0], "uv": [0, 16], "mirror": true},
						{"origin": [8, 4.5, 3], "size": [4, 6, 4], "pivot": [4, 5.5, 4], "rotation": [0, 45, 0], "uv": [18, 72], "mirror": true},
						{"origin": [8, -0.5, 2.5], "size": [4, 5, 4], "pivot": [4, -0.5, 3.5], "rotation": [-7.05323, 44.78238, -4.98107], "uv": [74, 0], "mirror": true}
					]
				},
				{
					"name": "claw_lr1",
					"parent": "leg_right_1",
					"pivot": [8.25, 1, -1.25],
					"cubes": [
						{"origin": [7.5, 0, -4.5], "size": [3, 2, 4], "uv": [58, 38], "mirror": true},
						{"origin": [11.25, 0, -9.25], "size": [2, 1, 2], "pivot": [6.25, 1, -10.25], "rotation": [0, -45, 0], "uv": [27, 36], "mirror": true}
					]
				}
			]
		}
	]
}