{
	"texture_size": [64, 64],
	"textures": {
		"texture": "exposure:block/photograph_frame_medium",
		"particle": "exposure:block/photograph_frame_medium"
	},
	"elements": [
		{
			"from": [-8, -8, 15.85],
			"to": [24, 24, 16],
			"faces": {
				"north": {"uv": [0, 0, 8, 8], "texture": "#texture"},
				"east": {"uv": [0.0625, 0, 0.0875, 8], "texture": "#texture"},
				"south": {"uv": [8, 0, 16, 8], "texture": "#texture"},
				"west": {"uv": [7.5625, 0, 7.5875, 8], "texture": "#texture"},
				"up": {"uv": [0, 0.0625, 8, 0.0875], "texture": "#texture"},
				"down": {"uv": [0, 7.5625, 8, 7.5875], "texture": "#texture"}
			}
		}
	]
}