{
	"format_version": "1.8.0",
	"animations": {
		"animation.regigigas.ground_idle": {
			"loop": true,
			"bones": {
				"body": {
					"position": [0, "-4.5+math.sin(q.anim_time*45*2)*0.5", 0]
				},
				"torso": {
					"rotation": [2.5, 0, 0]
				},
				"chest": {
					"rotation": ["1-math.cos(q.anim_time*45*2)*1", 0, 0]
				},
				"shoulder_left": {
					"rotation": [0, 0, "7.5-math.sin(q.anim_time*45*2)*1"]
				},
				"arm_left_rotation": {
					"rotation": [0, "-10-math.sin(q.anim_time*45*2)*1", "50-math.sin(q.anim_time*45*2)*1"]
				},
				"arm_left2": {
					"rotation": [0, "25+math.cos(q.anim_time*45*2)*2.5", 0]
				},
				"finger1_left": {
					"rotation": [0, 0, "-10-math.sin(q.anim_time*45*2)*5"]
				},
				"finger1_left2": {
					"rotation": [0, 0, "10+math.cos(q.anim_time*45*2)*10"]
				},
				"finger2_left": {
					"rotation": [15, "10+math.sin(q.anim_time*45*2)*5", 0]
				},
				"finger2_left2": {
					"rotation": [0, "-10-math.cos(q.anim_time*45*2)*10", 0]
				},
				"finger3_left": {
					"rotation": [-15, "-10-math.sin(q.anim_time*45*2)*5", 0]
				},
				"finger3_left2": {
					"rotation": [0, "10+math.cos(q.anim_time*45*2)*10", 0]
				},
				"shoulder_right": {
					"rotation": [0, 0, "-7.5+math.sin(q.anim_time*45*2)*1"]
				},
				"arm_right_rotation": {
					"rotation": [0, "10+math.sin(q.anim_time*45*2)*1", "-50+math.sin(q.anim_time*45*2)*1"]
				},
				"arm_right2": {
					"rotation": [0, "-25-math.cos(q.anim_time*45*2)*2.5", 0]
				},
				"finger1_right": {
					"rotation": [0, 0, "10+math.sin(q.anim_time*45*2)*5"]
				},
				"finger1_right2": {
					"rotation": [0, 0, "-10-math.cos(q.anim_time*45*2)*10"]
				},
				"finger2_right": {
					"rotation": [15, "-10-math.sin(q.anim_time*45*2)*5", 0]
				},
				"finger2_right2": {
					"rotation": [0, "10+math.cos(q.anim_time*45*2)*10", 0]
				},
				"finger3_right": {
					"rotation": [-15, "10+math.sin(q.anim_time*45*2)*5", 0]
				},
				"finger3_right2": {
					"rotation": [0, "-10-math.cos(q.anim_time*45*2)*10", 0]
				},
				"leg_left": {
					"rotation": ["-20+math.sin(q.anim_time*45*2)*1", -10, 10]
				},
				"leg_left2": {
					"rotation": ["30-math.sin(q.anim_time*45*2)*1", 0, 0]
				},
				"foot_left_pivot": {
					"rotation": [-10, 0, 0]
				},
				"leg_right": {
					"rotation": ["-20+math.sin(q.anim_time*45*2)*1", 10, -10]
				},
				"leg_right2": {
					"rotation": ["30-math.sin(q.anim_time*45*2)*1", 0, 0]
				},
				"foot_right_pivot": {
					"rotation": [-10, 0, 0]
				}
			}
		},
		"animation.regigigas.ground_walk": {
			"loop": true,
			"animation_length": 1.8,
			"bones": {
				"torso": {
					"rotation": [1, 0, 0]
				},
				"chest": {
					"rotation": {
						"0.0": [2.5, 0, 0],
						"0.1": {
							"pre": [2.25, 0, 0],
							"post": [2.25, 0, 0],
							"lerp_mode": "catmullrom"
						},
						"0.8": {
							"post": [0, 0, 0],
							"lerp_mode": "catmullrom"
						},
						"0.9": {
							"post": [2.5, 0, 0],
							"lerp_mode": "catmullrom"
						},
						"1.7": {
							"post": [0, 0, 0],
							"lerp_mode": "catmullrom"
						},
						"1.8": [2.5, 0, 0]
					}
				},
				"shoulder_left": {
					"rotation": {
						"0.0": [0, 0, 9.75],
						"0.7": {
							"pre": [0, 0, 7.5],
							"post": [0, 0, 7.5],
							"lerp_mode": "catmullrom"
						},
						"0.8": {
							"post": [0, 0, 10],
							"lerp_mode": "catmullrom"
						},
						"1.6": {
							"post": [0, 0, 7.5],
							"lerp_mode": "catmullrom"
						},
						"1.7": {
							"post": [0, 0, 10],
							"lerp_mode": "catmullrom"
						},
						"1.8": [0, 0, 9.75]
					}
				},
				"arm_left_rotation": {
					"rotation": {
						"0.0": [0, -10, 50.88],
						"0.7": {
							"pre": [0, -20, 50],
							"post": [0, -20, 50],
							"lerp_mode": "catmullrom"
						},
						"0.8": {
							"post": [0, -20, 51],
							"lerp_mode": "catmullrom"
						},
						"1.6": {
							"post": [0, -10, 50],
							"lerp_mode": "catmullrom"
						},
						"1.7": {
							"post": [0, -10, 51],
							"lerp_mode": "catmullrom"
						},
						"1.8": [0, -10, 50.88]
					}
				},
				"arm_left2": {
					"rotation": [0, 25, 0]
				},
				"finger1_left": {
					"rotation": {
						"0.0": [0, 0, -10.31],
						"0.7": {
							"pre": [0, 0, -15],
							"post": [0, 0, -15],
							"lerp_mode": "catmullrom"
						},
						"1.7": {
							"post": [0, 0, -10],
							"lerp_mode": "catmullrom"
						},
						"1.8": [0, 0, -10.31]
					}
				},
				"finger1_left2": {
					"rotation": {
						"0.0": [0, 0, 19.38],
						"1.0": {
							"pre": [0, 0, 15],
							"post": [0, 0, 15],
							"lerp_mode": "catmullrom"
						},
						"1.7": {
							"post": [0, 0, 20],
							"lerp_mode": "catmullrom"
						},
						"1.8": [0, 0, 19.38]
					}
				},
				"finger2_left": {
					"rotation": {
						"0.0": [15, 10.33, 0],
						"0.7": {
							"pre": [15, 15, 0],
							"post": [15, 15, 0],
							"lerp_mode": "catmullrom"
						},
						"1.7": {
							"post": [15, 10, 0],
							"lerp_mode": "catmullrom"
						},
						"1.8": [15, 10.33, 0]
					}
				},
				"finger2_left2": {
					"rotation": {
						"0.0": [0, -19.37, 0],
						"1.0": {
							"pre": [0, -15, 0],
							"post": [0, -15, 0],
							"lerp_mode": "catmullrom"
						},
						"1.7": {
							"post": [0, -20, 0],
							"lerp_mode": "catmullrom"
						},
						"1.8": [0, -19.37, 0]
					}
				},
				"finger3_left": {
					"rotation": {
						"0.0": [-15, -10.31, 0],
						"0.7": {
							"pre": [-15, -15, 0],
							"post": [-15, -15, 0],
							"lerp_mode": "catmullrom"
						},
						"1.7": {
							"post": [-15, -10, 0],
							"lerp_mode": "catmullrom"
						},
						"1.8": [-15, -10.31, 0]
					}
				},
				"finger3_left2": {
					"rotation": {
						"0.0": [0, 19.38, 0],
						"1.0": {
							"pre": [0, 15, 0],
							"post": [0, 15, 0],
							"lerp_mode": "catmullrom"
						},
						"1.7": {
							"post": [0, 20, 0],
							"lerp_mode": "catmullrom"
						},
						"1.8": [0, 19.38, 0]
					}
				},
				"shoulder_right": {
					"rotation": {
						"0.0": [0, 0, -9.75],
						"0.7": {
							"pre": [0, 0, -7.5],
							"post": [0, 0, -7.5],
							"lerp_mode": "catmullrom"
						},
						"0.8": {
							"post": [0, 0, -10],
							"lerp_mode": "catmullrom"
						},
						"1.6": {
							"post": [0, 0, -7.5],
							"lerp_mode": "catmullrom"
						},
						"1.7": {
							"post": [0, 0, -10],
							"lerp_mode": "catmullrom"
						},
						"1.8": [0, 0, -9.75]
					}
				},
				"arm_right_rotation": {
					"rotation": {
						"0.0": [0, 20, -50.88],
						"0.7": {
							"pre": [0, 10, -50],
							"post": [0, 10, -50],
							"lerp_mode": "catmullrom"
						},
						"0.8": {
							"post": [0, 10, -51],
							"lerp_mode": "catmullrom"
						},
						"1.6": {
							"post": [0, 20, -50],
							"lerp_mode": "catmullrom"
						},
						"1.7": {
							"post": [0, 20, -51],
							"lerp_mode": "catmullrom"
						},
						"1.8": [0, 20, -50.88]
					}
				},
				"arm_right2": {
					"rotation": [0, -25, 0]
				},
				"finger1_right": {
					"rotation": {
						"0.0": [0, 0, 10.31],
						"0.7": {
							"pre": [0, 0, 15],
							"post": [0, 0, 15],
							"lerp_mode": "catmullrom"
						},
						"1.7": {
							"post": [0, 0, 10],
							"lerp_mode": "catmullrom"
						},
						"1.8": [0, 0, 10.31]
					}
				},
				"finger1_right2": {
					"rotation": {
						"0.0": [0, 0, -19.38],
						"1.0": {
							"pre": [0, 0, -15],
							"post": [0, 0, -15],
							"lerp_mode": "catmullrom"
						},
						"1.7": {
							"post": [0, 0, -20],
							"lerp_mode": "catmullrom"
						},
						"1.8": [0, 0, -19.38]
					}
				},
				"finger2_right": {
					"rotation": {
						"0.0": [15, -10.33, 0],
						"0.7": {
							"pre": [15, -15, 0],
							"post": [15, -15, 0],
							"lerp_mode": "catmullrom"
						},
						"1.7": {
							"post": [15, -10, 0],
							"lerp_mode": "catmullrom"
						},
						"1.8": [15, -10.33, 0]
					}
				},
				"finger2_right2": {
					"rotation": {
						"0.0": [0, 19.37, 0],
						"1.0": {
							"pre": [0, 15, 0],
							"post": [0, 15, 0],
							"lerp_mode": "catmullrom"
						},
						"1.7": {
							"post": [0, 20, 0],
							"lerp_mode": "catmullrom"
						},
						"1.8": [0, 19.37, 0]
					}
				},
				"finger3_right": {
					"rotation": {
						"0.0": [-15, 10.31, 0],
						"0.7": {
							"pre": [-15, 15, 0],
							"post": [-15, 15, 0],
							"lerp_mode": "catmullrom"
						},
						"1.7": {
							"post": [-15, 10, 0],
							"lerp_mode": "catmullrom"
						},
						"1.8": [-15, 10.31, 0]
					}
				},
				"finger3_right2": {
					"rotation": {
						"0.0": [0, -19.38, 0],
						"1.0": {
							"pre": [0, -15, 0],
							"post": [0, -15, 0],
							"lerp_mode": "catmullrom"
						},
						"1.7": {
							"post": [0, -20, 0],
							"lerp_mode": "catmullrom"
						},
						"1.8": [0, -19.38, 0]
					}
				},
				"leg_left": {
					"rotation": {
						"0.0": {
							"post": [23.02, -10, 10],
							"lerp_mode": "catmullrom"
						},
						"0.2": {
							"post": [0.74, -10, 10],
							"lerp_mode": "catmullrom"
						},
						"0.6": {
							"post": [-40, -10, 10],
							"lerp_mode": "catmullrom"
						},
						"0.8": [-27.5, -10, 10],
						"0.9": [-27.5, -10, 10],
						"1.5": {
							"pre": [27.5, -10, 10],
							"post": [27.5, -10, 10],
							"lerp_mode": "catmullrom"
						},
						"1.7": {
							"post": [30, -10, 10],
							"lerp_mode": "catmullrom"
						},
						"1.8": {
							"post": [23.02, -10, 10],
							"lerp_mode": "catmullrom"
						}
					}
				},
				"leg_left2": {
					"rotation": {
						"0.0": {
							"post": [24.37, 0, 0],
							"lerp_mode": "catmullrom"
						},
						"0.2": {
							"post": [34.21, 0, 0],
							"lerp_mode": "catmullrom"
						},
						"0.6": {
							"post": [50, 0, 0],
							"lerp_mode": "catmullrom"
						},
						"0.8": [27.5, 0, 0],
						"0.9": [27.5, 0, 0],
						"1.5": {
							"pre": [10, 0, 0],
							"post": [10, 0, 0],
							"lerp_mode": "catmullrom"
						},
						"1.7": {
							"post": [20, 0, 0],
							"lerp_mode": "catmullrom"
						},
						"1.8": {
							"post": [24.37, 0, 0],
							"lerp_mode": "catmullrom"
						}
					}
				},
				"foot_left_pivot": {
					"rotation": ["-5+math.sin(q.anim_time*45*2)*1", 0, 0]
				},
				"leg_right": {
					"rotation": {
						"0.0": [-27.5, 10, -10],
						"0.6": {
							"pre": [27.5, 10, -10],
							"post": [27.5, 10, -10],
							"lerp_mode": "catmullrom"
						},
						"0.8": {
							"post": [30, 10, -10],
							"lerp_mode": "catmullrom"
						},
						"1.5": {
							"post": [-40, 10, -10],
							"lerp_mode": "catmullrom"
						},
						"1.7": [-27.5, 10, -10],
						"1.8": [-27.5, 10, -10]
					}
				},
				"leg_right2": {
					"rotation": {
						"0.0": [27.5, 0, 0],
						"0.6": {
							"pre": [10, 0, 0],
							"post": [10, 0, 0],
							"lerp_mode": "catmullrom"
						},
						"0.8": {
							"post": [20, 0, 0],
							"lerp_mode": "catmullrom"
						},
						"1.5": {
							"post": [50, 0, 0],
							"lerp_mode": "catmullrom"
						},
						"1.7": [27.5, 0, 0],
						"1.8": [27.5, 0, 0]
					}
				},
				"body": {
					"position": {
						"0.0": [0, -4.5, 0],
						"0.7": {
							"pre": [0, -3.5, 0],
							"post": [0, -3.5, 0],
							"lerp_mode": "catmullrom"
						},
						"0.8": {
							"post": [0, -5, 0],
							"lerp_mode": "catmullrom"
						},
						"0.9": {
							"post": [0, -4.5, 0],
							"lerp_mode": "catmullrom"
						},
						"1.6": {
							"post": [0, -3.5, 0],
							"lerp_mode": "catmullrom"
						},
						"1.7": {
							"post": [0, -5, 0],
							"lerp_mode": "catmullrom"
						},
						"1.8": [0, -4.5, 0]
					}
				}
			}
		},
		"animation.regigigas.battle_idle": {
			"loop": true,
			"bones": {
				"body": {
					"rotation": [0, -15, 0],
					"position": [0, "-10+math.sin(q.anim_time*45*2)*0.5", 0]
				},
				"torso": {
					"rotation": [0, 10, 0]
				},
				"chest": {
					"rotation": ["5-math.cos(q.anim_time*45*2)*1", 5, 0]
				},
				"shoulder_left": {
					"rotation": [0, 0, "7.5-math.sin(q.anim_time*45*2)*1"]
				},
				"arm_left_rotation": {
					"rotation": [0, "-20-math.sin(q.anim_time*45*2)*1", "50-math.sin(q.anim_time*45*2)*1"]
				},
				"arm_left2": {
					"rotation": [0, "50+math.cos(q.anim_time*45*2)*2.5", 0]
				},
				"finger1_left": {
					"rotation": [0, 0, "-10-math.sin(q.anim_time*45*2)*5"]
				},
				"finger1_left2": {
					"rotation": [0, 0, "10+math.cos(q.anim_time*45*2)*10"]
				},
				"finger2_left": {
					"rotation": [15, "10+math.sin(q.anim_time*45*2)*5", 0]
				},
				"finger2_left2": {
					"rotation": [0, "-10-math.cos(q.anim_time*45*2)*10", 0]
				},
				"finger3_left": {
					"rotation": [-15, "-10-math.sin(q.anim_time*45*2)*5", 0]
				},
				"finger3_left2": {
					"rotation": [0, "10+math.cos(q.anim_time*45*2)*10", 0]
				},
				"shoulder_right": {
					"rotation": [0, 0, "-7.5+math.sin(q.anim_time*45*2)*1"]
				},
				"arm_right_rotation": {
					"rotation": [0, "20+math.sin(q.anim_time*45*2)*1", "-50+math.sin(q.anim_time*45*2)*1"]
				},
				"arm_right2": {
					"rotation": [0, "-50-math.cos(q.anim_time*45*2)*2.5", 0]
				},
				"finger1_right": {
					"rotation": [0, 0, "10+math.sin(q.anim_time*45*2)*5"]
				},
				"finger1_right2": {
					"rotation": [0, 0, "-10-math.cos(q.anim_time*45*2)*10"]
				},
				"finger2_right": {
					"rotation": [15, "-10-math.sin(q.anim_time*45*2)*5", 0]
				},
				"finger2_right2": {
					"rotation": [0, "10+math.cos(q.anim_time*45*2)*10", 0]
				},
				"finger3_right": {
					"rotation": [-15, "10+math.sin(q.anim_time*45*2)*5", 0]
				},
				"finger3_right2": {
					"rotation": [0, "-10-math.cos(q.anim_time*45*2)*10", 0]
				},
				"leg_left": {
					"rotation": ["-40+math.sin(q.anim_time*45*2)*1", -40, 0]
				},
				"leg_left2": {
					"rotation": ["47.5-math.sin(q.anim_time*45*2)*1", 0, 10]
				},
				"leg_right": {
					"rotation": ["-40+math.sin(q.anim_time*45*2)*1", 40, 0]
				},
				"leg_right2": {
					"rotation": ["47.5-math.sin(q.anim_time*45*2)*1", 0, -10]
				}
			}
		},
		"animation.regigigas.cry": {
			"animation_length": 1.5,
			"bones": {
				"body": {
					"position": {
						"0.0": [0, 0, 0],
						"0.1667": [0, 0, 0],
						"0.375": [2, 4, -1],
						"0.4167": [2, 4, -1],
						"0.5833": [0, 0, 0]
					}
				},
				"torso": {
					"rotation": {
						"0.0": [0, 0, 0],
						"0.1667": [0, 0, 0],
						"0.25": [0, 0, 0],
						"0.5833": [-7.5, 0, 0],
						"1.0": [-7.5, 0, 0],
						"1.5": [0, 0, 0]
					},
					"position": {
						"0.5833": [0, 0, 0],
						"0.625": [0, -1, 0],
						"0.6667": [0, 0, 0]
					}
				},
				"chest": {
					"rotation": {
						"0.0": [0, 0, 0],
						"0.1667": [0, 0, 0],
						"0.375": [0, 0, 0],
						"0.5833": [-2.5, 0, 0],
						"1.0": [-2.5, 0, 0],
						"1.5": [0, 0, 0]
					},
					"position": {
						"0.5833": [0, 0, 0],
						"0.625": [0, -1, 0],
						"0.6667": [0, 0, 0],
						"0.7083": [0, -1, 0],
						"0.75": [0, 0, 0],
						"0.7917": [0, -1, 0],
						"0.8333": [0, 0, 0],
						"0.875": [0, -1, 0],
						"0.9167": [0, 0, 0]
					}
				},
				"arm_left_rotation": {
					"rotation": {
						"0.0": [0, 0, 0],
						"0.4167": [-20, 60, -20],
						"0.5": [-20, 60, -20],
						"0.6667": [-10, 10, -10],
						"1.0": [-10, 10, -10],
						"1.5": [0, 0, 0]
					}
				},
				"arm_left2": {
					"rotation": {
						"0.0": [0, 0, 0],
						"0.5": [0, 22.5, 0],
						"0.9167": [0, 22.5, 0],
						"1.5": [0, 0, 0]
					}
				},
				"arm_right_rotation": {
					"rotation": {
						"0.0": [0, 0, 0],
						"0.4167": [-20, -60, 20],
						"0.5": [-20, -60, 20],
						"0.6667": [-10, -10, 10],
						"1.0": [-10, -10, 10],
						"1.5": [0, 0, 0]
					}
				},
				"arm_right2": {
					"rotation": {
						"0.0": [0, 0, 0],
						"0.5": [0, -22.5, 0],
						"0.9167": [0, -22.5, 0],
						"1.5": [0, 0, 0]
					}
				},
				"leg_left": {
					"rotation": {
						"0.0": [0, 0, 0],
						"0.1667": [0, 0, 0],
						"0.4167": [15, 0, 0],
						"0.5833": [0, 0, 0]
					}
				},
				"leg_left2": {
					"rotation": {
						"0.0": [0, 0, 0],
						"0.1667": [0, 0, 0],
						"0.4167": [-15, 0, 0],
						"0.5833": [0, 0, 0]
					}
				},
				"leg_right": {
					"rotation": {
						"0.0": [0, 0, 0],
						"0.1667": [0, 0, 0],
						"0.2917": [5, 0, 0],
						"0.5": [-10, 0, 0],
						"0.625": [0, 0, 0]
					}
				},
				"leg_right2": {
					"rotation": {
						"0.0": [0, 0, 0],
						"0.1667": [0, 0, 0],
						"0.2917": [-7.5, 0, 0],
						"0.5": [12.5, 0, 0],
						"0.625": [0, 0, 0]
					}
				},
				"eyelid_center": {
					"position": {
						"0.5833": [0, 0, 0],
						"0.625": [0, 0, -0.25],
						"0.6667": [0, 0, 0],
						"0.7083": [0, 0, -0.25],
						"0.75": [0, 0, 0],
						"0.7917": [0, 0, -0.25],
						"0.8333": [0, 0, 0]
					}
				},
				"eyelid_top": {
					"position": {
						"0.5833": [0, 0, 0],
						"0.625": [0, 0, -0.25],
						"0.6667": [0, 0, 0],
						"0.7083": [0, 0, -0.25],
						"0.75": [0, 0, 0],
						"0.7917": [0, 0, -0.25],
						"0.8333": [0, 0, 0]
					}
				},
				"eyelid_left": {
					"position": {
						"0.5833": [0, 0, 0],
						"0.625": [0, 0, -0.25],
						"0.6667": [0, 0, 0],
						"0.7083": [0, 0, -0.25],
						"0.75": [0, 0, 0],
						"0.7917": [0, 0, -0.25],
						"0.8333": [0, 0, 0]
					}
				},
				"eyelid_right": {
					"position": {
						"0.5833": [0, 0, 0],
						"0.625": [0, 0, -0.25],
						"0.6667": [0, 0, 0],
						"0.7083": [0, 0, -0.25],
						"0.75": [0, 0, 0],
						"0.7917": [0, 0, -0.25],
						"0.8333": [0, 0, 0]
					}
				},
				"eyelid_center2": {
					"position": {
						"0.5833": [0, 0, 0],
						"0.625": [0, 0, -0.25],
						"0.6667": [0, 0, 0],
						"0.7083": [0, 0, -0.25],
						"0.75": [0, 0, 0],
						"0.7917": [0, 0, -0.25],
						"0.8333": [0, 0, 0]
					}
				},
				"eyelid_center3": {
					"position": {
						"0.5833": [0, 0, 0],
						"0.625": [0, 0, -0.25],
						"0.6667": [0, 0, 0],
						"0.7083": [0, 0, -0.25],
						"0.75": [0, 0, 0],
						"0.7917": [0, 0, -0.25],
						"0.8333": [0, 0, 0]
					}
				},
				"eyelid_bottom": {
					"position": {
						"0.5833": [0, 0, 0],
						"0.625": [0, 0, -0.25],
						"0.6667": [0, 0, 0],
						"0.7083": [0, 0, -0.25],
						"0.75": [0, 0, 0],
						"0.7917": [0, 0, -0.25],
						"0.8333": [0, 0, 0]
					}
				}
			}
		},
		"animation.regigigas.special": {
			"animation_length": 2.5,
			"bones": {
				"body": {
					"rotation": {
						"0.0": [0, -15, 0],
						"0.0833": [0, -15, 0],
						"1.9167": [0, -15, 0]
					},
					"position": {
						"0.0": [0, -10, 0],
						"0.0833": [0, -10, 0],
						"0.2917": [2, -6, -1],
						"0.3333": [2, -6, -1],
						"0.5": [0, -10, 0],
						"1.9167": [0, -10, 0],
						"2.125": [2, -6, -1],
						"2.1667": [2, -6, -1],
						"2.3333": [0, -10, 0]
					}
				},
				"torso": {
					"rotation": {
						"0.0": [0, 10, 0],
						"0.0833": [0, 10, 0],
						"0.5": [5, 10, 0],
						"1.0417": [5, 10, 0],
						"1.25": [-2.5, 10, 0],
						"1.9167": [-2.5, 10, 0],
						"2.1667": [0, 10, 0]
					}
				},
				"chest": {
					"rotation": {
						"0.0": [5, 5, 0],
						"0.0833": [5, 5, 0],
						"0.5": [7.5, 5, 0],
						"1.0417": [7.5, 5, 0],
						"1.25": [2.5, 5, 0],
						"1.9167": [2.5, 5, 0],
						"2.1667": [5, 5, 0]
					},
					"position": {
						"0.5": [0, 0, 0],
						"0.5417": [0, -1, 0],
						"0.5833": [0, 0, 0],
						"0.625": [0, -1, 0],
						"0.6667": [0, 0, 0],
						"1.25": [0, 0, 0],
						"1.2917": [0, -1, 0],
						"1.3333": [0, 0, 0],
						"2.3333": [0, 0, 0],
						"2.375": [0, -1, 0],
						"2.4167": [0, 0, 0],
						"2.4583": [0, -1, 0],
						"2.5": [0, 0, 0]
					}
				},
				"shoulder_left": {
					"rotation": [0, 0, 7.5]
				},
				"arm_left_rotation": {
					"rotation": {
						"0.0": [0, -20, 50],
						"0.0833": [0, -20, 50],
						"0.5": [0, -50, 50],
						"0.8333": [0, -50, 50],
						"0.875": [0, -52.5, 50],
						"0.9167": [0, -50, 50],
						"0.9583": [0, -52.5, 50],
						"1.0": [0, -50, 50],
						"1.0417": [0, -60, 50],
						"1.25": [0, 45, 15],
						"1.2917": [0, 42.5, 15],
						"1.3333": [0, 40, 15],
						"1.375": [0, 42.5, 15],
						"1.4167": [0, 40, 15],
						"1.5": [0, 42.5, 15],
						"1.5833": [0, 40, 15],
						"1.9583": [0, 40, 15],
						"2.3333": [0, -20, 50]
					}
				},
				"arm_left2": {
					"rotation": {
						"0.0": [0, 50, 0],
						"0.0833": [0, 50, 0],
						"0.5": [0, 75, 0],
						"1.0417": [0, 75, 0],
						"1.25": [0, 50, 0],
						"1.2917": [0, 47.5, 0],
						"1.3333": [0, 50, 0],
						"1.375": [0, 47.5, 0],
						"1.4167": [0, 50, 0],
						"1.5": [0, 47.5, 0],
						"1.5833": [0, 50, 0],
						"1.9583": [0, 50, 0],
						"2.3333": [0, 50, 0]
					}
				},
				"finger1_left": {
					"rotation": [0, 0, -10]
				},
				"finger1_left2": {
					"rotation": {
						"0.0": [0, 0, 10],
						"0.0833": [0, 0, 10],
						"2.1667": [0, 0, 10]
					}
				},
				"finger2_left": {
					"rotation": [15, 10, 0]
				},
				"finger2_left2": {
					"rotation": {
						"0.0": [0, -10, 0],
						"0.0833": [0, -10, 0],
						"2.1667": [0, -10, 0]
					}
				},
				"finger3_left": {
					"rotation": [-15, -10, 0]
				},
				"finger3_left2": {
					"rotation": {
						"0.0": [0, 10, 0],
						"0.0833": [0, 10, 0],
						"2.1667": [0, 10, 0]
					}
				},
				"shoulder_right": {
					"rotation": [0, 0, -7.5]
				},
				"arm_right_rotation": {
					"rotation": {
						"0.0": [0, 20, -50],
						"0.0833": [0, 20, -50],
						"0.5": [0, 50, -50],
						"0.8333": [0, 50, -50],
						"0.875": [0, 52.5, -50],
						"0.9167": [0, 50, -50],
						"0.9583": [0, 52.5, -50],
						"1.0": [0, 50, -50],
						"1.0417": [0, 60, -50],
						"1.25": [0, -45, -15],
						"1.2917": [0, -42.5, -15],
						"1.3333": [0, -40, -15],
						"1.375": [0, -42.5, -15],
						"1.4167": [0, -40, -15],
						"1.5": [0, -42.5, -15],
						"1.5833": [0, -40, -15],
						"1.9583": [0, -40, -15],
						"2.3333": [0, 20, -50]
					}
				},
				"arm_right2": {
					"rotation": {
						"0.0": [0, -50, 0],
						"0.0833": [0, -50, 0],
						"0.5": [0, -75, 0],
						"1.0417": [0, -75, 0],
						"1.25": [0, -50, 0],
						"1.2917": [0, -47.5, 0],
						"1.3333": [0, -50, 0],
						"1.375": [0, -47.5, 0],
						"1.4167": [0, -50, 0],
						"1.5": [0, -47.5, 0],
						"1.5833": [0, -50, 0],
						"1.9583": [0, -50, 0],
						"2.3333": [0, -50, 0]
					}
				},
				"finger1_right": {
					"rotation": {
						"0.0": [0, 0, 10],
						"0.0833": [0, 0, 10],
						"2.0": [0, 0, 10]
					}
				},
				"finger1_right2": {
					"rotation": {
						"0.0": [0, 0, -10],
						"0.0833": [0, 0, -10],
						"2.1667": [0, 0, -10]
					}
				},
				"finger2_right": {
					"rotation": {
						"0.0": [15, -10, 0],
						"0.0833": [15, -10, 0],
						"2.1667": [15, -10, 0]
					}
				},
				"finger2_right2": {
					"rotation": {
						"0.0": [0, 10, 0],
						"0.0833": [0, 10, 0],
						"2.1667": [0, 10, 0]
					}
				},
				"finger3_right": {
					"rotation": {
						"0.0": [-15, 10, 0],
						"0.0833": [-15, 10, 0],
						"2.1667": [-15, 10, 0]
					}
				},
				"finger3_right2": {
					"rotation": {
						"0.0": [0, -10, 0],
						"0.0833": [0, -10, 0],
						"2.1667": [0, -10, 0]
					}
				},
				"leg_left": {
					"rotation": {
						"0.0": [-40, -40, 0],
						"0.0833": [-40, -40, 0],
						"0.3333": [-25, -40, 0],
						"0.5": [-40, -40, 0],
						"1.9167": [-40, -40, 0],
						"2.1667": [-25, -40, 0],
						"2.3333": [-40, -40, 0]
					}
				},
				"leg_left2": {
					"rotation": {
						"0.0": [47.5, 0, 10],
						"0.0833": [47.5, 0, 10],
						"0.3333": [32.5, 0, 10],
						"0.5": [47.5, 0, 10],
						"1.9167": [47.5, 0, 10],
						"2.1667": [32.5, 0, 10],
						"2.3333": [47.5, 0, 10]
					}
				},
				"leg_right": {
					"rotation": {
						"0.0": [-40, 40, 0],
						"0.0833": [-40, 40, 0],
						"0.2083": [-35, 40, 0],
						"0.4167": [-45, 40, 0],
						"0.5417": [-40, 40, 0],
						"1.9167": [-40, 40, 0],
						"2.0417": [-35, 40, 0],
						"2.25": [-45, 40, 0],
						"2.375": [-40, 40, 0]
					}
				},
				"leg_right2": {
					"rotation": {
						"0.0": [47.5, 0, -10],
						"0.0833": [47.5, 0, -10],
						"0.2083": [40, 0, -10],
						"0.4167": [52.5, 0, -10],
						"0.5417": [47.5, 0, -10],
						"1.9167": [47.5, 0, -10],
						"2.0417": [40, 0, -10],
						"2.25": [52.5, 0, -10],
						"2.375": [47.5, 0, -10]
					}
				},
				"eyelid_center": {
					"position": {
						"0.0": [0, 0, 0],
						"0.7083": [0, 0, 0],
						"0.75": [0, 0, -0.25],
						"1.2083": [0, 0, -0.25],
						"1.25": [0, 0, 0],
						"1.2917": [0, 0, -0.25],
						"1.3333": [0, 0, 0],
						"1.375": [0, 0, -0.25],
						"2.25": [0, 0, -0.25],
						"2.2917": [0, 0, 0]
					}
				},
				"eyelid_top": {
					"position": {
						"0.0": [0, 0, 0],
						"0.875": [0, 0, 0],
						"0.9167": [0, 0, -0.25],
						"1.2083": [0, 0, -0.25],
						"1.25": [0, 0, 0],
						"1.2917": [0, 0, -0.25],
						"1.3333": [0, 0, 0],
						"1.375": [0, 0, -0.25],
						"2.3333": [0, 0, -0.25],
						"2.375": [0, 0, 0]
					}
				},
				"eyelid_left": {
					"position": {
						"0.0": [0, 0, 0],
						"0.9583": [0, 0, 0],
						"1.0": [0, 0, -0.25],
						"1.2083": [0, 0, -0.25],
						"1.25": [0, 0, 0],
						"1.2917": [0, 0, -0.25],
						"1.3333": [0, 0, 0],
						"1.375": [0, 0, -0.25],
						"2.375": [0, 0, -0.25],
						"2.4167": [0, 0, 0]
					}
				},
				"eyelid_right": {
					"position": {
						"0.0": [0, 0, 0],
						"0.7917": [0, 0, 0],
						"0.8333": [0, 0, -0.25],
						"1.2083": [0, 0, -0.25],
						"1.25": [0, 0, 0],
						"1.2917": [0, 0, -0.25],
						"1.3333": [0, 0, 0],
						"1.375": [0, 0, -0.25],
						"2.2917": [0, 0, -0.25],
						"2.3333": [0, 0, 0]
					}
				},
				"eyelid_center2": {
					"position": {
						"0.0": [0, 0, 0],
						"0.625": [0, 0, 0],
						"0.6667": [0, 0, -0.25],
						"1.2083": [0, 0, -0.25],
						"1.25": [0, 0, 0],
						"1.2917": [0, 0, -0.25],
						"1.3333": [0, 0, 0],
						"1.375": [0, 0, -0.25],
						"2.2083": [0, 0, -0.25],
						"2.25": [0, 0, 0]
					}
				},
				"eyelid_center3": {
					"position": {
						"0.0": [0, 0, 0],
						"0.5417": [0, 0, 0],
						"0.5833": [0, 0, -0.25],
						"1.2083": [0, 0, -0.25],
						"1.25": [0, 0, 0],
						"1.2917": [0, 0, -0.25],
						"1.3333": [0, 0, 0],
						"1.375": [0, 0, -0.25],
						"2.1667": [0, 0, -0.25],
						"2.2083": [0, 0, 0]
					}
				},
				"eyelid_bottom": {
					"position": {
						"0.0": [0, 0, 0],
						"0.4583": [0, 0, 0],
						"0.5": [0, 0, -0.25],
						"1.2083": [0, 0, -0.25],
						"1.25": [0, 0, 0],
						"1.2917": [0, 0, -0.25],
						"1.3333": [0, 0, 0],
						"1.375": [0, 0, -0.25],
						"2.125": [0, 0, -0.25],
						"2.1667": [0, 0, 0]
					}
				}
			}
		},
		"animation.regigigas.physical": {
			"animation_length": 2.0417,
			"bones": {
				"body": {
					"rotation": {
						"0.0": [0, -15, 0],
						"0.0833": [0, -15, 0],
						"0.75": [0, 17.5, 0],
						"1.125": [0, 17.5, 0],
						"1.25": [0, -35, 0],
						"1.5833": [0, -35, 0],
						"2.0": [0, -15, 0]
					},
					"position": {
						"0.0": [0, -10, 0],
						"0.0833": [0, -10, 0],
						"0.4583": [2, -6, 4],
						"0.5": [2, -6, 4],
						"0.75": [2, -10, 11],
						"1.125": [2, -10, 11],
						"1.25": [0, -10, -6],
						"1.5833": [0, -10, -6],
						"1.75": [2, -6, -3.6],
						"2.0": [0, -10, 0]
					}
				},
				"torso": {
					"rotation": {
						"0.0": [0, 10, 0],
						"0.0833": [0, 10, 0],
						"0.8333": [0, 15, 0],
						"1.125": [0, 15, 0],
						"1.2917": [0, 5, 0],
						"1.5833": [0, 5, 0],
						"2.0": [0, 10, 0]
					}
				},
				"chest": {
					"rotation": {
						"0.0": [5, 5, 0],
						"0.0833": [5, 5, 0],
						"0.9167": [5.02391, 7.49044, 0.2197],
						"1.125": [5.02391, 7.49044, 0.2197],
						"1.25": [4.98572, 2.50948, -0.21803],
						"1.5833": [4.98572, 2.50948, -0.21803],
						"2.0": [5, 5, 0]
					},
					"position": {
						"0.6667": [0, 0, 0],
						"0.7083": [0, -1, 0],
						"0.75": [0, 0, 0],
						"0.7917": [0, -1, 0],
						"0.8333": [0, 0, 0],
						"1.25": [0, 0, 0],
						"1.2917": [0, -1, 0],
						"1.3333": [0, 0, 0],
						"1.375": [0, -0.5, 0],
						"1.4167": [0, 0, 0],
						"1.9583": [0, 0, 0],
						"2.0": [0, -1, 0],
						"2.0417": [0, 0, 0]
					}
				},
				"shoulder_left": {
					"rotation": {
						"0.0": [0, 0, 7.5],
						"0.0833": [0, 0, 7.5],
						"0.75": [0, 2.5, 7.5],
						"1.125": [0, 2.5, 7.5],
						"1.25": [0, -5, 7.5],
						"2.0": [0, 0, 7.5]
					}
				},
				"arm_left_rotation": {
					"rotation": {
						"0.0": [0, -20, 50],
						"0.0833": [0, -20, 50],
						"0.75": [0, -10, 50],
						"1.1667": [0, -5, 50],
						"1.25": [0, -25, 42.5],
						"1.5": [0, -25, 42.5],
						"2.0": [0, -20, 50]
					}
				},
				"arm_left2": {
					"rotation": {
						"0.0": [0, 50, 0],
						"0.0833": [0, 50, 0],
						"0.8333": [0, 65, 0],
						"1.1667": [0, 65, 0],
						"1.25": [0, 55, 0],
						"1.5": [0, 55, 0],
						"2.0": [0, 50, 0]
					}
				},
				"finger1_left": {
					"rotation": {
						"0.0": [0, 0, -10],
						"0.0833": [0, 0, -10],
						"2.0": [0, 0, -10]
					}
				},
				"finger1_left2": {
					"rotation": {
						"0.0": [0, 0, 10],
						"0.0833": [0, 0, 10],
						"0.75": [0, 0, 10],
						"2.0": [0, 0, 10]
					}
				},
				"finger2_left": {
					"rotation": {
						"0.0": [15, 10, 0],
						"0.0833": [15, 10, 0],
						"2.0": [15, 10, 0]
					}
				},
				"finger2_left2": {
					"rotation": {
						"0.0": [0, -10, 0],
						"0.0833": [0, -10, 0],
						"2.0": [0, -10, 0]
					}
				},
				"finger3_left": {
					"rotation": {
						"0.0": [-15, -10, 0],
						"0.0833": [-15, -10, 0],
						"2.0": [-15, -10, 0]
					}
				},
				"finger3_left2": {
					"rotation": {
						"0.0": [0, 10, 0],
						"0.0833": [0, 10, 0],
						"2.0": [0, 10, 0]
					}
				},
				"shoulder_right": {
					"rotation": {
						"0.0": [0, 0, -7.5],
						"0.0833": [0, 0, -7.5],
						"0.75": [0, 5, -7.5],
						"1.125": [0, 5, -7.5],
						"1.25": [0, -5, -7.5],
						"1.5833": [0, -5, -7.5],
						"2.0": [0, 0, -7.5]
					}
				},
				"arm_right_rotation": {
					"rotation": {
						"0.0": [0, 20, -50],
						"0.0833": [0, 20, -50],
						"0.5": [0, 20, -30],
						"0.75": [0, 35, -30],
						"0.9167": [0, 35, -32.5],
						"0.9583": [0, 35, -30],
						"1.0": [0, 35, -32.5],
						"1.0417": [0, 35, -30],
						"1.0833": [0, 35, -32.5],
						"1.125": [0, 35, -30],
						"1.25": [0, -30, -30],
						"1.2917": [0, -22.5, -32.5],
						"1.3333": [0, -22.5, -30],
						"1.375": [0, -22.5, -32.5],
						"1.5833": [0, -22.5, -30],
						"2.0": [0, 20, -50]
					}
				},
				"arm_right2": {
					"rotation": {
						"0.0": [0, -50, 0],
						"0.0833": [0, -50, 0],
						"0.8333": [0, -60, 0],
						"1.125": [0, -60, 0],
						"1.2083": [0, -70, 0],
						"1.25": [0, -57.5, 0],
						"1.5833": [0, -57.5, 0],
						"2.0": [0, -50, 0]
					}
				},
				"finger1_right": {
					"rotation": {
						"0.0": [0, 0, 10],
						"0.0833": [0, 0, 10],
						"2.0": [0, 0, 10]
					}
				},
				"finger1_right2": {
					"rotation": {
						"0.0": [0, 0, -10],
						"0.0833": [0, 0, -10],
						"0.6667": [0, 0, -35],
						"1.5833": [0, 0, -35],
						"2.0": [0, 0, -10]
					}
				},
				"finger2_right": {
					"rotation": {
						"0.0": [15, -10, 0],
						"0.0833": [15, -10, 0],
						"2.0": [15, -10, 0]
					}
				},
				"finger2_right2": {
					"rotation": {
						"0.0": [0, 10, 0],
						"0.0833": [0, 10, 0],
						"0.6667": [0, 35, 0],
						"1.5833": [0, 35, 0],
						"2.0": [0, 10, 0]
					}
				},
				"finger3_right": {
					"rotation": {
						"0.0": [-15, 10, 0],
						"0.0833": [-15, 10, 0],
						"2.0": [-15, 10, 0]
					}
				},
				"finger3_right2": {
					"rotation": {
						"0.0": [0, -10, 0],
						"0.0833": [0, -10, 0],
						"0.6667": [0, -35, 0],
						"1.5833": [0, -35, 0],
						"2.0": [0, -10, 0]
					}
				},
				"leg_left": {
					"rotation": {
						"0.0": [-40, -40, 0],
						"0.0833": [-40, -40, 0],
						"0.5": [-25, -40, 0],
						"0.75": [-40, -40, 0],
						"1.5833": [-40, -40, 0],
						"1.75": [-25, -40, 0],
						"2.0": [-40, -40, 0]
					}
				},
				"leg_left2": {
					"rotation": {
						"0.0": [47.5, 0, 10],
						"0.0833": [47.5, 0, 10],
						"0.5": [32.5, 0, 10],
						"0.75": [47.5, 0, 10],
						"1.5833": [47.5, 0, 10],
						"1.75": [32.5, 0, 10],
						"2.0": [47.5, 0, 10]
					}
				},
				"leg_right": {
					"rotation": {
						"0.0": [-40, 40, 0],
						"0.0833": [-40, 40, 0],
						"0.4167": [-50, 40, 0],
						"0.4583": [-50, 40, 0],
						"0.6667": [-40, 45, 0],
						"0.75": [-40, 45, 0],
						"1.125": [-40, 45, 0],
						"1.25": [0, 40, 0],
						"1.6667": [0, 40, 0],
						"1.8333": [-45, 40, 0],
						"2.0": [-40, 40, 0]
					}
				},
				"leg_right2": {
					"rotation": {
						"0.0": [47.5, 0, -10],
						"0.0833": [47.5, 0, -10],
						"0.4583": [57.5, 0, -10],
						"0.75": [47.5, 0, -10],
						"1.6667": [47.5, 0, -10],
						"1.8333": [55, 0, -10],
						"2.0": [47.5, 0, -10]
					}
				},
				"eyelid_center": {
					"position": {
						"0.0": [0, 0, 0],
						"0.875": [0, 0, 0],
						"0.9167": [0, 0, -0.25],
						"1.25": [0, 0, -0.25],
						"1.2917": [0, 0, 0],
						"1.3333": [0, 0, -0.25],
						"1.375": [0, 0, 0],
						"1.4167": [0, 0, -0.25],
						"1.625": [0, 0, -0.25],
						"1.6667": [0, 0, 0]
					}
				},
				"eyelid_top": {
					"position": {
						"0.0": [0, 0, 0],
						"0.9583": [0, 0, 0],
						"1.0": [0, 0, -0.25],
						"1.25": [0, 0, -0.25],
						"1.2917": [0, 0, 0],
						"1.3333": [0, 0, -0.25],
						"1.375": [0, 0, 0],
						"1.4167": [0, 0, -0.25],
						"1.625": [0, 0, -0.25],
						"1.6667": [0, 0, 0]
					}
				},
				"eyelid_left": {
					"position": {
						"0.0": [0, 0, 0],
						"1.0": [0, 0, 0],
						"1.0417": [0, 0, -0.25],
						"1.25": [0, 0, -0.25],
						"1.2917": [0, 0, 0],
						"1.3333": [0, 0, -0.25],
						"1.375": [0, 0, 0],
						"1.4167": [0, 0, -0.25],
						"1.625": [0, 0, -0.25],
						"1.6667": [0, 0, 0]
					}
				},
				"eyelid_right": {
					"position": {
						"0.0": [0, 0, 0],
						"0.9167": [0, 0, 0],
						"0.9583": [0, 0, -0.25],
						"1.25": [0, 0, -0.25],
						"1.2917": [0, 0, 0],
						"1.3333": [0, 0, -0.25],
						"1.375": [0, 0, 0],
						"1.4167": [0, 0, -0.25],
						"1.625": [0, 0, -0.25],
						"1.6667": [0, 0, 0]
					}
				},
				"eyelid_center2": {
					"position": {
						"0.0": [0, 0, 0],
						"0.8333": [0, 0, 0],
						"0.875": [0, 0, -0.25],
						"1.25": [0, 0, -0.25],
						"1.2917": [0, 0, 0],
						"1.3333": [0, 0, -0.25],
						"1.375": [0, 0, 0],
						"1.4167": [0, 0, -0.25],
						"1.625": [0, 0, -0.25],
						"1.6667": [0, 0, 0]
					}
				},
				"eyelid_center3": {
					"position": {
						"0.0": [0, 0, 0],
						"0.7917": [0, 0, 0],
						"0.8333": [0, 0, -0.25],
						"1.25": [0, 0, -0.25],
						"1.2917": [0, 0, 0],
						"1.3333": [0, 0, -0.25],
						"1.375": [0, 0, 0],
						"1.4167": [0, 0, -0.25],
						"1.625": [0, 0, -0.25],
						"1.6667": [0, 0, 0]
					}
				},
				"eyelid_bottom": {
					"position": {
						"0.0": [0, 0, 0],
						"0.7083": [0, 0, 0],
						"0.75": [0, 0, -0.25],
						"1.25": [0, 0, -0.25],
						"1.2917": [0, 0, 0],
						"1.3333": [0, 0, -0.25],
						"1.375": [0, 0, 0],
						"1.4167": [0, 0, -0.25],
						"1.625": [0, 0, -0.25],
						"1.6667": [0, 0, 0]
					}
				}
			}
		},
		"animation.regigigas.recoil": {
			"animation_length": 0.625,
			"bones": {
				"torso": {
					"rotation": {
						"0.0": [0, 0, 0],
						"0.0417": [-10, 0, 0],
						"0.25": [-10, 0, 0],
						"0.5": [0, 0, 0]
					}
				},
				"chest": {
					"rotation": {
						"0.0": [0, 0, 0],
						"0.0417": [-2.5, 0, 0],
						"0.25": [-2.5, 0, 0],
						"0.625": [0, 0, 0]
					},
					"position": {
						"0.0": [0, 0, 0],
						"0.0417": [0, -1, 0],
						"0.0833": [0, 0, 0],
						"0.125": [0, -1, 0],
						"0.1667": [0, 0, 0]
					}
				},
				"arm_left_rotation": {
					"rotation": {
						"0.0": [0, 0, 0],
						"0.0417": [0, 20, 0],
						"0.125": [0, 20, 0],
						"0.5": [0, 0, 0]
					}
				},
				"arm_left2": {
					"rotation": {
						"0.0": [0, 0, 0],
						"0.0417": [0, 30, 0],
						"0.0833": [0, 35, 0],
						"0.125": [0, 30, 0],
						"0.5": [0, 0, 0]
					}
				},
				"arm_right_rotation": {
					"rotation": {
						"0.0": [0, 0, 0],
						"0.0417": [0, -20, 0],
						"0.125": [0, -20, 0],
						"0.5417": [0, 0, 0]
					}
				},
				"arm_right2": {
					"rotation": {
						"0.0": [0, 0, 0],
						"0.0417": [0, -30, 0],
						"0.0833": [0, -35, 0],
						"0.125": [0, -30, 0],
						"0.5417": [0, 0, 0]
					}
				},
				"eyelid_center": {
					"position": {
						"0.0": [0, 0, 0],
						"0.0417": [0, 0, -0.25],
						"0.0833": [0, 0, 0],
						"0.125": [0, 0, -0.25],
						"0.1667": [0, 0, 0]
					}
				},
				"eyelid_top": {
					"position": {
						"0.0": [0, 0, 0],
						"0.0417": [0, 0, -0.25],
						"0.0833": [0, 0, 0],
						"0.125": [0, 0, -0.25],
						"0.1667": [0, 0, 0]
					}
				},
				"eyelid_left": {
					"position": {
						"0.0": [0, 0, 0],
						"0.0417": [0, 0, -0.25],
						"0.0833": [0, 0, 0],
						"0.125": [0, 0, -0.25],
						"0.1667": [0, 0, 0]
					}
				},
				"eyelid_right": {
					"position": {
						"0.0": [0, 0, 0],
						"0.0417": [0, 0, -0.25],
						"0.0833": [0, 0, 0],
						"0.125": [0, 0, -0.25],
						"0.1667": [0, 0, 0]
					}
				},
				"eyelid_center2": {
					"position": {
						"0.0": [0, 0, 0],
						"0.0417": [0, 0, -0.25],
						"0.0833": [0, 0, 0],
						"0.125": [0, 0, -0.25],
						"0.1667": [0, 0, 0]
					}
				},
				"eyelid_center3": {
					"position": {
						"0.0": [0, 0, 0],
						"0.0417": [0, 0, -0.25],
						"0.0833": [0, 0, 0],
						"0.125": [0, 0, -0.25],
						"0.1667": [0, 0, 0]
					}
				},
				"eyelid_bottom": {
					"position": {
						"0.0": [0, 0, 0],
						"0.0417": [0, 0, -0.25],
						"0.0833": [0, 0, 0],
						"0.125": [0, 0, -0.25],
						"0.1667": [0, 0, 0]
					}
				}
			}
		},
		"animation.regigigas.blink": {
			"animation_length": 0.625,
			"bones": {
				"eyelid_center": {
					"position": {
						"0.125": [0, 0, 0],
						"0.1667": [0, 0, -0.25],
						"0.4583": [0, 0, -0.25],
						"0.5": [0, 0, 0]
					}
				},
				"eyelid_top": {
					"position": {
						"0.2083": [0, 0, 0],
						"0.25": [0, 0, -0.25],
						"0.5417": [0, 0, -0.25],
						"0.5833": [0, 0, 0]
					}
				},
				"eyelid_left": {
					"position": {
						"0.1667": [0, 0, 0],
						"0.2083": [0, 0, -0.25],
						"0.5": [0, 0, -0.25],
						"0.5417": [0, 0, 0]
					}
				},
				"eyelid_right": {
					"position": {
						"0.1667": [0, 0, 0],
						"0.2083": [0, 0, -0.25],
						"0.5": [0, 0, -0.25],
						"0.5417": [0, 0, 0]
					}
				},
				"eyelid_center2": {
					"position": {
						"0.0833": [0, 0, 0],
						"0.125": [0, 0, -0.25],
						"0.4167": [0, 0, -0.25],
						"0.4583": [0, 0, 0]
					}
				},
				"eyelid_center3": {
					"position": {
						"0.0417": [0, 0, 0],
						"0.0833": [0, 0, -0.25],
						"0.375": [0, 0, -0.25],
						"0.4167": [0, 0, 0]
					}
				},
				"eyelid_bottom": {
					"position": {
						"0.0": [0, 0, 0],
						"0.0417": [0, 0, -0.25],
						"0.3333": [0, 0, -0.25],
						"0.375": [0, 0, 0]
					}
				}
			}
		},
		"animation.regigigas.faint": {
			"animation_length": 2.25,
			"bones": {
				"body": {
					"rotation": {
						"0.0": [0, -15, 0],
						"0.0833": [0, -15, 0],
						"0.875": [0, -15, 0],
						"1.125": [0, -15, 0],
						"1.625": [-90, -15, 0]
					},
					"position": {
						"0.0": [0, -10, 0],
						"0.0833": [0, -10, 0],
						"0.875": [0, -6, 0],
						"1.125": [0, -6, 0],
						"1.375": [-5, -15.5, 14],
						"1.625": [-5, -25, 27],
						"1.6667": [-5, -28, 27],
						"1.7083": [-5, -25, 27],
						"2.0417": [-5, -25, 27],
						"2.0833": [-5, -26, 27],
						"2.125": [-5, -25, 27]
					}
				},
				"torso": {
					"rotation": {
						"0.0": [0, 10, 0],
						"0.0417": [0, 10, 0],
						"0.875": [-7.5, 0, 0],
						"1.125": [-7.5, 0, 0],
						"1.375": [7.5, -7.5, 0],
						"1.6667": [0, -5, 0],
						"1.7083": [5, -5, 0],
						"1.75": [-2.5, -5, 0],
						"1.7917": [0, -5, 0]
					}
				},
				"chest": {
					"rotation": {
						"0.0": [5, 5, 0],
						"0.0417": [5, 5, 0],
						"0.875": [-2.5, 0, 0],
						"1.125": [-2.5, 0, 0],
						"1.375": [0, -5, 0],
						"1.625": [2.5, -10, 0],
						"1.6667": [0, -5, 0]
					},
					"position": {
						"0.0": [0, -1, 0],
						"0.0417": [0, 0, 0],
						"0.125": [0, 0, 0],
						"0.1667": [0, -1, 0],
						"0.2083": [0, 0, 0],
						"0.25": [0, -1, 0],
						"0.2917": [0, 0, 0],
						"0.3333": [0, -1, 0],
						"0.375": [0, 0, 0],
						"0.4167": [0, -1, 0],
						"0.4583": [0, 0, 0],
						"0.5": [0, -1, 0],
						"0.5417": [0, 0, 0],
						"0.7917": [0, -1, 0],
						"0.875": [0, 0, 0],
						"1.625": [0, -1, 0],
						"1.6667": [0, 0, 0],
						"1.7083": [0, -1, 0],
						"1.75": [0, 0, 0],
						"1.7917": [0, -1, 0]
					}
				},
				"arm_left_rotation": {
					"rotation": {
						"0.0": [0, -20, 50],
						"1.125": [0, -20, 50],
						"1.5": [0, 21.25, 50],
						"1.625": [0, -7.5, 50],
						"1.7917": [0, -7.5, 50],
						"2.0417": [0, -5, 50]
					}
				},
				"arm_left2": {
					"rotation": {
						"0.0": [0, 50, 0],
						"1.125": [0, 50, 0],
						"1.7917": [0, 60, 0],
						"2.0417": [0, 10, 0]
					}
				},
				"arm_right_rotation": {
					"rotation": {
						"0.0": [0, 20, -50],
						"0.0833": [0, 20, -50],
						"1.125": [0, 20, -50],
						"1.5": [0, -5, -50],
						"1.625": [0, 27.5, -50],
						"1.7917": [0, 27.5, -50],
						"2.0417": [0, 20, -50],
						"2.125": [0, 20, -50]
					}
				},
				"arm_right2": {
					"rotation": {
						"0.0": [0, -50, 0],
						"1.125": [0, -50, 0],
						"1.7917": [0, -80, 0],
						"2.0417": [0, -22.5, 0]
					}
				},
				"eyelid_center": {
					"position": {
						"0.0833": [0, 0, 0],
						"0.125": [0, 0, -0.25],
						"0.1667": [0, 0, 0],
						"0.2083": [0, 0, -0.25],
						"0.25": [0, 0, 0],
						"0.2917": [0, 0, -0.25],
						"0.3333": [0, 0, 0],
						"0.375": [0, 0, -0.25],
						"0.9167": [0, 0, -0.25],
						"0.9583": [0, 0, 0],
						"1.0": [0, 0, -0.25],
						"1.0417": [0, 0, 0]
					}
				},
				"eyelid_top": {
					"position": {
						"0.0833": [0, 0, 0],
						"0.125": [0, 0, -0.25],
						"0.1667": [0, 0, 0],
						"0.2083": [0, 0, -0.25],
						"0.25": [0, 0, 0],
						"0.2917": [0, 0, -0.25],
						"0.3333": [0, 0, 0],
						"0.375": [0, 0, -0.25],
						"0.9167": [0, 0, -0.25],
						"0.9583": [0, 0, 0],
						"1.0": [0, 0, -0.25],
						"1.0417": [0, 0, 0]
					}
				},
				"eyelid_left": {
					"position": {
						"0.0833": [0, 0, 0],
						"0.125": [0, 0, -0.25],
						"0.1667": [0, 0, 0],
						"0.2083": [0, 0, -0.25],
						"0.25": [0, 0, 0],
						"0.2917": [0, 0, -0.25],
						"0.3333": [0, 0, 0],
						"0.375": [0, 0, -0.25],
						"0.9167": [0, 0, -0.25],
						"0.9583": [0, 0, 0],
						"1.0": [0, 0, -0.25],
						"1.0417": [0, 0, 0]
					}
				},
				"eyelid_right": {
					"position": {
						"0.0833": [0, 0, 0],
						"0.125": [0, 0, -0.25],
						"0.1667": [0, 0, 0],
						"0.2083": [0, 0, -0.25],
						"0.25": [0, 0, 0],
						"0.2917": [0, 0, -0.25],
						"0.3333": [0, 0, 0],
						"0.375": [0, 0, -0.25],
						"0.9167": [0, 0, -0.25],
						"0.9583": [0, 0, 0],
						"1.0": [0, 0, -0.25],
						"1.0417": [0, 0, 0]
					}
				},
				"eyelid_center2": {
					"position": {
						"0.0833": [0, 0, 0],
						"0.125": [0, 0, -0.25],
						"0.1667": [0, 0, 0],
						"0.2083": [0, 0, -0.25],
						"0.25": [0, 0, 0],
						"0.2917": [0, 0, -0.25],
						"0.3333": [0, 0, 0],
						"0.375": [0, 0, -0.25],
						"0.9167": [0, 0, -0.25],
						"0.9583": [0, 0, 0],
						"1.0": [0, 0, -0.25],
						"1.0417": [0, 0, 0]
					}
				},
				"eyelid_center3": {
					"position": {
						"0.0833": [0, 0, 0],
						"0.125": [0, 0, -0.25],
						"0.1667": [0, 0, 0],
						"0.2083": [0, 0, -0.25],
						"0.25": [0, 0, 0],
						"0.2917": [0, 0, -0.25],
						"0.3333": [0, 0, 0],
						"0.375": [0, 0, -0.25],
						"0.9167": [0, 0, -0.25],
						"0.9583": [0, 0, 0],
						"1.0": [0, 0, -0.25],
						"1.0417": [0, 0, 0]
					}
				},
				"eyelid_bottom": {
					"position": {
						"0.0833": [0, 0, 0],
						"0.125": [0, 0, -0.25],
						"0.1667": [0, 0, 0],
						"0.2083": [0, 0, -0.25],
						"0.25": [0, 0, 0],
						"0.2917": [0, 0, -0.25],
						"0.3333": [0, 0, 0],
						"0.375": [0, 0, -0.25],
						"0.9167": [0, 0, -0.25],
						"0.9583": [0, 0, 0],
						"1.0": [0, 0, -0.25],
						"1.0417": [0, 0, 0]
					}
				},
				"leg_left": {
					"rotation": {
						"0.0": [-40, -40, 0],
						"0.0833": [-40, -40, 0],
						"0.875": [-50, -40, 0],
						"1.125": [-50, -40, 0],
						"1.375": [-35, -40, 0],
						"1.625": [-45, -40, 0],
						"1.6667": [-50, -40, 0],
						"1.7083": [-45, -40, 0],
						"2.0417": [17.5, -40, 0],
						"2.0833": [22.5, -40, 0],
						"2.125": [17.5, -40, 0]
					}
				},
				"leg_left2": {
					"rotation": {
						"0.0": [47.5, 0, 10],
						"0.0833": [47.5, 0, 10],
						"0.875": [60, 0, 10],
						"1.125": [60, 0, 10],
						"1.625": [27.5, 0, 10],
						"1.7083": [17.5, 0, 10],
						"2.125": [47.5, 0, 10]
					}
				},
				"leg_right": {
					"rotation": {
						"0.0": [-40, 40, 0],
						"0.0833": [-40, 40, 0],
						"0.875": [-25, 40, 0],
						"1.125": [-25, 40, 0],
						"1.375": [-17.5, 35, 0],
						"1.625": [-45, 25, 0],
						"1.6667": [-55, 25, 0],
						"1.7083": [-45, 25, 0],
						"2.0417": [7.5, 20, 0],
						"2.0833": [12.5, 20, 0],
						"2.125": [7.5, 20, 0]
					}
				},
				"leg_right2": {
					"rotation": {
						"0.0": [47.5, 0, -10],
						"0.0833": [47.5, 0, -10],
						"0.875": [32.5, 0, -10],
						"1.125": [32.5, 0, -10],
						"1.375": [47.5, 0, -10],
						"1.625": [35, 0, -10],
						"1.7083": [20, 0, -10]
					}
				}
			}
		}
	}
}