{
	"format_version": "1.21.0",
	"minecraft:geometry": [
		{
			"description": {
				"identifier": "geometry.palkia",
				"texture_width": 512,
				"texture_height": 512,
				"visible_bounds_width": 16,
				"visible_bounds_height": 17,
				"visible_bounds_offset": [0, 6.5, 0]
			},
			"bones": [
				{
					"name": "palkia",
					"pivot": [0, 0, 0]
				},
				{
					"name": "body",
					"parent": "palkia",
					"pivot": [0, 0, 0]
				},
				{
					"name": "torso",
					"parent": "body",
					"pivot": [0.25, 47.91667, 9],
					"rotation": [7.5, 0, 0],
					"cubes": [
						{"origin": [-16, 30.25, -6], "size": [32, 27, 29], "uv": [116, 224]},
						{"origin": [0, 26.25, -9], "size": [0, 29, 31], "uv": [278, 319]},
						{"origin": [13.03265, 27.19099, -7.91191], "size": [0, 29, 33], "pivot": [13.03265, 41.69099, 8.58809], "rotation": [0.6574, 7.4713, 5.04292], "uv": [66, 280]},
						{"origin": [-13.1243, 27.24952, -8.08518], "size": [0, 29, 33], "pivot": [-13.1243, 41.74952, 8.41482], "rotation": [0.6574, -7.4713, -5.04292], "uv": [66, 280]},
						{"origin": [-13, 57.25, -5], "size": [26, 2, 27], "uv": [271, 100]}
					]
				},
				{
					"name": "torso_upper",
					"parent": "torso",
					"pivot": [0, 58.25, 10.6],
					"rotation": [2.5, 0, 0],
					"cubes": [
						{"origin": [-11.5, 53.4515, -3.75188], "size": [23, 25, 24], "uv": [99, 1]}
					]
				},
				{
					"name": "chest",
					"parent": "torso_upper",
					"pivot": [-0.05, 75.05836, 17.55205],
					"rotation": [15, 0, 0],
					"cubes": [
						{"origin": [-14.025, 75.70936, -4.55932], "size": [28, 19, 26], "inflate": 0.1, "uv": [0, 234]}
					]
				},
				{
					"name": "neck",
					"parent": "chest",
					"pivot": [-0.05, 94.73436, 20.46568],
					"rotation": [-62.52362, 0, 0],
					"cubes": [
						{"origin": [-11.05, 73.78038, 1.49964], "size": [22, 21, 19], "uv": [132, 280]},
						{"origin": [-0.05, 93.16858, 1.76359], "size": [0, 4, 20], "uv": [408, 415]}
					]
				},
				{
					"name": "bone12",
					"parent": "neck",
					"pivot": [-4.55, 94.23038, 1.24964],
					"rotation": [16.38772, -11.83171, -2.81202]
				},
				{
					"name": "bone81",
					"parent": "bone12",
					"pivot": [-4.25, 93.28038, -16.50036]
				},
				{
					"name": "bone83",
					"parent": "bone81",
					"pivot": [4.65, 93.28038, 0.24964],
					"rotation": [0, 20, 0],
					"cubes": [
						{"origin": [4.4, 90.53038, -0.75036], "size": [1, 7, 10], "inflate": 0.03, "pivot": [4.65, 93.53038, 0.74964], "rotation": [-2.5, 0, 0], "uv": [227, 449]}
					]
				},
				{
					"name": "bone84",
					"parent": "bone83",
					"pivot": [4.6, 92.48992, 11.11157],
					"cubes": [
						{"origin": [3.6, 91.80538, 9.29964], "size": [2, 6, 27], "inflate": 0.025, "uv": [132, 378]},
						{"origin": [3.6, 78.80538, 9.39964], "size": [2, 13, 15], "pivot": [5.35, 87.80538, 9.89964], "rotation": [22.5, 0, 0], "uv": [232, 420]}
					]
				},
				{
					"name": "bone85",
					"parent": "bone84",
					"pivot": [5.35, 84.80538, 9.89964],
					"cubes": [
						{"origin": [4.6, 85.55538, 9.39964], "size": [0, 12, 70], "inflate": 0.025, "uv": [0, 82]}
					]
				},
				{
					"name": "bone86",
					"parent": "bone85",
					"pivot": [5.25, 92.30538, 11.89964],
					"rotation": [-9.5, 0, 0],
					"cubes": [
						{"origin": [4.5, 82.05538, 9.39964], "size": [0, 12, 65], "inflate": 0.025, "uv": [140, 77]}
					]
				},
				{
					"name": "bone87",
					"parent": "bone86",
					"pivot": [5.15, 89.05538, 11.89964],
					"rotation": [-9.5, 0, 0],
					"cubes": [
						{"origin": [4.4, 77.30538, 9.39964], "size": [0, 12, 58], "inflate": 0.025, "pivot": [4.15, 82.30538, 9.89964], "rotation": [0.5, 0, 0], "uv": [0, 164]}
					]
				},
				{
					"name": "bone82",
					"parent": "bone81",
					"pivot": [-4, 93.28038, 1.24964],
					"rotation": [0, 5, 0],
					"cubes": [
						{"origin": [-5.45, 90.40538, 1.24964], "size": [1, 7, 10], "inflate": 0.03, "pivot": [-4.7, 93.40538, 2.74964], "rotation": [-2.5, 0, 0], "uv": [227, 449]}
					]
				},
				{
					"name": "bone77",
					"parent": "bone82",
					"pivot": [-4.725, 91.38992, 13.06157],
					"cubes": [
						{"origin": [-5.725, 91.70538, 11.34964], "size": [2, 6, 27], "inflate": 0.025, "uv": [132, 378]},
						{"origin": [-5.725, 78.70538, 11.34964], "size": [2, 13, 15], "inflate": -0.025, "pivot": [-3.975, 87.70538, 11.84964], "rotation": [22.5, 0, 0], "uv": [232, 420]}
					]
				},
				{
					"name": "bone78",
					"parent": "bone77",
					"pivot": [-3.975, 84.70538, 11.84964],
					"cubes": [
						{"origin": [-4.725, 85.45538, 11.34964], "size": [0, 12, 70], "uv": [0, 82], "mirror": true}
					]
				},
				{
					"name": "bone79",
					"parent": "bone78",
					"pivot": [-3.875, 92.20538, 13.84964],
					"rotation": [-9.5, 0, 0],
					"cubes": [
						{"origin": [-4.625, 81.95538, 11.34964], "size": [0, 12, 65], "uv": [140, 77]}
					]
				},
				{
					"name": "bone80",
					"parent": "bone79",
					"pivot": [-3.775, 88.95538, 13.84964],
					"rotation": [-9.5, 0, 0],
					"cubes": [
						{"origin": [-4.525, 77.20538, 11.34964], "size": [0, 12, 58], "pivot": [-4.775, 82.20538, 11.84964], "rotation": [0.5, 0, 0], "uv": [0, 164]}
					]
				},
				{
					"name": "bone18",
					"parent": "neck",
					"pivot": [-0.55, 93.28038, 1.74964],
					"rotation": [15, 0, 0],
					"cubes": [
						{"origin": [-0.65, 92.15538, -16.15036], "size": [1, 5, 19], "inflate": -0.03, "pivot": [0.1, 94.15538, -15.65036], "rotation": [1.40171, -15.04751, 0], "uv": [85, 416]},
						{"origin": [-0.4, 92.18038, -16.25036], "size": [1, 5, 19], "inflate": -0.03, "pivot": [-0.15, 94.18038, -15.75036], "rotation": [1.40171, 15.04751, 0], "uv": [85, 416]},
						{"origin": [-9.55, 75.28038, -17.25036], "size": [19, 18, 19], "uv": [0, 342]},
						{"origin": [-0.05, 92.10538, -17.25036], "size": [0, 5, 21], "uv": [407, 389]}
					]
				},
				{
					"name": "bone",
					"parent": "bone18",
					"pivot": [-0.05, 91.88038, -16.25036],
					"rotation": [10, 0, 0],
					"cubes": [
						{"origin": [-8.05, 77.30567, -32.62561], "size": [16, 15, 16], "uv": [352, 174]},
						{"origin": [-0.55, 91.30567, -34.10061], "size": [1, 6, 19], "inflate": -0.03, "uv": [416, 305]}
					]
				},
				{
					"name": "head",
					"parent": "bone",
					"pivot": [-0.55, 88.74247, -32.74668],
					"rotation": [12.5, 0, 0],
					"cubes": [
						{"origin": [-8.05, 77.86082, -41.59398], "size": [16, 14, 10], "inflate": -0.01, "uv": [400, 205]},
						{"origin": [-7.05, 80.91082, -45.59398], "size": [14, 6, 6], "inflate": 0.025, "uv": [434, 35]},
						{"origin": [-5.27062, 80.88601, -51.11455], "size": [10, 6, 10], "inflate": -0.025, "pivot": [-0.77062, 84.36101, -45.61455], "rotation": [0, -45, 0], "uv": [36, 425]},
						{"origin": [-0.55, 91.44114, -47.92033], "size": [1, 6, 16], "uv": [426, 0]},
						{"origin": [-0.05, 90.69114, -51.92033], "size": [0, 6, 6], "pivot": [0.45, 93.69114, -48.92033], "rotation": [12.5, 0, 0], "uv": [402, 305]}
					]
				},
				{
					"name": "bone2",
					"parent": "head",
					"pivot": [7.93684, 79.61082, -43.33329],
					"rotation": [0, 7.5, 0],
					"cubes": [
						{"origin": [7.93684, 77.61082, -49.33329], "size": [0, 5, 12], "uv": [444, 451]}
					]
				},
				{
					"name": "bone94",
					"parent": "bone2",
					"pivot": [-7.93684, 80.11082, -45.33329],
					"rotation": [0, -15, 0],
					"cubes": [
						{"origin": [-7.93684, 77.61082, -51.33329], "size": [0, 5, 12], "uv": [444, 451], "mirror": true}
					]
				},
				{
					"name": "bone96",
					"parent": "head",
					"pivot": [-7.75, 81.07874, -40.86636],
					"rotation": [31, 0, 0],
					"cubes": [
						{"origin": [-7.75, 80.02348, -44.92717], "size": [1, 4, 6], "pivot": [-7.25, 81.52348, -41.92717], "rotation": [-17.5, 0, 0], "uv": [172, 420]}
					]
				},
				{
					"name": "bone93",
					"parent": "head",
					"pivot": [6.5, 81.07874, -40.86636],
					"rotation": [31, 0, 0],
					"cubes": [
						{"origin": [6.5, 80.02348, -44.92717], "size": [1, 4, 6], "pivot": [7, 81.52348, -41.92717], "rotation": [-17.5, 0, 0], "uv": [172, 420]}
					]
				},
				{
					"name": "helm",
					"parent": "head",
					"pivot": [-0.55, 91.66082, -40.59398],
					"rotation": [4, 0, 0],
					"cubes": [
						{"origin": [-8.05, 86.86333, -47.49502], "size": [16, 5, 6], "inflate": -0.015, "uv": [466, 78]}
					]
				},
				{
					"name": "bone7",
					"parent": "helm",
					"pivot": [-2.675, 89.56314, -48.09068],
					"rotation": [0, -45, 0],
					"cubes": [
						{"origin": [-5.84562, 86.86333, -54.93625], "size": [11, 5, 11], "inflate": -0.025, "uv": [256, 206]}
					]
				},
				{
					"name": "jaw",
					"parent": "head",
					"pivot": [-0.05, 80.76082, -41.81898],
					"rotation": [-2.5, 0, 0],
					"cubes": [
						{"origin": [-7.05, 78.01082, -45.81898], "size": [14, 2, 5], "inflate": 0.03, "uv": [434, 54]},
						{"origin": [-7.05, 80.01082, -45.81898], "size": [14, 1, 6], "uv": [434, 47]}
					]
				},
				{
					"name": "bone47",
					"parent": "jaw",
					"pivot": [-0.05, 80.06082, -42.81898],
					"rotation": [0, -45, 0],
					"cubes": [
						{"origin": [-7.1, 78.03582, -49.84398], "size": [10, 3, 10], "inflate": -0.03, "uv": [426, 22]}
					]
				},
				{
					"name": "bone76",
					"parent": "head",
					"pivot": [2.72938, 80.96101, -49.41455],
					"rotation": [-36.40051, -28.53623, 57.05902],
					"cubes": [
						{"origin": [1.72938, 79.96101, -49.41455], "size": [2, 2, 0], "uv": [2, 2]}
					]
				},
				{
					"name": "bone88",
					"parent": "head",
					"pivot": [-2.92062, 80.96101, -49.36455],
					"rotation": [144.70841, -27.947, -121.392],
					"cubes": [
						{"origin": [-3.92062, 79.96101, -49.36455], "size": [2, 2, 0], "uv": [2, 2]}
					]
				},
				{
					"name": "eye_left2",
					"parent": "head",
					"pivot": [-7.1125, 85.87795, -44.46639],
					"cubes": [
						{"origin": [-7.125, 84.62795, -44.96639], "size": [0, 2, 1], "uv": [136, 170]},
						{"origin": [-7.1, 83.87795, -45.46639], "size": [0, 3, 2], "uv": [135, 172]}
					]
				},
				{
					"name": "eye_left",
					"parent": "head",
					"pivot": [7.0125, 85.87795, -44.46639],
					"cubes": [
						{"origin": [7, 84.12795, -45.46639], "size": [0, 3, 2], "uv": [135, 165]},
						{"origin": [7.025, 84.62795, -44.96639], "size": [0, 2, 1], "uv": [136, 170]}
					]
				},
				{
					"name": "locator_seat_1",
					"parent": "neck",
					"pivot": [0, 98, 16],
					"locators": {
						"seat_1": [0, 94.75, 16]
					}
				},
				{
					"name": "arm_left",
					"parent": "chest",
					"pivot": [12.22221, 85.7304, 7.41568],
					"rotation": [-0.05341, 0.05639, 0.22055],
					"cubes": [
						{"origin": [11.11177, 78.69685, 0.24573], "size": [10, 14, 14], "uv": [84, 387]},
						{"origin": [9.87221, 78.1804, -0.33432], "size": [6, 15, 15], "pivot": [12.87221, 85.6804, 7.16568], "rotation": [180, 0, 0], "uv": [19, 102]}
					]
				},
				{
					"name": "bone6",
					"parent": "arm_left",
					"pivot": [17.86177, 83.69685, 8.24573],
					"rotation": [-14.80268, -7.88864, -12.98488],
					"cubes": [
						{"origin": [16.96357, 73.62481, -4.25427], "size": [5, 22, 23], "uv": [76, 342]},
						{"origin": [17.96357, 62.62481, 2.77073], "size": [7, 11, 11], "uv": [342, 423]}
					]
				},
				{
					"name": "bone97",
					"parent": "bone6",
					"pivot": [40.46357, 74.62481, 6.24573],
					"cubes": [
						{"origin": [21.46357, 72.62481, -8.75427], "size": [8, 6, 9], "pivot": [26.46357, 76.12481, -4.75427], "rotation": [17.5, 0, 0], "uv": [34, 467]},
						{"origin": [23.46357, 68.62481, -6.75427], "size": [4, 30, 28], "uv": [214, 319]},
						{"origin": [20.46357, 68.62481, -6.75427], "size": [3, 30, 28], "uv": [338, 206]},
						{"origin": [21.46357, 87.62481, -8.75427], "size": [8, 6, 9], "pivot": [26.46357, 91.12481, -4.75427], "rotation": [-17.5, 0, 0], "uv": [34, 467]},
						{"origin": [27.46357, 68.62481, -6.75427], "size": [1, 30, 8], "uv": [116, 164]},
						{"origin": [27.46357, 89.62481, 1.24573], "size": [1, 9, 20], "uv": [402, 276]},
						{"origin": [21.46357, 90.62481, 4.24573], "size": [8, 10, 6], "pivot": [26.46357, 95.62481, 7.24573], "rotation": [180, 0, 0], "uv": [446, 415]},
						{"origin": [21.46357, 87.62481, 14.24573], "size": [8, 6, 9], "pivot": [26.96357, 90.62481, 19.24573], "rotation": [17.5, 0, 0], "uv": [434, 439]},
						{"origin": [27.71357, 78.62481, 2.24573], "size": [4, 10, 10], "uv": [98, 202]},
						{"origin": [21.46357, 72.62481, 14.24573], "size": [8, 6, 9], "pivot": [26.96357, 75.62481, 19.24573], "rotation": [-17.5, 0, 0], "uv": [230, 403]},
						{"origin": [21.46357, 66.62481, 4.24573], "size": [8, 10, 6], "uv": [446, 415]},
						{"origin": [27.46357, 68.62481, 13.24573], "size": [1, 21, 8], "uv": [196, 320]},
						{"origin": [27.46357, 68.62481, 1.24573], "size": [1, 9, 12], "uv": [324, 129]}
					]
				},
				{
					"name": "bone48",
					"parent": "bone6",
					"pivot": [21.71357, 62.62481, 12.74573],
					"rotation": [-30, 0, 0],
					"cubes": [
						{"origin": [18.46357, 57.62481, 3.74573], "size": [6, 5, 9], "uv": [444, 291]}
					]
				},
				{
					"name": "bone15",
					"parent": "bone48",
					"pivot": [22.21357, 57.62481, 12.74573],
					"rotation": [-45, 0, 0],
					"cubes": [
						{"origin": [17.61357, 45.62481, 2.74573], "size": [9, 12, 11], "inflate": 0.025, "uv": [262, 489]},
						{"origin": [18.21357, 36.62481, 3.74573], "size": [6, 9, 9], "uv": [436, 104]}
					]
				},
				{
					"name": "bone46",
					"parent": "bone15",
					"pivot": [23.31357, 37.82481, 8.42073],
					"rotation": [-0.21803, -2.49048, 2.50474]
				},
				{
					"name": "bone28",
					"parent": "bone46",
					"pivot": [23.02792, 37.93753, 7.4333],
					"rotation": [0, 0, 12.5],
					"cubes": [
						{"origin": [22.90292, 36.93753, 2.8333], "size": [2, 22, 6], "inflate": 0.05, "pivot": [24.40292, 42.43753, 6.3333], "rotation": [5.01405, 2.38151, -3.53656], "uv": [196, 349]}
					]
				},
				{
					"name": "bone29",
					"parent": "bone28",
					"pivot": [22.97792, 35.93753, 4.9333],
					"rotation": [12.1929, 0.21881, 2.32769],
					"cubes": [
						{"origin": [22.34785, 36.74718, 3.09893], "size": [3, 24, 3], "inflate": 0.05, "pivot": [24.32492, 36.2757, 4.85965], "rotation": [-2.5, 0, -5], "uv": [122, 454]}
					]
				},
				{
					"name": "bone89",
					"parent": "bone29",
					"pivot": [23.42474, 36.10589, 4.24868],
					"rotation": [8.42352, 18.68817, -2.32274],
					"cubes": [
						{"origin": [22.64785, 36.74718, 3.39893], "size": [2, 22, 3], "inflate": 0.05, "pivot": [24.62492, 36.2757, 5.15965], "rotation": [-2.5, 0, -5], "uv": [66, 441]}
					]
				},
				{
					"name": "bone14",
					"parent": "bone46",
					"pivot": [23.02792, 37.93753, 9.44889],
					"rotation": [0, 0, 12.5],
					"cubes": [
						{"origin": [22.92792, 36.93753, 8.34889], "size": [2, 22, 5], "inflate": 0.05, "pivot": [24.42792, 42.43753, 9.84889], "rotation": [-5.01025, -1.88342, -3.58028], "uv": [325, 276]}
					]
				},
				{
					"name": "bone24",
					"parent": "bone14",
					"pivot": [22.97792, 35.18753, 12.69889],
					"rotation": [-11.19966, 2.22177, 1.77792],
					"cubes": [
						{"origin": [22.57726, 36.55662, 10.28539], "size": [3, 24, 3], "inflate": 0.05, "pivot": [24.46717, 36.0899, 11.48122], "rotation": [2.5, 0, -5], "uv": [366, 445]}
					]
				},
				{
					"name": "bone90",
					"parent": "bone24",
					"pivot": [23.37792, 35.93753, 11.99039],
					"rotation": [-8.42352, -18.68817, -2.32274],
					"cubes": [
						{"origin": [22.70104, 36.57881, 9.64015], "size": [2, 22, 3], "inflate": 0.05, "pivot": [24.6781, 36.10733, 10.87943], "rotation": [2.53852, 9.99038, -4.55933], "uv": [198, 450]}
					]
				},
				{
					"name": "bone25",
					"parent": "bone14",
					"pivot": [22.67792, 38.18753, 14.69889],
					"rotation": [-4.70234, -25.03367, 3.52102]
				},
				{
					"name": "bone10",
					"parent": "bone46",
					"pivot": [22.92792, 37.93753, 6.44889],
					"rotation": [0, 0, 12.5],
					"cubes": [
						{"origin": [21.42792, 36.93753, 6.74889], "size": [4, 25, 3], "inflate": 0.05, "uv": [296, 446]}
					]
				},
				{
					"name": "bone44",
					"parent": "bone15",
					"pivot": [31.96357, 37.62481, 6.74573]
				},
				{
					"name": "bone20",
					"parent": "bone15",
					"pivot": [24.23857, 35.62481, 7.94573],
					"cubes": [
						{"origin": [18.23857, 29.62481, 2.69573], "size": [7, 7, 11], "uv": [300, 206]}
					]
				},
				{
					"name": "bone21",
					"parent": "bone20",
					"pivot": [23.73857, 29.62481, 7.62073],
					"cubes": [
						{"origin": [20.73857, 26.62481, 6.79573], "size": [3, 3, 3], "inflate": 0.1, "uv": [454, 243]}
					]
				},
				{
					"name": "bone22",
					"parent": "bone21",
					"pivot": [23.73857, 26.37481, 6.79573],
					"cubes": [
						{"origin": [20.73857, 23.42481, 7.29573], "size": [3, 3, 2], "inflate": 0.1, "uv": [402, 317]}
					]
				},
				{
					"name": "bone52",
					"parent": "bone20",
					"pivot": [23.73857, 32.62481, 12.12073],
					"rotation": [45, 0, 0],
					"cubes": [
						{"origin": [20.73857, 29.62481, 11.29573], "size": [3, 3, 3], "inflate": 0.1, "uv": [454, 243]}
					]
				},
				{
					"name": "bone53",
					"parent": "bone52",
					"pivot": [23.81357, 29.57481, 12.79573],
					"cubes": [
						{"origin": [20.73857, 26.42481, 11.79573], "size": [3, 3, 2], "inflate": 0.1, "uv": [402, 317]}
					]
				},
				{
					"name": "bone50",
					"parent": "bone20",
					"pivot": [23.73857, 32.62481, 4.37073],
					"rotation": [-45, 0, 0],
					"cubes": [
						{"origin": [20.73857, 29.62481, 2.54573], "size": [3, 3, 3], "inflate": 0.1, "uv": [454, 243]}
					]
				},
				{
					"name": "bone51",
					"parent": "bone50",
					"pivot": [23.73857, 29.37481, 3.54573],
					"cubes": [
						{"origin": [20.73857, 26.42481, 3.04573], "size": [3, 3, 2], "inflate": 0.1, "uv": [388, 457]}
					]
				},
				{
					"name": "bone8",
					"parent": "bone20",
					"pivot": [23.73857, 29.62481, 4.87073],
					"cubes": [
						{"origin": [20.73857, 26.62481, 3.04573], "size": [3, 3, 3], "inflate": 0.1, "uv": [454, 243]}
					]
				},
				{
					"name": "bone17",
					"parent": "bone8",
					"pivot": [23.73857, 26.37481, 4.04573],
					"cubes": [
						{"origin": [20.73857, 23.42481, 3.54573], "size": [3, 3, 2], "inflate": 0.1, "uv": [402, 317]}
					]
				},
				{
					"name": "bone23",
					"parent": "bone20",
					"pivot": [23.73857, 29.62481, 11.12073],
					"cubes": [
						{"origin": [20.73857, 26.62481, 10.29573], "size": [3, 3, 3], "inflate": 0.1, "uv": [454, 243]}
					]
				},
				{
					"name": "bone30",
					"parent": "bone23",
					"pivot": [23.73857, 26.37481, 10.29573],
					"cubes": [
						{"origin": [20.73857, 23.42481, 10.79573], "size": [3, 3, 2], "inflate": 0.1, "uv": [402, 317]}
					]
				},
				{
					"name": "bone11",
					"parent": "bone15",
					"pivot": [27.70107, 39.87481, 7.74573],
					"rotation": [0, 0, 7.5]
				},
				{
					"name": "arm_right",
					"parent": "chest",
					"pivot": [-12.32221, 85.7304, 7.41568],
					"rotation": [-0.05341, -0.05639, -0.22055],
					"cubes": [
						{"origin": [-21.21177, 78.69685, 0.24573], "size": [10, 14, 14], "uv": [84, 387], "mirror": true},
						{"origin": [-16.12779, 78.1804, -0.33432], "size": [6, 15, 15], "pivot": [-13.12779, 85.6804, 7.16568], "rotation": [180, 0, 0], "uv": [19, 102]}
					]
				},
				{
					"name": "bone5",
					"parent": "arm_right",
					"pivot": [-17.96177, 83.69685, 8.24573],
					"rotation": [-14.80268, 7.88864, 12.98488],
					"cubes": [
						{"origin": [-22.06357, 73.62481, -4.25427], "size": [5, 22, 23], "uv": [76, 342], "mirror": true},
						{"origin": [-25.06357, 62.62481, 2.77073], "size": [7, 11, 11], "uv": [342, 423], "mirror": true}
					]
				},
				{
					"name": "bone98",
					"parent": "bone5",
					"pivot": [-33.56357, 85.62481, -1.75427],
					"cubes": [
						{"origin": [-28.56357, 68.62481, -6.75427], "size": [1, 30, 8], "uv": [116, 164], "mirror": true},
						{"origin": [-28.56357, 68.62481, 1.24573], "size": [1, 9, 12], "uv": [324, 129], "mirror": true},
						{"origin": [-29.56357, 66.62481, 4.24573], "size": [8, 10, 6], "uv": [446, 415], "mirror": true},
						{"origin": [-29.56357, 72.62481, -8.75427], "size": [8, 6, 9], "pivot": [-26.56357, 76.12481, -4.75427], "rotation": [17.5, 0, 0], "uv": [34, 467], "mirror": true},
						{"origin": [-29.56357, 87.62481, -8.75427], "size": [8, 6, 9], "pivot": [-26.56357, 91.12481, -4.75427], "rotation": [-17.5, 0, 0], "uv": [34, 467], "mirror": true},
						{"origin": [-27.56357, 68.62481, -6.75427], "size": [4, 30, 28], "uv": [214, 319], "mirror": true},
						{"origin": [-29.56357, 90.62481, 4.24573], "size": [8, 10, 6], "pivot": [-26.56357, 95.62481, 7.24573], "rotation": [180, 0, 0], "uv": [446, 415], "mirror": true},
						{"origin": [-28.56357, 89.62481, 1.24573], "size": [1, 9, 20], "uv": [402, 276], "mirror": true},
						{"origin": [-29.56357, 87.62481, 14.24573], "size": [8, 6, 9], "pivot": [-27.06357, 90.62481, 19.24573], "rotation": [17.5, 0, 0], "uv": [434, 439], "mirror": true},
						{"origin": [-28.56357, 68.62481, 13.24573], "size": [1, 21, 8], "uv": [196, 320], "mirror": true},
						{"origin": [-29.56357, 72.62481, 14.24573], "size": [8, 6, 9], "pivot": [-27.06357, 75.62481, 19.24573], "rotation": [-17.5, 0, 0], "uv": [230, 403], "mirror": true},
						{"origin": [-23.56357, 68.62481, -6.75427], "size": [3, 30, 28], "uv": [338, 206], "mirror": true},
						{"origin": [-31.81357, 78.62481, 2.24573], "size": [4, 10, 10], "uv": [98, 202], "mirror": true}
					]
				},
				{
					"name": "bone54",
					"parent": "bone5",
					"pivot": [-21.81357, 62.62481, 12.74573],
					"rotation": [-30, 0, 0],
					"cubes": [
						{"origin": [-24.56357, 57.62481, 3.74573], "size": [6, 5, 9], "uv": [444, 291], "mirror": true}
					]
				},
				{
					"name": "bone55",
					"parent": "bone54",
					"pivot": [-22.31357, 57.62481, 12.74573],
					"rotation": [-45, 0, 0],
					"cubes": [
						{"origin": [-26.71357, 45.62481, 2.74573], "size": [9, 12, 11], "inflate": 0.025, "uv": [262, 489], "mirror": true},
						{"origin": [-24.31357, 36.62481, 3.74573], "size": [6, 9, 9], "uv": [436, 104], "mirror": true}
					]
				},
				{
					"name": "bone56",
					"parent": "bone55",
					"pivot": [-23.41357, 37.82481, 8.42073],
					"rotation": [-0.21803, 2.49048, -2.50474]
				},
				{
					"name": "bone57",
					"parent": "bone56",
					"pivot": [-23.12792, 37.93753, 7.4333],
					"rotation": [0, 0, -12.5],
					"cubes": [
						{"origin": [-25.00292, 36.93753, 2.8333], "size": [2, 22, 6], "inflate": 0.05, "pivot": [-24.50292, 42.43753, 6.3333], "rotation": [5.01405, -2.38151, 3.53656], "uv": [196, 349], "mirror": true}
					]
				},
				{
					"name": "bone58",
					"parent": "bone57",
					"pivot": [-23.07792, 35.93753, 4.9333],
					"rotation": [12.1929, -0.21881, -2.32769],
					"cubes": [
						{"origin": [-25.44785, 36.74718, 3.09893], "size": [3, 24, 3], "inflate": 0.05, "pivot": [-24.42492, 36.2757, 4.85965], "rotation": [-2.5, 0, 5], "uv": [122, 454], "mirror": true}
					]
				},
				{
					"name": "bone59",
					"parent": "bone58",
					"pivot": [-23.52474, 36.10589, 4.24868],
					"rotation": [8.42352, -18.68817, 2.32274],
					"cubes": [
						{"origin": [-24.74785, 36.74718, 3.39893], "size": [2, 22, 3], "inflate": 0.05, "pivot": [-24.72492, 36.2757, 5.15965], "rotation": [-2.5, 0, 5], "uv": [66, 441], "mirror": true}
					]
				},
				{
					"name": "bone60",
					"parent": "bone56",
					"pivot": [-23.12792, 37.93753, 9.44889],
					"rotation": [0, 0, -12.5],
					"cubes": [
						{"origin": [-25.12792, 36.93753, 8.34889], "size": [2, 22, 5], "inflate": 0.05, "pivot": [-24.62792, 42.43753, 9.84889], "rotation": [-5.01025, 1.88342, 3.58028], "uv": [325, 276], "mirror": true}
					]
				},
				{
					"name": "bone61",
					"parent": "bone60",
					"pivot": [-23.07792, 35.18753, 12.69889],
					"rotation": [-11.19966, -2.22177, -1.77792],
					"cubes": [
						{"origin": [-25.67726, 36.55662, 10.28539], "size": [3, 24, 3], "inflate": 0.05, "pivot": [-24.56717, 36.0899, 11.48122], "rotation": [2.5, 0, 5], "uv": [366, 445], "mirror": true}
					]
				},
				{
					"name": "bone62",
					"parent": "bone61",
					"pivot": [-23.47792, 35.93753, 11.99039],
					"rotation": [-8.42352, 18.68817, 2.32274],
					"cubes": [
						{"origin": [-24.80104, 36.57881, 9.64015], "size": [2, 22, 3], "inflate": 0.05, "pivot": [-24.7781, 36.10733, 10.87943], "rotation": [2.53852, -9.99038, 4.55933], "uv": [198, 450], "mirror": true}
					]
				},
				{
					"name": "bone63",
					"parent": "bone60",
					"pivot": [-22.77792, 38.18753, 14.69889],
					"rotation": [-4.70234, 25.03367, -3.52102]
				},
				{
					"name": "bone64",
					"parent": "bone56",
					"pivot": [-23.02792, 37.93753, 6.44889],
					"rotation": [0, 0, -12.5],
					"cubes": [
						{"origin": [-25.52792, 36.93753, 6.74889], "size": [4, 25, 3], "inflate": 0.05, "pivot": [-23.02792, 42.43753, 8.24889], "rotation": [0, -2, 0], "uv": [296, 446], "mirror": true}
					]
				},
				{
					"name": "bone65",
					"parent": "bone55",
					"pivot": [-32.06357, 37.62481, 6.74573]
				},
				{
					"name": "bone66",
					"parent": "bone55",
					"pivot": [-24.33857, 35.62481, 7.94573],
					"cubes": [
						{"origin": [-25.33857, 29.62481, 2.69573], "size": [7, 7, 11], "uv": [300, 206], "mirror": true}
					]
				},
				{
					"name": "bone67",
					"parent": "bone66",
					"pivot": [-23.83857, 29.62481, 7.62073],
					"cubes": [
						{"origin": [-23.83857, 26.62481, 6.79573], "size": [3, 3, 3], "inflate": 0.1, "uv": [30, 456], "mirror": true}
					]
				},
				{
					"name": "bone68",
					"parent": "bone67",
					"pivot": [-23.83857, 26.49981, 8.19573],
					"cubes": [
						{"origin": [-23.83857, 23.42481, 7.29573], "size": [3, 3, 2], "inflate": 0.1, "uv": [458, 178], "mirror": true}
					]
				},
				{
					"name": "bone69",
					"parent": "bone66",
					"pivot": [-23.83857, 32.62481, 12.12073],
					"rotation": [45, 0, 0],
					"cubes": [
						{"origin": [-23.83857, 29.62481, 11.29573], "size": [3, 3, 3], "inflate": 0.1, "uv": [54, 456], "mirror": true}
					]
				},
				{
					"name": "bone70",
					"parent": "bone69",
					"pivot": [-23.83857, 29.52481, 12.79573],
					"cubes": [
						{"origin": [-23.83857, 26.42481, 11.79573], "size": [3, 3, 2], "inflate": 0.1, "uv": [458, 178], "mirror": true}
					]
				},
				{
					"name": "bone71",
					"parent": "bone66",
					"pivot": [-23.83857, 32.62481, 4.37073],
					"rotation": [-45, 0, 0],
					"cubes": [
						{"origin": [-23.83857, 29.62481, 2.54573], "size": [3, 3, 3], "inflate": 0.1, "uv": [42, 456], "mirror": true}
					]
				},
				{
					"name": "bone72",
					"parent": "bone71",
					"pivot": [-23.83857, 29.37481, 3.54573],
					"cubes": [
						{"origin": [-23.83857, 26.42481, 3.04573], "size": [3, 3, 2], "inflate": 0.1, "uv": [458, 178], "mirror": true}
					]
				},
				{
					"name": "bone73",
					"parent": "bone66",
					"pivot": [-23.83857, 29.62481, 4.87073],
					"cubes": [
						{"origin": [-23.83857, 26.62481, 3.04573], "size": [3, 3, 3], "inflate": 0.1, "uv": [30, 456]}
					]
				},
				{
					"name": "bone74",
					"parent": "bone73",
					"pivot": [-23.83857, 26.52481, 4.44573],
					"cubes": [
						{"origin": [-23.83857, 23.42481, 3.54573], "size": [3, 3, 2], "inflate": 0.1, "uv": [458, 178], "mirror": true}
					]
				},
				{
					"name": "bone75",
					"parent": "bone66",
					"pivot": [-23.83857, 29.62481, 11.12073],
					"cubes": [
						{"origin": [-23.83857, 26.62481, 10.29573], "size": [3, 3, 3], "inflate": 0.1, "uv": [30, 456], "mirror": true}
					]
				},
				{
					"name": "bone91",
					"parent": "bone75",
					"pivot": [-23.83857, 26.47481, 11.79573],
					"cubes": [
						{"origin": [-23.83857, 23.42481, 10.79573], "size": [3, 3, 2], "inflate": 0.1, "uv": [458, 178], "mirror": true}
					]
				},
				{
					"name": "bone92",
					"parent": "bone55",
					"pivot": [-27.80107, 39.87481, 7.74573],
					"rotation": [0, 0, -7.5]
				},
				{
					"name": "bone49",
					"parent": "chest",
					"pivot": [0.2, 86.16858, 20.68859],
					"rotation": [-90, 0, 0],
					"cubes": [
						{"origin": [-0.05, 83.91858, 10.68859], "size": [0, 4, 14], "pivot": [-0.55, 85.91858, 17.68859], "rotation": [-2.5, 0, 0], "uv": [127, 436]}
					]
				},
				{
					"name": "bone33",
					"parent": "torso",
					"pivot": [0.25, 43.25, 11],
					"rotation": [-42.5, 0, 0],
					"cubes": [
						{"origin": [-12, 31.93131, 8.2425], "size": [24, 25, 28], "uv": [152, 82]},
						{"origin": [0, 29.60118, 15.22455], "size": [0, 24, 22], "uv": [-1, 378]}
					]
				},
				{
					"name": "bone34",
					"parent": "bone33",
					"pivot": [0, 43.35118, 30.72455],
					"cubes": [
						{"origin": [-11, 33.415, 28.63467], "size": [22, 22, 27], "uv": [239, 225]},
						{"origin": [0, 30.58488, 30.86672], "size": [0, 19, 26], "uv": [173, 467]}
					]
				},
				{
					"name": "bone95",
					"parent": "bone34",
					"pivot": [0, 44.27821, 52.1961],
					"cubes": [
						{"origin": [-9, 34.915, 50.63467], "size": [18, 19, 25], "uv": [0, 21]},
						{"origin": [0, 31.95072, 49.86409], "size": [0, 17, 27], "pivot": [0, 40.45072, 63.36409], "rotation": [2.5, 0, 0], "uv": [36, 468]}
					]
				},
				{
					"name": "bone35",
					"parent": "bone95",
					"pivot": [0.15, 45.08488, 72.86672],
					"cubes": [
						{"origin": [-8, 36.03084, 68.88204], "size": [16, 17, 22], "inflate": -0.2, "uv": [340, 322]},
						{"origin": [0, 33.70072, 69.86409], "size": [0, 17, 21], "pivot": [0, 42.20072, 80.36409], "rotation": [7.5, 0, 0], "uv": [42, 387]}
					]
				},
				{
					"name": "bone37",
					"parent": "bone35",
					"pivot": [0, 45.20072, 84.86409],
					"cubes": [
						{"origin": [-6, 38.01321, 86.81389], "size": [12, 13, 19], "uv": [366, 61]},
						{"origin": [0, 35.43308, 83.79594], "size": [0, 13, 19], "pivot": [0, 42.43308, 91.79594], "rotation": [12.5, 0, 0], "uv": [406, 111]}
					]
				},
				{
					"name": "bone38",
					"parent": "bone37",
					"pivot": [0, 44.68308, 104.79594],
					"cubes": [
						{"origin": [-4, 39.89381, 101.90047], "size": [8, 9, 16], "uv": [402, 251]}
					]
				},
				{
					"name": "bone39",
					"parent": "bone38",
					"pivot": [0.25, 44.06368, 118.13252],
					"cubes": [
						{"origin": [-3, 40.81908, 115.65301], "size": [6, 7, 11], "uv": [174, 432]}
					]
				},
				{
					"name": "leg_right",
					"parent": "body",
					"pivot": [-13.25, 42.5, 9.5],
					"rotation": [26.63207, 11.3022, 1.99535],
					"cubes": [
						{"origin": [-29.3628, 32.3839, -14.64078], "size": [18, 22, 30], "uv": [256, 154]},
						{"origin": [-27.1128, 34.04731, -26.01017], "size": [14, 19, 16], "pivot": [-20.1128, 47.6339, -10.39078], "rotation": [15, 0, 0], "uv": [340, 361]}
					]
				},
				{
					"name": "bone31",
					"parent": "leg_right",
					"pivot": [-20.21369, 37.99405, -23.9799],
					"rotation": [10, 0, 0],
					"cubes": [
						{"origin": [-25.1128, 26.02709, -23.97372], "size": [10, 12, 11], "uv": [416, 158]}
					]
				},
				{
					"name": "bone100",
					"parent": "bone31",
					"pivot": [-20.1128, 21.9749, -18.60082],
					"rotation": [-12.5, 0, 0],
					"cubes": [
						{"origin": [-26.1128, 14.9749, -26.35082], "size": [12, 14, 13], "pivot": [-20.1128, 21.9749, -19.85082], "rotation": [-12.5, 0, 0], "uv": [306, 396]}
					]
				},
				{
					"name": "foot_right",
					"parent": "bone100",
					"pivot": [-19.8628, 20.52709, -17.02372],
					"rotation": [-2.49762, -0.10901, -2.49762]
				},
				{
					"name": "bone32",
					"parent": "foot_right",
					"pivot": [-20.10108, 16.18393, -20.87782],
					"rotation": [17.5, 0, 0],
					"cubes": [
						{"origin": [-27.60108, 9.93002, -23.33643], "size": [15, 10, 12], "uv": [270, 129]}
					]
				},
				{
					"name": "bone36",
					"parent": "bone32",
					"pivot": [-19.60108, 8.68002, -13.33643],
					"rotation": [-27.5, 0, 0],
					"cubes": [
						{"origin": [-23.60108, 4.68002, -19.33643], "size": [7, 6, 6], "uv": [454, 231]},
						{"origin": [-22.60108, 2.18002, -18.33643], "size": [5, 3, 4], "pivot": [-20.10108, 4.68002, -14.33643], "rotation": [-10, 0, 0], "uv": [448, 431]}
					]
				},
				{
					"name": "bone40",
					"parent": "foot_right",
					"pivot": [-19.82608, 20.38393, -21.72782],
					"rotation": [-20, 0, 0],
					"cubes": [
						{"origin": [-29.52608, 9.33678, -35.42328], "size": [19, 11, 19], "inflate": -0.05, "uv": [220, 0]}
					]
				},
				{
					"name": "toes2",
					"parent": "bone40",
					"pivot": [-19.52608, 9.23678, -35.47328],
					"cubes": [
						{"origin": [-24.75108, 9.16667, -42.34184], "size": [10, 9, 7], "inflate": -0.075, "uv": [306, 379]},
						{"origin": [-23.25108, 9.16667, -48.09184], "size": [7, 4, 6], "inflate": -0.075, "uv": [450, 266]}
					]
				},
				{
					"name": "bone41",
					"parent": "toes2",
					"pivot": [-12.57751, 9.64167, -35.36684],
					"rotation": [1.04946, 19.94019, 1.37501],
					"cubes": [
						{"origin": [-16.05848, 9.34167, -41.87193], "size": [5, 6, 7], "inflate": -0.2, "uv": [379, 424]}
					]
				},
				{
					"name": "bone42",
					"parent": "bone41",
					"pivot": [-13.35848, 9.14167, -40.64693],
					"rotation": [-1.5, 0, 0],
					"cubes": [
						{"origin": [-15.30848, 9.34167, -45.44693], "size": [4, 4, 4], "inflate": -0.225, "uv": [324, 303]}
					]
				},
				{
					"name": "bone43",
					"parent": "toes2",
					"pivot": [-27.52608, 9.64167, -35.36684],
					"rotation": [1.04946, -19.94019, -1.37501],
					"cubes": [
						{"origin": [-29.04511, 9.34167, -41.87193], "size": [5, 6, 7], "inflate": -0.2, "uv": [379, 424], "mirror": true}
					]
				},
				{
					"name": "bone45",
					"parent": "bone43",
					"pivot": [-26.74511, 9.14167, -40.64693],
					"rotation": [-1.5, 0, 0],
					"cubes": [
						{"origin": [-28.79511, 9.34167, -45.44693], "size": [4, 4, 4], "inflate": -0.225, "uv": [324, 303], "mirror": true}
					]
				},
				{
					"name": "leg_left",
					"parent": "body",
					"pivot": [13.25, 42.5, 9.5],
					"rotation": [26.63207, -11.3022, -1.99535],
					"cubes": [
						{"origin": [11.3628, 32.3839, -14.64078], "size": [18, 22, 30], "uv": [256, 154], "mirror": true},
						{"origin": [13.1128, 34.04731, -26.01017], "size": [14, 19, 16], "pivot": [20.1128, 47.6339, -10.39078], "rotation": [15, 0, 0], "uv": [340, 361], "mirror": true}
					]
				},
				{
					"name": "bone3",
					"parent": "leg_left",
					"pivot": [20.1128, 38.5339, -24.04078],
					"rotation": [10, 0, 0],
					"cubes": [
						{"origin": [15.1128, 26.52472, -24.11839], "size": [10, 12, 11], "uv": [416, 158]}
					]
				},
				{
					"name": "bone99",
					"parent": "bone3",
					"pivot": [19.8872, 21.97253, -18.69549],
					"rotation": [-12.5, 0, 0],
					"cubes": [
						{"origin": [13.8872, 14.97253, -26.69549], "size": [12, 14, 13], "pivot": [19.8872, 21.97253, -20.19549], "rotation": [-12.5, 0, 0], "uv": [306, 396]}
					]
				},
				{
					"name": "foot_left",
					"parent": "bone99",
					"pivot": [19.8628, 20.52472, -17.11839],
					"rotation": [-2.49762, 0.10901, 2.49762]
				},
				{
					"name": "bone19",
					"parent": "foot_left",
					"pivot": [20.10108, 16.18156, -20.97249],
					"rotation": [17.5, 0, 0],
					"cubes": [
						{"origin": [12.60108, 9.92765, -23.4311], "size": [15, 10, 12], "uv": [270, 129]}
					]
				},
				{
					"name": "bone27",
					"parent": "bone19",
					"pivot": [19.60108, 8.42765, -13.4311],
					"rotation": [-27.5, 0, 0],
					"cubes": [
						{"origin": [16.60108, 4.42765, -19.4311], "size": [7, 6, 6], "uv": [454, 231]},
						{"origin": [17.60108, 1.92765, -18.4311], "size": [5, 3, 4], "pivot": [20.10108, 4.42765, -14.4311], "rotation": [-10, 0, 0], "uv": [448, 431]}
					]
				},
				{
					"name": "bone9",
					"parent": "foot_left",
					"pivot": [19.82608, 20.38156, -21.82249],
					"rotation": [-20, 0, 0],
					"cubes": [
						{"origin": [10.52608, 9.33441, -35.51795], "size": [19, 11, 19], "inflate": -0.05, "uv": [220, 0]}
					]
				},
				{
					"name": "toes",
					"parent": "bone9",
					"pivot": [19.52608, 9.23441, -35.56795],
					"cubes": [
						{"origin": [14.75108, 9.1643, -42.43651], "size": [10, 9, 7], "inflate": -0.075, "uv": [306, 379]},
						{"origin": [16.25108, 9.1643, -48.18651], "size": [7, 5, 6], "inflate": -0.075, "uv": [450, 265]}
					]
				},
				{
					"name": "bone4",
					"parent": "toes",
					"pivot": [12.57751, 9.6393, -35.46151],
					"rotation": [1.04946, -19.94019, -1.37501],
					"cubes": [
						{"origin": [11.05848, 9.3393, -41.9666], "size": [5, 6, 7], "inflate": -0.2, "uv": [449, 375]}
					]
				},
				{
					"name": "bone16",
					"parent": "bone4",
					"pivot": [13.35848, 9.1393, -40.7416],
					"rotation": [-1.5, 0, 0],
					"cubes": [
						{"origin": [11.30848, 9.3393, -45.5416], "size": [4, 4, 4], "inflate": -0.225, "uv": [324, 303], "mirror": true}
					]
				},
				{
					"name": "bone13",
					"parent": "toes",
					"pivot": [27.52608, 9.6393, -35.46151],
					"rotation": [1.04946, 19.94019, 1.37501],
					"cubes": [
						{"origin": [24.04511, 9.3393, -41.9666], "size": [5, 6, 7], "inflate": -0.2, "uv": [379, 424]}
					]
				},
				{
					"name": "bone26",
					"parent": "bone13",
					"pivot": [26.74511, 9.1393, -40.7416],
					"rotation": [-1.5, 0, 0],
					"cubes": [
						{"origin": [24.79511, 9.3393, -45.5416], "size": [4, 4, 4], "inflate": -0.225, "uv": [324, 303]}
					]
				}
			]
		}
	]
}