{
    "enabled": "true",
    "neededInstalledMods": [],
    "neededUninstalledMods": [],
    "spawns": [
        {
            "id": "roaringmoon-1",
            "pokemon": "roaringmoon",
            "presets": [],
            "type": "pokemon",
            "context": "grounded",
            "bucket": "ultra-rare",
            "level": "65-75",
            "weight": 1.0,
            "condition": {
                "timeRange": "night",
                "biomes": [
                    "#cobblemon:is_mountain"
                ]
            }
        }
    ]
}