{
  "implemented": true,
  "nationalPokedexNumber": 736,
  "name": "Grubbin",
  "primaryType": "bug",
  "maleRatio": 0.5,
  "height": 4,
  "weight": 44,
  "pokedex": [
    "cobblemon.species.grubbin.desc"
  ],
  "labels": [
    "gen7"
  ],
  "aspects": [],
  "abilities": [
    "swarm",
    "h:swarm"
  ],
  "eggGroups": [
    "bug"
  ],
  "baseStats": {
    "hp": 47,
    "attack": 62,
    "defence": 45,
    "special_attack": 55,
    "special_defence": 45,
    "speed": 46
  },
  "evYield": {
    "hp": 0,
    "attack": 1,
    "defence": 0,
    "special_attack": 0,
    "special_defence": 0,
    "speed": 0
  },
  "baseExperienceYield": 60,
  "experienceGroup": "medium_fast",
  "catchRate": 255,
  "eggCycles": 15,
  "baseFriendship": 50,
  "baseScale": 1,
  "hitbox": {
    "width": 1,
    "height": 1,
    "fixed": false
  },
  "drops": {
    "amount": 3,
    "entries": [
      {
        "item": "minecraft:string",
        "quantityRange": "0-1"
      },
      {
        "item": "cobblemon:wepear_berry",
        "percentage": 2.5
      },
      {
        "item": "cobblemon:cell_battery",
        "percentage": 2.5
      }
    ]
  },
  "moves": [
    "1:visegrip",
    "1:mudslap",
    "5:stringshot",
    "10:bugbite",
    "15:bite",
    "21:spark",
    "25:stickyweb",
    "30:xscissor",
    "35:crunch",
    "40:dig",
    "egg:discharge",
    "egg:harden",
    "tm:batonpass",
    "tm:bugbite",
    "tm:charge",
    "tm:chargebeam",
    "tm:crunch",
    "tm:dig",
    "tm:electricterrain",
    "tm:electroweb",
    "tm:endure",
    "tm:facade",
    "tm:lightscreen",
    "tm:lunge",
    "tm:magnetrise",
    "tm:mudshot",
    "tm:mudslap",
    "tm:poisonjab",
    "tm:pounce",
    "tm:protect",
    "tm:raindance",
    "tm:rest",
    "tm:risingvoltage",
    "tm:screech",
    "tm:shockwave",
    "tm:skittersmack",
    "tm:sleeptalk",
    "tm:stringshot",
    "tm:strugglebug",
    "tm:substitute",
    "tm:takedown",
    "tm:terablast",
    "tm:thunderbolt",
    "tm:thunderwave",
    "tm:voltswitch",
    "tm:wildcharge",
    "tm:xscissor",
    "tutor:bugbite",
    "tutor:chargebeam",
    "tutor:electroweb",
    "tutor:magnetrise",
    "tutor:mudslap",
    "tutor:poisonjab",
    "tutor:rest",
    "tutor:risingvoltage",
    "tutor:shockwave",
    "tutor:skittersmack",
    "tutor:sleeptalk",
    "tutor:stringshot",
    "tutor:thunderbolt",
    "tutor:wildcharge",
    "tutor:xscissor"
  ],
  "evolutions": [
    {
      "id": "grubbin_charjabug",
      "variant": "level_up",
      "result": "charjabug",
      "consumeHeldItem": false,
      "learnableMoves": [
        "charge"
      ],
      "requirements": [
        {
          "variant": "level",
          "minLevel": 20
        }
      ]
    }
  ]
}