{
  "implemented": true,
  "nationalPokedexNumber": 735,
  "name": "Gumshoos",
  "primaryType": "normal",
  "maleRatio": 0.5,
  "height": 7,
  "weight": 142,
  "pokedex": [
    "cobblemon.species.gumshoos.desc"
  ],
  "labels": [
    "gen7"
  ],
  "aspects": [],
  "abilities": [
    "stakeout",
    "strongjaw",
    "h:adaptability"
  ],
  "eggGroups": [
    "field"
  ],
  "baseStats": {
    "hp": 88,
    "attack": 110,
    "defence": 60,
    "special_attack": 55,
    "special_defence": 60,
    "speed": 45
  },
  "evYield": {
    "hp": 0,
    "attack": 2,
    "defence": 0,
    "special_attack": 0,
    "special_defence": 0,
    "speed": 0
  },
  "baseExperienceYield": 146,
  "experienceGroup": "medium_fast",
  "catchRate": 127,
  "eggCycles": 15,
  "baseFriendship": 50,
  "baseScale": 1,
  "hitbox": {
    "width": 1,
    "height": 1,
    "fixed": false
  },
  "drops": {
    "amount": 1,
    "entries": [
      {
        "item": "cobblemon:pecha_berry",
        "percentage": 5.0
      }
    ]
  },
  "moves": [
    "1:tackle",
    "1:leer",
    "1:pursuit",
    "1:sandattack",
    "1:odorsleuth",
    "1:bide",
    "1:hyperfang",
    "1:payback",
    "13:workup",
    "19:bite",
    "23:mudslap",
    "27:superfang",
    "31:takedown",
    "35:scaryface",
    "39:crunch",
    "43:yawn",
    "47:thrash",
    "52:rest",
    "egg:bide",
    "egg:endeavor",
    "egg:firefang",
    "egg:icefang",
    "egg:lastresort",
    "egg:thunderfang",
    "egg:yawn",
    "tm:block",
    "tm:bodyslam",
    "tm:bulldoze",
    "tm:chillingwater",
    "tm:crunch",
    "tm:curse",
    "tm:dig",
    "tm:doubleedge",
    "tm:dualchop",
    "tm:earthquake",
    "tm:echoedvoice",
    "tm:endeavor",
    "tm:endure",
    "tm:facade",
    "tm:firefang",
    "tm:firepunch",
    "tm:fling",
    "tm:focuspunch",
    "tm:gigaimpact",
    "tm:helpinghand",
    "tm:hyperbeam",
    "tm:icefang",
    "tm:icepunch",
    "tm:ironhead",
    "tm:irontail",
    "tm:knockoff",
    "tm:lastresort",
    "tm:lowsweep",
    "tm:mudshot",
    "tm:mudslap",
    "tm:payback",
    "tm:protect",
    "tm:psychicfangs",
    "tm:raindance",
    "tm:rest",
    "tm:revenge",
    "tm:reversal",
    "tm:roar",
    "tm:rocktomb",
    "tm:sandstorm",
    "tm:scaryface",
    "tm:seedbomb",
    "tm:shockwave",
    "tm:sleeptalk",
    "tm:stompingtantrum",
    "tm:substitute",
    "tm:sunnyday",
    "tm:superfang",
    "tm:takedown",
    "tm:taunt",
    "tm:terablast",
    "tm:thief",
    "tm:thunderfang",
    "tm:thunderpunch",
    "tm:torment",
    "tm:trailblaze",
    "tm:uturn",
    "tm:wildcharge",
    "tm:workup",
    "tm:zenheadbutt",
    "tutor:block",
    "tutor:bulldoze",
    "tutor:dualchop",
    "tutor:endeavor",
    "tutor:firefang",
    "tutor:firepunch",
    "tutor:focuspunch",
    "tutor:gigaimpact",
    "tutor:helpinghand",
    "tutor:hyperbeam",
    "tutor:icefang",
    "tutor:icepunch",
    "tutor:ironhead",
    "tutor:irontail",
    "tutor:knockoff",
    "tutor:lastresort",
    "tutor:mudslap",
    "tutor:psychic",
    "tutor:rest",
    "tutor:seedbomb",
    "tutor:shockwave",
    "tutor:sleeptalk",
    "tutor:stompingtantrum",
    "tutor:superfang",
    "tutor:thunderfang",
    "tutor:thunderpunch",
    "tutor:wildcharge",
    "tutor:zenheadbutt"
  ],
  "preEvolution": "yungoos",
  "evolutions": []
}