{
  "implemented": true,
  "nationalPokedexNumber": 805,
  "name": "Stakataka",
  "primaryType": "rock",
  "secondaryType": "steel",
  "maleRatio": -1,
  "height": 55,
  "weight": 8200,
  "pokedex": [
    "cobblemon.species.stakataka.desc"
  ],
  "labels": [
    "gen7",
    "ultra_beast"
  ],
  "aspects": [],
  "abilities": [
    "beastboost",
    "h:beastboost"
  ],
  "eggGroups": [
    "undiscovered"
  ],
  "baseStats": {
    "hp": 61,
    "attack": 131,
    "defence": 211,
    "special_attack": 53,
    "special_defence": 101,
    "speed": 13
  },
  "evYield": {
    "hp": 0,
    "attack": 0,
    "defence": 3,
    "special_attack": 0,
    "special_defence": 0,
    "speed": 0
  },
  "baseExperienceYield": 285,
  "experienceGroup": "slow",
  "catchRate": 30,
  "eggCycles": 120,
  "baseFriendship": 0,
  "baseScale": 1,
  "hitbox": {
    "width": 1,
    "height": 1,
    "fixed": false
  },
  "drops": {
    "amount": 3,
    "entries": [
      {
        "item": "minecraft:echo_shard",
        "quantityRange": "1-3"
      }
    ]
  },
  "moves": [
    "1:tackle",
    "1:bide",
    "1:harden",
    "5:rockthrow",
    "10:protect",
    "15:stomp",
    "20:block",
    "25:rockslide",
    "30:wideguard",
    "35:autotomize",
    "40:rockblast",
    "45:magnetrise",
    "50:irondefense",
    "55:ironhead",
    "60:takedown",
    "65:stealthrock",
    "70:doubleedge",
    "tm:allyswitch",
    "tm:bind",
    "tm:block",
    "tm:bodypress",
    "tm:bodyslam",
    "tm:brutalswing",
    "tm:bulldoze",
    "tm:doubleedge",
    "tm:earthquake",
    "tm:endure",
    "tm:facade",
    "tm:flashcannon",
    "tm:gigaimpact",
    "tm:gravity",
    "tm:gyroball",
    "tm:heatcrash",
    "tm:heavyslam",
    "tm:highhorsepower",
    "tm:infestation",
    "tm:irondefense",
    "tm:ironhead",
    "tm:lightscreen",
    "tm:magiccoat",
    "tm:magicroom",
    "tm:magnetrise",
    "tm:megakick",
    "tm:meteorbeam",
    "tm:protect",
    "tm:recycle",
    "tm:reflect",
    "tm:rest",
    "tm:rockblast",
    "tm:rockpolish",
    "tm:rockslide",
    "tm:rocktomb",
    "tm:roleplay",
    "tm:safeguard",
    "tm:sandstorm",
    "tm:skillswap",
    "tm:sleeptalk",
    "tm:smackdown",
    "tm:stealthrock",
    "tm:steelbeam",
    "tm:steelroller",
    "tm:stompingtantrum",
    "tm:stoneedge",
    "tm:substitute",
    "tm:superpower",
    "tm:takedown",
    "tm:telekinesis",
    "tm:terablast",
    "tm:trickroom",
    "tm:wonderroom",
    "tm:zenheadbutt",
    "tutor:allyswitch",
    "tutor:bind",
    "tutor:block",
    "tutor:bulldoze",
    "tutor:flashcannon",
    "tutor:gigaimpact",
    "tutor:gravity",
    "tutor:highhorsepower",
    "tutor:irondefense",
    "tutor:ironhead",
    "tutor:magiccoat",
    "tutor:magicroom",
    "tutor:magnetrise",
    "tutor:meteorbeam",
    "tutor:recycle",
    "tutor:rest",
    "tutor:rockslide",
    "tutor:roleplay",
    "tutor:skillswap",
    "tutor:sleeptalk",
    "tutor:stealthrock",
    "tutor:steelbeam",
    "tutor:steelroller",
    "tutor:stompingtantrum",
    "tutor:stoneedge",
    "tutor:superpower",
    "tutor:telekinesis",
    "tutor:trick",
    "tutor:wonderroom",
    "tutor:zenheadbutt"
  ],
  "evolutions": []
}