{
  "implemented": true,
  "nationalPokedexNumber": 787,
  "name": "Tapu Bulu",
  "primaryType": "grass",
  "secondaryType": "fairy",
  "maleRatio": -1,
  "height": 19,
  "weight": 455,
  "pokedex": [
    "cobblemon.species.tapubulu.desc"
  ],
  "labels": [
    "gen7",
    "legendary"
  ],
  "aspects": [],
  "abilities": [
    "grassysurge",
    "h:telepathy"
  ],
  "eggGroups": [
    "undiscovered"
  ],
  "baseStats": {
    "hp": 70,
    "attack": 130,
    "defence": 115,
    "special_attack": 85,
    "special_defence": 95,
    "speed": 75
  },
  "evYield": {
    "hp": 0,
    "attack": 3,
    "defence": 0,
    "special_attack": 0,
    "special_defence": 0,
    "speed": 0
  },
  "baseExperienceYield": 285,
  "experienceGroup": "slow",
  "catchRate": 3,
  "eggCycles": 15,
  "baseFriendship": 50,
  "baseScale": 1,
  "hitbox": {
    "width": 1,
    "height": 1,
    "fixed": false
  },
  "moves": [
    "1:leafage",
    "1:rototiller",
    "1:rocksmash",
    "5:withdraw",
    "10:disable",
    "15:leechseed",
    "20:megadrain",
    "25:whirlwind",
    "30:hornattack",
    "35:scaryface",
    "40:hornleech",
    "45:zenheadbutt",
    "50:meanlook",
    "55:naturesmadness",
    "60:woodhammer",
    "65:megahorn",
    "70:skullbash",
    "75:grassyterrain",
    "tm:brickbreak",
    "tm:brutalswing",
    "tm:bulkup",
    "tm:bulletseed",
    "tm:calmmind",
    "tm:closecombat",
    "tm:darkestlariat",
    "tm:dazzlinggleam",
    "tm:dualchop",
    "tm:echoedvoice",
    "tm:endure",
    "tm:energyball",
    "tm:facade",
    "tm:falseswipe",
    "tm:fling",
    "tm:focusblast",
    "tm:focuspunch",
    "tm:gigadrain",
    "tm:gigaimpact",
    "tm:grassknot",
    "tm:grassyterrain",
    "tm:guardswap",
    "tm:highhorsepower",
    "tm:hyperbeam",
    "tm:irondefense",
    "tm:lightscreen",
    "tm:megahorn",
    "tm:megapunch",
    "tm:naturepower",
    "tm:payback",
    "tm:powerswap",
    "tm:protect",
    "tm:psychup",
    "tm:reflect",
    "tm:rest",
    "tm:revenge",
    "tm:roar",
    "tm:rockslide",
    "tm:rocksmash",
    "tm:rocktomb",
    "tm:safeguard",
    "tm:scaryface",
    "tm:seedbomb",
    "tm:sleeptalk",
    "tm:smartstrike",
    "tm:snarl",
    "tm:solarbeam",
    "tm:stoneedge",
    "tm:storedpower",
    "tm:substitute",
    "tm:sunnyday",
    "tm:superpower",
    "tm:swordsdance",
    "tm:synthesis",
    "tm:taunt",
    "tm:telekinesis",
    "tm:terablast",
    "tm:torment",
    "tm:workup",
    "tm:worryseed",
    "tm:zenheadbutt",
    "tutor:bulkup",
    "tutor:calmmind",
    "tutor:dazzlinggleam",
    "tutor:dualchop",
    "tutor:energyball",
    "tutor:falseswipe",
    "tutor:focuspunch",
    "tutor:gigadrain",
    "tutor:gigaimpact",
    "tutor:highhorsepower",
    "tutor:hyperbeam",
    "tutor:irondefense",
    "tutor:megahorn",
    "tutor:rest",
    "tutor:rockslide",
    "tutor:rocksmash",
    "tutor:seedbomb",
    "tutor:sleeptalk",
    "tutor:snarl",
    "tutor:stoneedge",
    "tutor:superpower",
    "tutor:synthesis",
    "tutor:telekinesis",
    "tutor:worryseed",
    "tutor:zenheadbutt"
  ],
  "evolutions": []
}