{
  "implemented": true,
  "nationalPokedexNumber": 786,
  "name": "Tapu Lele",
  "primaryType": "psychic",
  "secondaryType": "fairy",
  "maleRatio": -1,
  "height": 12,
  "weight": 186,
  "pokedex": [
    "cobblemon.species.tapulele.desc"
  ],
  "labels": [
    "gen7",
    "legendary"
  ],
  "aspects": [],
  "abilities": [
    "psychicsurge",
    "h:telepathy"
  ],
  "eggGroups": [
    "undiscovered"
  ],
  "baseStats": {
    "hp": 70,
    "attack": 85,
    "defence": 75,
    "special_attack": 130,
    "special_defence": 115,
    "speed": 95
  },
  "evYield": {
    "hp": 0,
    "attack": 0,
    "defence": 0,
    "special_attack": 3,
    "special_defence": 0,
    "speed": 0
  },
  "baseExperienceYield": 285,
  "experienceGroup": "slow",
  "catchRate": 3,
  "eggCycles": 15,
  "baseFriendship": 50,
  "baseScale": 1,
  "hitbox": {
    "width": 1,
    "height": 1,
    "fixed": false
  },
  "moves": [
    "1:astonish",
    "1:confusion",
    "1:psywave",
    "5:withdraw",
    "10:aromatherapy",
    "15:drainingkiss",
    "20:psybeam",
    "25:flatter",
    "30:aromaticmist",
    "35:sweetscent",
    "40:extrasensory",
    "45:psyshock",
    "50:meanlook",
    "55:naturesmadness",
    "60:moonblast",
    "65:tickle",
    "70:skillswap",
    "75:psychicterrain",
    "tm:allyswitch",
    "tm:calmmind",
    "tm:chargebeam",
    "tm:charm",
    "tm:dazzlinggleam",
    "tm:drainingkiss",
    "tm:echoedvoice",
    "tm:endure",
    "tm:energyball",
    "tm:facade",
    "tm:fling",
    "tm:focusblast",
    "tm:futuresight",
    "tm:gigaimpact",
    "tm:grassknot",
    "tm:gravity",
    "tm:guardswap",
    "tm:hyperbeam",
    "tm:irondefense",
    "tm:lightscreen",
    "tm:magiccoat",
    "tm:magicroom",
    "tm:naturepower",
    "tm:playrough",
    "tm:powerswap",
    "tm:protect",
    "tm:psybeam",
    "tm:psychic",
    "tm:psychicterrain",
    "tm:psychocut",
    "tm:psychup",
    "tm:psyshock",
    "tm:reflect",
    "tm:rest",
    "tm:safeguard",
    "tm:shadowball",
    "tm:skillswap",
    "tm:sleeptalk",
    "tm:speedswap",
    "tm:storedpower",
    "tm:substitute",
    "tm:sunnyday",
    "tm:taunt",
    "tm:telekinesis",
    "tm:terablast",
    "tm:thief",
    "tm:thunder",
    "tm:thunderbolt",
    "tm:torment",
    "tm:wonderroom",
    "tutor:allyswitch",
    "tutor:calmmind",
    "tutor:chargebeam",
    "tutor:dazzlinggleam",
    "tutor:energyball",
    "tutor:gigaimpact",
    "tutor:gravity",
    "tutor:hyperbeam",
    "tutor:irondefense",
    "tutor:magiccoat",
    "tutor:magicroom",
    "tutor:playrough",
    "tutor:psychic",
    "tutor:psychocut",
    "tutor:rest",
    "tutor:shadowball",
    "tutor:skillswap",
    "tutor:sleeptalk",
    "tutor:telekinesis",
    "tutor:thunderbolt",
    "tutor:wonderroom"
  ],
  "evolutions": []
}