{
  "implemented": true,
  "nationalPokedexNumber": 788,
  "name": "Tapu Fini",
  "primaryType": "water",
  "secondaryType": "fairy",
  "maleRatio": -1,
  "height": 13,
  "weight": 212,
  "pokedex": [
    "cobblemon.species.tapufini.desc"
  ],
  "labels": [
    "gen7",
    "legendary"
  ],
  "aspects": [],
  "abilities": [
    "mistysurge",
    "h:telepathy"
  ],
  "eggGroups": [
    "undiscovered"
  ],
  "baseStats": {
    "hp": 70,
    "attack": 75,
    "defence": 115,
    "special_attack": 95,
    "special_defence": 130,
    "speed": 85
  },
  "evYield": {
    "hp": 0,
    "attack": 0,
    "defence": 0,
    "special_attack": 0,
    "special_defence": 3,
    "speed": 0
  },
  "baseExperienceYield": 285,
  "experienceGroup": "slow",
  "catchRate": 3,
  "eggCycles": 15,
  "baseFriendship": 50,
  "baseScale": 1,
  "hitbox": {
    "width": 1,
    "height": 1,
    "fixed": false
  },
  "moves": [
    "1:watergun",
    "1:refresh",
    "1:disarmingvoice",
    "5:withdraw",
    "10:haze",
    "10:mist",
    "15:aquaring",
    "20:waterpulse",
    "25:brine",
    "30:defog",
    "35:healpulse",
    "40:surf",
    "45:muddywater",
    "50:meanlook",
    "55:naturesmadness",
    "60:moonblast",
    "65:hydropump",
    "70:soak",
    "75:mistyterrain",
    "tm:blizzard",
    "tm:brine",
    "tm:calmmind",
    "tm:dazzlinggleam",
    "tm:defog",
    "tm:disarmingvoice",
    "tm:dive",
    "tm:drainingkiss",
    "tm:echoedvoice",
    "tm:endure",
    "tm:facade",
    "tm:fling",
    "tm:gigaimpact",
    "tm:grassknot",
    "tm:gravity",
    "tm:guardswap",
    "tm:haze",
    "tm:hydropump",
    "tm:hyperbeam",
    "tm:icebeam",
    "tm:icepunch",
    "tm:icywind",
    "tm:irondefense",
    "tm:knockoff",
    "tm:lightscreen",
    "tm:magiccoat",
    "tm:magicroom",
    "tm:mistyterrain",
    "tm:muddywater",
    "tm:naturepower",
    "tm:playrough",
    "tm:protect",
    "tm:psychup",
    "tm:raindance",
    "tm:reflect",
    "tm:rest",
    "tm:safeguard",
    "tm:scald",
    "tm:shadowball",
    "tm:sleeptalk",
    "tm:smartstrike",
    "tm:storedpower",
    "tm:substitute",
    "tm:surf",
    "tm:taunt",
    "tm:telekinesis",
    "tm:terablast",
    "tm:torment",
    "tm:trick",
    "tm:waterfall",
    "tm:waterpulse",
    "tm:whirlpool",
    "tm:wonderroom",
    "tutor:calmmind",
    "tutor:dazzlinggleam",
    "tutor:defog",
    "tutor:dive",
    "tutor:gigaimpact",
    "tutor:gravity",
    "tutor:hyperbeam",
    "tutor:icebeam",
    "tutor:icepunch",
    "tutor:icywind",
    "tutor:irondefense",
    "tutor:knockoff",
    "tutor:magiccoat",
    "tutor:magicroom",
    "tutor:playrough",
    "tutor:rest",
    "tutor:shadowball",
    "tutor:sleeptalk",
    "tutor:telekinesis",
    "tutor:trick",
    "tutor:waterpulse",
    "tutor:wonderroom"
  ],
  "evolutions": []
}