{
  "implemented": true,
  "nationalPokedexNumber": 738,
  "name": "Vikavolt",
  "primaryType": "bug",
  "secondaryType": "electric",
  "maleRatio": 0.5,
  "height": 15,
  "weight": 450,
  "pokedex": [
    "cobblemon.species.vikavolt.desc"
  ],
  "labels": [
    "gen7"
  ],
  "aspects": [],
  "abilities": [
    "levitate",
    "h:levitate"
  ],
  "eggGroups": [
    "bug"
  ],
  "baseStats": {
    "hp": 77,
    "attack": 70,
    "defence": 90,
    "special_attack": 145,
    "special_defence": 75,
    "speed": 43
  },
  "evYield": {
    "hp": 0,
    "attack": 0,
    "defence": 0,
    "special_attack": 3,
    "special_defence": 0,
    "speed": 0
  },
  "baseExperienceYield": 250,
  "experienceGroup": "medium_fast",
  "catchRate": 45,
  "eggCycles": 15,
  "baseFriendship": 50,
  "baseScale": 1,
  "hitbox": {
    "width": 1,
    "height": 1,
    "fixed": false
  },
  "drops": {
    "amount": 2,
    "entries": [
      {
        "item": "cobblemon:wepear_berry",
        "percentage": 10.0
      },
      {
        "item": "cobblemon:cell_battery",
        "percentage": 10.0
      }
    ]
  },
  "moves": [
    "1:thunderbolt",
    "1:airslash",
    "1:charge",
    "1:visegrip",
    "1:stringshot",
    "1:mudslap",
    "1:bugbite",
    "1:acrobatics",
    "1:dig",
    "1:irondefense",
    "1:xscissor",
    "1:crunch",
    "1:discharge",
    "15:bite",
    "23:spark",
    "29:stickyweb",
    "36:bugbuzz",
    "43:guillotine",
    "50:fly",
    "57:agility",
    "64:zapcannon",
    "egg:discharge",
    "egg:harden",
    "tm:acrobatics",
    "tm:agility",
    "tm:airslash",
    "tm:batonpass",
    "tm:bugbite",
    "tm:bugbuzz",
    "tm:bulldoze",
    "tm:charge",
    "tm:chargebeam",
    "tm:crunch",
    "tm:dig",
    "tm:eerieimpulse",
    "tm:electricterrain",
    "tm:electroball",
    "tm:electroweb",
    "tm:endure",
    "tm:energyball",
    "tm:facade",
    "tm:flashcannon",
    "tm:fly",
    "tm:gigaimpact",
    "tm:hyperbeam",
    "tm:irondefense",
    "tm:laserfocus",
    "tm:lightscreen",
    "tm:lunge",
    "tm:magnetrise",
    "tm:mudshot",
    "tm:mudslap",
    "tm:poisonjab",
    "tm:pounce",
    "tm:protect",
    "tm:raindance",
    "tm:rest",
    "tm:risingvoltage",
    "tm:roost",
    "tm:screech",
    "tm:shockwave",
    "tm:signalbeam",
    "tm:skittersmack",
    "tm:skydrop",
    "tm:sleeptalk",
    "tm:solarbeam",
    "tm:stringshot",
    "tm:strugglebug",
    "tm:substitute",
    "tm:supercellslam",
    "tm:swift",
    "tm:takedown",
    "tm:terablast",
    "tm:thunder",
    "tm:thunderbolt",
    "tm:thunderwave",
    "tm:voltswitch",
    "tm:wildcharge",
    "tm:xscissor",
    "tutor:bugbite",
    "tutor:bulldoze",
    "tutor:chargebeam",
    "tutor:electroweb",
    "tutor:energyball",
    "tutor:flashcannon",
    "tutor:gigaimpact",
    "tutor:hyperbeam",
    "tutor:irondefense",
    "tutor:laserfocus",
    "tutor:magnetrise",
    "tutor:mudslap",
    "tutor:poisonjab",
    "tutor:rest",
    "tutor:risingvoltage",
    "tutor:roost",
    "tutor:shockwave",
    "tutor:signalbeam",
    "tutor:skittersmack",
    "tutor:sleeptalk",
    "tutor:stringshot",
    "tutor:swift",
    "tutor:thunderbolt",
    "tutor:wildcharge",
    "tutor:xscissor"
  ],
  "preEvolution": "charjabug",
  "evolutions": []
}