{
  "implemented": true,
  "nationalPokedexNumber": 796,
  "name": "Xurkitree",
  "primaryType": "electric",
  "maleRatio": -1,
  "height": 38,
  "weight": 1000,
  "pokedex": [
    "cobblemon.species.xurkitree.desc"
  ],
  "labels": [
    "gen7",
    "ultra_beast"
  ],
  "aspects": [],
  "abilities": [
    "beastboost",
    "h:beastboost"
  ],
  "eggGroups": [
    "undiscovered"
  ],
  "baseStats": {
    "hp": 83,
    "attack": 89,
    "defence": 71,
    "special_attack": 173,
    "special_defence": 71,
    "speed": 83
  },
  "evYield": {
    "hp": 0,
    "attack": 0,
    "defence": 0,
    "special_attack": 3,
    "special_defence": 0,
    "speed": 0
  },
  "baseExperienceYield": 285,
  "experienceGroup": "slow",
  "catchRate": 45,
  "eggCycles": 120,
  "baseFriendship": 0,
  "baseScale": 1,
  "hitbox": {
    "width": 1,
    "height": 1,
    "fixed": false
  },
  "drops": {
    "amount": 3,
    "entries": [
      {
        "item": "minecraft:echo_shard",
        "quantityRange": "1-3"
      }
    ]
  },
  "moves": [
    "1:tailglow",
    "1:wrap",
    "1:thundershock",
    "1:iondeluge",
    "5:charge",
    "10:thunderwave",
    "15:ingrain",
    "20:spark",
    "25:shockwave",
    "30:hypnosis",
    "35:eerieimpulse",
    "40:thunderpunch",
    "45:discharge",
    "50:magnetrise",
    "55:thunderbolt",
    "60:electricterrain",
    "65:powerwhip",
    "70:zapcannon",
    "tm:bind",
    "tm:brutalswing",
    "tm:calmmind",
    "tm:charge",
    "tm:chargebeam",
    "tm:dazzlinggleam",
    "tm:eerieimpulse",
    "tm:electricterrain",
    "tm:electroball",
    "tm:electroweb",
    "tm:endure",
    "tm:energyball",
    "tm:facade",
    "tm:fling",
    "tm:gigaimpact",
    "tm:grassknot",
    "tm:gravity",
    "tm:hyperbeam",
    "tm:lightscreen",
    "tm:magiccoat",
    "tm:magnetrise",
    "tm:naturepower",
    "tm:powerwhip",
    "tm:protect",
    "tm:raindance",
    "tm:reflect",
    "tm:rest",
    "tm:risingvoltage",
    "tm:shockwave",
    "tm:signalbeam",
    "tm:sleeptalk",
    "tm:solarbeam",
    "tm:substitute",
    "tm:sunnyday",
    "tm:terablast",
    "tm:thunder",
    "tm:thunderbolt",
    "tm:thunderpunch",
    "tm:thunderwave",
    "tm:voltswitch",
    "tm:wildcharge",
    "tutor:bind",
    "tutor:calmmind",
    "tutor:chargebeam",
    "tutor:dazzlinggleam",
    "tutor:electroweb",
    "tutor:energyball",
    "tutor:gigaimpact",
    "tutor:gravity",
    "tutor:hyperbeam",
    "tutor:magiccoat",
    "tutor:magnetrise",
    "tutor:rest",
    "tutor:risingvoltage",
    "tutor:shockwave",
    "tutor:signalbeam",
    "tutor:sleeptalk",
    "tutor:thunderbolt",
    "tutor:thunderpunch",
    "tutor:wildcharge"
  ],
  "evolutions": []
}