{
  "implemented": true,
  "nationalPokedexNumber": 734,
  "name": "Yungoos",
  "primaryType": "normal",
  "maleRatio": 0.5,
  "height": 4,
  "weight": 60,
  "pokedex": [
    "cobblemon.species.yungoos.desc"
  ],
  "labels": [
    "gen7"
  ],
  "aspects": [],
  "abilities": [
    "stakeout",
    "strongjaw",
    "h:adaptability"
  ],
  "eggGroups": [
    "field"
  ],
  "baseStats": {
    "hp": 48,
    "attack": 70,
    "defence": 30,
    "special_attack": 30,
    "special_defence": 30,
    "speed": 45
  },
  "evYield": {
    "hp": 0,
    "attack": 1,
    "defence": 0,
    "special_attack": 0,
    "special_defence": 0,
    "speed": 0
  },
  "baseExperienceYield": 51,
  "experienceGroup": "medium_fast",
  "catchRate": 255,
  "eggCycles": 15,
  "baseFriendship": 50,
  "baseScale": 1,
  "hitbox": {
    "width": 1,
    "height": 1,
    "fixed": false
  },
  "drops": {
    "amount": 1,
    "entries": [
      {
        "item": "cobblemon:pecha_berry",
        "percentage": 2.5
      }
    ]
  },
  "moves": [
    "1:tackle",
    "1:pursuit",
    "1:odorsleuth",
    "3:leer",
    "7:payback",
    "10:sandattack",
    "13:workup",
    "19:bite",
    "22:mudslap",
    "25:superfang",
    "28:takedown",
    "31:scaryface",
    "34:crunch",
    "37:hyperfang",
    "40:thrash",
    "43:rest",
    "egg:bide",
    "egg:endeavor",
    "egg:firefang",
    "egg:icefang",
    "egg:lastresort",
    "egg:thunderfang",
    "egg:yawn",
    "tm:bulldoze",
    "tm:chillingwater",
    "tm:crunch",
    "tm:dig",
    "tm:doubleedge",
    "tm:echoedvoice",
    "tm:endeavor",
    "tm:endure",
    "tm:facade",
    "tm:firefang",
    "tm:helpinghand",
    "tm:icefang",
    "tm:irontail",
    "tm:lastresort",
    "tm:mudshot",
    "tm:mudslap",
    "tm:payback",
    "tm:protect",
    "tm:psychicfangs",
    "tm:raindance",
    "tm:rest",
    "tm:revenge",
    "tm:reversal",
    "tm:rocktomb",
    "tm:sandstorm",
    "tm:scaryface",
    "tm:seedbomb",
    "tm:shockwave",
    "tm:sleeptalk",
    "tm:stompingtantrum",
    "tm:substitute",
    "tm:sunnyday",
    "tm:superfang",
    "tm:takedown",
    "tm:taunt",
    "tm:terablast",
    "tm:thief",
    "tm:thunderfang",
    "tm:torment",
    "tm:trailblaze",
    "tm:uturn",
    "tm:wildcharge",
    "tm:workup",
    "tm:zenheadbutt",
    "tutor:bulldoze",
    "tutor:endeavor",
    "tutor:firefang",
    "tutor:helpinghand",
    "tutor:icefang",
    "tutor:irontail",
    "tutor:lastresort",
    "tutor:mudslap",
    "tutor:psychic",
    "tutor:rest",
    "tutor:seedbomb",
    "tutor:shockwave",
    "tutor:sleeptalk",
    "tutor:stompingtantrum",
    "tutor:superfang",
    "tutor:thunderfang",
    "tutor:wildcharge",
    "tutor:zenheadbutt"
  ],
  "evolutions": [
    {
      "id": "yungoos_gumshoos",
      "variant": "level_up",
      "result": "gumshoos",
      "consumeHeldItem": false,
      "learnableMoves": [],
      "requirements": [
        {
          "variant": "level",
          "minLevel": 20
        },
        {
          "variant": "time_range",
          "range": "day"
        }
      ]
    }
  ]
}