{
	"format_version": "1.8.0",
	"animations": {
		"animation.cobalion.ground_idle": {
			"loop": true,
			"bones": {
				"neck": {
					"rotation": [20, 0, 0]
				},
				"neck2": {
					"rotation": [-17.5, 0, 0]
				},
				"neck3": {
					"rotation": [-2.5, 0, 0]
				},
				"neck4": {
					"rotation": [12.5, 0, 0]
				},
				"leg_left_front": {
					"rotation": [9.99527, 0.21782, -2.4905]
				},
				"leg_left_front2": {
					"rotation": [-5, 0, 0]
				},
				"leg_left_front3": {
					"rotation": [7.5, 0, 0]
				},
				"leg_left_back": {
					"rotation": [-7.5, -15, 0]
				},
				"leg_left_back2": {
					"rotation": [22.5, 0, 0]
				},
				"leg_left_back3": {
					"rotation": [0, 0, 0]
				},
				"leg_left_front4": {
					"rotation": [-10, 0, 0]
				},
				"leg_left_back4": {
					"rotation": [-15, 0, 0]
				},
				"leg_right_front": {
					"rotation": [-20, 0, 0]
				},
				"leg_right_front2": {
					"rotation": [22.5, 0, 0]
				},
				"leg_right_front3": {
					"rotation": [12.5, 0, 0]
				},
				"leg_right_front4": {
					"rotation": [-17.5, 0, 0]
				},
				"collar": {
					"rotation": [0, 0, 0]
				},
				"collar3": {
					"rotation": [5, 0, 0]
				}
			}
		},
		"animation.cobalion.ground_walk": {
			"loop": true,
			"bones": {
				"neck": {
					"rotation": [20, 0, 0]
				},
				"neck2": {
					"rotation": [-17.5, 0, 0]
				},
				"neck3": {
					"rotation": [-2.5, 0, 0]
				},
				"neck4": {
					"rotation": [12.5, 0, 0]
				},
				"leg_left_front": {
					"rotation": [9.99527, 0.21782, -2.4905]
				},
				"leg_left_front2": {
					"rotation": [-5, 0, 0]
				},
				"leg_left_front3": {
					"rotation": [7.5, 0, 0]
				},
				"leg_left_back": {
					"rotation": [-7.5, -15, 0]
				},
				"leg_left_back2": {
					"rotation": [22.5, 0, 0]
				},
				"leg_left_back3": {
					"rotation": [0, 0, 0]
				},
				"leg_left_front4": {
					"rotation": [-10, 0, 0]
				},
				"leg_left_back4": {
					"rotation": [-15, 0, 0]
				},
				"leg_right_front": {
					"rotation": [-20, 0, 0]
				},
				"leg_right_front2": {
					"rotation": [22.5, 0, 0]
				},
				"leg_right_front3": {
					"rotation": [12.5, 0, 0]
				},
				"leg_right_front4": {
					"rotation": [-17.5, 0, 0]
				},
				"collar": {
					"rotation": [0, 0, 0]
				},
				"collar3": {
					"rotation": [5, 0, 0]
				}
			}
		}
	}
}