{
  "portraitScale": 0.4,
  "portraitTranslation": [0, 1, 0],
  "profileScale": 0.4,
  "profileTranslation": [0, 1.1, 0],
  "faint": "bedrock(ironhands, faint)",
  "poses": {
    "standing": {
      "poseName": "standing",
      "transformTicks": 10,
      "poseTypes": ["STAND", "NONE", "PORTRAIT", "PROFILE"],
      "animations": ["look", "bedrock(ironhands, ground_idle)"]
  },
    "walking": {
      "poseName": "walking",
      "transformTicks": 10,
      "poseTypes": ["WALK"],
      "animations": ["bedrock(ironhands, ground_walk)"]
    },
    "floating": {
      "poseName": "floating",
      "transformTicks": 10,
      "poseTypes": ["FLOAT"],
      "animations": ["bedrock(ironhands, ground_idle)"]
    },
    "swimming": {
      "poseName": "swimming",
      "transformTicks": 10,
      "poseTypes": ["SWIM"],
      "animations": ["bedrock(ironhands, ground_walk)"]
    }
  }
}