{
  "portraitScale": 0.57,
  "portraitTranslation": [0, 1.53, 0],
  "profileScale": 0.58,
  "profileTranslation": [0, 1.2, 0],
  "rootBone": "hydreigon",
  "animations": {
    "cry": "q.bedrock_stateful('ironjugulis', 'cry')",
    "recoil": "q.bedrock_stateful('ironjugulis', 'recoil')"
  },
  "poses": {
    "hover": {
      "poseTypes": ["HOVER", "STAND", "NONE", "PORTRAIT", "PROFILE"],
      "animations": [
        "q.look('head_ai')",
        "q.bedrock('ironjugulis', 'air_idle')"
      ],
      "quirks": ["q.bedrock_quirk('ironjugulis', 'blink')"]
    },
    "fly": {
      "poseTypes": ["FLY", "WALK"],
      "animations": [
        "q.look('head_ai')",
        "q.bedrock('ironjugulis', 'air_fly')"
      ],
      "quirks": ["q.bedrock_quirk('ironjugulis', 'blink')"]
    }
  }
}
