{
 "portraitScale": 0.6,
 "portraitTranslation": [ -1, 5, 0 ],
 "profileScale": 0.2,
 "profileTranslation": [ 0, 2, 0 ],
 "animations": {
  "faint": "q.bedrock_primary('pokemans_dialga_origin', 'faint', q.curve('one'))",
  "cry": "q.bedrock_stateful('pokemans_dialga_origin', 'cry')",
  "physical": "q.bedrock_primary('pokemans_dialga_origin', 'physical_attack', q.curve('symmetrical_wide'))",
  "special": "q.bedrock_primary('pokemans_dialga_origin', 'special_attack', q.curve('symmetrical_wide'))",
  "status": "q.bedrock_stateful('pokemans_dialga_origin', 'status', q.curve('symmetrical_wide'))",
   "recoil": "q.bedrock_stateful('pokemans_dialga_origin', 'recoil', q.curve('symmetrical_wide'))"
},
 "poses": {
  "standing": {
    "poseTypes": ["STAND", "NONE", "PORTRAIT", "PROFILE"],
    "isBattle": false,
    "animations": ["look",
      "q.bedrock('pokemans_dialga_origin', 'ground_idle')"
    ],
    "quirks": [
      "q.bedrock_quirk('pokemans_dialga_origin', 'blink')"
    ]
  },
  "walking": {
    "poseTypes": ["WALK"],
    "animations": ["look",
      "q.bedrock('pokemans_dialga_origin', 'ground_walk')"
    ],
    "quirks": ["q.bedrock_quirk('pokemans_dialga_origin', 'blink')"]
  },
  "float": {
    "poseTypes": ["FLOAT"],
    "animations": [
      "q.bedrock('pokemans_dialga_origin', 'ground_idle')"
    ],
    "quirks": ["q.bedrock_quirk('pokemans_dialga_origin', 'blink')"]
  },
  "swim": {
    "poseTypes": ["SWIM"],
    "animations": [
      "q.bedrock('pokemans_dialga_origin', 'ground_walk')"
    ],
    "quirks": ["q.bedrock_quirk('pokemans_dialga_origin', 'blink')"]
  }
  ,
  "fly": {
    "poseTypes": ["FLY"],
    "animations": [
      "q.bedrock('pokemans_dialga_origin', 'ground_walk')"
    ],
    "quirks": ["q.bedrock_quirk('pokemans_dialga_origin', 'blink')"]
  },
  "hover": {
    "poseTypes": ["HOVER"],
    "animations": [
      "q.bedrock('pokemans_dialga_origin', 'ground_idle')"
    ],
    "quirks": ["q.bedrock_quirk('pokemans_dialga_origin', 'blink')"]
  }
 }
}