{
 "head": "neck5",
 "portraitScale": 1,
 "portraitTranslation": [ 0, 1, 0 ],
 "profileScale": 0.7,
 "profileTranslation": [ 0, 1, 0 ],
 "animations": {
  "faint": "q.bedrock_primary('pokemans_silvally', 'faint', q.curve('one'))",
  "cry": "q.bedrock_stateful('pokemans_silvally', 'cry')",
  "physical": "q.bedrock_primary('pokemans_silvally', 'physical', q.curve('symmetrical_wide'))",
  "special": "q.bedrock_primary('pokemans_silvally', 'special', q.curve('symmetrical_wide'))",
  "status": "q.bedrock_stateful('pokemans_silvally', 'cry', q.curve('symmetrical_wide'))"
},
 "poses": {
  "battle-standing": {
    "poseTypes": ["STAND"],
    "isBattle": true,
    "animations": [
     "q.look('head', 1, 1, 45, -45, 70, -70)",
      "q.bedrock('pokemans_silvally', 'battle_idle')"
    ]
  },
  "standing": {
    "poseTypes": ["STAND", "NONE", "PORTRAIT", "PROFILE"],
    "isBattle": false,
    "animations": ["look",
      "q.bedrock('pokemans_silvally', 'ground_idle')"
    ],
    "quirks": [
      "q.bedrock_quirk('pokemans_silvally', 'blink')"
    ]
  },
  "walking": {
    "poseTypes": ["WALK"],
    "animations": ["look",
      "q.bedrock('pokemans_silvally', 'ground_walk')"
    ],
    "quirks": ["q.bedrock_quirk('pokemans_silvally', 'blink')"]
  },
  "float": {
    "poseTypes": ["FLOAT"],
    "animations": [
      "q.bedrock('pokemans_silvally', 'ground_idle')"
    ],
    "quirks": ["q.bedrock_quirk('pokemans_silvally', 'blink')"]
  },
  "swim": {
    "poseTypes": ["SWIM"],
    "animations": [
      "q.bedrock('pokemans_silvally', 'ground_walk')"
    ],
    "quirks": ["q.bedrock_quirk('pokemans_silvally', 'blink')"]
  }
 }
}