{
  "portraitScale": 0.8,
  "portraitTranslation": [-0.5, 1.2, 0],
  "profileScale": 0.6,
  "profileTranslation": [-0.3, 1, 0],
  "animations": {
    "faint": "q.bedrock_primary('pokemans_zacian_crown', 'faint', q.curve('one'))",
    "cry": "q.bedrock_stateful('pokemans_zacian_crown', 'cry')",
    "physical": "q.bedrock_primary('pokemans_zacian_crown', 'physical', q.curve('symmetrical_wide'))",
    "special": "q.bedrock_stateful('pokemans_zacian_crown', 'special', q.curve('symmetrical_wide'))",
    "status": "q.bedrock_stateful('pokemans_zacian_crown', 'special', q.curve('symmetrical_wide'))"
  },
  "poses": {
    "battle-standing": {
      "poseTypes": ["STAND"],
      "isBattle": true,
      "animations": [
       "q.look('head', 1, 1, 45, -45, 70, -70)",
        "q.bedrock('pokemans_zacian_crown', 'battle_idle')"
      ],
      "quirks": [
        "q.bedrock_quirk('pokemans_zacian_crown', 'blink')"
      ]
    },
    "standing": {
      "poseTypes": ["STAND", "NONE", "PORTRAIT", "PROFILE"],
      "isBattle": false,
      "animations": [
       "q.look('head', 1, 1, 45, -2.5, 7.5, -7.5)",
        "q.bedrock('pokemans_zacian_crown', 'ground_idle')"
      ],
      "quirks": [
        "q.bedrock_quirk('pokemans_zacian_crown', 'blink')"
      ]
    },
    "walking": {
      "poseTypes": ["WALK"],
      "animations": [
       "q.look('head', 1, 1, 45, -2.5, 7.5, -7.5)",
        "q.bedrock('pokemans_zacian_crown', 'ground_walk')"
      ],
      "quirks": [
        "q.bedrock_quirk('pokemans_zacian_crown', 'blink')"
      ]
    },
    "float": {
      "poseTypes": ["FLOAT"],
      "animations": [
        "q.bedrock('pokemans_zacian_crown', 'ground_idle')"
      ],
      "quirks": [
        "q.bedrock_quirk('pokemans_zacian_crown', 'blink')"
      ]
    },
    "swim": {
      "poseTypes": ["SWIM"],
      "animations": [
        "q.bedrock('pokemans_zacian_crown', 'ground_walk')"
      ],
      "quirks": [
        "q.bedrock_quirk('pokemans_zacian_crown', 'blink')"
      ]
    }
  }
}