{
  "implemented": true,
  "name": "ButterfreeGmax",
  "nationalPokedexNumber": 12,
  "primaryType": "bug",
  "secondaryType": "flying",
  "abilities": [
    "compoundeyes",
    "h:tintedlens"
  ],
  "baseStats": {
    "hp": 120,
    "attack": 45,
    "defence": 50,
    "special_attack": 90,
    "special_defence": 80,
    "speed": 70
  },
  "catchRate": 45,
  "maleRatio": 0.5,
  "shoulderMountable": false,
  "forms": [],
  "moves": [
    "1:bugbite",
    "1:gust",
    "1:harden",
    "1:stringshot",
    "1:tackle",
    "4:supersonic",
    "8:confusion",
    "12:poisonpowder",
    "12:sleeppowder",
    "12:stunspore",
    "16:psybeam",
    "19:silverwind",
    "20:whirlwind",
    "24:airslash",
    "28:safeguard",
    "32:bugbuzz",
    "36:tailwind",
    "37:captivate",
    "40:ragepowder",
    "44:quiverdance",
    "tm:acrobatics",
    "tm:aerialace",
    "tm:airslash",
    "tm:attract",
    "tm:batonpass",
    "tm:bugbuzz",
    "tm:captivate",
    "tm:confide",
    "tm:defog",
    "tm:doubleteam",
    "tm:drainingkiss",
    "tm:dreameater",
    "tm:electroweb",
    "tm:endure",
    "tm:energyball",
    "tm:facade",
    "tm:flash",
    "tm:frustration",
    "tm:gigadrain",
    "tm:gigaimpact",
    "tm:hiddenpower",
    "tm:hurricane",
    "tm:hyperbeam",
    "tm:infestation",
    "tm:irondefense",
    "tm:naturalgift",
    "tm:pollenpuff",
    "tm:protect",
    "tm:psychic",
    "tm:psychup",
    "tm:raindance",
    "tm:rest",
    "tm:return",
    "tm:roost",
    "tm:round",
    "tm:safeguard",
    "tm:secretpower",
    "tm:shadowball",
    "tm:silverwind",
    "tm:skillswap",
    "tm:sleeptalk",
    "tm:snore",
    "tm:solarbeam",
    "tm:strugglebug",
    "tm:substitute",
    "tm:sunnyday",
    "tm:swagger",
    "tm:swift",
    "tm:thief",
    "tm:toxic",
    "tm:uturn",
    "tm:venoshock",
    "tutor:aerialace",
    "tutor:aircutter",
    "tutor:airslash",
    "tutor:attract",
    "tutor:bide",
    "tutor:bugbite",
    "tutor:bugbuzz",
    "tutor:confusion",
    "tutor:curse",
    "tutor:defog",
    "tutor:doubleedge",
    "tutor:doubleteam",
    "tutor:dreameater",
    "tutor:dualwingbeat",
    "tutor:electroweb",
    "tutor:endure",
    "tutor:facade",
    "tutor:flash",
    "tutor:frustration",
    "tutor:gigadrain",
    "tutor:gust",
    "tutor:headbutt",
    "tutor:hiddenpower",
    "tutor:hyperbeam",
    "tutor:megadrain",
    "tutor:mimic",
    "tutor:morningsun",
    "tutor:nightmare",
    "tutor:ominouswind",
    "tutor:poisonpowder",
    "tutor:protect",
    "tutor:psybeam",
    "tutor:psychic",
    "tutor:psywave",
    "tutor:quiverdance",
    "tutor:rage",
    "tutor:razorwind",
    "tutor:reflect",
    "tutor:rest",
    "tutor:return",
    "tutor:roost",
    "tutor:safeguard",
    "tutor:shadowball",
    "tutor:signalbeam",
    "tutor:skillswap",
    "tutor:sleeppowder",
    "tutor:sleeptalk",
    "tutor:snore",
    "tutor:solarbeam",
    "tutor:stringshot",
    "tutor:stunspore",
    "tutor:substitute",
    "tutor:sunnyday",
    "tutor:supersonic",
    "tutor:swagger",
    "tutor:sweetscent",
    "tutor:swift",
    "tutor:tailwind",
    "tutor:takedown",
    "tutor:teleport",
    "tutor:toxic",
    "tutor:twister",
    "tutor:uturn",
    "tutor:whirlwind"
  ],
  "labels": [
    "gen1","gmax"
  ],
  "pokedex": [
    "cobblemon.species.butterfreegmax.desc",
    "cobblemon.species.butterfreegmax.name"
  ],
  "preEvolution": "butterfree",
  "evolutions": [
            {
      "id": "butterfree_gmax_butterfree",
      "variant": "level_up",
      "result": "butterfree",
      "consumeHeldItem": false,
      "learnableMoves": [],
      "requirements": [
        {
          "variant": "level",
          "minLevel": 70
        }
      ]
    }
],
  "baseScale": 1,
  "hitbox": {
    "width": 3,
    "height": 3,
    "fixed": false
  },
  "baseFriendship": 50,
  "evYield": {
    "hp": 0,
    "attack": 0,
    "defence": 0,
    "special_attack": 2,
    "special_defence": 1,
    "speed": 0
  },
  "height": 11,
  "weight": 320,
  "aspects": [],
  "cannotDynamax": false,
  "drops": {
    "amount": 1,
    "entries": [
      {
        "item": "cobblemon:exp_candy_xs",
        "quantityRange": "1-3",
        "percentage": 40.0
      },
      {
        "item": "cobblemon:exp_candy_s",
        "quantityRange": "1-3",
        "percentage": 40.0
      },
       {
        "item": "cobblemon:exp_candy_m",
        "quantityRange": "1-3",
        "percentage": 40.0
      },
       {
        "item": "cobblemon:exp_candy_l",
        "quantityRange": "1-3",
        "percentage": 30.0
      },
             {
        "item": "cobblemon:exp_candy_xl",
        "quantityRange": "1-3",
        "percentage": 20.0
      },
             {
        "item": "cobblemon:rare_candy",
        "quantityRange": "1-3",
        "percentage": 10.0
      }
    ]
  }
}