{
  "name": "MelmetalGmax",
  "nationalPokedexNumber": 809,
  "primaryType": "steel",
  "abilities": [
    "ironfist"
  ],
  "baseStats": {
    "hp": 270,
    "attack": 143,
    "defence": 143,
    "special_attack": 80,
    "special_defence": 65,
    "speed": 34
  },
  "catchRate": 3,
  "maleRatio": -1,
  "shoulderMountable": false,
  "forms": [],
  "baseExperienceYield": 300,
  "experienceGroup": "slow",
  "eggCycles": 120,
  "eggGroups": [
    "undiscovered"
  ],
  "moves": [
    "1:harden",
    "1:headbutt",
    "1:tailwhip",
    "1:thundershock",
    "24:thunderwave",
    "32:acidarmor",
    "40:flashcannon",
    "48:megapunch",
    "56:protect",
    "64:discharge",
    "72:dynamicpunch",
    "80:superpower",
    "88:doubleironbash",
    "96:hyperbeam",
    "tm:bodypress",
    "tm:bodyslam",
    "tm:brickbreak",
    "tm:brutalswing",
    "tm:darkestlariat",
    "tm:earthquake",
    "tm:electricterrain",
    "tm:endure",
    "tm:facade",
    "tm:flashcannon",
    "tm:gigaimpact",
    "tm:gyroball",
    "tm:headbutt",
    "tm:heavyslam",
    "tm:highhorsepower",
    "tm:hyperbeam",
    "tm:icebeam",
    "tm:icepunch",
    "tm:irondefense",
    "tm:ironhead",
    "tm:megakick",
    "tm:megapunch",
    "tm:protect",
    "tm:rest",
    "tm:rockslide",
    "tm:rocktomb",
    "tm:round",
    "tm:selfdestruct",
    "tm:sleeptalk",
    "tm:snore",
    "tm:solarbeam",
    "tm:substitute",
    "tm:superpower",
    "tm:thunder",
    "tm:thunderbolt",
    "tm:thunderpunch",
    "tm:thunderwave",
    "tm:toxic",
    "tutor:acidarmor",
    "tutor:brickbreak",
    "tutor:doubleironbash",
    "tutor:dynamicpunch",
    "tutor:earthquake",
    "tutor:facade",
    "tutor:flashcannon",
    "tutor:harden",
    "tutor:headbutt",
    "tutor:hyperbeam",
    "tutor:icebeam",
    "tutor:icepunch",
    "tutor:megapunch",
    "tutor:protect",
    "tutor:rest",
    "tutor:rockslide",
    "tutor:selfdestruct",
    "tutor:solarbeam",
    "tutor:steelbeam",
    "tutor:steelroller",
    "tutor:substitute",
    "tutor:superpower",
    "tutor:tailwhip",
    "tutor:thunder",
    "tutor:thunderbolt",
    "tutor:thunderpunch",
    "tutor:thundershock",
    "tutor:thunderwave",
    "tutor:toxic"
  ],
  "labels": [
    "gen7",
    "mythical",
    "legendary",
    "gmax"
  ],
  "pokedex": [
    "cobblemon.species.melmetalgmax.desc",
    "cobblemon.species.melmetalgmax.name"
  ],
  "evolutions": 
         [
        {
      "id": "melmetal_gmax_melmetal",
      "variant": "level_up",
      "result": "melmetal",
      "consumeHeldItem": false,
      "learnableMoves": [],
      "requirements": [
        {
          "variant": "level",
          "minLevel": 70
        }
      ]
    }
],
  "baseScale": 1,
  "hitbox": {
    "width": 3,
    "height": 3,
    "fixed": false
  },
  "baseFriendship": 0,
  "evYield": {
    "hp": 0,
    "attack": 3,
    "defence": 0,
    "special_attack": 0,
    "special_defence": 0,
    "speed": 0
  },
  "height": 25,
  "weight": 8000,
  "aspects": [],
  "cannotDynamax": false,
  "drops": {
    "amount": 1,
    "entries": [
      {
        "item": "cobblemon:exp_candy_xs",
        "quantityRange": "1-3",
        "percentage": 40.0
      },
      {
        "item": "cobblemon:exp_candy_s",
        "quantityRange": "1-3",
        "percentage": 40.0
      },
       {
        "item": "cobblemon:exp_candy_m",
        "quantityRange": "1-3",
        "percentage": 40.0
      },
       {
        "item": "cobblemon:exp_candy_l",
        "quantityRange": "1-3",
        "percentage": 30.0
      },
             {
        "item": "cobblemon:exp_candy_xl",
        "quantityRange": "1-3",
        "percentage": 20.0
      },
             {
        "item": "cobblemon:rare_candy",
        "quantityRange": "1-3",
        "percentage": 10.0
      }
    ]
  }
}