{
  "implemented": true,
  "name": "MeowthGmax",
  "nationalPokedexNumber": 52,
  "primaryType": "normal",
  "abilities": [
    "pickup",
    "technician",
    "h:unnerve"
  ],
  "baseStats": {
    "hp": 80,
    "attack": 45,
    "defence": 35,
    "special_attack": 40,
    "special_defence": 40,
    "speed": 90
  },
  "features": [],
  "behaviour": {
    "resting": {
      "canSleep": true,
      "willSleepOnBed": false,
      "depth": "normal",
      "light": "0-4"
    }
  },
  "catchRate": 255,
  "maleRatio": 0.5,
  "shoulderMountable": false,
  "forms": [],
  "moves": [
    "1:fakeout",
    "1:growl",
    "4:feint",
    "8:scratch",
    "12:payday",
    "16:bite",
    "20:taunt",
    "22:feintattack",
    "24:assurance",
    "29:furyswipes",
    "32:screech",
    "36:slash",
    "40:nastyplot",
    "44:playrough",
    "45:swagger",
    "46:captivate",
    "49:nightslash",
    "egg:amnesia",
    "egg:assist",
    "egg:charm",
    "egg:covet",
    "egg:flail",
    "egg:foulplay",
    "egg:hypnosis",
    "egg:irontail",
    "egg:lastresort",
    "egg:odorsleuth",
    "egg:psychup",
    "egg:punishment",
    "egg:snatch",
    "egg:spite",
    "egg:tailwhip",
    "tm:aerialace",
    "tm:agility",
    "tm:amnesia",
    "tm:assurance",
    "tm:attract",
    "tm:bodyslam",
    "tm:captivate",
    "tm:charm",
    "tm:chillingwater",
    "tm:confide",
    "tm:cut",
    "tm:darkpulse",
    "tm:dig",
    "tm:doubleteam",
    "tm:dreameater",
    "tm:echoedvoice",
    "tm:endure",
    "tm:facade",
    "tm:faketears",
    "tm:falseswipe",
    "tm:flash",
    "tm:foulplay",
    "tm:frustration",
    "tm:gunkshot",
    "tm:helpinghand",
    "tm:hiddenpower",
    "tm:honeclaws",
    "tm:hypervoice",
    "tm:icywind",
    "tm:irontail",
    "tm:metalclaw",
    "tm:nastyplot",
    "tm:naturalgift",
    "tm:payback",
    "tm:payday",
    "tm:playrough",
    "tm:powergem",
    "tm:protect",
    "tm:psychup",
    "tm:raindance",
    "tm:rest",
    "tm:retaliate",
    "tm:return",
    "tm:round",
    "tm:screech",
    "tm:secretpower",
    "tm:seedbomb",
    "tm:shadowball",
    "tm:shadowclaw",
    "tm:shockwave",
    "tm:sleeptalk",
    "tm:snarl",
    "tm:snatch",
    "tm:snore",
    "tm:substitute",
    "tm:sunnyday",
    "tm:swagger",
    "tm:swift",
    "tm:takedown",
    "tm:taunt",
    "tm:terablast",
    "tm:thief",
    "tm:throatchop",
    "tm:thunder",
    "tm:thunderbolt",
    "tm:thunderwave",
    "tm:torment",
    "tm:toxic",
    "tm:trailblaze",
    "tm:uproar",
    "tm:uturn",
    "tm:waterpulse",
    "tm:workup",
    "tutor:amnesia",
    "tutor:assist",
    "tutor:attract",
    "tutor:bide",
    "tutor:bite",
    "tutor:bodyslam",
    "tutor:bubblebeam",
    "tutor:charm",
    "tutor:covet",
    "tutor:curse",
    "tutor:darkpulse",
    "tutor:defensecurl",
    "tutor:detect",
    "tutor:dig",
    "tutor:doubleedge",
    "tutor:doubleteam",
    "tutor:dreameater",
    "tutor:endure",
    "tutor:facade",
    "tutor:fakeout",
    "tutor:feint",
    "tutor:feintattack",
    "tutor:foulplay",
    "tutor:frustration",
    "tutor:furyswipes",
    "tutor:growl",
    "tutor:gunkshot",
    "tutor:happyhour",
    "tutor:headbutt",
    "tutor:hiddenpower",
    "tutor:hypervoice",
    "tutor:hypnosis",
    "tutor:icywind",
    "tutor:irontail",
    "tutor:knockoff",
    "tutor:lashout",
    "tutor:lastresort",
    "tutor:mimic",
    "tutor:mudslap",
    "tutor:nastyplot",
    "tutor:nightmare",
    "tutor:payday",
    "tutor:petaldance",
    "tutor:playrough",
    "tutor:protect",
    "tutor:psychup",
    "tutor:rage",
    "tutor:rest",
    "tutor:return",
    "tutor:scratch",
    "tutor:screech",
    "tutor:secretpower",
    "tutor:seedbomb",
    "tutor:shadowball",
    "tutor:shockwave",
    "tutor:sing",
    "tutor:skullbash",
    "tutor:slash",
    "tutor:sleeptalk",
    "tutor:snatch",
    "tutor:snore",
    "tutor:spite",
    "tutor:substitute",
    "tutor:sunnyday",
    "tutor:swagger",
    "tutor:swift",
    "tutor:takedown",
    "tutor:taunt",
    "tutor:thief",
    "tutor:throatchop",
    "tutor:thunder",
    "tutor:thunderbolt",
    "tutor:toxic",
    "tutor:uproar",
    "tutor:uturn",
    "tutor:watergun",
    "tutor:waterpulse",
    "tutor:zapcannon"
  ],
  "labels": [
    "gen1",
    "kanto_regional",
    "kanto_regional",
    "gmax"
  ],
  "pokedex": [
    "cobblemon.species.meowthgmax.desc",
    "cobblemon.species.meowthgmax.name"
  ],
  "baseScale": 0.7,
  "hitbox": {
    "width": 3,
    "height": 3,
    "fixed": false
  },
  "baseFriendship": 50,
  "evYield": {
    "hp": 0,
    "attack": 0,
    "defence": 0,
    "special_attack": 0,
    "special_defence": 0,
    "speed": 1
  },
  "height": 4,
  "weight": 42,
  "evolutions": [
      {
      "id": "meowth_gmax_meowth",
      "variant": "level_up",
      "result": "meowth",
      "consumeHeldItem": false,
      "requirements": [
        {
          "variant": "level",
          "minLevel": 70
        }
      ]
    }
  ],
  "aspects": [],
  "drops": {
    "amount": 1,
    "entries": [
       {
        "item": "cobblemon:exp_candy_xs",
        "quantityRange": "1-3",
        "percentage": 40.0
      },
      {
        "item": "cobblemon:exp_candy_s",
        "quantityRange": "1-3",
        "percentage": 40.0
      },
       {
        "item": "cobblemon:exp_candy_m",
        "quantityRange": "1-3",
        "percentage": 40.0
      },
       {
        "item": "cobblemon:exp_candy_l",
        "quantityRange": "1-3",
        "percentage": 30.0
      },
             {
        "item": "cobblemon:exp_candy_xl",
        "quantityRange": "1-3",
        "percentage": 20.0
      },
             {
        "item": "cobblemon:rare_candy",
        "quantityRange": "1-3",
        "percentage": 10.0
      }
    ]
   },
  "cannotDynamax": false
}