{
  "species": "cobblemon:oshawott",
  "order": 1,
  "variations": [
    {
      "aspects": ["region-bias-hisui"],
      "poser": "cobblemon:oshawott_hisui_bias",
      "model": "cobblemon:oshawott_hisui_bias.geo",
      "texture": "cobblemon:textures/pokemon/0501_oshawott/oshawott_hisui_bias.png",
      "layers": []
    },
    {
      "aspects": [
        "region-bias-hisui",
        "shiny"
      ],
      "texture": "cobblemon:textures/pokemon/0501_oshawott/oshawott_hisui_bias_shiny.png"
    }
  ]
}