{
  "species": "cobblemon:mewtwo",
  "order": 4,
  "variations": [
    {
      "aspects": ["mega_x"],
      "model": "cobblemon:mewtwo_mega_x.geo",
      "poser": "cobblemon:mewtwo_mega_x",
      "texture": "cobblemon:textures/pokemon/0150_mewtwo/mewtwo_mega_x.png",
      "layers": []
    },
    {
      "aspects": [
        "mega_x",
        "shiny"
      ],
      "model": "cobblemon:mewtwo_mega_x.geo",
      "poser": "cobblemon:mewtwo_mega_x",
      "texture": "cobblemon:textures/pokemon/0150_mewtwo/mewtwo_mega_x_shiny.png",
      "layers": []
    },
	{
      "aspects": ["mega_x"],
      "model": "cobblemon:mewtwo_mega_x.geo",
      "poser": "cobblemon:mewtwo_mega_x",
      "texture": "cobblemon:textures/pokemon/0150_mewtwo/mewtwo_mega_x.png",
      "layers": []
    },
    {
      "aspects": [
        "mega_x",
        "shiny"
      ],
      "model": "cobblemon:mewtwo_mega_x.geo",
      "poser": "cobblemon:mewtwo_mega_x",
      "texture": "cobblemon:textures/pokemon/0150_mewtwo/mewtwo_mega_x_shiny.png",
      "layers": []
    }  
  ]
}