{
    "head": "head",
    "portraitScale": 2,
    "portraitTranslation": [ -0.9, 2.8, 0 ],
    "profileScale": 0.4,
    "profileTranslation": [ 0, 1.1, 0 ],
    "faint": "bedrock(garbodor, faint)",
    "poses": {
      "standing": {
        "poseName": "standing",
        "transformTicks": 10,
        "poseTypes": [
          "STAND",
          "NONE",
          "PORTRAIT",
          "PROFILE"
        ],
        "animations": [
          "bedrock(garbodor, ground_idle)"
          
        ]

      },
      "walking": {
        "poseName": "walking",
        "transformTicks": 10,
        "poseTypes": [ "WALK" ],
        "animations": [ "bedrock(garbodor, ground_walk)" ]
      },
    
      "sleeping": {
        "poseName": "sleeping",
        "transformTicks": 10,
        "poseTypes": [
          "SLEEP"
        ],
        "animations": [
          "bedrock(garbodor, sleep)"
        ]
      }
    }
  }
  