{
    "head": "head",
    "portraitScale": 2.8,
    "portraitTranslation": [ 0.2, -2.5, -22 ],
    "profileScale": 1.6,
    "profileTranslation": [ 0, -0.6, 0 ],
    "faint": "bedrock(trubbish, faint)",
    "poses": {
      "standing": {
        "poseName": "standing",
        "transformTicks": 10,
        "poseTypes": [
          "STAND",
          "NONE",
          "PORTRAIT",
          "PROFILE"
        ],
        "animations": [
          "look",
          "bedrock(trubbish, ground_idle)"
        ]
      },
      "walking": {
        "poseName": "walking",
        "transformTicks": 10,
        "poseTypes": [ "WALK" ],
        "animations": [ "bedrock(trubbish, ground_walk)" ]
      },
    
      "sleeping": {
        "poseName": "sleeping",
        "transformTicks": 10,
        "poseTypes": [
          "SLEEP"
        ],
        "animations": [
          "bedrock(trubbish, sleep)"
        ]
      }
    }
  }
  