{
  "variants": {
    "facing=east,lit=false": {
      "model": "exposure:block/lightroom",
      "y": 90
    },
    "facing=east,lit=true": {
      "model": "exposure:block/lightroom_on",
      "y": 90
    },
    "facing=north,lit=false": {
      "model": "exposure:block/lightroom"
    },
    "facing=north,lit=true": {
      "model": "exposure:block/lightroom_on"
    },
    "facing=south,lit=false": {
      "model": "exposure:block/lightroom",
      "y": 180
    },
    "facing=south,lit=true": {
      "model": "exposure:block/lightroom_on",
      "y": 180
    },
    "facing=west,lit=false": {
      "model": "exposure:block/lightroom",
      "y": 270
    },
    "facing=west,lit=true": {
      "model": "exposure:block/lightroom_on",
      "y": 270
    }
  }
}