{
  "format_version": "1.12.0",
  "minecraft:geometry": [
    {
      "description": {
        "identifier": "geometry.terapagos",
        "texture_width": 128,
        "texture_height": 64,
        "visible_bounds_width": 4,
        "visible_bounds_height": 2.5,
        "visible_bounds_offset": [
          0,
          0.75,
          0
        ]
      },
      "bones": [
        {
          "name": "terapagos",
          "pivot": [
            0,
            0,
            0
          ]
        },
        {
          "name": "body",
          "parent": "terapagos",
          "pivot": [
            0,
            0,
            0
          ]
        },
        {
          "name": "torso",
          "parent": "body",
          "pivot": [
            -0.5,
            7,
            -1
          ],
          "cubes": [
            {
              "origin": [
                -3.5,
                4,
                -4
              ],
              "size": [
                7,
                6,
                6
              ],
              "inflate": 0.01,
              "uv": [
                0,
                0
              ]
            },
            {
              "origin": [
                -1.85,
                4,
                -7
              ],
              "size": [
                5,
                6,
                5
              ],
              "pivot": [
                -0.35,
                6.5,
                -5
              ],
              "rotation": [
                0,
                -45,
                0
              ],
              "uv": [
                0,
                12
              ]
            },
            {
              "origin": [
                -1.875,
                4,
                -1
              ],
              "size": [
                5,
                6,
                5
              ],
              "pivot": [
                -0.375,
                6.5,
                1
              ],
              "rotation": [
                0,
                -45,
                0
              ],
              "uv": [
                20,
                12
              ]
            }
          ]
        },
        {
          "name": "bone19",
          "parent": "torso",
          "pivot": [
            -0.375,
            5.5,
            4
          ],
          "cubes": [
            {
              "origin": [
                -1.375,
                4.5,
                4
              ],
              "size": [
                2,
                2,
                5
              ],
              "uv": [
                40,
                9
              ]
            }
          ]
        },
        {
          "name": "bone20",
          "parent": "bone19",
          "pivot": [
            -0.375,
            5.5,
            8
          ],
          "cubes": [
            {
              "origin": [
                -0.875,
                5,
                8
              ],
              "size": [
                1,
                1,
                6
              ],
              "uv": [
                40,
                16
              ]
            }
          ]
        },
        {
          "name": "bone21",
          "parent": "bone20",
          "pivot": [
            -0.375,
            5.5,
            13.5
          ],
          "cubes": [
            {
              "origin": [
                -0.375,
                3,
                13.5
              ],
              "size": [
                0,
                5,
                5
              ],
              "uv": [
                12,
                44
              ]
            }
          ]
        },
        {
          "name": "neck",
          "parent": "torso",
          "pivot": [
            0,
            6.5,
            -5
          ],
          "rotation": [
            -10,
            0,
            0
          ],
          "cubes": [
            {
              "origin": [
                -2,
                4.5,
                -10
              ],
              "size": [
                4,
                4,
                5
              ],
              "uv": [
                20,
                23
              ]
            },
            {
              "origin": [
                -0.5,
                4.475,
                -10
              ],
              "size": [
                1,
                0,
                1
              ],
              "uv": [
                50,
                8
              ]
            },
            {
              "origin": [
                -2.5,
                3.975,
                -8.5
              ],
              "size": [
                5,
                5,
                1
              ],
              "uv": [
                22,
                44
              ]
            }
          ]
        },
        {
          "name": "neck2",
          "parent": "neck",
          "pivot": [
            0,
            4.525,
            -10
          ],
          "rotation": [
            -20,
            0,
            0
          ],
          "cubes": [
            {
              "origin": [
                -2,
                4.50372,
                -15.00071
              ],
              "size": [
                4,
                4,
                5
              ],
              "inflate": -0.01,
              "uv": [
                26,
                0
              ]
            },
            {
              "origin": [
                -0.5,
                4.47872,
                -13.00071
              ],
              "size": [
                1,
                0,
                1
              ],
              "inflate": -0.01,
              "uv": [
                30,
                50
              ]
            }
          ]
        },
        {
          "name": "head",
          "parent": "neck2",
          "pivot": [
            0,
            6.50372,
            -13.50071
          ],
          "rotation": [
            37.5,
            0,
            0
          ],
          "cubes": [
            {
              "origin": [
                -2.5,
                4.50372,
                -18.50071
              ],
              "size": [
                5,
                5,
                5
              ],
              "uv": [
                0,
                23
              ]
            },
            {
              "origin": [
                -1.5,
                4.50372,
                -19.50071
              ],
              "size": [
                3,
                3,
                1
              ],
              "uv": [
                59,
                60
              ]
            }
          ]
        },
        {
          "name": "mouth_open2",
          "parent": "head",
          "pivot": [
            0,
            4.75372,
            -16.50071
          ],
          "cubes": [
            {
              "origin": [
                -1,
                4.75372,
                -17.50071
              ],
              "size": [
                2,
                0,
                2
              ],
              "uv": [
                116,
                1
              ]
            }
          ]
        },
        {
          "name": "mouth_open",
          "parent": "head",
          "pivot": [
            -1,
            5.50372,
            -16.50071
          ],
          "cubes": [
            {
              "origin": [
                -2,
                5.45372,
                -17.50071
              ],
              "size": [
                4,
                0,
                2
              ],
              "uv": [
                113,
                1
              ]
            },
            {
              "origin": [
                -0.5,
                5.42872,
                -16.25071
              ],
              "size": [
                1,
                0,
                1
              ],
              "uv": [
                108,
                1
              ]
            }
          ]
        },
        {
          "name": "bone14",
          "parent": "head",
          "pivot": [
            2.5,
            6.25372,
            -13.25071
          ],
          "cubes": [
            {
              "origin": [
                2.5,
                6.25372,
                -14.75071
              ],
              "size": [
                4,
                0,
                3
              ],
              "uv": [
                26,
                9
              ]
            },
            {
              "origin": [
                2.5,
                6.25372,
                -14.75071
              ],
              "size": [
                4,
                0,
                3
              ],
              "pivot": [
                4.5,
                6.25372,
                -13.25071
              ],
              "rotation": [
                -90,
                0,
                0
              ],
              "uv": [
                38,
                29
              ]
            }
          ]
        },
        {
          "name": "bone40",
          "parent": "head",
          "pivot": [
            -2.5,
            6.25372,
            -13.25071
          ],
          "cubes": [
            {
              "origin": [
                -6.5,
                6.25372,
                -14.75071
              ],
              "size": [
                4,
                0,
                3
              ],
              "uv": [
                26,
                9
              ],
              "mirror": true
            },
            {
              "origin": [
                -6.5,
                6.25372,
                -14.75071
              ],
              "size": [
                4,
                0,
                3
              ],
              "pivot": [
                -4.5,
                6.25372,
                -13.25071
              ],
              "rotation": [
                -90,
                0,
                0
              ],
              "uv": [
                38,
                29
              ],
              "mirror": true
            }
          ]
        },
        {
          "name": "bone11",
          "parent": "head",
          "pivot": [
            0,
            9.25372,
            -13.75071
          ],
          "rotation": [
            25,
            0,
            0
          ],
          "cubes": [
            {
              "origin": [
                0,
                6.75372,
                -13.75071
              ],
              "size": [
                0,
                5,
                7
              ],
              "uv": [
                20,
                32
              ]
            },
            {
              "origin": [
                0,
                6.75372,
                -13.75071
              ],
              "size": [
                0,
                5,
                7
              ],
              "pivot": [
                0,
                9.25372,
                -10.25071
              ],
              "rotation": [
                0,
                0,
                90
              ],
              "uv": [
                20,
                32
              ]
            }
          ]
        },
        {
          "name": "bone12",
          "parent": "bone11",
          "pivot": [
            0,
            9.25372,
            -6.75071
          ],
          "cubes": [
            {
              "origin": [
                0,
                6.75372,
                -6.75071
              ],
              "size": [
                0,
                5,
                5
              ],
              "uv": [
                35,
                33
              ]
            },
            {
              "origin": [
                0,
                6.75372,
                -6.75071
              ],
              "size": [
                0,
                5,
                5
              ],
              "pivot": [
                0,
                9.25372,
                -3.75071
              ],
              "rotation": [
                0,
                0,
                90
              ],
              "uv": [
                35,
                33
              ]
            }
          ]
        },
        {
          "name": "bone13",
          "parent": "bone12",
          "pivot": [
            0,
            9.25372,
            -1.75071
          ],
          "cubes": [
            {
              "origin": [
                0,
                6.75372,
                -1.75071
              ],
              "size": [
                0,
                5,
                5
              ],
              "uv": [
                34,
                43
              ]
            },
            {
              "origin": [
                0,
                6.75372,
                -1.75071
              ],
              "size": [
                0,
                5,
                5
              ],
              "pivot": [
                0,
                9.25372,
                0.74929
              ],
              "rotation": [
                0,
                0,
                90
              ],
              "uv": [
                34,
                43
              ]
            }
          ]
        },
        {
          "name": "bone",
          "parent": "head",
          "pivot": [
            2.525,
            7.50372,
            -16.50071
          ],
          "cubes": [
            {
              "origin": [
                2.525,
                6.00372,
                -18.00071
              ],
              "size": [
                0,
                3,
                3
              ],
              "inflate": 0.004,
              "uv": [
                44,
                43
              ]
            }
          ]
        },
        {
          "name": "eyelid_left",
          "parent": "bone",
          "pivot": [
            0.575,
            7.00372,
            -17.00071
          ],
          "cubes": [
            {
              "origin": [
                0.55,
                6.00372,
                -18.00071
              ],
              "size": [
                1,
                3,
                3
              ],
              "inflate": 0.01,
              "uv": [
                79,
                0
              ]
            }
          ]
        },
        {
          "name": "bone2",
          "parent": "bone",
          "pivot": [
            1.6,
            7.42872,
            -17.25071
          ],
          "cubes": [
            {
              "origin": [
                2.55,
                8.42872,
                -18.25071
              ],
              "size": [
                0,
                1,
                2
              ],
              "uv": [
                4,
                49
              ]
            }
          ]
        },
        {
          "name": "bone4",
          "parent": "bone",
          "pivot": [
            1.55,
            6.92872,
            -17.00071
          ],
          "cubes": [
            {
              "origin": [
                2.53,
                6.00372,
                -18.00071
              ],
              "size": [
                0,
                3,
                2
              ],
              "uv": [
                46,
                38
              ]
            }
          ]
        },
        {
          "name": "bone42",
          "parent": "bone4",
          "pivot": [
            2.525,
            7.50372,
            -17.00071
          ],
          "rotation": [
            -45,
            0,
            0
          ],
          "cubes": [
            {
              "origin": [
                2.525,
                7.00372,
                -17.50071
              ],
              "size": [
                0,
                1,
                1
              ],
              "inflate": 0.01,
              "uv": [
                18,
                33
              ]
            }
          ]
        },
        {
          "name": "bone3",
          "parent": "bone",
          "pivot": [
            1.55,
            4.42872,
            -15.25071
          ],
          "cubes": [
            {
              "origin": [
                2.575,
                5.42872,
                -16.25071
              ],
              "size": [
                0,
                1,
                2
              ],
              "uv": [
                8,
                49
              ]
            }
          ]
        },
        {
          "name": "bone15",
          "parent": "head",
          "pivot": [
            -2.525,
            7.50372,
            -16.50071
          ],
          "cubes": [
            {
              "origin": [
                -2.5,
                6.00372,
                -18.00071
              ],
              "size": [
                0,
                3,
                3
              ],
              "inflate": 0.004,
              "uv": [
                46,
                32
              ]
            }
          ]
        },
        {
          "name": "eyelid_right",
          "parent": "bone15",
          "pivot": [
            -1.55,
            7.00372,
            -17.00071
          ],
          "cubes": [
            {
              "origin": [
                -1.55,
                6.00372,
                -18.00071
              ],
              "size": [
                1,
                3,
                3
              ],
              "inflate": 0.01,
              "uv": [
                79,
                0
              ]
            }
          ]
        },
        {
          "name": "bone16",
          "parent": "bone15",
          "pivot": [
            -1.6,
            7.42872,
            -17.25071
          ],
          "cubes": [
            {
              "origin": [
                -2.55,
                8.42872,
                -18.25071
              ],
              "size": [
                0,
                1,
                2
              ],
              "uv": [
                22,
                50
              ]
            }
          ]
        },
        {
          "name": "bone17",
          "parent": "bone15",
          "pivot": [
            -1.55,
            6.92872,
            -17.00071
          ],
          "cubes": [
            {
              "origin": [
                -2.525,
                6.00372,
                -18.00071
              ],
              "size": [
                0,
                3,
                2
              ],
              "uv": [
                0,
                49
              ]
            }
          ]
        },
        {
          "name": "bone41",
          "parent": "bone17",
          "pivot": [
            -2.525,
            7.50372,
            -17.00071
          ],
          "rotation": [
            -45,
            0,
            0
          ],
          "cubes": [
            {
              "origin": [
                -2.525,
                7.00372,
                -17.50071
              ],
              "size": [
                0,
                1,
                1
              ],
              "inflate": 0.01,
              "uv": [
                18,
                35
              ]
            }
          ]
        },
        {
          "name": "bone18",
          "parent": "bone15",
          "pivot": [
            -1.55,
            4.42872,
            -15.25071
          ],
          "cubes": [
            {
              "origin": [
                -2.575,
                5.42872,
                -16.25071
              ],
              "size": [
                0,
                1,
                2
              ],
              "uv": [
                26,
                50
              ]
            }
          ]
        },
        {
          "name": "bone5",
          "parent": "body",
          "pivot": [
            2.25,
            7.5,
            -4.25
          ],
          "rotation": [
            5.30213,
            29.57077,
            10.65037
          ],
          "cubes": [
            {
              "origin": [
                2.25,
                4.5,
                -5.75
              ],
              "size": [
                5,
                3,
                3
              ],
              "uv": [
                38,
                23
              ]
            },
            {
              "origin": [
                6.25,
                7.525,
                -5.25
              ],
              "size": [
                1,
                0,
                2
              ],
              "uv": [
                44,
                7
              ]
            }
          ]
        },
        {
          "name": "bone6",
          "parent": "bone5",
          "pivot": [
            7.25,
            7.5,
            -4.25
          ],
          "rotation": [
            0,
            0,
            60
          ],
          "cubes": [
            {
              "origin": [
                7.25,
                4.5,
                -6.25
              ],
              "size": [
                5,
                3,
                4
              ],
              "uv": [
                0,
                33
              ]
            },
            {
              "origin": [
                8.25,
                7.525,
                -4.75
              ],
              "size": [
                1,
                0,
                1
              ],
              "uv": [
                50,
                7
              ]
            },
            {
              "origin": [
                11.25,
                4,
                -6.75
              ],
              "size": [
                1,
                4,
                5
              ],
              "uv": [
                0,
                40
              ]
            }
          ]
        },
        {
          "name": "bone7",
          "parent": "bone6",
          "pivot": [
            12.25,
            7.5,
            -4.25
          ],
          "rotation": [
            0,
            0,
            20
          ],
          "cubes": [
            {
              "origin": [
                12.25,
                4.5,
                -6.25
              ],
              "size": [
                2,
                3,
                4
              ],
              "uv": [
                44,
                0
              ]
            }
          ]
        },
        {
          "name": "bone8",
          "parent": "bone7",
          "pivot": [
            13.75,
            6.65355,
            -6.77855
          ],
          "rotation": [
            -32.5,
            0,
            0
          ],
          "cubes": [
            {
              "origin": [
                13.25,
                7.65355,
                -6.77855
              ],
              "size": [
                1,
                1,
                1
              ],
              "uv": [
                44,
                49
              ]
            }
          ]
        },
        {
          "name": "bone10",
          "parent": "bone7",
          "pivot": [
            13.75,
            6.62855,
            -1.70355
          ],
          "rotation": [
            32.5,
            0,
            0
          ],
          "cubes": [
            {
              "origin": [
                13.25,
                7.62855,
                -2.70355
              ],
              "size": [
                1,
                1,
                1
              ],
              "uv": [
                48,
                49
              ]
            }
          ]
        },
        {
          "name": "bone9",
          "parent": "bone7",
          "pivot": [
            13.75,
            7.30355,
            -4.27855
          ],
          "rotation": [
            -45,
            0,
            0
          ],
          "cubes": [
            {
              "origin": [
                13.25,
                6.30355,
                -5.27855
              ],
              "size": [
                1,
                2,
                2
              ],
              "inflate": -0.01,
              "uv": [
                12,
                40
              ]
            }
          ]
        },
        {
          "name": "bone28",
          "parent": "body",
          "pivot": [
            2.25,
            7.5,
            2.25
          ],
          "rotation": [
            -5.30213,
            -29.57077,
            10.65037
          ],
          "cubes": [
            {
              "origin": [
                2.25,
                4.5,
                0.75
              ],
              "size": [
                5,
                3,
                3
              ],
              "uv": [
                38,
                23
              ]
            },
            {
              "origin": [
                6.25,
                7.525,
                1.25
              ],
              "size": [
                1,
                0,
                2
              ],
              "uv": [
                44,
                7
              ]
            }
          ]
        },
        {
          "name": "bone29",
          "parent": "bone28",
          "pivot": [
            7.25,
            7.5,
            2.25
          ],
          "rotation": [
            0,
            0,
            60
          ],
          "cubes": [
            {
              "origin": [
                7.25,
                4.5,
                0.25
              ],
              "size": [
                5,
                3,
                4
              ],
              "uv": [
                0,
                33
              ]
            },
            {
              "origin": [
                8.25,
                7.525,
                1.75
              ],
              "size": [
                1,
                0,
                1
              ],
              "uv": [
                50,
                7
              ]
            },
            {
              "origin": [
                11.25,
                4,
                -0.25
              ],
              "size": [
                1,
                4,
                5
              ],
              "uv": [
                0,
                40
              ]
            }
          ]
        },
        {
          "name": "bone30",
          "parent": "bone29",
          "pivot": [
            12.25,
            7.5,
            2.25
          ],
          "rotation": [
            0,
            0,
            20
          ],
          "cubes": [
            {
              "origin": [
                12.25,
                4.5,
                0.25
              ],
              "size": [
                2,
                3,
                4
              ],
              "uv": [
                44,
                0
              ]
            }
          ]
        },
        {
          "name": "bone31",
          "parent": "bone30",
          "pivot": [
            13.75,
            6.65355,
            4.77855
          ],
          "rotation": [
            32.5,
            0,
            0
          ],
          "cubes": [
            {
              "origin": [
                13.25,
                7.65355,
                3.77855
              ],
              "size": [
                1,
                1,
                1
              ],
              "uv": [
                44,
                49
              ]
            }
          ]
        },
        {
          "name": "bone32",
          "parent": "bone30",
          "pivot": [
            13.75,
            6.67855,
            -0.32145
          ],
          "rotation": [
            -35,
            0,
            0
          ],
          "cubes": [
            {
              "origin": [
                13.25,
                7.67855,
                -0.32145
              ],
              "size": [
                1,
                1,
                1
              ],
              "uv": [
                48,
                49
              ]
            }
          ]
        },
        {
          "name": "bone33",
          "parent": "bone30",
          "pivot": [
            13.75,
            7.25355,
            2.27855
          ],
          "rotation": [
            45,
            0,
            0
          ],
          "cubes": [
            {
              "origin": [
                13.25,
                6.25355,
                1.27855
              ],
              "size": [
                1,
                2,
                2
              ],
              "inflate": -0.01,
              "uv": [
                12,
                40
              ]
            }
          ]
        },
        {
          "name": "bone34",
          "parent": "body",
          "pivot": [
            -2.25,
            7.5,
            2.25
          ],
          "rotation": [
            -5.30213,
            29.57077,
            -10.65037
          ],
          "cubes": [
            {
              "origin": [
                -7.25,
                4.5,
                0.75
              ],
              "size": [
                5,
                3,
                3
              ],
              "uv": [
                38,
                23
              ],
              "mirror": true
            },
            {
              "origin": [
                -7.25,
                7.525,
                1.25
              ],
              "size": [
                1,
                0,
                2
              ],
              "uv": [
                44,
                7
              ],
              "mirror": true
            }
          ]
        },
        {
          "name": "bone35",
          "parent": "bone34",
          "pivot": [
            -7.25,
            7.5,
            2.25
          ],
          "rotation": [
            0,
            0,
            -60
          ],
          "cubes": [
            {
              "origin": [
                -12.25,
                4.5,
                0.25
              ],
              "size": [
                5,
                3,
                4
              ],
              "uv": [
                0,
                33
              ],
              "mirror": true
            },
            {
              "origin": [
                -9.25,
                7.525,
                1.75
              ],
              "size": [
                1,
                0,
                1
              ],
              "uv": [
                50,
                7
              ],
              "mirror": true
            },
            {
              "origin": [
                -12.25,
                4,
                -0.25
              ],
              "size": [
                1,
                4,
                5
              ],
              "uv": [
                0,
                40
              ],
              "mirror": true
            }
          ]
        },
        {
          "name": "bone36",
          "parent": "bone35",
          "pivot": [
            -12.25,
            7.5,
            2.25
          ],
          "rotation": [
            0,
            0,
            -20
          ],
          "cubes": [
            {
              "origin": [
                -14.25,
                4.5,
                0.25
              ],
              "size": [
                2,
                3,
                4
              ],
              "uv": [
                44,
                0
              ],
              "mirror": true
            }
          ]
        },
        {
          "name": "bone37",
          "parent": "bone36",
          "pivot": [
            -13.75,
            6.65355,
            4.77855
          ],
          "rotation": [
            32.5,
            0,
            0
          ],
          "cubes": [
            {
              "origin": [
                -14.25,
                7.65355,
                3.77855
              ],
              "size": [
                1,
                1,
                1
              ],
              "uv": [
                44,
                49
              ],
              "mirror": true
            }
          ]
        },
        {
          "name": "bone38",
          "parent": "bone36",
          "pivot": [
            -13.75,
            6.67855,
            -0.32145
          ],
          "rotation": [
            -35,
            0,
            0
          ],
          "cubes": [
            {
              "origin": [
                -14.25,
                7.67855,
                -0.32145
              ],
              "size": [
                1,
                1,
                1
              ],
              "uv": [
                48,
                49
              ],
              "mirror": true
            }
          ]
        },
        {
          "name": "bone39",
          "parent": "bone36",
          "pivot": [
            -13.75,
            7.25355,
            2.27855
          ],
          "rotation": [
            45,
            0,
            0
          ],
          "cubes": [
            {
              "origin": [
                -14.25,
                6.25355,
                1.27855
              ],
              "size": [
                1,
                2,
                2
              ],
              "inflate": -0.01,
              "uv": [
                12,
                40
              ],
              "mirror": true
            }
          ]
        },
        {
          "name": "bone22",
          "parent": "body",
          "pivot": [
            -2.25,
            7.5,
            -4.25
          ],
          "rotation": [
            5.30213,
            -29.57077,
            -10.65037
          ],
          "cubes": [
            {
              "origin": [
                -7.25,
                4.5,
                -5.75
              ],
              "size": [
                5,
                3,
                3
              ],
              "uv": [
                38,
                23
              ],
              "mirror": true
            },
            {
              "origin": [
                -7.25,
                7.525,
                -5.25
              ],
              "size": [
                1,
                0,
                2
              ],
              "uv": [
                44,
                7
              ],
              "mirror": true
            }
          ]
        },
        {
          "name": "bone23",
          "parent": "bone22",
          "pivot": [
            -7.25,
            7.5,
            -4.25
          ],
          "rotation": [
            0,
            0,
            -60
          ],
          "cubes": [
            {
              "origin": [
                -12.25,
                4.5,
                -6.25
              ],
              "size": [
                5,
                3,
                4
              ],
              "uv": [
                0,
                33
              ],
              "mirror": true
            },
            {
              "origin": [
                -9.25,
                7.525,
                -4.75
              ],
              "size": [
                1,
                0,
                1
              ],
              "uv": [
                50,
                7
              ],
              "mirror": true
            },
            {
              "origin": [
                -12.25,
                4,
                -6.75
              ],
              "size": [
                1,
                4,
                5
              ],
              "uv": [
                0,
                40
              ],
              "mirror": true
            }
          ]
        },
        {
          "name": "bone24",
          "parent": "bone23",
          "pivot": [
            -12.25,
            7.5,
            -4.25
          ],
          "rotation": [
            0,
            0,
            -20
          ],
          "cubes": [
            {
              "origin": [
                -14.25,
                4.5,
                -6.25
              ],
              "size": [
                2,
                3,
                4
              ],
              "uv": [
                44,
                0
              ],
              "mirror": true
            }
          ]
        },
        {
          "name": "bone25",
          "parent": "bone24",
          "pivot": [
            -13.75,
            6.65355,
            -6.77855
          ],
          "rotation": [
            -32.5,
            0,
            0
          ],
          "cubes": [
            {
              "origin": [
                -14.25,
                7.65355,
                -6.77855
              ],
              "size": [
                1,
                1,
                1
              ],
              "uv": [
                44,
                49
              ],
              "mirror": true
            }
          ]
        },
        {
          "name": "bone26",
          "parent": "bone24",
          "pivot": [
            -13.75,
            6.65355,
            -1.70355
          ],
          "rotation": [
            32.5,
            0,
            0
          ],
          "cubes": [
            {
              "origin": [
                -14.25,
                7.65355,
                -2.70355
              ],
              "size": [
                1,
                1,
                1
              ],
              "uv": [
                48,
                49
              ],
              "mirror": true
            }
          ]
        },
        {
          "name": "bone27",
          "parent": "bone24",
          "pivot": [
            -13.75,
            7.25355,
            -4.27855
          ],
          "rotation": [
            -45,
            0,
            0
          ],
          "cubes": [
            {
              "origin": [
                -14.25,
                6.25355,
                -5.27855
              ],
              "size": [
                1,
                2,
                2
              ],
              "inflate": -0.01,
              "uv": [
                12,
                40
              ],
              "mirror": true
            }
          ]
        }
      ]
    }
  ]
}