{
  "portraitScale": 1.51,
  "portraitTranslation": [-1.37, 1.82, 0],
  "profileScale": 0.47,
  "profileTranslation": [0, 1.0, 0],
  "animations": {
    "faint": "q.bedrock_primary('zacian', 'faint', q.curve('one'))",
    "cry": "q.bedrock_stateful('zacian', 'cry')"
  },
  "poses": {
    "battle-standing": {
      "poseTypes": ["STAND"],
      "isBattle": true,
      "animations": [
       "q.look('head', 1, 1, 45, -45, 70, -70)",
        "q.bedrock('zacian', 'battle_idle')"
      ],
      "quirks": [
        "q.bedrock_quirk('zacian', 'blink')"
      ]
    },
    "standing": {
      "poseTypes": ["STAND", "NONE", "PORTRAIT", "PROFILE"],
      "isBattle": false,
      "animations": [
       "q.look('head', 1, 1, 45, -2.5, 7.5, -7.5)",
        "q.bedrock('zacian', 'ground_idle')"
      ],
      "quirks": [
        "q.bedrock_quirk('zacian', 'blink')"
      ]
    },
    "walking": {
      "poseTypes": ["WALK"],
      "animations": [
       "q.look('head', 1, 1, 45, -2.5, 7.5, -7.5)",
        "q.bedrock('zacian', 'ground_walk')"
      ],
      "quirks": [
        "q.bedrock_quirk('zacian', 'blink')"
      ]
    },
    "float": {
      "poseTypes": ["FLOAT"],
      "animations": [
        "q.bedrock('zacian', 'ground_idle')"
      ],
      "quirks": [
        "q.bedrock_quirk('zacian', 'blink')"
      ]
    },
    "swim": {
      "poseTypes": ["SWIM"],
      "animations": [
        "q.bedrock('zacian', 'ground_walk')"
      ],
      "quirks": [
        "q.bedrock_quirk('zacian', 'blink')"
      ]
    }
  }
}