{"portraitScale":2,"portraitTranslation":[-0.85,1.1,0],"profileScale":0.6,"profileTranslation":[-0.05,0.75,0],"head":"head","poses":{"standing":{"poseName":"standing","transformTicks":10,"poseTypes":["STAND","NONE","PORTRAIT","PROFILE","FLOAT"],"animations":["look","bedrock(furfrou, ground_idle)"],"isBattle":false,"quirks":[{"name":"blink","animations":["bedrock(furfrou, blink)"]}]},"walking":{"poseName":"walking","transformTicks":10,"poseTypes":["WALK"],"animations":["look","bedrock(furfrou, ground_walk)"],"quirks":[{"name":"blink","animations":["bedrock(furfrou, blink)"]}]},"battle-idle":{"poseName":"battle-idle","transformTicks":10,"poseTypes":["STAND"],"isBattle":true,"animations":["look","bedrock(furfrou, battle_idle)","bedrock(furfrou, ground_idle)"],"quirks":[{"name":"blink","animations":["bedrock(furfrou, blink)"]}]}}}