{
  "species": "cobblemon:diancie",
  "order": 2,
  "variations": [
    {
      "aspects": [],
      "poser": "jewelpokemon:diancie",
      "model": "jewelpokemon:diancie.geo",
      "texture": "jewelpokemon:textures/pokemon/0719_diancie/diancie.png",
      "layers": []
    },
    {
      "aspects": [
        "shiny"
      ],
      "texture": "jewelpokemon:textures/pokemon/0719_diancie/diancie_shiny.png"
    },
    {
      "aspects": ["mega"],
      "poser": "jewelpokemon:diancie_mega",
      "model": "jewelpokemon:diancie_mega.geo",
      "texture": "jewelpokemon:textures/pokemon/0719_diancie/megadiancie.png",
      "layers": []
    },
    {
      "aspects": [
        "mega","shiny"
      ],
      "poser": "jewelpokemon:diancie_mega",
      "model": "jewelpokemon:diancie_mega.geo",
      "texture": "jewelpokemon:textures/pokemon/0719_diancie/megadiancie_shiny.png"
    }
  ]
}