{
    "placement": {
      "type": "minecraft:random_spread",
      "spread_type": "triangular",
      "salt": 2561122,
      "separation": 15,
      "spacing": 34
    },
    "structures": [
      {
        "structure": "minecraft:village_plains",
        "weight": 1
      },
      {
        "structure": "minecraft:village_desert",
        "weight": 1
      },
      {
        "structure": "minecraft:village_savanna",
        "weight": 1
      },
      {
        "structure": "minecraft:village_snowy",
        "weight": 1
      },
      {
        "structure": "minecraft:village_taiga",
        "weight": 1
      },
      {
        "structure": "bca:village/small",
        "weight": 20
      },
      {
        "structure": "bca:village/mid",
        "weight": 8
      },
      {
        "structure": "bca:village/large",
        "weight": 2
      }
    ]
  }