{
  "head": "head",
  "portraitScale": 2.5,
  "portraitTranslation": [-0.1, -1, 0],
  "profileScale": 0.8,
  "profileTranslation": [0, 0.5, 0],
  "animations": {
    "cry": "bedrock('dedenne', 'cry')",
    "recoil": "q.bedrock_stateful('dedenne', 'recoil')",
    "status": "q.bedrock_stateful('dedenne', 'cry', q.curve('symmetrical_wide'))"
  },
  "poses": {
    "battle-standing": {
      "poseTypes": ["STAND", "WALK"],
      "isBattle": true,
      "animations": [
        "q.bedrock('dedenne', 'ground_idle')"
      ],
      "quirks": [
        {
          "name": "blink",
          "animations": ["bedrock(dedenne, blink)"]
        },
        {
          "name": "laugh",
          "animations": ["bedrock(dedenne, ear_flick)"]
        }
      ]
    },
    "standing": {
      "poseTypes": ["STAND", "NONE", "PORTRAIT", "PROFILE"],
      "isBattle": false,
      "animations": [
        "q.bedrock('dedenne', 'ground_idle')"
      ],
      "quirks": [
        {
          "name": "blink",
          "animations": ["bedrock(dedenne, blink)"]
        },
        {
          "name": "laugh",
          "animations": ["bedrock(dedenne, ear_flick)"]
        }
      ]
    },
    "walking": {
      "poseTypes": ["WALK"],
      "animations": [
        "q.bedrock('dedenne', 'ground_walk')"
      ]
    },
    "float": {
      "poseTypes": ["FLOAT"],
      "animations": [
        "q.bedrock('dedenne', 'ground_walk')"
      ]
    },
    "swim": {
      "poseTypes": ["SWIM"],
      "animations": [
        "q.bedrock('dedenne', 'ground_walk')"
      ]
    },
    "sleep": {
      "poseTypes": ["SLEEP"],
      "animations": ["q.bedrock('dedenne', 'sleep')"]
    }
  }
}