{
  "battleCooldownTicks": 240,
  "biomeTagBlacklist": [
    "is_void",
    "is_nether",
    "is_end"
  ],
  "biomeTagWhitelist": [
    "is_cave",
    "is_plateau",
    "is_mountain",
    "is_hill"
  ],
  "maxTrainerDefeats": 1,
  "maxTrainerWins": -1,
  "optional": false,
  "requiredDefeats": [
    [
      "pokemon_trainer_cedric_044b",
      "pokemon_trainer_cedric_044c",
      "pokemon_trainer_cedric_044d"
    ]
  ],
  "series": [
    "bdsp"
  ],
  "spawnWeightFactor": 0.25,
  "type": "leader"
}