{
  "portraitScale": 0.92,
  "portraitTranslation": [-0.68,1.93, 0],
  "profileScale": 0.2,
  "profileTranslation": [0, 1.46, -20],
  "animations": {
    

    
  },
  "poses": {
    "battle-standing": {
      "transformTicks": 10,
      "poseTypes": ["STAND", "WALK"],
      "isBattle": true,
      "animations": [
        "q.look('head')",
        "q.bedrock('yveltal', 'fly_idle_battle')"
      ],
      "quirks": [
        "q.bedrock_quirk('yveltal', 'blink')"
      ]
    },
    "standing": {
      "transformTicks": 10,
      "poseTypes": ["STAND", "NONE", "PORTRAIT", "PROFILE"],
      "isBattle": false,
      "animations": [
        "q.look('head')",
        "q.bedrock('yveltal', 'ground_idle')"
      ],
      "quirks": [
       "q.bedrock_quirk('yveltal', 'blink')"]
    },
    "walking": {
      "transformTicks": 8,
      "poseTypes": ["WALK"],
      "animations": [
        "q.look('head')",
        "q.bedrock('yveltal', 'ground_fly')"
      ],
      "quirks": [
        "q.bedrock_quirk('yveltal', 'blink')"
      ]
    },
    "hover": {
      "transformTicks": 5,
      "poseTypes": [  "HOVER", "FLOAT" ],
      "animations": [
        "q.look('head')",
        "q.bedrock('yveltal', 'fly_idle')"
       ],
       "quirks": [
        "q.bedrock_quirk('yveltal', 'blink')"
      ]
    },
    "fly": {
      "transformTicks": 5,
      "poseTypes": [ "FLY" ],
      "animations": [
        "q.look('head')",
        "q.bedrock('yveltal', 'air_fly')"
       ],
       "quirks": [
        "q.bedrock_quirk('yveltal', 'blink')"
      ]
    },
    "float": {
      "transformTicks": 5,
      "poseTypes": ["FLOAT"],
      "animations": [
        "q.look('head')",
        "q.bedrock('yveltal', 'fly_idle')"
      ]
    },
    "swim": {
      "transformTicks": 8,
      "poseTypes": ["SWIM"],
      "animations": [
        "q.look('head')",
        "q.bedrock('yveltal', 'air_fly')"
      ],
       "quirks": [
        "q.bedrock_quirk('yveltal', 'blink')"
      ]
    }
  }
}