{
  "name": "Regice",
  "nationalPokedexNumber": 378,
  "primaryType": "ice",
  "abilities": [
    "clearbody",
    "h:icebody"
  ],
  "baseStats": {
    "hp": 80,
    "attack": 50,
    "defence": 100,
    "special_attack": 100,
    "special_defence": 200,
    "speed": 50
  },
  "catchRate": 3,
  "maleRatio": -1,
  "shoulderMountable": false,
  "baseExperienceYield": 290,
  "experienceGroup": "slow",
  "eggCycles": 80,
  "eggGroups": [
    "undiscovered"
  ],
  "moves": [
    "1:chargebeam",
    "1:icywind",
    "6:bulldoze",
    "12:ancientpower",
    "18:stomp",
    "24:icebeam",
    "30:curse",
    "36:amnesia",
    "42:hammerarm",
    "48:blizzard",
    "54:superpower",
    "60:lockon",
    "66:zapcannon",
    "72:hyperbeam",
    "78:explosion",
    "tm:amnesia",
    "tm:auroraveil",
    "tm:avalanche",
    "tm:blizzard",
    "tm:bodyslam",
    "tm:brickbreak",
    "tm:bulldoze",
    "tm:chargebeam",
    "tm:confide",
    "tm:doubleteam",
    "tm:earthquake",
    "tm:endure",
    "tm:explosion",
    "tm:facade",
    "tm:flashcannon",
    "tm:fling",
    "tm:focusblast",
    "tm:focuspunch",
    "tm:frostbreath",
    "tm:frustration",
    "tm:gigaimpact",
    "tm:hail",
    "tm:heavyslam",
    "tm:hiddenpower",
    "tm:hyperbeam",
    "tm:icebeam",
    "tm:icepunch",
    "tm:iciclespear",
    "tm:icywind",
    "tm:ironhead",
    "tm:megakick",
    "tm:megapunch",
    "tm:naturalgift",
    "tm:poweruppunch",
    "tm:protect",
    "tm:psychup",
    "tm:raindance",
    "tm:rest",
    "tm:return",
    "tm:rockclimb",
    "tm:rockpolish",
    "tm:rockslide",
    "tm:rocksmash",
    "tm:rocktomb",
    "tm:round",
    "tm:safeguard",
    "tm:secretpower",
    "tm:selfdestruct",
    "tm:shockwave",
    "tm:sleeptalk",
    "tm:snore",
    "tm:stompingtantrum",
    "tm:strength",
    "tm:substitute",
    "tm:superpower",
    "tm:swagger",
    "tm:thunder",
    "tm:thunderbolt",
    "tm:thunderpunch",
    "tm:thunderwave",
    "tm:toxic",
    "tutor:amnesia",
    "tutor:ancientpower",
    "tutor:block",
    "tutor:bodyslam",
    "tutor:bulldoze",
    "tutor:chargebeam",
    "tutor:counter",
    "tutor:curse",
    "tutor:defensecurl",
    "tutor:doubleedge",
    "tutor:dynamicpunch",
    "tutor:endure",
    "tutor:explosion",
    "tutor:focuspunch",
    "tutor:gravity",
    "tutor:hail",
    "tutor:hammerarm",
    "tutor:headbutt",
    "tutor:hyperbeam",
    "tutor:icebeam",
    "tutor:icepunch",
    "tutor:icywind",
    "tutor:ironhead",
    "tutor:lockon",
    "tutor:megakick",
    "tutor:megapunch",
    "tutor:mimic",
    "tutor:mudslap",
    "tutor:psychup",
    "tutor:rockslide",
    "tutor:rollout",
    "tutor:seismictoss",
    "tutor:selfdestruct",
    "tutor:shockwave",
    "tutor:signalbeam",
    "tutor:sleeptalk",
    "tutor:snore",
    "tutor:stomp",
    "tutor:stompingtantrum",
    "tutor:substitute",
    "tutor:superpower",
    "tutor:swagger",
    "tutor:thunderbolt",
    "tutor:thunderpunch",
    "tutor:thunderwave",
    "tutor:zapcannon"
  ],
  "labels": [
    "gen3",
    "legendary"
  ],
  "pokedex": [
    "cobblemon.species.regice.desc"
  ],
  "evolutions": [],
  "baseScale": 1,
  "hitbox": {
    "width": 2,
    "height": 2.5,
    "fixed": false
  },
  "baseFriendship": 35,
  "evYield": {
    "hp": 0,
    "attack": 0,
    "defence": 0,
    "special_attack": 0,
    "special_defence": 3,
    "speed": 0
  },
  "height": 18,
  "weight": 1750,
  "aspects": [],
  "cannotDynamax": false,
  "drops": {
    "amount": 1,
    "entries": [
      {
        "item": "cobblemon:never_melt_ice"
      }
    ]
  }
}