{
    "enabled": true,
    "neededInstalledMods": [],
    "neededUninstalledMods": [],
    "spawns": [
        {
            "id": "melmetal-1",
            "pokemon": "melmetal_gmax",
            "presets": [
                "natural",
                "wild"
            ],
            "type": "pokemon",
            "context": "grounded",
            "bucket": "common",
            "level": "70",
            "weight": 5,
            "condition": {
                "biomes": [
                    "#cobblemon:is_overworld"
                ],
                 "structures": [
                    "nestgmax:nextgmax"
                ]
            }
        }
    ]
}