{
    "enabled": true,
    "neededInstalledMods": [],
    "neededUninstalledMods": [],
    "spawns": [
        {
            "id": "drednaw-1",
            "pokemon": "drednaw",
            "presets": [
                "natural"
            ],
            "type": "pokemon",
            "context": "grounded",
            "bucket": "rare",
            "level": "39-50",
            "weight": 9.0,
            "condition": {
                "canSeeSky": true,
                "biomes": [
                    "#cobblemon:is_coast"
                ]
            }
        },
              {
            "id": "drednaw-2",
            "pokemon": "drednaw_gmax",
            "presets": [
                "natural",
                "wild"
            ],
            "type": "pokemon",
            "context": "grounded",
            "bucket": "common",
            "level": "70",
            "weight": 5,
            "condition": {
                "biomes": [
                    "#cobblemon:is_overworld"
                ],
                 "structures": [
                    "nestgmax:nextgmax"
                ]
            }
        }
    ]
}