{
	"format_version": "1.8.0",
	"animations": {
		"animation.typenull.ground_walk": {
			"loop": true,
			"animation_length": 1,
			"bones": {
				"tail": {
					"rotation": [0, "0+Math.cos((query.anim_time) * 90 * 4*2) * 3", 0]
				},
				"neck5": {
					"rotation": ["-7.5+Math.cos((query.anim_time) * 90 * 4*2) * 3", 0, 0]
				},
				"leg_b_left": {
					"rotation": {
						"0.0": [26.5, 0, 0],
						"0.1667": [22.71, 0, 0],
						"0.4167": [-15.08, 0, 0],
						"0.5": [-18, 0, 0],
						"0.5833": [-15.08, 0, 0],
						"0.9167": [22.71, 0, 0],
						"1.0": [26.5, 0, 0]
					},
					"position": {
						"0.0": {
							"post": [0, 0.21, 0],
							"lerp_mode": "catmullrom"
						},
						"0.125": {
							"post": [0, 0.55, 0],
							"lerp_mode": "catmullrom"
						},
						"0.2083": {
							"post": [0, 0.6, 0],
							"lerp_mode": "catmullrom"
						},
						"0.2917": {
							"post": [0, 0.75, 0],
							"lerp_mode": "catmullrom"
						},
						"0.4167": {
							"post": [0, 0.21, 0],
							"lerp_mode": "catmullrom"
						},
						"0.5": [0, 0, 0],
						"0.7083": [0, 0.2, 0],
						"0.9167": [0, 0, 0],
						"1.0": [0, 0.21, 0]
					}
				},
				"leg_b_left2": {
					"rotation": {
						"0.0": {
							"post": [-9.5, 0, 0],
							"lerp_mode": "catmullrom"
						},
						"0.125": {
							"post": [-35.75, 0, 0],
							"lerp_mode": "catmullrom"
						},
						"0.25": [-48.75, 0, 0],
						"0.4167": [-21, 0, 0],
						"0.5": [-12.5, 0, 0],
						"0.7083": [-15.62, 0, 0],
						"1.0": [-9.5, 0, 0]
					}
				},
				"leg_b_left5": {
					"rotation": {
						"0.0": [4.38, 0, 0],
						"0.0417": [7.5, 0, 0],
						"0.25": [55, 0, 0],
						"0.375": [13.75, 0, 0],
						"0.5": [35, 0, 0],
						"0.7083": [10, 0, 0],
						"0.875": [-5, 0, 0],
						"1.0": [4.38, 0, 0]
					}
				},
				"leg_f_left": {
					"rotation": {
						"0.0": [-21, 0, 0],
						"0.0833": [-18.08, 0, 0],
						"0.4167": [26.21, 0, 0],
						"0.5": [30, 0, 0],
						"0.6667": [26.21, 0, 0],
						"0.9167": [-18.08, 0, 0],
						"1.0": [-21, 0, 0]
					},
					"position": {
						"0.0": [0, 0, 0],
						"0.2083": [0, 1.25, 0],
						"0.4167": [0, 0, 0],
						"0.625": {
							"pre": [0, 1.25, 0],
							"post": [0, 1.25, 0],
							"lerp_mode": "catmullrom"
						},
						"0.7083": {
							"post": [0, 1.5, 0],
							"lerp_mode": "catmullrom"
						},
						"0.7917": {
							"post": [0, 1.25, 0],
							"lerp_mode": "catmullrom"
						},
						"0.9167": {
							"post": [0, 0.21, 0],
							"lerp_mode": "catmullrom"
						},
						"1.0": [0, 0, 0]
					}
				},
				"leg_f_left2": {
					"rotation": {
						"0.0": [-12.5, 0, 0],
						"0.2083": [-3.12, 0, 0],
						"0.5": [-17, 0, 0],
						"0.5833": [-18.75, 0, 0],
						"0.7917": [-40, 0, 0],
						"1.0": [-12.5, 0, 0]
					}
				},
				"leg_f_foe": {
					"rotation": {
						"0.0": [22.5, 0, 0],
						"0.0417": [35, 0, 0],
						"0.2083": [10, 0, 0],
						"0.375": [-5, 0, 0],
						"0.5417": [7.5, 0, 0],
						"0.75": [55, 0, 0],
						"0.9167": [15.42, 0, 0],
						"1.0": [22.5, 0, 0]
					}
				},
				"leg_f_right": {
					"rotation": {
						"0.0": [30, 0, 0],
						"0.1667": [26.21, 0, 0],
						"0.4167": [-18.08, 0, 0],
						"0.5": [-21, 0, 0],
						"0.5833": [-18.08, 0, 0],
						"0.9167": [26.21, 0, 0],
						"1.0": [30, 0, 0]
					},
					"position": {
						"0.0": {
							"post": [0, 0.21, 0],
							"lerp_mode": "catmullrom"
						},
						"0.125": {
							"post": [0, 1.25, 0],
							"lerp_mode": "catmullrom"
						},
						"0.2083": {
							"post": [0, 1.5, 0],
							"lerp_mode": "catmullrom"
						},
						"0.2917": {
							"post": [0, 1.25, 0],
							"lerp_mode": "catmullrom"
						},
						"0.4167": {
							"post": [0, 0.21, 0],
							"lerp_mode": "catmullrom"
						},
						"0.5": [0, 0, 0],
						"0.7083": [0, 1.25, 0],
						"0.9167": [0, 0, 0],
						"1.0": [0, 0.21, 0]
					}
				},
				"leg_f_right2": {
					"rotation": {
						"0.0": [-17, 0, 0],
						"0.0833": [-18.75, 0, 0],
						"0.2917": [-40, 0, 0],
						"0.5": [-12.5, 0, 0],
						"0.7083": [-3.12, 0, 0],
						"1.0": [-17, 0, 0]
					}
				},
				"leg_f_foe5": {
					"rotation": {
						"0.0": [4.38, 0, 0],
						"0.0417": [7.5, 0, 0],
						"0.25": [55, 0, 0],
						"0.5": [22.5, 0, 0],
						"0.5417": [35, 0, 0],
						"0.7083": [10, 0, 0],
						"0.875": [-5, 0, 0],
						"1.0": [4.38, 0, 0]
					}
				},
				"skill": {
					"scale": 0
				},
				"skill2": {
					"scale": 0
				},
				"bone6": {
					"rotation": [0, 0, 15]
				},
				"bone5": {
					"rotation": [0, 0, -15]
				},
				"bone7": {
					"rotation": [-7.5, 0, 0]
				},
				"leg_b_right": {
					"rotation": {
						"0.0": [-18, 0, 0],
						"0.0833": [-15.08, 0, 0],
						"0.4167": [22.71, 0, 0],
						"0.5": [26.5, 0, 0],
						"0.6667": [22.71, 0, 0],
						"0.9167": [-15.08, 0, 0],
						"1.0": [-18, 0, 0]
					},
					"position": {
						"0.0": [0, 0, 0],
						"0.4167": [0, 0, 0],
						"0.5": {
							"pre": [0, 0.21, 0],
							"post": [0, 0.21, 0],
							"lerp_mode": "catmullrom"
						},
						"0.625": {
							"post": [0, 0.65, 0],
							"lerp_mode": "catmullrom"
						},
						"0.7083": {
							"post": [0, 0.6, 0],
							"lerp_mode": "catmullrom"
						},
						"0.7917": {
							"post": [0, 0.65, 0],
							"lerp_mode": "catmullrom"
						},
						"0.9167": {
							"post": [0, 0.21, 0],
							"lerp_mode": "catmullrom"
						},
						"1.0": [0, 0, 0]
					}
				},
				"leg_b_right2": {
					"rotation": {
						"0.0": [-12.5, 0, 0],
						"0.2083": [-15.62, 0, 0],
						"0.5": {
							"pre": [-9.5, 0, 0],
							"post": [-9.5, 0, 0],
							"lerp_mode": "catmullrom"
						},
						"0.625": {
							"post": [-35.75, 0, 0],
							"lerp_mode": "catmullrom"
						},
						"0.75": [-48.75, 0, 0],
						"0.9167": [-21, 0, 0],
						"1.0": [-12.5, 0, 0]
					}
				},
				"leg_b_right5": {
					"rotation": {
						"0.0": [35, 0, 0],
						"0.2083": [10, 0, 0],
						"0.375": [-5, 0, 0],
						"0.5417": [7.5, 0, 0],
						"0.75": [55, 0, 0],
						"0.875": [13.75, 0, 0],
						"1.0": [35, 0, 0]
					}
				},
				"torso": {
					"rotation": ["2.5+Math.cos((query.anim_time) * 90 * 4*2 - 90) * 2", 0, "0+Math.cos((query.anim_time) * 90 * 4) * 2"],
					"position": [0, "0+Math.cos((query.anim_time) * 90 * 4*2) * 0.2", 0]
				},
				"neck3": {
					"rotation": ["7.5+Math.cos((query.anim_time) * 90 * 4*2) * -3", 0, "Math.cos((query.anim_time) * 90 * 4 - 30) * 1"],
					"position": [0, 0, -0.83]
				},
				"chest2": {
					"rotation": ["-2.5+Math.cos((query.anim_time) * 90 * 4*2) * 2", 0, "0+Math.cos((query.anim_time) * 90 * 4) * -2"],
					"position": [0, 0.3, 0]
				}
			}
		},
		"animation.typenull.ground_idle": {
			"loop": true,
			"bones": {
				"neck4": {
					"rotation": ["0+Math.cos((query.anim_time) * 90 * 2 - 90) * -1", 0, 0]
				},
				"neck5": {
					"rotation": ["0+Math.cos((query.anim_time) * 90 * 2 - 90) * -1", 0, 0]
				},
				"leg_b_left": {
					"rotation": ["0+Math.cos((query.anim_time) * 90 * 2) * -4", 0, -12.5],
					"position": [0, "Math.cos((query.anim_time)*90*2)*-0.03", "Math.cos((query.anim_time)*90*2)*-0.07"]
				},
				"leg_b_left2": {
					"rotation": [0, 0, 7.5]
				},
				"leg_b_left3": {
					"rotation": ["0+Math.cos((query.anim_time-50) * 90 * 2) * 6", 0, 0]
				},
				"leg_b_left4": {
					"rotation": [0, 0, 5]
				},
				"leg_b_left5": {
					"rotation": ["0+Math.cos((query.anim_time) * 90 * 2) * -3.1", 0, 0],
					"position": [0, "-0.2-Math.cos((query.anim_time)*90*2)*0.1", "-Math.cos((query.anim_time)*90*2)*-0.2"]
				},
				"leg_f_left": {
					"rotation": [0, 0, -12.5],
					"position": [0, "-0.16+Math.cos((query.anim_time) * 90 * 2 - 90) * -0.2", "0+Math.cos((query.anim_time) * 90 * 2 - 45) * 0.2"]
				},
				"leg_f_left2": {
					"rotation": [0, 0, -2.5],
					"position": [0, "0+Math.cos((query.anim_time) * 90 * 2 - 90) * -0.2", "0+Math.cos((query.anim_time) * 90 * 2 - 45) * 0.2"]
				},
				"leg_f_foe": {
					"rotation": ["-0.4001+Math.cos((query.anim_time) * 90 * 2-90) * 0.7", -3.83501, 11.90609],
					"position": [0, "-0.58-Math.cos((query.anim_time)*90*2+30)*0.3", "-Math.cos((query.anim_time)*90*2+30)*0.3"]
				},
				"leg_f_right": {
					"rotation": [0, 0, 12.5],
					"position": [0, "-0.16+Math.cos((query.anim_time) * 90 * 2 - 90) * -0.2", "0+Math.cos((query.anim_time) * 90 * 2 - 45) * 0.2"]
				},
				"leg_f_right2": {
					"rotation": [0, 0, -2.5]
				},
				"leg_f_right3": {
					"rotation": [0, 0, -5]
				},
				"leg_f_foe5": {
					"rotation": ["2.4284471099+Math.cos((query.anim_time) * 90 * 2-90) * 0.7", 1.74909, -4.68482],
					"position": [0, "-0.11-Math.cos((query.anim_time)*90*2+30)*0.3", "-Math.cos((query.anim_time)*90*2+30)*0.3"]
				},
				"leg_f_foe7": {
					"rotation": [0, -5, 0]
				},
				"leg_f_foe8": {
					"rotation": [-10, 0, 0]
				},
				"skill": {
					"scale": 0
				},
				"leg_b_right": {
					"rotation": ["0+Math.cos((query.anim_time) * 90 * 2) * -4", 0, 12.5]
				},
				"leg_b_right2": {
					"rotation": [0, 0, -7.5]
				},
				"leg_b_right3": {
					"rotation": ["0+Math.cos((query.anim_time-50) * 90 * 2) * 6", 0, 0]
				},
				"leg_b_right4": {
					"rotation": [0, 0, -5]
				},
				"leg_b_right5": {
					"rotation": ["0+Math.cos((query.anim_time) * 90 * 2) * -3.4", 0, 0],
					"position": [0, "-0.2-Math.cos((query.anim_time)*90*2)*-0.2", "-Math.cos((query.anim_time)*90*2)*-0.2"]
				},
				"torso": {
					"rotation": ["0+Math.cos((query.anim_time) * 90 * 2 - 90) * -1", 0, 0]
				},
				"body": {
					"position": [0, "0+Math.cos((query.anim_time) * 90 * 2) * 0.2", "0+Math.cos((query.anim_time) * 90 * 2) * 0.2"]
				}
			}
		},
		"animation.typenull.battle_idle": {
			"loop": true,
			"bones": {
				"tail": {
					"rotation": [0, "0+Math.cos((query.anim_time) * 90 * 4) * 3", 0]
				},
				"neck4": {
					"rotation": ["7.5+Math.cos((query.anim_time) * 90 * 2 - 90) * -1", 0, 0]
				},
				"neck5": {
					"rotation": ["-7.5+Math.cos((query.anim_time) * 90 * 2 - 90) * -1", 0, 0]
				},
				"leg_b_left": {
					"rotation": ["0+Math.cos((query.anim_time) * 90 * 2) * -4", 0, -12.5],
					"position": [0, "Math.cos((query.anim_time)*90*2)*-0.03", "Math.cos((query.anim_time)*90*2)*-0.07"]
				},
				"leg_b_left2": {
					"rotation": [0, 0, 7.5]
				},
				"leg_b_left3": {
					"rotation": ["0+Math.cos((query.anim_time-50) * 90 * 2) * 6", 0, 0]
				},
				"leg_b_left4": {
					"rotation": [0, 0, 5]
				},
				"leg_b_left5": {
					"rotation": ["0+Math.cos((query.anim_time) * 90 * 2) * -3.1", 0, 0],
					"position": [0, "-0.2-Math.cos((query.anim_time)*90*2)*0.1", "-Math.cos((query.anim_time)*90*2)*-0.2"]
				},
				"leg_f_left": {
					"rotation": [-10, 0, -17.5],
					"position": [0, "-0.16+Math.cos((query.anim_time) * 90 * 2 - 90) * -0.2", "0+Math.cos((query.anim_time) * 90 * 2 - 45) * 0.2"]
				},
				"leg_f_left2": {
					"rotation": [-27.5, 0, -2.5],
					"position": [0, "0+Math.cos((query.anim_time) * 90 * 2 - 90) * -0.2", "0+Math.cos((query.anim_time) * 90 * 2 - 45) * 0.2"]
				},
				"leg_f_foe": {
					"rotation": ["34.3667+Math.cos((query.anim_time) * 90 * 2-90) * 0.7", -18.1426, 6.74175],
					"position": [0, "-0.35-Math.cos((query.anim_time)*90*2+30)*0.3", "-Math.cos((query.anim_time)*90*2+30)*0.3"]
				},
				"leg_f_right": {
					"rotation": [-10, 0, 17.5],
					"position": [0, "-0.16+Math.cos((query.anim_time) * 90 * 2 - 90) * -0.2", "0+Math.cos((query.anim_time) * 90 * 2 - 45) * 0.2"]
				},
				"leg_f_right2": {
					"rotation": [-27.5, 0, -2.5]
				},
				"leg_f_right3": {
					"rotation": [0, 0, -5],
					"position": [0, "0+Math.cos((query.anim_time) * 90 * 2 - 90) * -0.2", "0+Math.cos((query.anim_time) * 90 * 2 - 45) * 0.2"]
				},
				"leg_f_foe5": {
					"rotation": ["29.2729+Math.cos((query.anim_time) * 90 * 2-90) * 0.7", 17.52046, -0.92577],
					"position": [0, "-0.11-Math.cos((query.anim_time)*90*2+30)*0.3", "-Math.cos((query.anim_time)*90*2+30)*0.3"]
				},
				"leg_f_foe7": {
					"rotation": [0, -5, 0]
				},
				"leg_f_foe8": {
					"rotation": [-10, 0, 0]
				},
				"skill2": {
					"scale": 0
				},
				"skill3": {
					"scale": 0
				},
				"skill4": {
					"scale": 0
				},
				"skill5": {
					"scale": 0
				},
				"skill6": {
					"scale": 0
				},
				"skill7": {
					"scale": 0
				},
				"skill8": {
					"scale": 0
				},
				"skill9": {
					"scale": 0
				},
				"leg_b_right": {
					"rotation": ["0+Math.cos((query.anim_time) * 90 * 2) * -4", 0, 12.5]
				},
				"leg_b_right2": {
					"rotation": [0, 0, -7.5]
				},
				"leg_b_right3": {
					"rotation": ["0+Math.cos((query.anim_time-50) * 90 * 2) * 6", 0, 0]
				},
				"leg_b_right4": {
					"rotation": [0, 0, -5]
				},
				"leg_b_right5": {
					"rotation": ["0+Math.cos((query.anim_time) * 90 * 2) * -3.4", 0, 0],
					"position": [0, "-0.2-Math.cos((query.anim_time)*90*2)*-0.2", "-Math.cos((query.anim_time)*90*2)*-0.2"]
				},
				"torso": {
					"rotation": ["10+Math.cos((query.anim_time) * 90 * 2 - 90) * -1", 0, 0]
				},
				"body": {
					"position": [0, "0+Math.cos((query.anim_time) * 90 * 2) * 0.2", "0+Math.cos((query.anim_time) * 90 * 2) * 0.2"]
				}
			}
		},
		"animation.typenull.faint": {
			"animation_length": 1.5,
			"bones": {
				"tail": {
					"rotation": {
						"0.0": [0, 0, 0],
						"0.25": [-22.5, 0, 0],
						"0.75": [-45, 0, 0]
					}
				},
				"neck4": {
					"rotation": ["7.5+Math.cos((query.anim_time) * 90 * 2 - 90) * -1", 0, 0]
				},
				"neck5": {
					"rotation": ["-7.5+Math.cos((query.anim_time) * 90 * 2 - 90) * -1", 0, 0]
				},
				"leg_b_left": {
					"rotation": {
						"0.0": [0, 0, -12.5],
						"0.0417": [0.85885, -0.45351, -11.90249],
						"0.0833": [3.41876, -1.80527, -10.12154],
						"0.1667": [10.91952, -5.76604, -4.90318],
						"0.2083": [13.47944, -7.1178, -3.12223],
						"0.25": [14.33829, -7.57131, -2.52472],
						"0.2917": [13.8163, -7.29568, -2.88787],
						"0.3333": [12.77581, -6.74625, -3.61175],
						"0.375": [11.50745, -6.07649, -4.49416],
						"0.5833": [4.222, -2.22942, -9.56272],
						"0.625": [2.83084, -1.49482, -10.53056],
						"0.6667": [1.56248, -0.82506, -11.41297],
						"0.7083": [0.52198, -0.27563, -12.13685],
						"0.75": {
							"pre": [0, 0, -12.5],
							"post": [0, 0, -12.5],
							"lerp_mode": "catmullrom"
						}
					},
					"position": {
						"0.0": [0, 0, 0],
						"0.0417": [0, -0.1198, 0],
						"0.0833": [0, -0.47687, 0],
						"0.1667": [0, -1.52313, 0],
						"0.2083": [0, -1.8802, 0],
						"0.25": [0, -2, 0],
						"0.2917": [0, -1.92719, 0],
						"0.3333": [0, -1.78206, 0],
						"0.375": [0, -1.60514, 0],
						"0.5833": [0, -0.58891, 0],
						"0.625": [0, -0.39486, 0],
						"0.6667": [0, -0.21794, 0],
						"0.7083": [0, -0.07281, 0],
						"0.75": {
							"pre": [0, 0, 0],
							"post": [0, 0, 0],
							"lerp_mode": "catmullrom"
						}
					}
				},
				"leg_b_left2": {
					"rotation": {
						"0.0": [0, 0, 7.5],
						"0.75": {
							"pre": [0, 0, 7.5],
							"post": [0, 0, 7.5],
							"lerp_mode": "catmullrom"
						}
					}
				},
				"leg_b_left3": {
					"rotation": [0, 0, 0]
				},
				"leg_b_left4": {
					"rotation": {
						"0.0": [0, 0, 5],
						"0.75": {
							"pre": [0, 0, 5],
							"post": [0, 0, 5],
							"lerp_mode": "catmullrom"
						}
					}
				},
				"leg_f_left": {
					"rotation": {
						"0.0": [-10, 0, -17.5],
						"0.0417": [-10.59899, 0, -17.5],
						"0.0833": [-12.38436, 0, -17.5],
						"0.1667": [-17.61564, 0, -17.5],
						"0.2083": [-19.40101, 0, -17.5],
						"0.25": [-20, 0, -17.5],
						"0.2917": [-19.63595, 0, -17.5],
						"0.3333": [-18.91028, 0, -17.5],
						"0.5833": [-12.94456, 0, -17.5],
						"0.6667": [-11.08972, 0, -17.5],
						"0.7083": [-10.36405, 0, -17.5],
						"0.75": {
							"pre": [-10, 0, -17.5],
							"post": [-10, 0, -17.5],
							"lerp_mode": "catmullrom"
						}
					}
				},
				"leg_f_left2": {
					"rotation": {
						"0.0": [-27.5, 0, -2.5],
						"0.0417": [-28.69798, 0, -2.5],
						"0.0833": [-32.26872, 0, -2.5],
						"0.1667": [-42.73128, 0, -2.5],
						"0.2083": [-46.30202, 0, -2.5],
						"0.25": [-47.5, 0, -2.5],
						"0.2917": [-46.7719, 0, -2.5],
						"0.3333": [-45.32055, 0, -2.5],
						"0.375": [-43.55135, 0, -2.5],
						"0.5833": [-33.38913, 0, -2.5],
						"0.625": [-31.44865, 0, -2.5],
						"0.6667": [-29.67945, 0, -2.5],
						"0.7083": [-28.2281, 0, -2.5],
						"0.75": {
							"pre": [-27.5, 0, -2.5],
							"post": [-27.5, 0, -2.5],
							"lerp_mode": "catmullrom"
						},
						"1.0": {
							"post": [-52.5, 0, -2.5],
							"lerp_mode": "catmullrom"
						}
					},
					"position": {
						"0.0": [0, 0, 0],
						"0.7917": [0.25, 0, 0],
						"0.8333": [0, 0, 0],
						"0.875": [0.25, 0, 0],
						"0.9167": [0, 0, 0],
						"0.9583": [0.25, 0, 0],
						"1.0": [0, 0, 0]
					}
				},
				"leg_f_foe": {
					"rotation": {
						"0.0": [34.3667, -18.1426, 6.74175],
						"0.75": {
							"pre": [34.3667, -18.1426, 6.74175],
							"post": [34.3667, -18.1426, 6.74175],
							"lerp_mode": "catmullrom"
						}
					},
					"position": {
						"0.0": [0, -0.35, 0],
						"0.75": {
							"pre": [0, -0.35, 0],
							"post": [0, -0.35, 0],
							"lerp_mode": "catmullrom"
						}
					}
				},
				"leg_f_right": {
					"rotation": {
						"0.0": [-10, 0, 17.5],
						"0.0417": [-10.89849, 0, 17.5],
						"0.0833": [-13.57654, 0, 17.5],
						"0.1667": [-21.42346, 0, 17.5],
						"0.2083": [-24.10151, 0, 17.5],
						"0.25": [-25, 0, 17.5],
						"0.2917": [-24.45393, 0, 17.5],
						"0.3333": [-23.36541, 0, 17.5],
						"0.375": [-22.03852, 0, 17.5],
						"0.5833": [-14.41684, 0, 17.5],
						"0.625": [-12.96148, 0, 17.5],
						"0.6667": [-11.63459, 0, 17.5],
						"0.7083": [-10.54607, 0, 17.5],
						"0.75": {
							"pre": [-10, 0, 17.5],
							"post": [-10, 0, 17.5],
							"lerp_mode": "catmullrom"
						}
					}
				},
				"leg_f_right2": {
					"rotation": {
						"0.0": [-27.5, 0, -2.5],
						"0.0417": [-26.30202, 0, -2.5],
						"0.0833": [-22.73128, 0, -2.5],
						"0.1667": [-12.26872, 0, -2.5],
						"0.2083": [-8.69798, 0, -2.5],
						"0.25": [-7.5, 0, -2.5],
						"0.2917": [-8.2281, 0, -2.5],
						"0.3333": [-9.67945, 0, -2.5],
						"0.375": [-11.44865, 0, -2.5],
						"0.5833": [-21.61087, 0, -2.5],
						"0.625": [-23.55135, 0, -2.5],
						"0.6667": [-25.32055, 0, -2.5],
						"0.7083": [-26.7719, 0, -2.5],
						"0.75": {
							"pre": [-27.5, 0, -2.5],
							"post": [-27.5, 0, -2.5],
							"lerp_mode": "catmullrom"
						},
						"1.0": {
							"post": [-52.5, 0, -2.5],
							"lerp_mode": "catmullrom"
						}
					},
					"position": {
						"0.0": [0, 0, 0],
						"0.7917": [0.25, 0, 0],
						"0.8333": [0, 0, 0],
						"0.875": [0.25, 0, 0],
						"0.9167": [0, 0, 0],
						"0.9583": [0.25, 0, 0],
						"1.0": [0, 0, 0]
					}
				},
				"leg_f_right3": {
					"rotation": {
						"0.0": [0, 0, -5],
						"0.75": {
							"pre": [0, 0, -5],
							"post": [0, 0, -5],
							"lerp_mode": "catmullrom"
						}
					}
				},
				"leg_f_foe5": {
					"rotation": {
						"0.0": [29.2729, 17.52046, -0.92577],
						"0.0417": [29.42265, 17.52046, -0.92577],
						"0.0833": [29.86899, 17.52046, -0.92577],
						"0.1667": [31.17681, 17.52046, -0.92577],
						"0.2083": [31.62315, 17.52046, -0.92577],
						"0.25": [31.7729, 17.52046, -0.92577],
						"0.6667": [29.54533, 17.52046, -0.92577],
						"0.75": {
							"pre": [29.2729, 17.52046, -0.92577],
							"post": [29.2729, 17.52046, -0.92577],
							"lerp_mode": "catmullrom"
						}
					},
					"position": {
						"0.0": [0, -0.11, 0],
						"0.75": {
							"pre": [0, -0.11, 0],
							"post": [0, -0.11, 0],
							"lerp_mode": "catmullrom"
						}
					}
				},
				"leg_f_foe7": {
					"rotation": {
						"0.0": [0, -5, 0],
						"0.0417": [-0.89849, -5, 0],
						"0.0833": [-3.57654, -5, 0],
						"0.1667": [-11.42346, -5, 0],
						"0.2083": [-14.10151, -5, 0],
						"0.25": [-15, -5, 0],
						"0.2917": [-14.45393, -5, 0],
						"0.3333": [-13.36541, -5, 0],
						"0.375": [-12.03852, -5, 0],
						"0.5833": [-4.41684, -5, 0],
						"0.625": [-2.96148, -5, 0],
						"0.6667": [-1.63459, -5, 0],
						"0.7083": [-0.54607, -5, 0],
						"0.75": {
							"pre": [0, -5, 0],
							"post": [0, -5, 0],
							"lerp_mode": "catmullrom"
						}
					}
				},
				"leg_f_foe8": {
					"rotation": {
						"0.0": [-10, 0, 0],
						"0.75": {
							"pre": [-10, 0, 0],
							"post": [-10, 0, 0],
							"lerp_mode": "catmullrom"
						}
					}
				},
				"skill2": {
					"scale": 0
				},
				"skill3": {
					"scale": 0
				},
				"skill4": {
					"scale": 0
				},
				"skill5": {
					"scale": 0
				},
				"skill6": {
					"scale": 0
				},
				"skill7": {
					"scale": 0
				},
				"skill8": {
					"scale": 0
				},
				"skill9": {
					"scale": 0
				},
				"leg_b_right": {
					"rotation": {
						"0.0": [0, 0, 12.5],
						"0.0417": [0.59899, 0, 12.5],
						"0.0833": [2.38436, 0, 12.5],
						"0.1667": [7.61564, 0, 12.5],
						"0.2083": [9.40101, 0, 12.5],
						"0.25": [10, 0, 12.5],
						"0.2917": [9.63595, 0, 12.5],
						"0.3333": [8.91028, 0, 12.5],
						"0.5833": [2.94456, 0, 12.5],
						"0.6667": [1.08972, 0, 12.5],
						"0.7083": [0.36405, 0, 12.5],
						"0.75": {
							"pre": [0, 0, 12.5],
							"post": [0, 0, 12.5],
							"lerp_mode": "catmullrom"
						}
					},
					"position": {
						"0.0": [0, 0, 0],
						"0.0417": [0, -0.1198, 0.1797],
						"0.0833": [0, -0.47687, 0.71531],
						"0.1667": [0, -1.52313, 2.28469],
						"0.2083": [0, -1.8802, 2.8203],
						"0.25": [0, -2, 3],
						"0.2917": [0, -1.92719, 2.89079],
						"0.3333": [0, -1.78206, 2.67308],
						"0.375": [0, -1.60514, 2.4077],
						"0.4167": [0, -1.41109, 2.11663],
						"0.5833": [0, -0.58891, 0.88337],
						"0.625": [0, -0.39486, 0.5923],
						"0.6667": [0, -0.21794, 0.32692],
						"0.7083": [0, -0.07281, 0.10921],
						"0.75": {
							"pre": [0, 0, 0],
							"post": [0, 0, 0],
							"lerp_mode": "catmullrom"
						}
					}
				},
				"leg_b_right2": {
					"rotation": {
						"0.0": [0, 0, -7.5],
						"0.0417": [0.89849, 0, -7.5],
						"0.0833": [3.57654, 0, -7.5],
						"0.1667": [11.42346, 0, -7.5],
						"0.2083": [14.10151, 0, -7.5],
						"0.25": [15, 0, -7.5],
						"0.2917": [14.45393, 0, -7.5],
						"0.3333": [13.36541, 0, -7.5],
						"0.375": [12.03852, 0, -7.5],
						"0.5833": [4.41684, 0, -7.5],
						"0.625": [2.96148, 0, -7.5],
						"0.6667": [1.63459, 0, -7.5],
						"0.7083": [0.54607, 0, -7.5],
						"0.75": {
							"pre": [0, 0, -7.5],
							"post": [0, 0, -7.5],
							"lerp_mode": "catmullrom"
						}
					}
				},
				"leg_b_right4": {
					"rotation": {
						"0.0": [0, 0, -5],
						"0.75": {
							"pre": [0, 0, -5],
							"post": [0, 0, -5],
							"lerp_mode": "catmullrom"
						}
					}
				},
				"leg_b_right5": {
					"rotation": {
						"0.0": [0, 0, 0],
						"0.0417": [0.44924, 0, 0],
						"0.0833": [1.78827, 0, 0],
						"0.1667": [5.71173, 0, 0],
						"0.2083": [7.05076, 0, 0],
						"0.25": [7.5, 0, 0],
						"0.2917": [7.22696, 0, 0],
						"0.3333": [6.68271, 0, 0],
						"0.625": [1.48074, 0, 0],
						"0.6667": [0.81729, 0, 0],
						"0.7083": [0.27304, 0, 0],
						"0.75": {
							"pre": [0, 0, 0],
							"post": [0, 0, 0],
							"lerp_mode": "catmullrom"
						}
					}
				},
				"torso": {
					"rotation": {
						"0.0": [10, 0, 0],
						"0.75": {
							"pre": [10, 0, 0],
							"post": [10, 0, 0],
							"lerp_mode": "catmullrom"
						}
					}
				},
				"body": {
					"position": {
						"0.0": [0, 0, 0],
						"0.0417": [0, 0, 0.2396],
						"0.0833": [0, 0, 0.95374],
						"0.1667": [0, 0, 3.04626],
						"0.2083": [0, 0, 3.7604],
						"0.25": [0, 0, 4],
						"0.7917": [0, 0, 4],
						"1.25": [0, 0, 4],
						"1.2917": [0, -0.25, 4],
						"1.3333": [0, 0, 4],
						"1.375": [0, -0.25, 4],
						"1.4167": [0, 0, 4],
						"1.4583": [0, -0.5, 4],
						"1.5": [0, -0.25, 4]
					}
				},
				"chest2": {
					"rotation": {
						"0.0": [0, 0, 0],
						"0.0417": [-0.44924, 0, 0],
						"0.0833": [-1.78827, 0, 0],
						"0.1667": [-5.71173, 0, 0],
						"0.2083": [-7.05076, 0, 0],
						"0.25": [-7.5, 0, 0],
						"0.2917": [-7.22696, 0, 0],
						"0.3333": [-6.68271, 0, 0],
						"0.625": [-1.48074, 0, 0],
						"0.6667": [-0.81729, 0, 0],
						"0.7083": [-0.27304, 0, 0],
						"0.75": {
							"pre": [0, 0, 0],
							"post": [0, 0, 0],
							"lerp_mode": "catmullrom"
						},
						"1.0": {
							"post": [17.5, 0, 0],
							"lerp_mode": "catmullrom"
						}
					}
				},
				"neck3": {
					"rotation": {
						"0.0": [0, 0, 0],
						"0.0417": [-1.04823, 0, 0],
						"0.0833": [-4.17263, 0, 0],
						"0.1667": [-13.32737, 0, 0],
						"0.2083": [-16.45177, 0, 0],
						"0.25": [-17.5, 0, 0],
						"0.2917": [-16.86291, 0, 0],
						"0.3333": [-15.59298, 0, 0],
						"0.375": [-14.04494, 0, 0],
						"0.5833": [-5.15298, 0, 0],
						"0.625": [-3.45506, 0, 0],
						"0.6667": [-1.90702, 0, 0],
						"0.7083": [-0.63709, 0, 0],
						"0.75": {
							"pre": [0, 0, 0],
							"post": [0, 0, 0],
							"lerp_mode": "catmullrom"
						},
						"1.0": {
							"post": [17.5, 0, 0],
							"lerp_mode": "catmullrom"
						}
					}
				},
				"head": {
					"rotation": {
						"0.0": [0, 0, 0],
						"0.0417": [-2.54571, 0, 0],
						"0.0833": [-10.13352, 0, 0],
						"0.1667": [-32.36648, 0, 0],
						"0.2083": [-39.95429, 0, 0],
						"0.25": [-42.5, 0, 0],
						"0.2917": [-40.49773, 0, 0],
						"0.3333": [-36.50651, 0, 0],
						"0.375": [-31.64123, 0, 0],
						"0.4167": [-26.3049, 0, 0],
						"0.4583": [-20.71055, 0, 0],
						"0.5417": [-9.28945, 0, 0],
						"0.5833": [-3.6951, 0, 0],
						"0.625": [1.64123, 0, 0],
						"0.6667": [6.50651, 0, 0],
						"0.7083": [10.49773, 0, 0],
						"0.75": {
							"pre": [12.5, 0, 0],
							"post": [12.5, 0, 0],
							"lerp_mode": "catmullrom"
						},
						"1.0": {
							"post": [25, 0, 0],
							"lerp_mode": "catmullrom"
						}
					}
				},
				"eye_right": {
					"position": {
						"0.0": [0, 0, 0],
						"0.0417": [0, 0, 0.0599],
						"0.0833": [0, 0, 0.23844],
						"0.1667": [0, 0, 0.76156],
						"0.2083": [0, 0, 0.9401],
						"0.25": [0, 0, 1],
						"0.75": {
							"pre": [0, 0, 1],
							"post": [0, 0, 1],
							"lerp_mode": "catmullrom"
						}
					}
				},
				"eye_left": {
					"position": {
						"0.0": [0, 0, 0],
						"0.0417": [0, 0, 0.0599],
						"0.0833": [0, 0, 0.23844],
						"0.1667": [0, 0, 0.76156],
						"0.2083": [0, 0, 0.9401],
						"0.25": [0, 0, 1],
						"0.75": {
							"pre": [0, 0, 1],
							"post": [0, 0, 1],
							"lerp_mode": "catmullrom"
						}
					}
				},
				"leather": {
					"rotation": {
						"0.0": [0, 0, 0],
						"0.25": [-5, 0, 0],
						"0.75": [22.08681, -3.21132, 14.65993],
						"1.0": [29.03782, 50.1392, 30.1827],
						"1.25": [57.9932, 25.13135, 75.04576]
					}
				},
				"leather2": {
					"rotation": {
						"0.0": [0, 0, 0],
						"0.0417": [1.04823, 0, 0],
						"0.0833": [4.17263, 0, 0],
						"0.1667": [13.32737, 0, 0],
						"0.2083": [16.45177, 0, 0],
						"0.25": [17.5, 0, 0],
						"0.2917": [16.02146, 0.64643, 0.96194],
						"0.3333": [13.07421, 1.93499, 2.87941],
						"0.375": [9.48153, 3.50573, 5.2168],
						"0.4167": [5.54102, 5.22855, 7.78049],
						"0.5833": [-11.1548, 12.52809, 18.64276],
						"0.625": [-15.09532, 14.25091, 21.20645],
						"0.6667": [-18.688, 15.82166, 23.54385],
						"0.7083": [-21.63524, 17.11021, 25.46132],
						"0.75": {
							"pre": [-23.11379, 17.75664, 26.42325],
							"post": [-23.11379, 17.75664, 26.42325],
							"lerp_mode": "catmullrom"
						},
						"1.0": {
							"post": [-22.46611, -8.61325, 34.32235],
							"lerp_mode": "catmullrom"
						},
						"1.2917": {
							"post": [-19.96611, -8.61325, 34.32235],
							"lerp_mode": "catmullrom"
						},
						"1.3333": {
							"post": [-22.46611, -8.61325, 34.32235],
							"lerp_mode": "catmullrom"
						},
						"1.375": {
							"post": [-24.96611, -8.61325, 34.32235],
							"lerp_mode": "catmullrom"
						},
						"1.4167": {
							"post": [-22.46611, -8.61325, 34.32235],
							"lerp_mode": "catmullrom"
						}
					},
					"position": {
						"0.0": [0, 0, 0],
						"1.25": [-1.88662, 8.32429, -7.07272],
						"1.2917": [-1.62364, 9.06543, -7.68105],
						"1.3333": [-1.88636, 8.32457, -7.06895]
					}
				},
				"leg_f_foe6": {
					"rotation": {
						"0.0": [0, 0, 0],
						"0.0417": [-1.04823, 0, 0],
						"0.0833": [-4.17263, 0, 0],
						"0.1667": [-13.32737, 0, 0],
						"0.2083": [-16.45177, 0, 0],
						"0.25": [-17.5, 0, 0],
						"0.2917": [-16.86291, 0, 0],
						"0.3333": [-15.59298, 0, 0],
						"0.375": [-14.04494, 0, 0],
						"0.5833": [-5.15298, 0, 0],
						"0.625": [-3.45506, 0, 0],
						"0.6667": [-1.90702, 0, 0],
						"0.7083": [-0.63709, 0, 0],
						"0.75": {
							"pre": [0, 0, 0],
							"post": [0, 0, 0],
							"lerp_mode": "catmullrom"
						}
					}
				},
				"leg_f_foe2_2": {
					"rotation": {
						"0.0": [0, 0, 0],
						"0.0417": [2.09647, 0, 0],
						"0.0833": [8.34525, 0, 0],
						"0.1667": [26.65475, 0, 0],
						"0.2083": [32.90353, 0, 0],
						"0.25": [35, 0, 0],
						"0.2917": [33.72583, 0, 0],
						"0.3333": [31.18596, 0, 0],
						"0.375": [28.08987, 0, 0],
						"0.4167": [24.69403, 0, 0],
						"0.5833": [10.30597, 0, 0],
						"0.625": [6.91013, 0, 0],
						"0.6667": [3.81404, 0, 0],
						"0.7083": [1.27417, 0, 0],
						"0.75": {
							"pre": [0, 0, 0],
							"post": [0, 0, 0],
							"lerp_mode": "catmullrom"
						}
					}
				},
				"leg_f_foe3_2": {
					"rotation": {
						"0.0": [0, 0, 0],
						"0.0417": [1.19798, 0, 0],
						"0.0833": [4.76872, 0, 0],
						"0.1667": [15.23128, 0, 0],
						"0.2083": [18.80202, 0, 0],
						"0.25": [20, 0, 0],
						"0.2917": [19.2719, 0, 0],
						"0.3333": [17.82055, 0, 0],
						"0.375": [16.05135, 0, 0],
						"0.5833": [5.88913, 0, 0],
						"0.625": [3.94865, 0, 0],
						"0.6667": [2.17945, 0, 0],
						"0.7083": [0.7281, 0, 0],
						"0.75": {
							"pre": [0, 0, 0],
							"post": [0, 0, 0],
							"lerp_mode": "catmullrom"
						}
					}
				},
				"body_b": {
					"rotation": {
						"0.0": [0, 0, 0],
						"0.0417": [0.2995, 0, 0],
						"0.0833": [1.19218, 0, 0],
						"0.1667": [3.80782, 0, 0],
						"0.2083": [4.7005, 0, 0],
						"0.25": [5, 0, 0],
						"0.2917": [4.81798, 0, 0],
						"0.625": [0.98716, 0, 0],
						"0.7083": [0.18202, 0, 0],
						"0.75": {
							"pre": [0, 0, 0],
							"post": [0, 0, 0],
							"lerp_mode": "catmullrom"
						}
					},
					"position": [0, 0, 0]
				}
			}
		},
		"animation.typenull.blink": {
			"animation_length": 0.2083,
			"bones": {
				"eye_right": {
					"position": {
						"0.0": [0, 0, 0.08],
						"0.2083": [0, 0, 0]
					}
				},
				"eye_left": {
					"position": {
						"0.0": [0, 0, 0.08],
						"0.2083": [0, 0, 0]
					}
				}
			}
		},
		"animation.typenull.cry": {
			"animation_length": 1.6667,
			"bones": {
				"neck4": {
					"rotation": {
						"0.0": {
							"post": [0, 0, 0],
							"lerp_mode": "catmullrom"
						},
						"0.3333": {
							"post": [0, 0, 0],
							"lerp_mode": "catmullrom"
						},
						"0.5833": {
							"post": [-12.5, 0, 0],
							"lerp_mode": "catmullrom"
						},
						"1.0417": {
							"post": [-12.5, 0, 0],
							"lerp_mode": "catmullrom"
						},
						"1.375": {
							"post": [2.5, 0, 0],
							"lerp_mode": "catmullrom"
						},
						"1.6667": {
							"post": [0, 0, 0],
							"lerp_mode": "catmullrom"
						}
					}
				},
				"neck5": {
					"rotation": {
						"0.0": {
							"post": [0, 0, 0],
							"lerp_mode": "catmullrom"
						},
						"0.1667": {
							"post": [7.5, 0, 0],
							"lerp_mode": "catmullrom"
						},
						"0.3333": {
							"post": [0, 0, 0],
							"lerp_mode": "catmullrom"
						},
						"0.5833": {
							"post": [-12.5, 0, 0],
							"lerp_mode": "catmullrom"
						},
						"1.0417": {
							"post": [-12.5, 0, 0],
							"lerp_mode": "catmullrom"
						},
						"1.375": {
							"post": [2.5, 0, 0],
							"lerp_mode": "catmullrom"
						},
						"1.6667": {
							"post": [0, 0, 0],
							"lerp_mode": "catmullrom"
						}
					}
				},
				"mouth": {
					"rotation": {
						"0.0": {
							"post": [0, 0, 0],
							"lerp_mode": "catmullrom"
						},
						"0.3333": {
							"post": [0, 0, 0],
							"lerp_mode": "catmullrom"
						},
						"0.5833": {
							"post": [45, 0, 0],
							"lerp_mode": "catmullrom"
						},
						"1.0417": {
							"post": [45, 0, 0],
							"lerp_mode": "catmullrom"
						},
						"1.375": {
							"post": [0, 0, 0],
							"lerp_mode": "catmullrom"
						},
						"1.6667": {
							"post": [0, 0, 0],
							"lerp_mode": "catmullrom"
						}
					}
				},
				"tail": {
					"rotation": [0, "0+Math.cos((query.anim_time) * 90 * 4*6) * 3", 0]
				},
				"neck3": {
					"rotation": {
						"0.0": {
							"post": [0, 0, 0],
							"lerp_mode": "catmullrom"
						},
						"0.1667": {
							"post": [7.5, 0, 0],
							"lerp_mode": "catmullrom"
						},
						"1.375": {
							"post": [0, 0, 0],
							"lerp_mode": "catmullrom"
						},
						"1.6667": {
							"post": [0, 0, 0],
							"lerp_mode": "catmullrom"
						}
					}
				},
				"head": {
					"rotation": {
						"0.0": {
							"post": [0, 0, 0],
							"lerp_mode": "catmullrom"
						},
						"0.4583": {
							"post": [-22.5, 0, 0],
							"lerp_mode": "catmullrom"
						},
						"1.0417": {
							"post": [-25, 0, 0],
							"lerp_mode": "catmullrom"
						},
						"1.6667": {
							"post": [0, 0, 0],
							"lerp_mode": "catmullrom"
						}
					}
				}
			},
			"sound_effects": {
				"0.0833": {
					"effect": "pokemon.typenull.cry"
				}
			}
		}
	}
}