{
    "implemented": true,
    "target": "cobblemon:garbodor",   
    "shoulderMountable": false,
    "baseScale": 0.8,
    "hitbox": {
      "width": 3,
      "height": 3,
      "fixed": false
    },
    "drops": {
    "amount": "3",
      "entries": [
        {
          "item": "minecraft:rotten_flesh",
          "quantityRange": "0-3"
        },
        {
          "item": "cobblemon:bluk_berry",
          "percentage": 2.5
        },
        {
          "item": "minecraft:slime_ball",
          "percentage": 33
        }
      ]
    },
    "behaviour": {
      "resting": {
        "canSleep": true,
        "willSleepOnBed": true,
        "depth": "normal",
        "light": "0-4"
      }
    }
   }