{
    "implemented": true,
    "target": "cobblemon:vanillish",   
    "shoulderMountable": false,
    "baseScale": 1,
    "hitbox": {
      "width": 1,
      "height": 2,
      "fixed": false
    },
    "drops": {
    "amount": "3",
      "entries": [
        {
          "item": "minecraft:snowball",
          "quantityRange": "0-3"
        }

      ]
    },
    "behaviour": {
      "resting": {
        "canSleep": true,
        "willSleepOnBed": false,
        "depth": "normal",
        "light": "0-4"
      },
			"fly": {
        "canFly": true
        }
    }
   }