{
  "tiers": [
    {
      "groups": [
        {
          "num_to_select": 2.0,
          "trades": [
            {
              "cost_a": {
                "type": "minecraft:item",
                "functions": [
                  {
                    "add": false,
                    "count": 1.0,
                    "function": "minecraft:set_count"
                  }
                ],
                "name": "lumymon:rock_tome"
              },
              "max_uses": 4.0,
              "price_multiplier": 0.05,
              "result": {
                "type": "minecraft:item",
                "functions": [
                  {
                    "decoration": "minecraft:target_point",
                    "destination": "cobbleverse:hoenn_petra_gym",
                    "function": "minecraft:exploration_map",
                    "search_radius": 50
                  },
                  {
                    "function": "minecraft:set_name",
                    "name": "§7Petra's Gym",
                    "target": "item_name"
                  }
                ],
                "name": "minecraft:map"
              },
              "trader_experience": 5.0
            },
            {
              "cost_a": {
                "type": "minecraft:item",
                "functions": [
                  {
                    "add": false,
                    "count": 1.0,
                    "function": "minecraft:set_count"
                  }
                ],
                "name": "lumymon:fighting_glove"
              },
              "max_uses": 4.0,
              "price_multiplier": 0.05,
              "result": {
                "type": "minecraft:item",
                "functions": [
                  {
                    "decoration": "minecraft:target_point",
                    "destination": "cobbleverse:hoenn_rudi_gym",
                    "function": "minecraft:exploration_map",
                    "search_radius": 50
                  },
                  {
                    "function": "minecraft:set_name",
                    "name": "§6Rudi's Gym",
                    "target": "item_name"
                  }
                ],
                "name": "minecraft:map"
              },
              "trader_experience": 5.0
            }
          ]
        }
      ],
      "total_exp_required": 0
    },
    {
      "groups": [
        {
          "num_to_select": 2.0,
          "trades": [
            {
              "cost_a": {
                "type": "minecraft:item",
                "functions": [
                  {
                    "add": false,
                    "count": 1.0,
                    "function": "minecraft:set_count"
                  }
                ],
                "name": "lumymon:electric_connector"
              },
              "max_uses": 4.0,
              "price_multiplier": 0.05,
              "result": {
                "type": "minecraft:item",
                "functions": [
                  {
                    "decoration": "minecraft:target_point",
                    "destination": "cobbleverse:hoenn_walter_gym",
                    "function": "minecraft:exploration_map",
                    "search_radius": 50
                  },
                  {
                    "function": "minecraft:set_name",
                    "name": "§eWalter's Gym",
                    "target": "item_name"
                  }
                ],
                "name": "minecraft:map"
              },
              "trader_experience": 30.0
            },
            {
              "cost_a": {
                "type": "minecraft:item",
                "functions": [
                  {
                    "add": false,
                    "count": 1.0,
                    "function": "minecraft:set_count"
                  }
                ],
                "name": "lumymon:fire_lighter"
              },
              "max_uses": 4.0,
              "price_multiplier": 0.05,
              "result": {
                "type": "minecraft:item",
                "functions": [
                  {
                    "decoration": "minecraft:target_point",
                    "destination": "cobbleverse:hoenn_fiammetta_gym",
                    "function": "minecraft:exploration_map",
                    "search_radius": 50
                  },
                  {
                    "function": "minecraft:set_name",
                    "name": "§cFiammetta's Gym",
                    "target": "item_name"
                  }
                ],
                "name": "minecraft:map"
              },
              "trader_experience": 30.0
            }
          ]
        }
      ],
      "total_exp_required": 10
    },
    {
      "groups": [
        {
          "num_to_select": 2.0,
          "trades": [
            {
              "cost_a": {
                "type": "minecraft:item",
                "functions": [
                  {
                    "add": false,
                    "count": 1.0,
                    "function": "minecraft:set_count"
                  }
                ],
                "name": "lumymon:normal_tablet"
              },
              "max_uses": 4.0,
              "price_multiplier": 0.05,
              "result": {
                "type": "minecraft:item",
                "functions": [
                  {
                    "decoration": "minecraft:target_point",
                    "destination": "cobbleverse:hoenn_norman_gym",
                    "function": "minecraft:exploration_map",
                    "search_radius": 50
                  },
                  {
                    "function": "minecraft:set_name",
                    "name": "§fNorman's Gym",
                    "target": "item_name"
                  }
                ],
                "name": "minecraft:map"
              },
              "trader_experience": 40.0
            },
            {
              "cost_a": {
                "type": "minecraft:item",
                "functions": [
                  {
                    "add": false,
                    "count": 1.0,
                    "function": "minecraft:set_count"
                  }
                ],
                "name": "lumymon:flying_feather"
              },
              "max_uses": 4.0,
              "price_multiplier": 0.05,
              "result": {
                "type": "minecraft:item",
                "functions": [
                  {
                    "decoration": "minecraft:target_point",
                    "destination": "cobbleverse:hoenn_alice_gym",
                    "function": "minecraft:exploration_map",
                    "search_radius": 50
                  },
                  {
                    "function": "minecraft:set_name",
                    "name": "§bAlice's Gym",
                    "target": "item_name"
                  }
                ],
                "name": "minecraft:map"
              },
              "trader_experience": 40.0
            }
          ]
        }
      ],
      "total_exp_required": 50
    },
    {
      "groups": [
        {
          "num_to_select": 2.0,
          "trades": [
            {
              "cost_a": {
                "type": "minecraft:item",
                "functions": [
                  {
                    "add": false,
                    "count": 1.0,
                    "function": "minecraft:set_count"
                  }
                ],
                "name": "lumymon:psychic_medallion"
              },
              "max_uses": 4.0,
              "price_multiplier": 0.05,
              "result": {
                "type": "minecraft:item",
                "functions": [
                  {
                    "decoration": "minecraft:target_point",
                    "destination": "cobbleverse:hoenn_tell_pat_gym",
                    "function": "minecraft:exploration_map",
                    "search_radius": 50
                  },
                  {
                    "function": "minecraft:set_name",
                    "name": "§5Tell & Pat's Gym",
                    "target": "item_name"
                  }
                ],
                "name": "minecraft:map"
              },
              "trader_experience": 60.0
            },
            {
              "cost_a": {
                "type": "minecraft:item",
                "functions": [
                  {
                    "add": false,
                    "count": 1.0,
                    "function": "minecraft:set_count"
                  }
                ],
                "name": "lumymon:water_rod"
              },
              "max_uses": 4.0,
              "price_multiplier": 0.05,
              "result": {
                "type": "minecraft:item",
                "functions": [
                  {
                    "decoration": "minecraft:target_point",
                    "destination": "cobbleverse:hoenn_adriano_gym",
                    "function": "minecraft:exploration_map",
                    "search_radius": 50
                  },
                  {
                    "function": "minecraft:set_name",
                    "name": "§9Adriano's Gym",
                    "target": "item_name"
                  }
                ],
                "name": "minecraft:map"
              },
              "trader_experience": 60.0
            }
          ]
        }
      ],
      "total_exp_required": 150
    },
    {
      "groups": [
        {
          "num_to_select": 1.0,
          "trades": [
            {
              "cost_a": {
                "type": "minecraft:item",
                "functions": [
                  {
                    "add": false,
                    "count": 1.0,
                    "function": "minecraft:set_count"
                  }
                ],
                "name": "lumymon:steel_hat"
              },
              "max_uses": 4.0,
              "price_multiplier": 0.05,
              "result": {
                "type": "minecraft:item",
                "functions": [
                  {
                    "decoration": "minecraft:target_point",
                    "destination": "cobbleverse:hoenn_league_complex",
                    "function": "minecraft:exploration_map",
                    "search_radius": 100
                  },
                  {
                    "function": "minecraft:set_name",
                    "name": "§2Hoenn League",
                    "target": "item_name"
                  }
                ],
                "name": "minecraft:map"
              },
              "trader_experience": 100.0
            }
          ]
        }
      ],
      "total_exp_required": 250
    }
  ]
}