{
  "species": "cobblemon:terapagos",
  "order": 4,
  "variations": [
    {
      "aspects": [
        "terastal-form"
      ],
      "poser": "cobblemon:terapagos_terastal",
      "model": "cobblemon:terapagos_terastal.geo",
      "texture": "cobblemon:textures/pokemon/1024_terapagos/terapagos_terastal.png",
      "layers": [
        {
          "name": "glow",
          "texture": "cobblemon:textures/pokemon/1024_terapagos/terapagos_terastal.png",
          "emissive": true
        }
      ]
    },
    {
      "aspects": [
        "terastal-form",
        "shiny"
      ],
      "texture": "cobblemon:textures/pokemon/1024_terapagos/terapagos_terastal_shiny.png",
      "layers": [
        {
          "name": "glow",
          "texture": "cobblemon:textures/pokemon/1024_terapagos/terapagos_terastal_shiny.png",
          "emissive": true
        }
      ]
    }
  ]
}