{
  "species": "cobblemon:terapagos",
  "order": 5,
  "variations": [
    {
      "aspects": [
        "stellar-form"
      ],
      "poser": "cobblemon:terapagos_stellar",
      "model": "cobblemon:terapagos_stellar.geo",
      "texture": "cobblemon:textures/pokemon/1024_terapagos/terapagos_stellar.png",
      "layers": [
        {
          "name": "glow",
          "texture": "cobblemon:textures/pokemon/1024_terapagos/terapagos_stellar.png",
          "emissive": true
        },
        {
          "name": "translucent",
          "texture": "cobblemon:textures/pokemon/1024_terapagos/terapagos_stellar_translucent.png",
          "translucent": true,
          "emissive": true
        }
      ]
    },
    {
      "aspects": [
        "stellar-form",
        "shiny"
      ],
      "texture": "cobblemon:textures/pokemon/1024_terapagos/terapagos_stellar_shiny.png",
      "layers": [
        {
          "name": "glow",
          "texture": "cobblemon:textures/pokemon/1024_terapagos/terapagos_stellar_shiny.png",
          "emissive": true
        },
        {
          "name": "translucent",
          "texture": "cobblemon:textures/pokemon/1024_terapagos/terapagos_stellar_translucent.png",
          "translucent": true,
          "emissive": true
        }
      ]
    }
  ]
}