{
  "enabled": true,
  "neededInstalledMods": [],
  "neededUninstalledMods": [],
  "spawns": [
    {
      "id": "deino-1",
      "pokemon": "deino",
      "presets": [
        "natural"
      ],
      "type": "pokemon",
      "context": "grounded",
      "bucket": "uncommon",
      "level": "15-40",
      "weight": 3,
      "condition": {
        "canSeeSky": true,
        "biomes": [
          "#cobblemon:is_spooky"
        ],
        "timeRange": "night"
      }
    },
    {
      "id": "deino-2",
      "pokemon": "deino",
      "presets": [
        "underground"
      ],
      "type": "pokemon",
      "context": "grounded",
      "bucket": "rare",
      "level": "15-45",
      "weight": 10,
      "condition": {
        "canSeeSky": false,
        "biomes": [
          "#cobblemon:is_cave"
        ],
        "anticondition": {
          "biomes": [
            "#cobblemon:is_lush"
          ]
        }
      }
    },
    {
      "id": "deino-3",
      "pokemon": "deino",
      "presets": [
        "natural"
      ],
      "type": "pokemon",
      "context": "grounded",
      "bucket": "uncommon",
      "level": "5-20",
      "weight": 2,
      "condition": {
        "biomes": [
          "#cobblemon:is_mountain"
        ],
        "timeRange": "night"
      }
    },
    {
      "id": "deino-4",
      "pokemon": "deino",
      "presets": [
        "underground"
      ],
      "type": "pokemon",
      "context": "grounded",
      "bucket": "uncommon",
      "level": "15-45",
      "weight": 5,
      "condition": {
        "canSeeSky": false,
        "biomes": [
          "#cobblemon:is_abyss"
        ]
      }
    }
  ]
}