{
  "enabled": true,
  "neededInstalledMods": [],
  "neededUninstalledMods": [],
  "spawns": [
    {
      "id": "hydreigon-1",
      "pokemon": "hydreigon",
      "presets": [
        "natural"
      ],
      "type": "pokemon",
      "context": "grounded",
      "bucket": "ultra-rare",
      "level": "64-70",
      "weight": 1,
      "condition": {
        "canSeeSky": true,
        "biomes": [
          "#cobblemon:is_spooky"
        ],
        "timeRange": "night"
      }
    },
    {
      "id": "hydreigon-2",
      "pokemon": "hydreigon",
      "presets": [
        "underground"
      ],
      "type": "pokemon",
      "context": "grounded",
      "bucket": "ultra-rare",
      "level": "64-70",
      "weight": 1,
      "condition": {
        "canSeeSky": false,
        "biomes": [
          "#cobblemon:is_cave"
        ],
        "anticondition": {
          "biomes": [
            "#cobblemon:is_lush"
          ]
        }
      }
    },
    {
      "id": "hydreigon-3",
      "pokemon": "hydreigon",
      "presets": [
        "natural"
      ],
      "type": "pokemon",
      "context": "grounded",
      "bucket": "ultra-rare",
      "level": "65-70",
      "weight": 1,
      "condition": {
        "biomes": [
          "#cobblemon:is_mountain"
        ],
        "timeRange": "night"
      }
    }
  ]
}