{
  "enabled": true,
  "neededInstalledMods": [],
  "neededUninstalledMods": [],
  "spawns": [
    {
      "id": "shelgon-1",
      "pokemon": "shelgon",
      "presets": [
        "natural"
      ],
      "type": "pokemon",
      "context": "grounded",
      "bucket": "rare",
      "level": "5-29",
      "weight": 10,
      "condition": {
        "canSeeSky": true,
        "biomes": [
          "#cobblemon:is_plateau"
        ]
      }
    },
    {
      "id": "shelgon-2",
      "pokemon": "shelgon",
      "presets": [
        "natural"
      ],
      "type": "pokemon",
      "context": "grounded",
      "bucket": "rare",
      "level": "5-23",
      "weight": 10,
      "condition": {
        "canSeeSky": true,
        "biomes": [
          "#cobblemon:is_mountain"
        ]
      }
    },
    {
      "id": "shelgon-3",
      "pokemon": "shelgon",
      "presets": [
        "natural"
      ],
      "type": "pokemon",
      "context": "grounded",
      "bucket": "uncommon",
      "level": "30-49",
      "weight": 3,
      "condition": {
        "canSeeSky": true,
        "biomes": [
          "#cobblemon:is_mountain"
        ],
        "neededBaseBlocks": [
          "minecraft:stone"
        ]
      }
    }
  ]
}