{
  "enabled": true,
  "neededInstalledMods": [],
  "neededUninstalledMods": [],
  "spawns": [
    {
      "id": "zweilous-1",
      "pokemon": "zweilous",
      "presets": [
        "natural"
      ],
      "type": "pokemon",
      "context": "grounded",
      "bucket": "rare",
      "level": "45-63",
      "weight": 1,
      "condition": {
        "canSeeSky": true,
        "biomes": [
          "#cobblemon:is_spooky"
        ],
        "timeRange": "night"
      }
    },
    {
      "id": "zweilous-2",
      "pokemon": "zweilous",
      "presets": [
        "underground"
      ],
      "type": "pokemon",
      "context": "grounded",
      "bucket": "rare",
      "level": "45-60",
      "weight": 1,
      "condition": {
        "canSeeSky": false,
        "biomes": [
          "#cobblemon:is_cave"
        ],
        "anticondition": {
          "biomes": [
            "#cobblemon:is_lush"
          ]
        }
      }
    },
    {
      "id": "zweilous-3",
      "pokemon": "zweilous",
      "presets": [
        "natural"
      ],
      "type": "pokemon",
      "context": "grounded",
      "bucket": "rare",
      "level": "50-60",
      "weight": 2,
      "condition": {
        "biomes": [
          "#cobblemon:is_mountain"
        ],
        "timeRange": "night"
      }
    }
  ]
}