{
	"format_version": "1.8.0",
	"animations": {
		"animation.audino.pose": {
			"loop": true,
			"bones": {
				"leg_left": {
					"rotation": [0, -15, 0]
				},
				"head": {
					"rotation": [0, 0, 2.5]
				},
				"arm_right": {
					"rotation": [0, 0, 35],
					"position": [-0.74231, 1.52856, 0]
				},
				"arm_front_right": {
					"rotation": [0, 0, -17.5],
					"position": [0.07518, -0.23843, 0]
				},
				"finger": {
					"rotation": [-1.75378, 9.84655, -10.15108]
				},
				"finger3": {
					"rotation": [1.75378, -9.84655, -10.15108]
				},
				"finger2": {
					"rotation": [0, 0, -10]
				},
				"arm_left": {
					"rotation": [0, 0, -35],
					"position": [0.65515, 1.67952, 0]
				},
				"arm_front_left": {
					"rotation": [0, 0, 17.5],
					"position": [-0.09567, -0.23097, 0]
				},
				"finger4": {
					"rotation": [-1.75378, -9.84655, 10.15108]
				},
				"finger5": {
					"rotation": [0, 0, 10]
				},
				"finger6": {
					"rotation": [1.75378, 9.84655, 10.15108]
				},
				"leg_right": {
					"rotation": [0, 15, 0]
				},
				"ear_line_left3": {
					"rotation": [0, 0, 35]
				},
				"ear_line_left2": {
					"rotation": [0, 0, 17.5]
				},
				"ear_line_left": {
					"rotation": [0, 0, 5]
				},
				"ear_line_right": {
					"rotation": [0, 0, -5]
				},
				"ear_line_right2": {
					"rotation": [0, 0, -17.5]
				},
				"ear_line_right3": {
					"rotation": [-3.22214, 2.84053, -34.82363]
				}
			}
		},
		"animation.audino.ground_walk": {
			"animation_length": 1.1667,
			"bones": {
				"leg_left": {
					"rotation": {
						"0.0": {
							"post": [-8.8747, -0.33008, -1.8603],
							"lerp_mode": "catmullrom"
						},
						"0.1667": [-7.12922, -0.0075, -2.6221],
						"0.375": {
							"pre": [22, -2.48, -1.8],
							"post": [22, -2.48, -1.8],
							"lerp_mode": "catmullrom"
						},
						"0.5833": {
							"post": [12.0625, 0, -1.5938],
							"lerp_mode": "catmullrom"
						},
						"0.75": {
							"post": [6.3935, 3.9978, 2.413],
							"lerp_mode": "catmullrom"
						},
						"0.9583": {
							"post": [-15.58, 2, 2.21],
							"lerp_mode": "catmullrom"
						},
						"1.1667": {
							"post": [-8.8747, -0.33008, -1.8603],
							"lerp_mode": "catmullrom"
						}
					},
					"position": {
						"0.0": {
							"post": [0, -0.1, -0.0938],
							"lerp_mode": "catmullrom"
						},
						"0.25": {
							"post": [0, 0.05, -0.76],
							"lerp_mode": "catmullrom"
						},
						"0.5833": {
							"post": [0, -0.1438, -0.5938],
							"lerp_mode": "catmullrom"
						},
						"0.9583": {
							"post": [0, 0.2, -0.9363],
							"lerp_mode": "catmullrom"
						},
						"1.1667": {
							"post": [0, -0.1, -0.0938],
							"lerp_mode": "catmullrom"
						}
					}
				},
				"leg_right": {
					"rotation": {
						"0.0": {
							"post": [6.0625, 0, 1.5938],
							"lerp_mode": "catmullrom"
						},
						"0.1667": {
							"post": [6.3935, -3.9978, -2.413],
							"lerp_mode": "catmullrom"
						},
						"0.375": {
							"post": [-15.58, -1, -1.21],
							"lerp_mode": "catmullrom"
						},
						"0.5833": {
							"post": [-18.8747, 0.33008, 1.8603],
							"lerp_mode": "catmullrom"
						},
						"0.75": [-7.15625, 4.96875, 2],
						"0.9583": {
							"pre": [3, 2.48, 2.8],
							"post": [3, 2.48, 2.8],
							"lerp_mode": "catmullrom"
						},
						"1.1667": {
							"post": [6.0625, 0, 1.5938],
							"lerp_mode": "catmullrom"
						}
					},
					"position": {
						"0.0": {
							"post": [0, -0.1438, 0.59375],
							"lerp_mode": "catmullrom"
						},
						"0.375": {
							"post": [0, 0.02, -0.9363],
							"lerp_mode": "catmullrom"
						},
						"0.5833": {
							"post": [0, -0.5, -1.0938],
							"lerp_mode": "catmullrom"
						},
						"0.8333": {
							"post": [0, 0.05, -0.76],
							"lerp_mode": "catmullrom"
						},
						"1.1667": {
							"post": [0, -0.1438, 0.59375],
							"lerp_mode": "catmullrom"
						}
					}
				},
				"torso": {
					"rotation": [
						"- (math.sin((q.anim_time - 0.1) * 360 / (7/12) ) * 2)",
						"4.9375+(math.cos((q.anim_time - 0.05) * 360 / (7/6) ) * 5)",
						"-1.9376+(math.cos((q.anim_time - 0.1) * 360 / (7/6) ) * 2)"
					]
				},
				"head": {
					"rotation": ["-5 + (math.sin((q.anim_time - 0.3) * 360 / (7/12) ) * 1)", 0, "0-(math.cos((q.anim_time - 0.2) * 360 / (7/6) ) * 2)"]
				},
				"ear_right": {
					"rotation": ["2+Math.cos((query.anim_time) * 90 * 2 - 90) * -2", 0, 0]
				},
				"ear_line_right2": {
					"rotation": [0, 0, -30]
				},
				"ear_left": {
					"rotation": ["0+Math.cos((query.anim_time) * 90 * 2 - 90) * -2", 0, 0]
				},
				"ear_line_left2": {
					"rotation": [0, 0, 42.5]
				},
				"ear_line_left3": {
					"rotation": ["3+Math.cos((query.anim_time) * 90 * 2 - 90) * -4", 0, 0]
				},
				"arm_right": {
					"rotation": [0.65426, "-5.9571+Math.cos((query.anim_time) * 90 * 2 - 90)", 44.97168],
					"position": [-0.74231, 1.52856, 0]
				},
				"arm_front_right": {
					"rotation": ["-5 + (math.sin((q.anim_time - 0.3) * 360 / (7/12) ) * 1)", 0, "-25-(math.cos((q.anim_time - 0.2) * 360 / (7/6) ) * 2)"]
				},
				"arm_left": {
					"rotation": [0.65426, "5.9571+Math.cos((query.anim_time) * 90 * 2 - 90)", -44.97168],
					"position": [0.65515, 1.67952, 0]
				},
				"arm_front_left": {
					"rotation": ["-5 + (math.sin((q.anim_time - 0.3) * 360 / (7/12) ) * 1)", 0, "24-(math.cos((q.anim_time - 0.2) * 360 / (7/6) ) * 2)"]
				}
			}
		},
		"animation.audino.blink": {
			"animation_length": 0.1667,
			"bones": {
				"eye_right": {
					"position": {
						"0.0": [0, 0, 2],
						"0.125": [0, 0, 2],
						"0.1667": [0, 0, 0]
					}
				},
				"eye_left": {
					"position": {
						"0.0": [0, 0, 1],
						"0.125": [0, 0, 1],
						"0.1667": [0, 0, 0]
					}
				}
			}
		},
		"animation.audino.ground_idle": {
			"loop": true,
			"bones": {
				"leg_left": {
					"rotation": ["1.5+Math.cos((query.anim_time) * 90 * 2) * -4", 0, 0],
					"position": [0, 0.6, 0]
				},
				"head": {
					"rotation": ["7.5+Math.cos((query.anim_time) * 90 * 2 - 90) * -1", 0, "0+Math.cos((query.anim_time) * 90 * 1 - 90) * 3"]
				},
				"arm_right": {
					"rotation": [0.65426, "-4.9571+Math.cos((query.anim_time) * 90 * 2 - 90) * 4", 44.97168],
					"position": [-0.74231, 1.52856, 0]
				},
				"arm_front_right": {
					"rotation": [0, 0, "-17.5+Math.cos((query.anim_time) * 90 * 2 - 90) * 4"],
					"position": [0.07518, -0.23843, 0]
				},
				"finger": {
					"rotation": [-1.75378, 9.84655, -10.15108]
				},
				"finger3": {
					"rotation": [1.75378, -9.84655, -10.15108]
				},
				"finger2": {
					"rotation": [0, 0, -10]
				},
				"arm_left": {
					"rotation": [0.65426, "4.9571+Math.cos((query.anim_time) * 90 * 2 - 90) * -4", -44.97168],
					"position": [0.65515, 1.67952, 0]
				},
				"arm_front_left": {
					"rotation": [0, 0, "17.5+Math.cos((query.anim_time) * 90 * 2 - 90) * - 5"],
					"position": [-0.09567, -0.23097, 0]
				},
				"finger4": {
					"rotation": [-1.75378, -9.84655, 10.15108]
				},
				"finger5": {
					"rotation": [0, 0, 10]
				},
				"finger6": {
					"rotation": [1.75378, 9.84655, 10.15108]
				},
				"leg_right": {
					"rotation": ["1.5+Math.cos((query.anim_time) * 90 * 2) * -4", 0, 0],
					"position": [0, 0.6, 0]
				},
				"ear_line_left3": {
					"rotation": [0, 0, 35]
				},
				"ear_line_left2": {
					"rotation": [0, 0, 17.5]
				},
				"ear_line_left": {
					"rotation": ["0+Math.cos((query.anim_time) * 90 * 2 - 90) * 2", 0, 0]
				},
				"ear_line_right": {
					"rotation": [0, 0, -5]
				},
				"ear_line_right2": {
					"rotation": ["10+Math.cos((query.anim_time) * 90 * 2 - 90) * 2", 0, -20]
				},
				"ear_line_right3": {
					"rotation": [-3.22214, 2.84053, -34.82363]
				},
				"body": {
					"position": [0, "-0.8+Math.cos((query.anim_time) * 90 * 2) * 0.19", "0+Math.cos((query.anim_time) * 90 * 2) * -0.1"]
				},
				"leg_front_left": {
					"rotation": ["-2+Math.cos((query.anim_time) * 90 * 2) * 2", 0, 0]
				},
				"leg_front_right": {
					"rotation": ["-2+Math.cos((query.anim_time) * 90 * 2) * 2", 0, 0]
				},
				"torso": {
					"rotation": ["1.5+Math.cos((query.anim_time) * 90 * 2 - 90) * 2", 5, "0+Math.cos((query.anim_time) * 90 * 1) * 2"],
					"position": [0, "0.1+Math.cos((query.anim_time) * 90 * 2) * 0.1", 0]
				},
				"ear_right": {
					"rotation": ["0+Math.cos((query.anim_time) * 90 * 2 - 90) * -6", 0, 0]
				},
				"ear_left": {
					"rotation": ["0+Math.cos((query.anim_time) * 90 * 2 - 90) * -4", 0, 0]
				},
				"tail": {
					"rotation": [0, "-4.9571+Math.cos((query.anim_time) * 90 * 2 - 90) * 4", 0]
				},
				"tail2": {
					"rotation": [0, "0+Math.cos((query.anim_time) * 90 * 2 - 90) * 4", 0]
				}
			}
		}
	}
}