{
  "species": "cobblemon:petilil",
  "order": 3,
  "variations": [
    {
      "aspects": ["region-bias-hisui"],
      "poser": "cobblemon:petilil2",
      "model": "cobblemon:petilil_hisui_bias2.geo",
      "texture": "cobblemon:textures/pokemon/petilil/petilil_hisui_bias.png",
      "layers": [ 
	  {

        }
		]
    },
    {
      "aspects": ["region-bias-hisui","shiny"],
      "texture": "cobblemon:textures/pokemon/petilil/petilil_hisui_bias.png",
      "layers": [
	   {

        }
	  ]
    }
  ]
}