{
  "species": "cobblemon:zygarde",
  "order": 2,
  "variations": [
    {
      "aspects": ["10-percent"],
      "poser": "cobblemon_reanimodel:zygarde_tenpercent",
      "model": "cobblemon_reanimodel:zygarde_tenpercent.geo",
      "texture": "cobblemon_reanimodel:textures/pokemon/zygarde/zygarde_tenpercent.png",
      "layers": [
        {
          "name": "glow",
          "emissive": true,
          "texture": "cobblemon_reanimodel:textures/pokemon/zygarde/zygarde_tenpercent_emissive.png",
          "translucent": false
        },
         {
          "name": "glowlights",
          "emissive": true,
          "texture": {
            "frames": [
              "cobblemon_reanimodel:textures/pokemon/zygarde/tenpercent_lights_1.png",
              "cobblemon_reanimodel:textures/pokemon/zygarde/tenpercent_lights_2.png",
              "cobblemon_reanimodel:textures/pokemon/zygarde/tenpercent_lights_3.png",
              "cobblemon_reanimodel:textures/pokemon/zygarde/tenpercent_lights_4.png",
              "cobblemon_reanimodel:textures/pokemon/zygarde/tenpercent_lights_5.png",
              "cobblemon_reanimodel:textures/pokemon/zygarde/tenpercent_lights_6.png",
              "cobblemon_reanimodel:textures/pokemon/zygarde/tenpercent_lights_7.png",
              "cobblemon_reanimodel:textures/pokemon/zygarde/tenpercent_lights_8.png",
              "cobblemon_reanimodel:textures/pokemon/zygarde/tenpercent_lights_9.png",
              "cobblemon_reanimodel:textures/pokemon/zygarde/tenpercent_lights_10.png",
              "cobblemon_reanimodel:textures/pokemon/zygarde/tenpercent_lights_11.png",
              "cobblemon_reanimodel:textures/pokemon/zygarde/tenpercent_lights_12.png",
              "cobblemon_reanimodel:textures/pokemon/zygarde/tenpercent_lights_13.png",
              "cobblemon_reanimodel:textures/pokemon/zygarde/tenpercent_lights_14.png",
              "cobblemon_reanimodel:textures/pokemon/zygarde/tenpercent_lights_15.png",
              "cobblemon_reanimodel:textures/pokemon/zygarde/tenpercent_lights_16.png"
            ],
            "fps": 5,
            "loop": true,

          "translucent": false
        }
      }
      ]
    },
    {
      "aspects": ["shiny","10-percent"],
      "texture": "cobblemon_reanimodel:textures/pokemon/zygarde/zygarde_tenpercent_shiny.png",
       "layers": [
        {
          "name": "glow",
          "emissive": true,
          "texture": "cobblemon_reanimodel:textures/pokemon/zygarde/zygarde_tenpercent_emissive.png",
          "translucent": false
        },
        {
          "name": "glowlights",
          "emissive": true,
          "texture": {
            "frames": [
              "cobblemon_reanimodel:textures/pokemon/zygarde/tenpercent_lights_1.png",
              "cobblemon_reanimodel:textures/pokemon/zygarde/tenpercent_lights_2.png",
              "cobblemon_reanimodel:textures/pokemon/zygarde/tenpercent_lights_3.png",
              "cobblemon_reanimodel:textures/pokemon/zygarde/tenpercent_lights_4.png",
              "cobblemon_reanimodel:textures/pokemon/zygarde/tenpercent_lights_5.png",
              "cobblemon_reanimodel:textures/pokemon/zygarde/tenpercent_lights_6.png",
              "cobblemon_reanimodel:textures/pokemon/zygarde/tenpercent_lights_7.png",
              "cobblemon_reanimodel:textures/pokemon/zygarde/tenpercent_lights_8.png",
              "cobblemon_reanimodel:textures/pokemon/zygarde/tenpercent_lights_9.png",
              "cobblemon_reanimodel:textures/pokemon/zygarde/tenpercent_lights_10.png",
              "cobblemon_reanimodel:textures/pokemon/zygarde/tenpercent_lights_11.png",
              "cobblemon_reanimodel:textures/pokemon/zygarde/tenpercent_lights_12.png",
              "cobblemon_reanimodel:textures/pokemon/zygarde/tenpercent_lights_13.png",
              "cobblemon_reanimodel:textures/pokemon/zygarde/tenpercent_lights_14.png",
              "cobblemon_reanimodel:textures/pokemon/zygarde/tenpercent_lights_15.png",
              "cobblemon_reanimodel:textures/pokemon/zygarde/tenpercent_lights_16.png"
            ],
            "fps": 5,
            "loop": true,

          "translucent": false
        }
      }
      ]
    }
  ]
}
