{
  "enabled": true,
  "neededInstalledMods": [],
  "neededUninstalledMods": [],
  "spawns": [
    {
      "id": "drampa-1",
      "pokemon": "drampa",
      "presets": [
        "urban"
      ],
      "type": "pokemon",
      "context": "grounded",
      "bucket": "ultra-rare",
      "level": "20-50",
      "weight": 3,
      "condition": {
        "canSeeSky": true
      }
    },
    {
      "id": "drampa-2",
      "pokemon": "drampa",
      "presets": [
        "urban"
      ],
      "type": "pokemon",
      "context": "grounded",
      "bucket": "rare",
      "level": "20-50",
      "weight": 5,
      "condition": {
        "canSeeSky": true,
        "biomes": [
          "#cobblemon:is_hills"
        ]
      }
    }
  ]
}