{
	"format_version": "1.12.0",
	"minecraft:geometry": [
		{
			"description": {
				"identifier": "geometry.enamorus_therian",
				"texture_width": 256,
				"texture_height": 256,
				"visible_bounds_width": 6,
				"visible_bounds_height": 4.5,
				"visible_bounds_offset": [0, 1.75, 0]
			},
			"bones": [
				{
					"name": "enamorus_therian",
					"pivot": [0, 0, 0]
				},
				{
					"name": "body",
					"parent": "enamorus_therian",
					"pivot": [0, 26, 0],
					"cubes": [
						{"origin": [-9, 23, -9.16], "size": [18, 12, 18], "inflate": 0.01, "uv": [0, 0]},
						{"origin": [-1, 22.42, 2.47], "size": [2, 1, 3], "inflate": 0.01, "uv": [72, 25]}
					]
				},
				{
					"name": "legs_front",
					"parent": "body",
					"pivot": [12.5, 24.47, -14.58]
				},
				{
					"name": "leg_front_right",
					"parent": "legs_front",
					"pivot": [10.5, 22, -10.58],
					"rotation": [0, 0, 90]
				},
				{
					"name": "leg_front_right2",
					"parent": "leg_front_right",
					"pivot": [10, 22, -10.58],
					"cubes": [
						{"origin": [7.5, 19.5, -13.08], "size": [8, 5, 5], "uv": [132, 90]}
					]
				},
				{
					"name": "leg_front_right3",
					"parent": "leg_front_right2",
					"pivot": [14, 22.5, -10.08],
					"cubes": [
						{"origin": [12.5, 20, -12.58], "size": [7, 4, 4], "uv": [162, 54]}
					]
				},
				{
					"name": "leg_front_right4",
					"parent": "leg_front_right3",
					"pivot": [18, 22, -10.58],
					"cubes": [
						{"origin": [18.5, 21, -13.58], "size": [4, 2, 6], "uv": [164, 26]}
					]
				},
				{
					"name": "leg_front_right5",
					"parent": "leg_front_right4",
					"pivot": [22, 22, -11.08],
					"cubes": [
						{"origin": [22.5, 22, -14.08], "size": [4, 0, 7], "uv": [162, 82]}
					]
				},
				{
					"name": "leg_front_left",
					"parent": "legs_front",
					"pivot": [-10.5, 22, -10.58],
					"rotation": [0, 0, -90]
				},
				{
					"name": "leg_front_left2",
					"parent": "leg_front_left",
					"pivot": [-10, 22, -10.58],
					"cubes": [
						{"origin": [-15.5, 19.5, -13.08], "size": [8, 5, 5], "uv": [132, 90], "mirror": true}
					]
				},
				{
					"name": "leg_front_left3",
					"parent": "leg_front_left2",
					"pivot": [-14, 22.5, -10.08],
					"cubes": [
						{"origin": [-19.5, 20, -12.58], "size": [7, 4, 4], "uv": [162, 54], "mirror": true}
					]
				},
				{
					"name": "leg_front_left4",
					"parent": "leg_front_left3",
					"pivot": [-18, 22, -10.58],
					"cubes": [
						{"origin": [-22.5, 21, -13.58], "size": [4, 2, 6], "uv": [164, 26], "mirror": true}
					]
				},
				{
					"name": "leg_front_left5",
					"parent": "leg_front_left4",
					"pivot": [-22, 22, -11.08],
					"cubes": [
						{"origin": [-26.5, 22, -14.08], "size": [4, 0, 7], "uv": [162, 82], "mirror": true}
					]
				},
				{
					"name": "legs_back",
					"parent": "body",
					"pivot": [0, 22, 12.5]
				},
				{
					"name": "leg_back_right",
					"parent": "legs_back",
					"pivot": [9.5, 24.47, 10.8],
					"cubes": [
						{"origin": [7.5, 15.81, 7.5], "size": [5, 10, 6], "uv": [154, 147]}
					]
				},
				{
					"name": "leg_back_right2",
					"parent": "leg_back_right",
					"pivot": [9.5, 16.11, 8],
					"cubes": [
						{"origin": [8, 8.23, 7.91], "size": [4, 8, 5], "uv": [80, 159]}
					]
				},
				{
					"name": "leg_back_right3",
					"parent": "leg_back_right2",
					"pivot": [10, 8.585, 10.91],
					"cubes": [
						{"origin": [7, 4.23, 9.91], "size": [6, 5, 2], "uv": [98, 168]}
					]
				},
				{
					"name": "leg_back_right4",
					"parent": "leg_back_right3",
					"pivot": [10, 4.44, 10.91],
					"cubes": [
						{"origin": [6.5, -0.06, 10.91], "size": [7, 5, 0], "uv": [128, 168]}
					]
				},
				{
					"name": "leg_back_left",
					"parent": "legs_back",
					"pivot": [-9.5, 24.47, 10.8],
					"cubes": [
						{"origin": [-12.5, 15.81, 7.5], "size": [5, 10, 6], "uv": [154, 147], "mirror": true}
					]
				},
				{
					"name": "leg_back_left2",
					"parent": "leg_back_left",
					"pivot": [-9.5, 16.11, 8],
					"cubes": [
						{"origin": [-12, 8.23, 7.91], "size": [4, 8, 5], "uv": [80, 159], "mirror": true}
					]
				},
				{
					"name": "leg_back_left3",
					"parent": "leg_back_left2",
					"pivot": [-10, 8.585, 10.91],
					"cubes": [
						{"origin": [-13, 4.23, 9.91], "size": [6, 5, 2], "uv": [98, 168], "mirror": true}
					]
				},
				{
					"name": "leg_back_left4",
					"parent": "leg_back_left3",
					"pivot": [-10, 4.44, 10.91],
					"cubes": [
						{"origin": [-13.5, -0.06, 10.91], "size": [7, 5, 0], "uv": [128, 168], "mirror": true}
					]
				},
				{
					"name": "cloud",
					"parent": "body",
					"pivot": [1.5, 31.87, -11],
					"cubes": [
						{"origin": [-5, 23.7, -15], "size": [10, 11, 10], "uv": [86, 101]},
						{"origin": [5, 23, -14], "size": [9, 11, 8], "uv": [40, 118]},
						{"origin": [-7.5, 21.96, -16.59], "size": [15, 11, 8], "uv": [42, 80]},
						{"origin": [-14, 23, -14], "size": [9, 11, 8], "uv": [74, 122]},
						{"origin": [-7.5, 22.42, 8.7], "size": [15, 12, 7], "uv": [88, 63]},
						{"origin": [6.75, 23.56, 6], "size": [7, 10, 8], "uv": [132, 54]},
						{"origin": [-13.75, 23.56, 6], "size": [7, 10, 8], "uv": [132, 72]},
						{"origin": [9, 21.56, -7], "size": [7, 11, 14], "uv": [0, 30]},
						{"origin": [-16, 21.56, -7], "size": [7, 11, 14], "uv": [42, 30]}
					]
				},
				{
					"name": "cloud_tail",
					"parent": "cloud",
					"pivot": [0, 28.13, 15],
					"cubes": [
						{"origin": [-4.5, 25.13, 12], "size": [9, 6, 8], "uv": [130, 40]},
						{"origin": [-4.5, 25.13, 12], "size": [9, 6, 8], "inflate": 0.2, "uv": [142, 120]},
						{"origin": [-4.5, 25.13, 12], "size": [9, 6, 8], "inflate": 0.4, "uv": [0, 145]}
					]
				},
				{
					"name": "cloud_tail2",
					"parent": "cloud_tail",
					"pivot": [0, 28.13, 20],
					"cubes": [
						{"origin": [-3, 26.13, 18], "size": [6, 4, 5], "uv": [98, 159]},
						{"origin": [-3, 26.13, 18], "size": [6, 4, 5], "inflate": 0.2, "uv": [120, 159]},
						{"origin": [-3, 26.13, 18], "size": [6, 4, 5], "inflate": 0.4, "uv": [160, 101]}
					]
				},
				{
					"name": "cloud_tail3",
					"parent": "cloud_tail2",
					"pivot": [0, 27.63, 22.78],
					"cubes": [
						{"origin": [-1.5, 26.13, 22], "size": [3, 3, 7], "uv": [162, 62]},
						{"origin": [-1.5, 26.13, 22], "size": [3, 3, 7], "inflate": 0.2, "uv": [162, 72]},
						{"origin": [-1.5, 26.13, 22], "size": [3, 3, 7], "inflate": 0.4, "uv": [142, 163]}
					]
				},
				{
					"name": "cloud_tail4",
					"parent": "cloud_tail3",
					"pivot": [0, 27.63, 28.99],
					"cubes": [
						{"origin": [0, 26.06, 28], "size": [0, 5, 10], "uv": [0, 159]}
					]
				},
				{
					"name": "cloud_mid",
					"parent": "cloud",
					"pivot": [2.5, 30.96, -19.59],
					"cubes": [
						{"origin": [-13.75, 23.56, 6], "size": [7, 10, 8], "inflate": 0.2, "uv": [34, 137]},
						{"origin": [-16, 21.56, -7], "size": [7, 11, 14], "inflate": 0.2, "uv": [0, 55]},
						{"origin": [9, 21.56, -7], "size": [7, 11, 14], "inflate": 0.2, "uv": [42, 55]},
						{"origin": [6.75, 23.56, 6], "size": [7, 10, 8], "inflate": 0.2, "uv": [64, 141]},
						{"origin": [-7.5, 22.42, 8.7], "size": [15, 12, 7], "inflate": 0.2, "uv": [88, 82]},
						{"origin": [-14, 23, -14], "size": [9, 11, 8], "inflate": 0.2, "uv": [108, 122]},
						{"origin": [5, 23, -14], "size": [9, 11, 8], "inflate": 0.2, "uv": [0, 126]},
						{"origin": [-5, 23.7, -15], "size": [10, 11, 10], "inflate": 0.2, "uv": [0, 105]},
						{"origin": [-7.5, 21.96, -16.59], "size": [15, 11, 8], "inflate": 0.2, "uv": [84, 25]}
					]
				},
				{
					"name": "cloud_out",
					"parent": "cloud",
					"pivot": [2.5, 30.96, -19.59],
					"cubes": [
						{"origin": [-13.75, 23.56, 6], "size": [7, 10, 8], "inflate": 0.5, "uv": [94, 141]},
						{"origin": [-16, 21.56, -7], "size": [7, 11, 14], "inflate": 0.5, "uv": [72, 0]},
						{"origin": [9, 21.56, -7], "size": [7, 11, 14], "inflate": 0.5, "uv": [0, 80]},
						{"origin": [6.75, 23.56, 6], "size": [7, 10, 8], "inflate": 0.5, "uv": [124, 141]},
						{"origin": [-7.5, 22.42, 8.7], "size": [15, 12, 7], "inflate": 0.5, "uv": [42, 99]},
						{"origin": [-14, 23, -14], "size": [9, 11, 8], "inflate": 0.5, "uv": [126, 101]},
						{"origin": [5, 23, -14], "size": [9, 11, 8], "inflate": 0.5, "uv": [130, 21]},
						{"origin": [-5, 23.7, -15], "size": [10, 11, 10], "inflate": 0.5, "uv": [114, 0]},
						{"origin": [-7.5, 21.96, -16.59], "size": [15, 11, 8], "inflate": 0.5, "uv": [84, 44]}
					]
				},
				{
					"name": "neck",
					"parent": "body",
					"pivot": [0, 28, -15.1],
					"cubes": [
						{"origin": [-3, 25.5, -17.6], "size": [6, 5, 5], "uv": [58, 159]}
					]
				},
				{
					"name": "neck2",
					"parent": "neck",
					"pivot": [0, 28, -16.6],
					"cubes": [
						{"origin": [-2, 26, -23.6], "size": [4, 4, 8], "uv": [34, 155]}
					]
				},
				{
					"name": "head",
					"parent": "neck2",
					"pivot": [0, 28, -22.6],
					"cubes": [
						{"origin": [-2.5, 25.5, -25.6], "size": [5, 5, 3], "uv": [164, 43]}
					]
				},
				{
					"name": "head2",
					"parent": "head",
					"pivot": [0, 28.83333, -23.93333],
					"cubes": [
						{"origin": [0.49, 30.18, -33.77], "size": [1, 1, 1], "inflate": -0.1, "uv": [84, 69]},
						{"origin": [0.69, 30.11, -31.77], "size": [1, 1, 1], "uv": [84, 71]},
						{"origin": [-1.49, 30.18, -33.77], "size": [1, 1, 1], "inflate": -0.1, "uv": [84, 73]},
						{"origin": [-1.69, 30.11, -31.77], "size": [1, 1, 1], "uv": [84, 75]},
						{"origin": [-3, 24, -33.6], "size": [6, 7, 9], "uv": [154, 0]},
						{"origin": [-1, 27.86, -33.6], "size": [2, 2, 1], "inflate": 0.021, "uv": [34, 126]},
						{"origin": [1.84, 26.41, -33.61], "size": [1, 1, 1], "uv": [130, 120]},
						{"origin": [-2.84, 26.41, -33.61], "size": [1, 1, 1], "uv": [130, 120], "mirror": true}
					]
				},
				{
					"name": "mouth",
					"parent": "head2",
					"pivot": [0, 26.31431, -33.60761],
					"cubes": [
						{"origin": [-1.5, 24.64, -35.6], "size": [3, 3, 4], "pivot": [0, 26.14, -35.6], "rotation": [5, 0, 0], "uv": [20, 159]}
					]
				},
				{
					"name": "mouth2",
					"parent": "mouth",
					"pivot": [0, 26.14, -35.6],
					"cubes": [
						{"origin": [-1, 25.14, -39.6], "size": [2, 2, 4], "pivot": [0, 26.14, -35.6], "rotation": [3.54002, -3.53329, 44.89078], "uv": [142, 134]}
					]
				},
				{
					"name": "cloud_hair",
					"parent": "head2",
					"pivot": [0, 30.87, -27.1],
					"cubes": [
						{"origin": [-1, 30.21, -28.1], "size": [2, 2, 2], "uv": [122, 21]},
						{"origin": [0, 30.87, -27.1], "size": [10, 10, 0], "pivot": [0, 30.87, -27.1], "rotation": [0, 5, -7.5], "uv": [160, 110]},
						{"origin": [-10, 30.87, -27.1], "size": [10, 10, 0], "pivot": [0, 30.87, -27.1], "rotation": [0, -5, 7.5], "uv": [160, 110], "mirror": true}
					]
				},
				{
					"name": "eyes",
					"parent": "head2",
					"pivot": [2, 21.68, -30.6]
				},
				{
					"name": "eye_left",
					"parent": "eyes",
					"pivot": [-2, 21.68, -30.6],
					"cubes": [
						{"origin": [-1.24, 27.86, -33.6], "size": [1, 1, 1], "inflate": 0.02, "uv": [82, 118]},
						{"origin": [-3, 28.7, -33.6], "size": [1, 1, 3], "inflate": 0.011, "uv": [74, 118]},
						{"origin": [-2.28, 28.86, -33.6], "size": [1, 1, 1], "inflate": 0.02, "uv": [82, 120]},
						{"origin": [-3, 27.86, -33.6], "size": [2, 1, 2], "inflate": 0.01, "uv": [154, 16]}
					]
				},
				{
					"name": "eye_left_lid",
					"parent": "eye_left",
					"pivot": [-1.9, 28.78, -32.14],
					"cubes": [
						{"origin": [-2.9, 28.7, -33.39], "size": [2, 1, 3], "inflate": 0.029, "uv": [190, 4], "mirror": true},
						{"origin": [-2.9, 27.86, -33.39], "size": [2, 1, 2], "inflate": 0.03, "uv": [203, 5], "mirror": true}
					]
				},
				{
					"name": "eye_left2",
					"parent": "eye_left",
					"pivot": [-2.06, 28.725, -33.11],
					"cubes": [
						{"origin": [-2.56, 27.96, -33.61], "size": [1, 1, 1], "inflate": 0.013, "uv": [126, 120]},
						{"origin": [-2.56, 28.49, -33.61], "size": [1, 1, 1], "inflate": 0.014, "uv": [34, 129]}
					]
				},
				{
					"name": "eye_right",
					"parent": "eyes",
					"pivot": [2, 21.68, -30.6],
					"cubes": [
						{"origin": [0.24, 27.86, -33.6], "size": [1, 1, 1], "inflate": 0.02, "uv": [84, 67]},
						{"origin": [2, 28.7, -33.6], "size": [1, 1, 3], "inflate": 0.011, "uv": [114, 21]},
						{"origin": [1.28, 28.86, -33.6], "size": [1, 1, 1], "inflate": 0.02, "uv": [84, 77]},
						{"origin": [1, 27.86, -33.6], "size": [2, 1, 2], "inflate": 0.01, "uv": [64, 137]}
					]
				},
				{
					"name": "eye_right_lid",
					"parent": "eye_right",
					"pivot": [1.9, 28.78, -32.14],
					"cubes": [
						{"origin": [0.9, 28.7, -33.39], "size": [2, 1, 3], "inflate": 0.029, "uv": [190, 4]},
						{"origin": [0.9, 27.86, -33.39], "size": [2, 1, 2], "inflate": 0.03, "uv": [203, 5]}
					]
				},
				{
					"name": "eye_right2",
					"parent": "eye_right",
					"pivot": [2.06, 28.725, -33.11],
					"cubes": [
						{"origin": [1.56, 27.96, -33.61], "size": [1, 1, 1], "inflate": 0.013, "uv": [84, 63]},
						{"origin": [1.56, 28.49, -33.61], "size": [1, 1, 1], "inflate": 0.014, "uv": [84, 65]}
					]
				},
				{
					"name": "sneak2",
					"parent": "body",
					"pivot": [0, 34, 0]
				},
				{
					"name": "sneak",
					"parent": "sneak2",
					"pivot": [-10, 37, 92]
				},
				{
					"name": "bone16",
					"parent": "sneak",
					"pivot": [2, 33.5, 90.16],
					"cubes": [
						{"origin": [-2, 31.5, 90.16], "size": [4, 4, 7], "inflate": 0.02, "uv": [202, 90]}
					]
				},
				{
					"name": "bone15",
					"parent": "bone16",
					"pivot": [2, 33.5, 97.16],
					"cubes": [
						{"origin": [-2, 31.5, 97.16], "size": [4, 4, 7], "inflate": 0.018, "uv": [202, 101]}
					]
				},
				{
					"name": "bone7",
					"parent": "bone15",
					"pivot": [2, 33.5, 104.16],
					"cubes": [
						{"origin": [-2, 31.5, 104.16], "size": [4, 4, 7], "inflate": 0.016, "uv": [202, 68]}
					]
				},
				{
					"name": "bone8",
					"parent": "bone7",
					"pivot": [2, 33.5, 111.16],
					"cubes": [
						{"origin": [-2, 31.5, 111.16], "size": [4, 4, 7], "inflate": 0.014, "uv": [180, 68]}
					]
				},
				{
					"name": "bone9",
					"parent": "bone8",
					"pivot": [2, 33.5, 118.16],
					"cubes": [
						{"origin": [-2, 31.5, 118.16], "size": [4, 4, 6], "inflate": 0.012, "uv": [164, 16]}
					]
				},
				{
					"name": "bone20",
					"parent": "bone9",
					"pivot": [2, 33.5, 124.16],
					"cubes": [
						{"origin": [-2, 31.5, 124.16], "size": [4, 4, 6], "inflate": 0.01, "uv": [184, 16]}
					]
				},
				{
					"name": "bone10",
					"parent": "bone20",
					"pivot": [1.5, 33.5, 130.16],
					"cubes": [
						{"origin": [-1.5, 32, 130.16], "size": [3, 3, 6], "inflate": 0.2, "uv": [182, 43]}
					]
				},
				{
					"name": "bone11",
					"parent": "bone10",
					"pivot": [1.5, 33.5, 136.16],
					"cubes": [
						{"origin": [-1.5, 32, 136.16], "size": [3, 3, 5], "inflate": 0.02, "uv": [20, 175]}
					]
				},
				{
					"name": "bone22",
					"parent": "bone11",
					"pivot": [1.5, 33.5, 141.16],
					"cubes": [
						{"origin": [-1.5, 32, 141.16], "size": [3, 3, 5], "inflate": 0.018, "uv": [20, 167]}
					]
				},
				{
					"name": "bone21",
					"parent": "bone22",
					"pivot": [1.5, 33.5, 146.16],
					"cubes": [
						{"origin": [-1.5, 32, 146.16], "size": [3, 3, 5], "inflate": 0.016, "uv": [4, 183]}
					]
				},
				{
					"name": "bone24",
					"parent": "bone21",
					"pivot": [1.5, 33.5, 151.16],
					"cubes": [
						{"origin": [-1.5, 32, 151.16], "size": [3, 3, 5], "inflate": 0.014, "uv": [20, 183]}
					]
				},
				{
					"name": "bone23",
					"parent": "bone24",
					"pivot": [1.5, 33.5, 156.16],
					"cubes": [
						{"origin": [-1.5, 32, 156.16], "size": [3, 3, 5], "inflate": 0.012, "uv": [4, 175]}
					]
				},
				{
					"name": "bone25",
					"parent": "bone23",
					"pivot": [1.5, 33.5, 161.16],
					"cubes": [
						{"origin": [-1.5, 32, 161.16], "size": [3, 3, 5], "inflate": 0.01, "uv": [4, 191]}
					]
				},
				{
					"name": "bone12",
					"parent": "bone25",
					"pivot": [0, 33.5, 166.16],
					"cubes": [
						{"origin": [-1, 32.5, 165.16], "size": [2, 2, 8], "inflate": 0.01, "uv": [50, 175]}
					]
				},
				{
					"name": "bone13",
					"parent": "bone12",
					"pivot": [0, 33.5, 171.16],
					"cubes": [
						{"origin": [-2.5, 32, 171.16], "size": [5, 5, 8], "inflate": 0.01, "uv": [154, 134]},
						{"origin": [-1, 32.69, 178.16], "size": [2, 1, 1], "inflate": 0.011, "uv": [176, 133]}
					]
				},
				{
					"name": "bone19",
					"parent": "sneak",
					"pivot": [2, 33.5, 90.16],
					"cubes": [
						{"origin": [-2, 31.5, 83.16], "size": [4, 4, 7], "inflate": 0.022, "uv": [202, 112]}
					]
				},
				{
					"name": "bone18",
					"parent": "bone19",
					"pivot": [2, 33.5, 83.16],
					"cubes": [
						{"origin": [-2, 31.5, 76.16], "size": [4, 4, 7], "inflate": 0.024, "uv": [202, 79]}
					]
				},
				{
					"name": "bone17",
					"parent": "bone18",
					"pivot": [2, 33.5, 76.16],
					"cubes": [
						{"origin": [-2, 31.5, 69.16], "size": [4, 4, 7], "inflate": 0.026, "uv": [180, 79]}
					]
				},
				{
					"name": "bone",
					"parent": "bone17",
					"pivot": [2, 33.5, 69.16],
					"cubes": [
						{"origin": [-2, 31.5, 62.16], "size": [4, 4, 7], "inflate": 0.028, "uv": [158, 90]}
					]
				},
				{
					"name": "bone2",
					"parent": "bone",
					"pivot": [2, 33.5, 62.16],
					"cubes": [
						{"origin": [-2, 31.5, 55.16], "size": [4, 4, 7], "inflate": 0.03, "uv": [180, 90]}
					]
				},
				{
					"name": "bone14",
					"parent": "bone2",
					"pivot": [1.51, 33.5, 55.66],
					"cubes": [
						{"origin": [-1.5, 32, 48.16], "size": [3, 3, 7], "inflate": 0.2, "uv": [182, 163]}
					]
				},
				{
					"name": "bone3",
					"parent": "bone14",
					"pivot": [1.5, 33.5, 48.17],
					"cubes": [
						{"origin": [-1.5, 32, 41.16], "size": [3, 3, 7], "inflate": 0.01, "uv": [162, 163]}
					]
				},
				{
					"name": "bone4",
					"parent": "bone3",
					"pivot": [1.5, 33.5, 41.16],
					"cubes": [
						{"origin": [-1.5, 32, 35.16], "size": [3, 3, 6], "inflate": 0.008, "uv": [182, 34]}
					]
				},
				{
					"name": "bone5",
					"parent": "bone4",
					"pivot": [1.5, 33.5, 35.16],
					"cubes": [
						{"origin": [-1.5, 32, 29.16], "size": [3, 3, 6], "inflate": 0.006, "uv": [164, 34]}
					]
				},
				{
					"name": "bone6",
					"parent": "bone5",
					"pivot": [0, 33.5, 29.16],
					"cubes": [
						{"origin": [-1, 32.5, 25.16], "size": [2, 2, 5], "inflate": 0.01, "uv": [114, 168]}
					]
				}
			]
		}
	]
}