{
	"format_version": "1.8.0",
	"animations": {
		"animation.mewtwo.ground_idle": {
			"loop": true,
			"bones": {
				"tail": {
					"rotation": [0, "0-math.sin(q.anim_time*90*1+45)*4", 0]
				},
				"tail2": {
					"rotation": ["0+math.sin(q.anim_time*90*2+45)*4", "0+math.sin(q.anim_time*90*1+120)*12", 0]
				},
				"tail3": {
					"rotation": ["0+math.sin(q.anim_time*90*2+45)*4", "0+math.sin(q.anim_time*90*1+120)*20", 0]
				},
				"tail4": {
					"rotation": ["0-math.sin(q.anim_time*90*2+120)*8", "0+math.sin(q.anim_time*90*1+45)*25", 0]
				},
				"tail5": {
					"rotation": ["0-math.sin(q.anim_time*90*2+120)*8", "0+math.sin(q.anim_time*90*1+45)*18", 0]
				},
				"tail6": {
					"rotation": ["0-math.sin(q.anim_time*90*2+45)*15", "0-math.sin(q.anim_time*90*1+150)*25", 0]
				},
				"leftarm": {
					"rotation": [15, -10, 50]
				},
				"leftforearm": {
					"rotation": [0, 45, 0]
				},
				"lefthand": {
					"rotation": [0, 0, 15]
				},
				"finger4": {
					"rotation": [0, 0, 27.5]
				},
				"finger5": {
					"rotation": [0, 0, 30]
				},
				"finger6": {
					"rotation": [0, 0, 25]
				},
				"rightarm": {
					"rotation": [15, 10, -50]
				},
				"rightforearm": {
					"rotation": [0, -45, 0]
				},
				"righthand": {
					"rotation": [0, 0, -15]
				},
				"finger": {
					"rotation": [0, 0, -27.5]
				},
				"finger2": {
					"rotation": [0, 0, -30]
				},
				"finger3": {
					"rotation": [0, 0, -25]
				},
				"arm_left": {
					"rotation": [15.793, -8.6717, "45.1148040622-math.sin(q.anim_time*90*2-120)*1"]
				},
				"arm_left2": {
					"rotation": [0, 45, "0-math.sin(q.anim_time*90*2-120)*1"]
				},
				"hand_left": {
					"rotation": [0, 0, 15]
				},
				"finger_left": {
					"rotation": [0, 0, "12.5-math.sin(q.anim_time*90*2-120)*4"]
				},
				"finger_left2": {
					"rotation": [0, "-12.5-math.sin(q.anim_time*90*2-120)*4", 22.5]
				},
				"finger_left3": {
					"rotation": [0, "12.5+math.sin(q.anim_time*90*2-120)*4", 22.5]
				},
				"arm_right": {
					"rotation": [15.793, 8.6717, "-45.1148+math.sin(q.anim_time*90*2-120)*1"]
				},
				"arm_right2": {
					"rotation": [0, -45, "0+math.sin(q.anim_time*90*2-120)*1"]
				},
				"hand_right": {
					"rotation": [0, 0, -15]
				},
				"finger_right": {
					"rotation": [0, 0, "-12.5+math.sin(q.anim_time*90*2-120)*4"]
				},
				"finger_right2": {
					"rotation": [0, "12.5+math.sin(q.anim_time*90*2-120)*4", -22.5]
				},
				"finger_right3": {
					"rotation": [0, "-12.5-math.sin(q.anim_time*90*2-120)*4", -22.5]
				},
				"tail8": {
					"rotation": ["0-math.sin(q.anim_time*90*2+45)*15", "0-math.sin(q.anim_time*90*1+150)*25", 0]
				},
				"tail9": {
					"rotation": ["0+math.sin(q.anim_time*90*2+150)*15", "0-math.sin(q.anim_time*90*1+90)*30", 0]
				},
				"torso": {
					"rotation": ["0+math.sin(q.anim_time*90*2+45)*0.5", "0+math.sin(q.anim_time*90*2+120)*0.5", 0],
					"position": [0, "0-math.sin(q.anim_time*90*2+120)*0.1", 0]
				},
				"torso2": {
					"rotation": ["0+math.sin(q.anim_time*90*2-45)*1", 0, 0]
				},
				"neck": {
					"rotation": ["0-math.sin(q.anim_time*90*2-45)*1", 0, 0]
				},
				"leg_right": {
					"rotation": ["3.6164415731+math.sin(q.anim_time*90*2+90)*2", 19.6835, 10.62758]
				},
				"leg_right2": {
					"rotation": ["22.0181641295-math.sin(q.anim_time*90*2+90)*3", 4.75113, -11.57518],
					"position": ["0+math.sin(q.anim_time*90*2+90)*0.025", 1, "0+math.sin(q.anim_time*90*2+90)*0.025"]
				},
				"foot_right": {
					"position": [0, 0.5, 0]
				},
				"foot_right2": {
					"rotation": ["0+math.sin(q.anim_time*90*2+90)*1", "0-math.sin(q.anim_time*90*2+90)*0.6", 0]
				},
				"toe_right": {
					"rotation": [-23.50771, -5.27486, "- 9.1928456562"]
				},
				"toe_left": {
					"rotation": [-22.72854, 3.90875, 6.95879]
				},
				"leg_left": {
					"rotation": ["3.6164415731+math.sin(q.anim_time*90*2+90)*2", -19.6835, -10.62758]
				},
				"leg_left2": {
					"rotation": ["22.0181641295-math.sin(q.anim_time*90*2+90)*3", -4.75113, 11.57518],
					"position": ["0-math.sin(q.anim_time*90*2+90)*0.025", 1, "0+math.sin(q.anim_time*90*2+90)*0.025"]
				},
				"foot_left": {
					"position": [0, 0.5, 0]
				},
				"foot_left2": {
					"rotation": ["0+math.sin(q.anim_time*90*2+90)*1", "0+math.sin(q.anim_time*90*2+90)*0.6", 0]
				},
				"toe_right2": {
					"rotation": [-23.50771, 5.27486, 9.19285]
				},
				"toe_left2": {
					"rotation": [-22.72854, -3.90875, -6.95879]
				}
			}
		},
		"animation.mewtwo.battle_idle": {
			"loop": true,
			"bones": {
				"body": {
					"rotation": [0, -45, 0]
				},
				"torso": {
					"rotation": ["-7.5-math.sin(q.anim_time*90*4-120)*1.5", 0, 0],
					"position": [0, "0-math.sin(q.anim_time*90*4+120)*0.1", 0]
				},
				"torso2": {
					"rotation": ["-2.4904987465+math.sin(q.anim_time*90*4-45)*1", 0.21782, 4.99527]
				},
				"neck": {
					"rotation": ["5-math.sin(q.anim_time*90*4-45)*1", 0, 0]
				},
				"head": {
					"rotation": [24.3421, 10.93239, -2.30059]
				},
				"arm_left": {
					"rotation": [0, 0, "15+math.sin(q.anim_time*90*4-45)*1"]
				},
				"arm_left2": {
					"rotation": [0.88045, 9.96156, "5.0767330166+math.sin(q.anim_time*90*4-45)*1"]
				},
				"hand_left": {
					"rotation": [0.21865, 4.99523, "-15.0547011287+math.sin(q.anim_time*90*4+150)*1"],
					"position": [-0.5, 0, 0]
				},
				"finger_left": {
					"rotation": [0, 0, -30]
				},
				"finger_left2": {
					"rotation": [0, -30, 0]
				},
				"finger_left3": {
					"rotation": [-2.5, 30, 0]
				},
				"arm_right": {
					"rotation": [-89.64876, 0.00766, "-10.0245372988-math.sin(q.anim_time*90*4-45)*1"]
				},
				"arm_right2": {
					"rotation": [0, "-55-math.sin(q.anim_time*90*4-45)*1", 0]
				},
				"hand_right": {
					"rotation": [11.14843, -22.52101, "-27.2264352139+math.sin(q.anim_time*90*4+150)*1"],
					"position": [0.5, 0, 0]
				},
				"finger_right": {
					"rotation": [0, 0, -15]
				},
				"finger_right2": {
					"rotation": [0, 20, -40]
				},
				"finger_right3": {
					"rotation": [0, -20, -40]
				},
				"tail": {
					"rotation": ["15+math.sin(q.anim_time*90*4+120)*1", 0, 0]
				},
				"tail2": {
					"rotation": ["15+math.sin(q.anim_time*90*4+45)*2", 0, 0]
				},
				"tail3": {
					"rotation": ["20+math.sin(q.anim_time*90*4+45)*2", 0, 0]
				},
				"tail4": {
					"rotation": ["20-math.sin(q.anim_time*90*4+150)*2", 0, 0]
				},
				"tail5": {
					"rotation": [0, "-10-math.sin(q.anim_time*90*4+150)*2", 0]
				},
				"tail6": {
					"rotation": ["0-math.sin(q.anim_time*90*4+90)*4", -40, 0]
				},
				"tail8": {
					"rotation": ["0-math.sin(q.anim_time*90*4+90)*4", -25, 0]
				},
				"tail9": {
					"rotation": ["0-math.sin(q.anim_time*90*4+120)*4", -45, 0]
				},
				"leg_right": {
					"rotation": ["0+math.sin(q.anim_time*90*4+90)*2", 0, 20]
				},
				"leg_right2": {
					"rotation": ["20-math.sin(q.anim_time*90*4+90)*3", 0, 0]
				},
				"foot_right": {
					"rotation": [-1.54822, 22.24218, -26.38395],
					"position": [0, -0.5, 0]
				},
				"foot_right2": {
					"rotation": ["-17.50+math.sin(q.anim_time*90*4+90)*1", "0+math.sin(q.anim_time*90*4+90)*0.5", 0]
				},
				"leg_left": {
					"rotation": ["3.9671308007+math.sin(q.anim_time*90*4+90)*2", -14.47751, -15.50409]
				},
				"leg_left2": {
					"rotation": ["25-math.sin(q.anim_time*90*4+90)*3", 0, 0],
					"position": [0, 0.5, 0]
				},
				"foot_left": {
					"rotation": [0, 0, 15],
					"position": [0.1, 0.75, 0]
				},
				"foot_left2": {
					"rotation": ["0+math.sin(q.anim_time*90*4+90)*1", "0-math.sin(q.anim_time*90*4+90)*0.5", 0]
				},
				"toe_right2": {
					"rotation": [-24.83222, 4.7871, 12.51729]
				},
				"toe_left2": {
					"rotation": [-23.97045, -3.75412, -10.08303]
				}
			}
		},
		"animation.mewtwo.air_idle": {
			"loop": true,
			"bones": {
				"tail": {
					"rotation": [5.04292, 7.4713, 0.6574]
				},
				"tail2": {
					"rotation": ["27.7207407344+math.sin(q.anim_time*90*2+150)*2", 9.65594, 2.61298]
				},
				"tail3": {
					"rotation": ["30.0236302992+math.sin(q.anim_time*90*2+45)*4", 2.16489, 1.2506]
				},
				"tail4": {
					"rotation": ["21.502384071+math.sin(q.anim_time*90*2+45)*4", -21.07593, -8.0634]
				},
				"tail5": {
					"rotation": ["17.8980746466-math.sin(q.anim_time*90*2+120)*4", -11.91276, -3.81397]
				},
				"tail6": {
					"rotation": ["15.2207407344-math.sin(q.anim_time*90*2+120)*4", -9.65594, -2.61298]
				},
				"leftarm": {
					"rotation": [30, -5, 47.5]
				},
				"leftforearm": {
					"rotation": [0, 30, 0]
				},
				"lefthand": {
					"rotation": [0, 0, 15]
				},
				"finger4": {
					"rotation": [0, 0, 27.5]
				},
				"finger5": {
					"rotation": [0, 0, 30]
				},
				"finger6": {
					"rotation": [0, 0, 25]
				},
				"rightarm": {
					"rotation": [30, 5, -47.5]
				},
				"rightforearm": {
					"rotation": [0, -30, 0]
				},
				"righthand": {
					"rotation": [0, 0, -15]
				},
				"finger": {
					"rotation": [0, 0, -27.5]
				},
				"finger2": {
					"rotation": [0, 0, -30]
				},
				"finger3": {
					"rotation": [0, 0, -25]
				},
				"body": {
					"rotation": ["5-math.sin(q.anim_time*90*2+90)*0.5", 0, 0],
					"position": [0, "2+math.sin(q.anim_time*90*2+90)*0.5", 0]
				},
				"rightleg": {
					"rotation": [5, 0, 0]
				},
				"rightknee": {
					"rotation": [5, 0, 0]
				},
				"rightfoot": {
					"rotation": [25, 0, 0]
				},
				"neck": {
					"rotation": [-2.5, 0, 0]
				},
				"head": {
					"rotation": ["7.5+math.sin(q.anim_time*90*2+90)*1", 0, 0]
				},
				"leftleg": {
					"rotation": [5, 0, 0]
				},
				"leftknee": {
					"rotation": [5, 0, 0]
				},
				"leftfoot": {
					"rotation": [25, 0, 0]
				},
				"arm_left": {
					"rotation": [15, -10, "50+math.sin(q.anim_time*90*2+150)*1"]
				},
				"arm_left2": {
					"rotation": [0, 45, "0+math.sin(q.anim_time*90*2+120)*1"]
				},
				"hand_left": {
					"rotation": [0, 0, "15+math.sin(q.anim_time*90*2+90)*1"]
				},
				"finger_left": {
					"rotation": [0, 0, 12.5]
				},
				"finger_left2": {
					"rotation": [0, -12.5, 22.5]
				},
				"finger_left3": {
					"rotation": [0, 12.5, 22.5]
				},
				"arm_right": {
					"rotation": [15, 10, "-50-math.sin(q.anim_time*90*2+150)*1"]
				},
				"arm_right2": {
					"rotation": [0, -45, "0-math.sin(q.anim_time*90*2+120)*1"]
				},
				"hand_right": {
					"rotation": [0, 0, "-15-math.sin(q.anim_time*90*2+90)*1"]
				},
				"finger_right": {
					"rotation": [0, 0, -12.5]
				},
				"finger_right2": {
					"rotation": [0, 12.5, -22.5]
				},
				"finger_right3": {
					"rotation": [0, -12.5, -22.5]
				},
				"torso": {
					"rotation": ["-5-math.sin(q.anim_time*90*2+45)*1", 0, 0]
				},
				"torso2": {
					"rotation": ["5+math.sin(q.anim_time*90*2+150)*1", 0, 0]
				},
				"tail8": {
					"rotation": ["20.646896487-math.sin(q.anim_time*90*2+45)*4", -14.0761, -5.23619]
				},
				"tail9": {
					"rotation": ["17.5627449353-math.sin(q.anim_time*90*2+45)*4", -4.76804, -1.50701]
				},
				"leg_right": {
					"rotation": ["-10.3452700461+math.sin(q.anim_time*90*2+45)*1.5", 14.76689, "-2.6639876167-math.sin(q.anim_time*90*2+120)*0.5"]
				},
				"leg_right2": {
					"rotation": ["25-math.sin(q.anim_time*90*2+150)*2", 0, 0]
				},
				"foot_right": {
					"rotation": [15, 0, 0]
				},
				"foot_right2": {
					"rotation": ["15-math.sin(q.anim_time*90*2+90)*2", 0, 0]
				},
				"leg_left": {
					"rotation": ["10+math.sin(q.anim_time*90*2+45)*1.5", -15, "0-math.sin(q.anim_time*90*2+120)*0.5"]
				},
				"leg_left2": {
					"rotation": ["35-math.sin(q.anim_time*90*2+150)*2", 0, 0]
				},
				"foot_left2": {
					"rotation": ["10-math.sin(q.anim_time*90*2+90)*2", 0, 0]
				}
			}
		},
		"animation.mewtwo.air_fly": {
			"loop": true,
			"bones": {
				"tail": {
					"rotation": [7.5, 0, 0],
					"position": [0, 2, -5]
				},
				"tail2": {
					"rotation": ["-70+math.sin(q.anim_time*90*2+45)*2", 0, 0]
				},
				"tail3": {
					"rotation": ["-12.5-math.sin(q.anim_time*90*2+120)*2", 0, 0]
				},
				"tail4": {
					"rotation": ["-5-math.sin(q.anim_time*90*2+120)*2", 0, 0]
				},
				"tail5": {
					"rotation": ["2.5-math.sin(q.anim_time*90*2+90)*4", 0, 0]
				},
				"tail6": {
					"rotation": ["7.5-math.sin(q.anim_time*90*2+90)*3", 0, 0]
				},
				"leftarm": {
					"rotation": [45, -15, 47.5]
				},
				"leftforearm": {
					"rotation": [0, 30, 0]
				},
				"lefthand": {
					"rotation": [0, 0, 15]
				},
				"finger4": {
					"rotation": [0, 0, 27.5]
				},
				"finger5": {
					"rotation": [0, 0, 30]
				},
				"finger6": {
					"rotation": [0, 0, 25]
				},
				"rightarm": {
					"rotation": [45, 15, -47.5]
				},
				"rightforearm": {
					"rotation": [0, -30, 0]
				},
				"righthand": {
					"rotation": [0, 0, -15]
				},
				"finger": {
					"rotation": [0, 0, -27.5]
				},
				"finger2": {
					"rotation": [0, 0, -30]
				},
				"finger3": {
					"rotation": [0, 0, -25]
				},
				"body": {
					"rotation": [30, 0, 0],
					"position": [0, "2+math.sin(q.anim_time*90*2+90)*1", 0]
				},
				"rightleg": {
					"rotation": [10, 0, 0]
				},
				"rightknee": {
					"rotation": [10, 0, 0]
				},
				"rightfoot": {
					"rotation": [25, 0, 0]
				},
				"neck": {
					"rotation": [-32.5, 0, 0]
				},
				"head": {
					"rotation": ["-22.5-math.sin(q.anim_time*90*2+150)*1", 0, 0],
					"position": [0, 0.5, -0.25]
				},
				"leftleg": {
					"rotation": [10, 0, 0]
				},
				"leftknee": {
					"rotation": [10, 0, 0]
				},
				"leftfoot": {
					"rotation": [25, 0, 0]
				},
				"arm_left": {
					"rotation": [45, -15, "47.5-math.sin(q.anim_time*90*2-45)*1"]
				},
				"arm_left2": {
					"rotation": [0, 30, 0]
				},
				"hand_left": {
					"rotation": [0, 0, 15]
				},
				"finger_left": {
					"rotation": [0, 0, 10]
				},
				"finger_left2": {
					"rotation": [0, -12.5, 17.5]
				},
				"finger_left3": {
					"rotation": [0, 10, 20]
				},
				"arm_right": {
					"rotation": [45, 15, "-47.5+math.sin(q.anim_time*90*2-45)*1"]
				},
				"arm_right2": {
					"rotation": [0, -30, 0]
				},
				"hand_right": {
					"rotation": [0, 0, -15]
				},
				"finger_right": {
					"rotation": [0, 0, -10]
				},
				"finger_right2": {
					"rotation": [0, 12.5, -17.5]
				},
				"finger_right3": {
					"rotation": [0, -10, -20]
				},
				"tail8": {
					"rotation": ["10-math.sin(q.anim_time*90*2+45)*6", 0, 0]
				},
				"tail9": {
					"rotation": ["15-math.sin(q.anim_time*90*2+45)*10", 0, 0]
				},
				"leg_right": {
					"rotation": ["37.5-math.sin(q.anim_time*90*2-150)*1", 0, 0]
				},
				"foot_right": {
					"rotation": ["40-math.sin(q.anim_time*90*2+90)*2", 0, 0]
				},
				"leg_left": {
					"rotation": ["37.5-math.sin(q.anim_time*90*2-150)*1", 0, 0]
				},
				"foot_left": {
					"rotation": ["40-math.sin(q.anim_time*90*2+90)*2", 0, 0]
				},
				"torso": {
					"rotation": ["45-math.sin(q.anim_time*90*2-120)*1", 0, 0]
				},
				"torso2": {
					"rotation": ["-5+math.sin(q.anim_time*90*2-45)*1", 0, 0]
				},
				"leg_right2": {
					"rotation": [10, 0, 0]
				},
				"foot_right2": {
					"rotation": [20, 0, 0]
				},
				"leg_left2": {
					"rotation": [10, 0, 0]
				},
				"foot_left2": {
					"rotation": [20, 0, 0]
				}
			}
		},
		"animation.mewtwo.blink": {
			"animation_length": 0.1667,
			"bones": {
				"eyelid_right": {
					"position": {
						"0.0": [-0.1, 0, 0],
						"0.125": [-0.1, 0, 0],
						"0.1667": [0, 0, 0]
					}
				},
				"eyelid_left": {
					"position": {
						"0.0": [0.1, 0, 0],
						"0.125": [0.1, 0, 0],
						"0.1667": [0, 0, 0]
					}
				}
			}
		}
	}
}