{
	"format_version": "1.12.0",
	"minecraft:geometry": [
		{
			"description": {
				"identifier": "geometry.kyogre",
				"texture_width": 512,
				"texture_height": 512,
				"visible_bounds_width": 23,
				"visible_bounds_height": 6.5,
				"visible_bounds_offset": [0, 2.75, 0]
			},
			"bones": [
				{
					"name": "kyogre",
					"pivot": [0, 0, 0]
				},
				{
					"name": "body",
					"parent": "kyogre",
					"pivot": [0, 0, 0]
				},
				{
					"name": "torso",
					"parent": "body",
					"pivot": [0, 1, 36],
					"cubes": [
						{"origin": [-36, 1, -16], "size": [72, 59, 52], "uv": [0, 0]}
					]
				},
				{
					"name": "dorsal_fin_right",
					"parent": "torso",
					"pivot": [-29, 57, 36],
					"cubes": [
						{"origin": [-29.1, 57, 18], "size": [0, 25, 43], "uv": [340, -43]}
					]
				},
				{
					"name": "dorsal_fin_left",
					"parent": "torso",
					"pivot": [29, 57, 36],
					"cubes": [
						{"origin": [29.1, 57, 18], "size": [0, 25, 43], "uv": [404, 31], "mirror": true}
					]
				},
				{
					"name": "neck",
					"parent": "torso",
					"pivot": [-0.5, 30, -13],
					"cubes": [
						{"origin": [-32.5, 5, -41], "size": [65, 51, 32], "uv": [0, 111]}
					]
				},
				{
					"name": "head",
					"parent": "neck",
					"pivot": [0, 30, -41],
					"cubes": [
						{"origin": [-26.6, 25, -48], "size": [0, 4, 4], "inflate": -0.01, "pivot": [-27, 28, -44], "rotation": [45, 0, 0], "uv": [414, 148]},
						{"origin": [-26.6, 30, -53], "size": [0, 4, 4], "inflate": -0.01, "pivot": [-27, 28, -44], "rotation": [45, 0, 0], "uv": [414, 152]},
						{"origin": [-26.6, 35, -58], "size": [0, 4, 4], "inflate": -0.01, "pivot": [-27, 28, -44], "rotation": [45, 0, 0], "uv": [406, 156]},
						{"origin": [-26.6, 40, -63], "size": [0, 4, 4], "inflate": -0.01, "pivot": [-27, 28, -44], "rotation": [45, 0, 0], "uv": [414, 156]},
						{"origin": [26.6, 25, -48], "size": [0, 4, 4], "inflate": -0.01, "pivot": [27, 28, -44], "rotation": [45, 0, 0], "uv": [406, 144]},
						{"origin": [26.6, 30, -53], "size": [0, 4, 4], "inflate": -0.01, "pivot": [27, 28, -44], "rotation": [45, 0, 0], "uv": [406, 148]},
						{"origin": [26.6, 35, -58], "size": [0, 4, 4], "inflate": -0.01, "pivot": [27, 28, -44], "rotation": [45, 0, 0], "uv": [406, 152]},
						{"origin": [26.6, 40, -63], "size": [0, 4, 4], "inflate": -0.01, "pivot": [27, 28, -44], "rotation": [45, 0, 0], "uv": [414, 144]},
						{"origin": [-28, 26, -70], "size": [56, 26, 29], "uv": [194, 111]},
						{"origin": [-28.01, 22, -58], "size": [0, 5, 16], "uv": [245, 351]},
						{"origin": [28.01, 23, -58], "size": [0, 5, 16], "uv": [245, 356], "mirror": true},
						{"origin": [17, 30.1, -69.3], "size": [4, 4, 0], "inflate": -0.01, "pivot": [26, 28, -70], "rotation": [0, 0, -45], "uv": [414, 184]},
						{"origin": [12, 35.1, -69.3], "size": [4, 4, 0], "inflate": -0.01, "pivot": [26, 28, -70], "rotation": [0, 0, -45], "uv": [406, 184]},
						{"origin": [7, 40.1, -69.3], "size": [4, 4, 0], "inflate": -0.01, "pivot": [26, 28, -70], "rotation": [0, 0, -45], "uv": [414, 180]},
						{"origin": [-11, 40.1, -69.3], "size": [4, 4, 0], "inflate": -0.01, "pivot": [-26, 28, -70], "rotation": [0, 0, 45], "uv": [406, 180]},
						{"origin": [-16, 35.1, -69.3], "size": [4, 4, 0], "inflate": -0.01, "pivot": [-26, 28, -70], "rotation": [0, 0, 45], "uv": [414, 144]},
						{"origin": [-21, 30.1, -69.3], "size": [4, 4, 0], "inflate": -0.01, "pivot": [-26, 28, -70], "rotation": [0, 0, 45], "uv": [406, 144]}
					]
				},
				{
					"name": "eyelid_right",
					"parent": "head",
					"pivot": [-27.02, 29, -49.5],
					"cubes": [
						{"origin": [-27.02, 26, -54], "size": [0, 6, 9], "uv": [272, 403]}
					]
				},
				{
					"name": "eyelid_left",
					"parent": "head",
					"pivot": [27.02, 29, -49.5],
					"cubes": [
						{"origin": [27.02, 26, -54], "size": [0, 6, 9], "uv": [272, 409], "mirror": true}
					]
				},
				{
					"name": "right_eye",
					"parent": "head",
					"pivot": [-27.77, 30.16667, -49.5],
					"cubes": [
						{"origin": [-27.7, 26.3, -53.5], "size": [0, 6, 8], "uv": [279, 375]},
						{"origin": [-27.8, 27.6, -52.5], "size": [0, 5, 6], "uv": [245, 372]},
						{"origin": [-27.81, 29.6, -51], "size": [0, 3, 3], "uv": [279, 364]}
					]
				},
				{
					"name": "left_eye",
					"parent": "head",
					"pivot": [27.77, 30.16667, -49.5],
					"cubes": [
						{"origin": [27.7, 26.3, -53.5], "size": [0, 6, 8], "uv": [279, 368], "mirror": true},
						{"origin": [27.8, 27.6, -52.5], "size": [0, 5, 6], "uv": [245, 378], "mirror": true},
						{"origin": [27.81, 29.6, -51], "size": [0, 3, 3], "uv": [279, 368], "mirror": true}
					]
				},
				{
					"name": "jaw",
					"parent": "head",
					"pivot": [0, 26, -41],
					"cubes": [
						{"origin": [-28, 7, -71], "size": [56, 19, 32], "inflate": -0.01, "uv": [196, 0]},
						{"origin": [-27, 25, -48], "size": [0, 4, 4], "inflate": -0.01, "pivot": [-27, 28, -44], "rotation": [45, 0, 0], "uv": [414, 172]},
						{"origin": [-27, 30, -53], "size": [0, 4, 4], "inflate": -0.01, "pivot": [-27, 28, -44], "rotation": [45, 0, 0], "uv": [406, 172]},
						{"origin": [-27, 35, -58], "size": [0, 4, 4], "inflate": -0.01, "pivot": [-27, 28, -44], "rotation": [45, 0, 0], "uv": [414, 168]},
						{"origin": [-27, 40, -63], "size": [0, 4, 4], "inflate": -0.01, "pivot": [-27, 28, -44], "rotation": [45, 0, 0], "uv": [406, 168]},
						{"origin": [27, 40, -63], "size": [0, 4, 4], "inflate": -0.01, "pivot": [27, 28, -44], "rotation": [45, 0, 0], "uv": [406, 160]},
						{"origin": [27, 35, -58], "size": [0, 4, 4], "inflate": -0.01, "pivot": [27, 28, -44], "rotation": [45, 0, 0], "uv": [414, 160]},
						{"origin": [27, 30, -53], "size": [0, 4, 4], "inflate": -0.01, "pivot": [27, 28, -44], "rotation": [45, 0, 0], "uv": [406, 164]},
						{"origin": [27, 25, -48], "size": [0, 4, 4], "inflate": -0.01, "pivot": [27, 28, -44], "rotation": [45, 0, 0], "uv": [414, 164]},
						{"origin": [-21, 30.1, -69.6], "size": [4, 4, 0], "inflate": -0.01, "pivot": [-26, 28, -70.3], "rotation": [0, 0, 45], "uv": [414, 196]},
						{"origin": [-16, 35.1, -69.6], "size": [4, 4, 0], "inflate": -0.01, "pivot": [-26, 28, -70.3], "rotation": [0, 0, 45], "uv": [406, 196]},
						{"origin": [-11, 40.1, -69.6], "size": [4, 4, 0], "inflate": -0.01, "pivot": [-26, 28, -70.3], "rotation": [0, 0, 45], "uv": [406, 188]},
						{"origin": [12, 35.1, -69.6], "size": [4, 4, 0], "inflate": -0.01, "pivot": [26, 28, -70.3], "rotation": [0, 0, -45], "uv": [406, 192]},
						{"origin": [7, 40.1, -69.6], "size": [4, 4, 0], "inflate": -0.01, "pivot": [26, 28, -70.3], "rotation": [0, 0, -45], "uv": [414, 188]},
						{"origin": [17, 30.1, -69.6], "size": [4, 4, 0], "inflate": -0.01, "pivot": [26, 28, -70.3], "rotation": [0, 0, -45], "uv": [414, 192]}
					]
				},
				{
					"name": "toungue",
					"parent": "jaw",
					"pivot": [0, 28, -39],
					"cubes": [
						{"origin": [-20, 26, -64], "size": [40, 4, 25], "inflate": -0.01, "uv": [335, 111]}
					]
				},
				{
					"name": "neck_fin_right",
					"parent": "neck",
					"pivot": [-32.5, 11, -29],
					"cubes": [
						{"origin": [-43.5, 11, -39], "size": [12, 0, 22], "uv": [174, 0]}
					]
				},
				{
					"name": "neck_fin_left",
					"parent": "neck",
					"pivot": [32.5, 11, -29],
					"cubes": [
						{"origin": [31.5, 11, -39], "size": [12, 0, 22], "uv": [-22, 0], "mirror": true}
					]
				},
				{
					"name": "right_fin",
					"parent": "torso",
					"pivot": [-32, 32, 4],
					"cubes": [
						{"origin": [-46, 25, -8], "size": [14, 7, 24], "uv": [154, 194], "mirror": true}
					]
				},
				{
					"name": "right_fin2",
					"parent": "right_fin",
					"pivot": [-45, 32, 5],
					"cubes": [
						{"origin": [-60, 24, -14], "size": [15, 9, 36], "uv": [248, 51], "mirror": true}
					]
				},
				{
					"name": "right_fin3",
					"parent": "right_fin2",
					"pivot": [-59, 33, 3],
					"cubes": [
						{"origin": [-75, 23, -22], "size": [16, 11, 52], "uv": [372, 322], "mirror": true}
					]
				},
				{
					"name": "right_fin4",
					"parent": "right_fin3",
					"pivot": [-74, 34, 7],
					"cubes": [
						{"origin": [-142, 23, -34], "size": [68, 11, 77], "inflate": 0.01, "uv": [133, 277], "mirror": true},
						{"origin": [-163.3, 30, -35], "size": [23, 0, 16], "pivot": [-150, 30, -25], "rotation": [0, -12.5, 0], "uv": [146, 111], "mirror": true},
						{"origin": [-165, 30, -14], "size": [23, 0, 16], "uv": [-16, 36], "mirror": true},
						{"origin": [-165, 30, 6], "size": [23, 0, 16], "uv": [298, 51], "mirror": true},
						{"origin": [-163, 30, 27], "size": [23, 0, 16], "pivot": [-150, 30, 34], "rotation": [0, 12.5, 0], "uv": [298, 67], "mirror": true}
					]
				},
				{
					"name": "left_fin",
					"parent": "torso",
					"pivot": [32, 32, 4],
					"cubes": [
						{"origin": [32, 25, -8], "size": [14, 7, 24], "uv": [134, 323]}
					]
				},
				{
					"name": "left_fin2",
					"parent": "left_fin",
					"pivot": [45, 32, 5],
					"cubes": [
						{"origin": [45, 24, -14], "size": [15, 9, 36], "uv": [345, 277]}
					]
				},
				{
					"name": "left_fin3",
					"parent": "left_fin2",
					"pivot": [59, 33, 3],
					"cubes": [
						{"origin": [59, 23, -22], "size": [16, 11, 52], "uv": [320, 47]}
					]
				},
				{
					"name": "left_fin4",
					"parent": "left_fin3",
					"pivot": [74, 34, 7],
					"cubes": [
						{"origin": [74, 23, -34], "size": [68, 11, 77], "inflate": 0.01, "uv": [192, 166]},
						{"origin": [140.3, 30, -35], "size": [23, 0, 16], "pivot": [150, 30, -25], "rotation": [0, 12.5, 0], "uv": [190, 182]},
						{"origin": [142, 30, -14], "size": [23, 0, 16], "uv": [176, 225]},
						{"origin": [142, 30, 6], "size": [23, 0, 16], "uv": [190, 198]},
						{"origin": [140, 30, 27], "size": [23, 0, 16], "pivot": [150, 30, 34], "rotation": [0, -12.5, 0], "uv": [178, 166]}
					]
				},
				{
					"name": "tail",
					"parent": "torso",
					"pivot": [0, 31, 27],
					"cubes": [
						{"origin": [-29, 5, 27], "size": [58, 52, 38], "uv": [0, 194]}
					]
				},
				{
					"name": "tail2",
					"parent": "tail",
					"pivot": [0, 31, 57],
					"cubes": [
						{"origin": [-22, 9, 57], "size": [44, 42, 28], "uv": [128, 365]}
					]
				},
				{
					"name": "tail3",
					"parent": "tail2",
					"pivot": [0, 30, 78],
					"cubes": [
						{"origin": [-16, 13, 78], "size": [32, 33, 32], "uv": [0, 347]}
					]
				},
				{
					"name": "tail_ruban_right",
					"parent": "tail3",
					"pivot": [-11.9433, 30.5, 99.0556],
					"cubes": [
						{"origin": [-37, 28, 90], "size": [25, 5, 18], "inflate": 0.01, "uv": [192, 254]}
					]
				},
				{
					"name": "tail_ruban_right2",
					"parent": "tail_ruban_right",
					"pivot": [-24, 29.5, 106.3],
					"cubes": [
						{"origin": [-32.8, 30, 106.3], "size": [17, 0, 21], "uv": [13, 305]}
					]
				},
				{
					"name": "tail_ruban_right3",
					"parent": "tail_ruban_right2",
					"pivot": [-25, 29.5, 127.3],
					"cubes": [
						{"origin": [-32.8, 30, 127.3], "size": [17, 0, 21], "uv": [13, 326]}
					]
				},
				{
					"name": "tail_ruban_right4",
					"parent": "tail_ruban_right3",
					"pivot": [-24, 29.5, 148.3],
					"cubes": [
						{"origin": [-32.8, 30, 148.3], "size": [17, 0, 21], "uv": [13, 284]}
					]
				},
				{
					"name": "tail_ruban_right5",
					"parent": "tail_ruban_right",
					"pivot": [-30.5433, 29.5, 95.8556],
					"cubes": [
						{"origin": [-54.9, 28, 102.72], "size": [31, 5, 18], "inflate": -0.01, "pivot": [-44.92054, 29.5, 111.22534], "rotation": [0, 47.5, 0], "uv": [278, 254]}
					]
				},
				{
					"name": "tail_ruban_right6",
					"parent": "tail_ruban_right5",
					"pivot": [-50.3433, 29.5, 112.9556],
					"cubes": [
						{"origin": [-58, 30, 113], "size": [17, 0, 21], "uv": [47, 305]}
					]
				},
				{
					"name": "tail_ruban_right7",
					"parent": "tail_ruban_right6",
					"pivot": [-49.5433, 29.5, 133.9556],
					"cubes": [
						{"origin": [-58, 30, 134], "size": [17, 0, 21], "uv": [47, 326]}
					]
				},
				{
					"name": "tail_ruban_right8",
					"parent": "tail_ruban_right7",
					"pivot": [-50, 29.5, 155],
					"cubes": [
						{"origin": [-58, 30, 155], "size": [17, 0, 21], "uv": [47, 284]}
					]
				},
				{
					"name": "tail_ruban_left",
					"parent": "tail3",
					"pivot": [11.9433, 30.5, 99.0556],
					"cubes": [
						{"origin": [12, 28, 90], "size": [25, 5, 18], "inflate": 0.01, "uv": [404, 47], "mirror": true}
					]
				},
				{
					"name": "tail_ruban_left2",
					"parent": "tail_ruban_left",
					"pivot": [24, 29.5, 106.3],
					"cubes": [
						{"origin": [15.8, 30, 106.3], "size": [17, 0, 21], "uv": [-21, 305], "mirror": true}
					]
				},
				{
					"name": "tail_ruban_left3",
					"parent": "tail_ruban_left2",
					"pivot": [25, 29.5, 127.3],
					"cubes": [
						{"origin": [15.8, 30, 127.3], "size": [17, 0, 21], "uv": [-21, 326], "mirror": true}
					]
				},
				{
					"name": "tail_ruban_left4",
					"parent": "tail_ruban_left3",
					"pivot": [24, 29.5, 148.3],
					"cubes": [
						{"origin": [15.8, 30, 148.3], "size": [17, 0, 21], "uv": [-21, 284], "mirror": true}
					]
				},
				{
					"name": "tail_ruban_left5",
					"parent": "tail_ruban_left",
					"pivot": [30.5433, 29.5, 95.8556],
					"cubes": [
						{"origin": [23.9, 28, 102.72], "size": [31, 5, 18], "inflate": -0.01, "pivot": [44.92054, 29.5, 111.22534], "rotation": [0, -47.5, 0], "uv": [376, 254], "mirror": true}
					]
				},
				{
					"name": "tail_ruban_left6",
					"parent": "tail_ruban_left5",
					"pivot": [50.3433, 29.5, 112.9556],
					"cubes": [
						{"origin": [41, 30, 113], "size": [17, 0, 21], "uv": [81, 305], "mirror": true}
					]
				},
				{
					"name": "tail_ruban_left7",
					"parent": "tail_ruban_left6",
					"pivot": [49.5433, 29.5, 133.9556],
					"cubes": [
						{"origin": [41, 30, 134], "size": [17, 0, 21], "uv": [81, 326], "mirror": true}
					]
				},
				{
					"name": "tail_ruban_left8",
					"parent": "tail_ruban_left7",
					"pivot": [50, 29.5, 155],
					"cubes": [
						{"origin": [41, 30, 155], "size": [17, 0, 21], "uv": [81, 284], "mirror": true}
					]
				},
				{
					"name": "tail4",
					"parent": "tail3",
					"pivot": [0, 31, 103],
					"cubes": [
						{"origin": [-12, 18, 103], "size": [24, 23, 24], "uv": [272, 365]}
					]
				},
				{
					"name": "tail5",
					"parent": "tail4",
					"pivot": [0, 30, 122],
					"cubes": [
						{"origin": [-7, 23, 122], "size": [14, 13, 23], "uv": [136, 284]}
					]
				}
			]
		}
	]
}