{
  "species": "cobblemon:toxapex",
  "order": 0,
  "variations": [
    {
      "aspects": [],
      "poser": "cobblemon:toxapex",
      "model": "cobblemon:toxapex.geo",
      "texture": "cobblemon:textures/pokemon/toxapex/toxapex.png",
      "layers": [
        {
              "name": "emissive",
              "emissive": true,
              "texture": "cobblemon:textures/pokemon/toxapex/toxapex_emissive.png",
              "translucent": false
        }
      ]
    },
    {
      "aspects": [
        "shiny"
      ],
      "texture": "cobblemon:textures/pokemon/toxapex/toxapex_shiny.png",
      "layers": [
        {
              "name": "emissive",
              "emissive": true,
              "texture": "cobblemon:textures/pokemon/toxapex/toxapex_emissive_shiny.png",
              "translucent": false
        }
      ]
    }
  ]
}