{
  "name": "Drednaw",
  "nationalPokedexNumber": 834,
  "primaryType": "water",
  "secondaryType": "rock",
  "abilities": [
    "strongjaw",
    "shellarmor",
    "h:swiftswim"
  ],
  "baseStats": {
    "hp": 90,
    "attack": 115,
    "defence": 90,
    "special_attack": 48,
    "special_defence": 68,
    "speed": 74
  },
  "catchRate": 75,
  "maleRatio": 0.5,
  "shoulderMountable": false,
  "forms": [
    {
      "name": "Gmax",
      "primaryType": "water",
      "secondaryType": "rock",
      "abilities": [
        "strongjaw",
        "shellarmor",
        "h:swiftswim"
      ],
      "baseStats": {
        "hp": 90,
        "attack": 115,
        "defence": 90,
        "special_attack": 48,
        "special_defence": 68,
        "speed": 74
      },
      "catchRate": 75,
      "maleRatio": 0.5,
      "baseExperienceYield": 170,
      "baseFriendship": 50,
      "evYield": {
        "hp": 0,
        "attack": 2,
        "defence": 0,
        "special_attack": 0,
        "special_defence": 0,
        "speed": 0
      },
      "experienceGroup": "medium_fast",
      "eggCycles": 20,
      "eggGroups": [
        "monster",
        "water_1"
      ],
      "labels": [
        "gen8",
        "gmax"
      ],
      "aspects": [
        "gmax"
      ],
      "height": 240,
      "weight": 0,
      "evolutions": [],
      "cannotDynamax": false,
      "battleOnly": false
    }
  ],
  "baseExperienceYield": 170,
  "experienceGroup": "medium_fast",
  "eggCycles": 20,
  "eggGroups": [
    "monster",
    "water_1"
  ],
  "moves": [
    "1:bite",
    "1:crunch",
    "1:protect",
    "1:razorshell",
    "1:rockpolish",
    "1:tackle",
    "1:watergun",
    "21:headbutt",
    "30:counter",
    "39:jawlock",
    "48:liquidation",
    "57:bodyslam",
    "66:headsmash",
    "tm:assurance",
    "tm:attract",
    "tm:blizzard",
    "tm:bodypress",
    "tm:bodyslam",
    "tm:bulldoze",
    "tm:chillingwater",
    "tm:crunch",
    "tm:dig",
    "tm:dive",
    "tm:earthpower",
    "tm:earthquake",
    "tm:endure",
    "tm:facade",
    "tm:falseswipe",
    "tm:gigaimpact",
    "tm:highhorsepower",
    "tm:hydropump",
    "tm:hyperbeam",
    "tm:icebeam",
    "tm:icefang",
    "tm:icespinner",
    "tm:irondefense",
    "tm:irontail",
    "tm:liquidation",
    "tm:megahorn",
    "tm:muddywater",
    "tm:mudshot",
    "tm:payback",
    "tm:poisonjab",
    "tm:protect",
    "tm:raindance",
    "tm:razorshell",
    "tm:rest",
    "tm:revenge",
    "tm:rockblast",
    "tm:rockslide",
    "tm:rocktomb",
    "tm:round",
    "tm:sandstorm",
    "tm:sandtomb",
    "tm:scald",
    "tm:scaryface",
    "tm:sleeptalk",
    "tm:smartstrike",
    "tm:snore",
    "tm:stealthrock",
    "tm:stompingtantrum",
    "tm:stoneedge",
    "tm:substitute",
    "tm:superpower",
    "tm:surf",
    "tm:swordsdance",
    "tm:takedown",
    "tm:terablast",
    "tm:throatchop",
    "tm:waterfall",
    "tm:waterpulse",
    "tm:whirlpool",
    "tutor:meteorbeam",
    "tutor:scaleshot",
    "tutor:skittersmack"
  ],
  "labels": [
    "gen8"
  ],
  "pokedex": [
    "cobblemon.species.drednaw.desc"
  ],
  "preEvolution": "chewtle",
  "evolutions": [
             {
      "id": "drednaw_drednaw_gmax",
      "variant": "level_up",
      "result": "drednaw_gmax",
      "consumeHeldItem": false,
      "learnableMoves": [
        "spiritbreak"
      ],
      "requirements": [
        {
          "variant": "level",
          "minLevel": 70
        }
      ]
    }
],
  "baseScale": 1,
  "hitbox": {
    "width": 1,
    "height": 1,
    "fixed": false
  },
  "baseFriendship": 50,
  "evYield": {
    "hp": 0,
    "attack": 2,
    "defence": 0,
    "special_attack": 0,
    "special_defence": 0,
    "speed": 0
  },
  "height": 10,
  "weight": 1155,
  "aspects": [],
  "cannotDynamax": false,
  "drops": {
    "amount": 3,
    "entries": [
      {
        "item": "minecraft:scute",
        "quantityRange": "0-2"
      },
      {
        "item": "cobblemon:rindo_berry",
        "percentage": 5.0
      }
    ]
  }
}