{
	"format_version": "1.12.0",
	"minecraft:geometry": [
		{
			"description": {
				"identifier": "geometry.toxicroak",
				"texture_width": 64,
				"texture_height": 64,
				"visible_bounds_width": 5,
				"visible_bounds_height": 3.5,
				"visible_bounds_offset": [0, 1.25, 0]
			},
			"bones": [
				{
					"name": "toxicroak",
					"pivot": [0, 0, 0]
				},
				{
					"name": "body",
					"parent": "toxicroak",
					"pivot": [0, 2, 0]
				},
				{
					"name": "torso",
					"parent": "body",
					"pivot": [0, 11, 1.5],
					"cubes": [
						{"origin": [-3.5, 8, -1], "size": [7, 5, 5], "inflate": 0.02, "uv": [19, 22]}
					]
				},
				{
					"name": "waist",
					"parent": "torso",
					"pivot": [0, 12, 2],
					"cubes": [
						{"origin": [-3, 12, 0], "size": [6, 4, 4], "uv": [24, 0]}
					]
				},
				{
					"name": "chest",
					"parent": "waist",
					"pivot": [0, 16, 2],
					"cubes": [
						{"origin": [-3.5, 15, -0.5], "size": [7, 7, 5], "inflate": 0.02, "uv": [0, 15]},
						{"origin": [-1.5, 16.5, 3.5], "size": [3, 4, 2], "inflate": 0.02, "uv": [20, 35]}
					]
				},
				{
					"name": "throat",
					"parent": "chest",
					"pivot": [0, 19.7088, 0.16151],
					"cubes": [
						{"origin": [-3, 16.9588, -3.06336], "size": [6, 5, 5], "inflate": 0.02, "uv": [0, 27]}
					]
				},
				{
					"name": "head",
					"parent": "chest",
					"pivot": [0, 22, 1.5],
					"rotation": [-22.5, 0, 0],
					"cubes": [
						{"origin": [-4, 21, -3.5], "size": [8, 7, 8], "uv": [0, 0]},
						{"origin": [-0.525, 24.425, -3.535], "size": [4, 1, 1], "pivot": [2, 25.5, -3.525], "rotation": [0, 0, -22.5], "uv": [32, 46]},
						{"origin": [-3.475, 24.425, -3.535], "size": [4, 1, 1], "pivot": [-2, 25.5, -3.525], "rotation": [0, 0, 22.5], "uv": [46, 18]}
					]
				},
				{
					"name": "lips",
					"parent": "head",
					"pivot": [1.325, 24, -3]
				},
				{
					"name": "lips_left",
					"parent": "lips",
					"pivot": [1.325, 24, -3],
					"cubes": [
						{"origin": [-0.35, 23.375, -3.75], "size": [2, 1, 1], "inflate": 0.01, "pivot": [1.325, 24, -3], "rotation": [0, 0, -22.5], "uv": [38, 24]},
						{"origin": [1.325, 23.5, -3.75], "size": [3, 1, 1], "pivot": [1.325, 24, -3], "rotation": [0, 0, 17.5], "uv": [16, 47]}
					]
				},
				{
					"name": "lip_end_left",
					"parent": "lips_left",
					"pivot": [3.55894, 22.77138, -2.75],
					"cubes": [
						{"origin": [3.05894, 22.77138, -2.75], "size": [1, 1, 2], "inflate": 0.01, "pivot": [3.55894, 22.77138, -2.75], "rotation": [0, 0, 17.5], "uv": [5, 45]}
					]
				},
				{
					"name": "lips_right",
					"parent": "lips",
					"pivot": [-1.325, 24, -3],
					"cubes": [
						{"origin": [-1.65, 23.375, -3.75], "size": [2, 1, 1], "inflate": 0.01, "pivot": [-1.325, 24, -3], "rotation": [0, 0, 22.5], "uv": [19, 18]},
						{"origin": [-4.325, 23.5, -3.75], "size": [3, 1, 1], "pivot": [-1.325, 24, -3], "rotation": [0, 0, -17.5], "uv": [46, 46]}
					]
				},
				{
					"name": "lip_end_right",
					"parent": "lips_right",
					"pivot": [-3.55894, 22.77138, -2.75],
					"cubes": [
						{"origin": [-4.05894, 22.77138, -2.75], "size": [1, 1, 2], "inflate": 0.01, "pivot": [-3.55894, 22.77138, -2.75], "rotation": [0, 0, -17.5], "uv": [19, 15], "mirror": true}
					]
				},
				{
					"name": "mouth",
					"parent": "lips",
					"pivot": [0, 23.75, 0.5],
					"cubes": [
						{"origin": [-3.5, 21.65, -3.52], "size": [7, 2, 0], "uv": [49, 7]},
						{"origin": [-3.5, 22.15, -3.51], "size": [7, 1, 0], "uv": [49, 9]}
					]
				},
				{
					"name": "teeth",
					"parent": "mouth",
					"pivot": [0, 23.25, 0.5],
					"cubes": [
						{"origin": [-3.5, 22.15, -3.53], "size": [7, 1, 0], "uv": [39, 21]},
						{"origin": [-2.5, 21.65, -3.53], "size": [5, 2, 0], "uv": [39, 22]}
					]
				},
				{
					"name": "eye_left",
					"parent": "head",
					"pivot": [3.5, 25.25, -1.75],
					"cubes": [
						{"origin": [3, 24.25, -2.75], "size": [1, 2, 3], "inflate": 0.02, "uv": [0, 45]},
						{"origin": [3, 23.75, -3.25], "size": [1, 3, 4], "inflate": 0.01, "uv": [41, 39]}
					]
				},
				{
					"name": "pupil_left",
					"parent": "eye_left",
					"pivot": [3.525, 25.75, -1.75],
					"cubes": [
						{"origin": [3.025, 25.25, -2.25], "size": [1, 1, 1], "uv": [0, 17]}
					]
				},
				{
					"name": "eyelid_left",
					"parent": "eye_left",
					"pivot": [2.5, 25.25, -1.75],
					"cubes": [
						{"origin": [2, 24.25, -2.75], "size": [1, 2, 3], "inflate": 0.05, "uv": [52, 10]}
					]
				},
				{
					"name": "eye_right",
					"parent": "head",
					"pivot": [-3.5, 25.25, -1.75],
					"cubes": [
						{"origin": [-4, 24.25, -2.75], "size": [1, 2, 3], "inflate": 0.02, "uv": [0, 45], "mirror": true},
						{"origin": [-4, 23.75, -3.25], "size": [1, 3, 4], "inflate": 0.01, "uv": [41, 39], "mirror": true}
					]
				},
				{
					"name": "pupil_right",
					"parent": "eye_right",
					"pivot": [-3.525, 25.75, -1.75],
					"cubes": [
						{"origin": [-4.025, 25.25, -2.25], "size": [1, 1, 1], "uv": [0, 17], "mirror": true}
					]
				},
				{
					"name": "eyelid_right",
					"parent": "eye_right",
					"pivot": [-2.5, 25.25, -1.75],
					"cubes": [
						{"origin": [-3, 24.25, -2.75], "size": [1, 2, 3], "inflate": 0.05, "uv": [52, 10], "mirror": true}
					]
				},
				{
					"name": "horn",
					"parent": "head",
					"pivot": [0, 25, 0.5],
					"rotation": [22.5, 0, 0],
					"cubes": [
						{"origin": [0, 27, -2], "size": [0, 7, 5], "pivot": [0, 27, 0.5], "rotation": [0, 0, -2.5], "uv": [54, -5]}
					]
				},
				{
					"name": "arms",
					"parent": "chest",
					"pivot": [0, 19.21429, 2]
				},
				{
					"name": "arm_left",
					"parent": "arms",
					"pivot": [4, 19, 2],
					"cubes": [
						{"origin": [3.5, 17.5, 0.5], "size": [3, 3, 3], "uv": [16, 41]},
						{"origin": [6.5, 18, 1], "size": [3, 2, 2], "uv": [43, 28]}
					]
				},
				{
					"name": "arm_left2",
					"parent": "arm_left",
					"pivot": [9.5, 18, 3],
					"cubes": [
						{"origin": [9.5, 17.5, 0.5], "size": [3, 3, 3], "uv": [40, 8]},
						{"origin": [12.5, 17, 0], "size": [4, 4, 4], "uv": [0, 37]}
					]
				},
				{
					"name": "finger_left1",
					"parent": "arm_left2",
					"pivot": [16.5, 21, 0.5],
					"cubes": [
						{"origin": [16.5, 19, -0.5], "size": [3, 2, 2], "uv": [43, 24]}
					]
				},
				{
					"name": "finger_left2",
					"parent": "arm_left2",
					"pivot": [16.5, 21, 3.5],
					"cubes": [
						{"origin": [16.5, 19, 2.5], "size": [3, 2, 2], "uv": [40, 0]}
					]
				},
				{
					"name": "finger_left3",
					"parent": "arm_left2",
					"pivot": [16, 17, 1],
					"cubes": [
						{"origin": [16, 16.5, 0], "size": [3, 2, 2], "inflate": 0.01, "uv": [28, 32]}
					]
				},
				{
					"name": "finger_spike",
					"parent": "arm_left2",
					"pivot": [16.5, 21, 2],
					"cubes": [
						{"origin": [16.5, 20, 1.5], "size": [4, 2, 1], "uv": [44, 4]},
						{"origin": [20.5, 20, 2], "size": [4, 2, 0], "uv": [25, 41]}
					]
				},
				{
					"name": "arm_right",
					"parent": "arms",
					"pivot": [-4, 19, 2],
					"cubes": [
						{"origin": [-6.5, 17.5, 0.5], "size": [3, 3, 3], "uv": [16, 41], "mirror": true},
						{"origin": [-9.5, 18, 1], "size": [3, 2, 2], "uv": [43, 28], "mirror": true}
					]
				},
				{
					"name": "arm_right2",
					"parent": "arm_right",
					"pivot": [-9.5, 18, 3],
					"cubes": [
						{"origin": [-12.5, 17.5, 0.5], "size": [3, 3, 3], "uv": [40, 8], "mirror": true},
						{"origin": [-16.5, 17, 0], "size": [4, 4, 4], "uv": [0, 37], "mirror": true}
					]
				},
				{
					"name": "finger_right1",
					"parent": "arm_right2",
					"pivot": [-16.5, 21, 0.5],
					"cubes": [
						{"origin": [-19.5, 19, -0.5], "size": [3, 2, 2], "uv": [43, 24], "mirror": true}
					]
				},
				{
					"name": "finger_right2",
					"parent": "arm_right2",
					"pivot": [-16.5, 21, 3.5],
					"cubes": [
						{"origin": [-19.5, 19, 2.5], "size": [3, 2, 2], "uv": [40, 0], "mirror": true}
					]
				},
				{
					"name": "finger_right3",
					"parent": "arm_right2",
					"pivot": [-16, 17, 1],
					"cubes": [
						{"origin": [-19, 16.5, 0], "size": [3, 2, 2], "inflate": 0.01, "uv": [28, 32], "mirror": true}
					]
				},
				{
					"name": "finger_spike2",
					"parent": "arm_right2",
					"pivot": [-16.5, 21, 2],
					"cubes": [
						{"origin": [-20.5, 20, 1.5], "size": [4, 2, 1], "uv": [44, 4], "mirror": true},
						{"origin": [-24.5, 20, 2], "size": [4, 2, 0], "uv": [25, 41], "mirror": true}
					]
				},
				{
					"name": "legs",
					"parent": "body",
					"pivot": [0, 8, 2.5]
				},
				{
					"name": "leg_left_rotation",
					"parent": "legs",
					"pivot": [4.5, 8, 2.5]
				},
				{
					"name": "leg_left",
					"parent": "leg_left_rotation",
					"pivot": [4.5, 8, 2.5],
					"cubes": [
						{"origin": [2.5, 5, -1.5], "size": [4, 6, 6], "uv": [26, 9]}
					]
				},
				{
					"name": "leg_left2",
					"parent": "leg_left",
					"pivot": [4.5, 5, 1.5],
					"cubes": [
						{"origin": [3.5, 1, 1.5], "size": [2, 4, 2], "uv": [0, 0]}
					]
				},
				{
					"name": "foot_left",
					"parent": "leg_left2",
					"pivot": [4.5, 2, 2.33333],
					"cubes": [
						{"origin": [2.5, 0, -0.5], "size": [4, 1, 5], "uv": [33, 32]},
						{"origin": [3, 0, 4.5], "size": [3, 1, 1], "uv": [0, 6]},
						{"origin": [3.5, 0.5, 4.5], "size": [2, 0, 2], "pivot": [4.5, 0.5, 5.5], "rotation": [0, -45, 0], "uv": [22, 0]}
					]
				},
				{
					"name": "toes_left",
					"parent": "foot_left",
					"pivot": [4.5, 0.5, -0.5],
					"cubes": [
						{"origin": [4, 0, -2.5], "size": [1, 1, 2], "inflate": 0.25, "uv": [27, 46]},
						{"origin": [2.5, 0, -2.5], "size": [1, 1, 2], "inflate": 0.25, "uv": [41, 46]},
						{"origin": [5.5, 0, -2.5], "size": [1, 1, 2], "inflate": 0.25, "uv": [47, 32]}
					]
				},
				{
					"name": "leg_right_rotation",
					"parent": "legs",
					"pivot": [-4.5, 8, 2.5]
				},
				{
					"name": "leg_right",
					"parent": "leg_right_rotation",
					"pivot": [-4.5, 8, 2.5],
					"cubes": [
						{"origin": [-6.5, 5, -1.5], "size": [4, 6, 6], "uv": [26, 9], "mirror": true}
					]
				},
				{
					"name": "leg_right2",
					"parent": "leg_right",
					"pivot": [-4.5, 5, 1.5],
					"cubes": [
						{"origin": [-5.5, 1, 1.5], "size": [2, 4, 2], "uv": [0, 0], "mirror": true}
					]
				},
				{
					"name": "foot_right",
					"parent": "leg_right2",
					"pivot": [-4.5, 2, 2.33333],
					"cubes": [
						{"origin": [-6.5, 0, -0.5], "size": [4, 1, 5], "uv": [33, 32], "mirror": true},
						{"origin": [-6, 0, 4.5], "size": [3, 1, 1], "uv": [0, 6], "mirror": true},
						{"origin": [-5.5, 0.5, 4.5], "size": [2, 0, 2], "pivot": [-4.5, 0.5, 5.5], "rotation": [0, 45, 0], "uv": [22, 0], "mirror": true}
					]
				},
				{
					"name": "toes_right",
					"parent": "foot_right",
					"pivot": [-4.5, 0.5, -0.5],
					"cubes": [
						{"origin": [-5, 0, -2.5], "size": [1, 1, 2], "inflate": 0.25, "uv": [27, 46], "mirror": true},
						{"origin": [-3.5, 0, -2.5], "size": [1, 1, 2], "inflate": 0.25, "uv": [47, 14]},
						{"origin": [-6.5, 0, -2.5], "size": [1, 1, 2], "inflate": 0.25, "uv": [38, 39]}
					]
				}
			]
		}
	]
}