{
  "parent": "cobbleverse:trainer/kanto/defeat_champion_blue",
  "display": {
    "title": {
      "translate": "advancements.cobbleverse.johto.defeat_valerio"
    },
    "description": {
      "translate": "advancements.cobbleverse.johto.defeat_valerio.description"
    },
    "icon": {
      "id": "cobbleversebadges:johto_zephyr_badge"
    },
    "announce_to_chat": true,
    "show_toast": true,
    "hidden": false,
    "frame": "task"
  },
  "criteria": {
    "leader_defeated": {
      "conditions": {
        "trainer_ids": ["johto_valerio"]
      },
      "trigger": "rctmod:defeat_count"
    }
  },
  "requirements": [
    [
      "leader_defeated"
    ]
  ],
  "rewards": {
    "function": "cobbleverse:valerio_defeated"
  }
}