{
  "portraitScale": 1.55,
  "portraitTranslation": [0.01, 0.77, 0],
  "profileScale": 0.59,
  "profileTranslation": [0.05, 0.87, 0],
  "rootBone": "simipour",
  "poses": {
    "standing": {
      "poseTypes": [
        "STAND",
        "NONE",
        "PORTRAIT",
        "PROFILE"
      ],
      "isBattle": false,
      "animations": [
        "q.look('head')",
        "q.bedrock('simipour', 'ground_idle')"
      ],
      "quirks": [
        "q.bedrock_quirk('simipour', 'blink')"
      ]
    },
    "walking": {
      "poseTypes": [
        "WALK"
      ],
      "animations": [
        "q.look('head')",
        "q.biped_walk(0.5, 0.5, 'leg_left', 'leg_right')",
         "q.bimanual_swing(0.5, 0.5, 'arm_left', 'arm_right')",
        "q.bedrock('simipour', 'ground_idle')"
      ],
      "quirks": [
        "q.bedrock_quirk('simipour', 'blink')"
      ]
    }
  }
}