{
	"format_version": "1.12.0",
	"minecraft:geometry": [
		{
			"description": {
				"identifier": "geometry.unknown",
				"texture_width": 520,
				"texture_height": 520,
				"visible_bounds_width": 13,
				"visible_bounds_height": 4.5,
				"visible_bounds_offset": [0, 1.75, 0]
			},
			"bones": [
				{
					"name": "roaring_moon",
					"pivot": [0, 0, 0]
				},
				{
					"name": "body",
					"parent": "roaring_moon",
					"pivot": [0, 16.5, 0]
				},
				{
					"name": "torso",
					"parent": "body",
					"pivot": [0, 14, 8],
					"rotation": [-10, 0, 0]
				},
				{
					"name": "waist",
					"parent": "torso",
					"pivot": [0, 13.18104, 9.73718],
					"cubes": [
						{"origin": [-9.5, 3.9425, -10.27424], "size": [19, 19, 21], "inflate": 0.01, "uv": [0, 0]},
						{"origin": [-81.41223, 23.10457, -10.67659], "size": [10, 0, 22], "pivot": [-76.41223, 23.09136, 0.32341], "rotation": [0, 110.038, 0], "uv": [20, 498], "mirror": true}
					]
				},
				{
					"name": "wings",
					"parent": "waist",
					"pivot": [0, 23.09457, 0.22576]
				},
				{
					"name": "wing_left",
					"parent": "wings",
					"pivot": [0, 23.10457, -9.77424],
					"cubes": [
						{"origin": [0, 23.10457, -106.77424], "size": [76, 0, 150], "inflate": 0.02, "uv": [91, 370]},
						{"origin": [0, 23.09457, 30.14831], "size": [44, 0, 47], "uv": [-47, 444]},
						{"origin": [50, 23.10457, -110.77424], "size": [10, 0, 22], "pivot": [49, 23.10457, -95.77424], "rotation": [0, -37.5, 0], "uv": [20, 498]},
						{"origin": [61.92205, 23.10457, -97.59871], "size": [10, 0, 22], "pivot": [64.92205, 23.10457, -88.59871], "rotation": [0, -50, 0], "uv": [20, 498]},
						{"origin": [67.16573, 23.10457, -86.17968], "size": [10, 0, 22], "pivot": [72.26573, 23.10457, -75.17968], "rotation": [0, -60, 0], "uv": [20, 498]},
						{"origin": [72.26573, 23.10457, -73.05532], "size": [10, 0, 22], "pivot": [79.26573, 23.10457, -63.05532], "rotation": [0, -67.5, 0], "uv": [20, 498]},
						{"origin": [77.15137, 23.10457, -63.20997], "size": [10, 0, 22], "pivot": [82.55137, 23.10457, -52.50997], "rotation": [0, -77.5, 0], "uv": [20, 498]},
						{"origin": [75.68437, 23.10457, -51.87254], "size": [10, 0, 22], "pivot": [80.68437, 23.10457, -39.87254], "rotation": [0, -82.5, 0], "uv": [20, 498]},
						{"origin": [77.16418, 23.10457, -40.38301], "size": [10, 0, 22], "pivot": [80.66418, 23.10457, -28.88301], "rotation": [0, -89.96087, 0], "uv": [20, 498]},
						{"origin": [78.67116, 23.09876, -29.38235], "size": [10, 0, 22], "pivot": [79.67116, 23.09876, -18.38235], "rotation": [0, -85.03799, 0], "uv": [20, 498]},
						{"origin": [71.41223, 23.10457, -10.67659], "size": [10, 0, 22], "pivot": [76.41223, 23.09136, 0.32341], "rotation": [0, -110.038, 0], "uv": [20, 498]},
						{"origin": [63.10861, 23.10457, 0.15156], "size": [10, 0, 22], "pivot": [68.10861, 22.93957, 11.15156], "rotation": [0, -122.538, 0], "uv": [20, 498]},
						{"origin": [45.43071, 23.10457, 17.96885], "size": [10, 0, 22], "pivot": [50.43071, 22.89569, 28.96885], "rotation": [0, -145.038, 0], "uv": [20, 498]},
						{"origin": [55.19693, 23.10457, 12.66833], "size": [10, 0, 22], "pivot": [61.1782, 22.98608, 23.53485], "rotation": [0, -135.038, 0], "uv": [20, 498]}
					]
				},
				{
					"name": "wing_right",
					"parent": "wings",
					"pivot": [0, 23.10457, -9.77424],
					"cubes": [
						{"origin": [-76, 23.10457, -106.77424], "size": [76, 0, 150], "inflate": 0.02, "uv": [91, 370], "mirror": true},
						{"origin": [-44, 23.09457, 30.14831], "size": [44, 0, 47], "uv": [-47, 444], "mirror": true},
						{"origin": [-60, 23.10457, -110.77424], "size": [10, 0, 22], "pivot": [-49, 23.10457, -95.77424], "rotation": [0, 37.5, 0], "uv": [20, 498], "mirror": true},
						{"origin": [-71.92205, 23.10457, -97.59871], "size": [10, 0, 22], "pivot": [-64.92205, 23.10457, -88.59871], "rotation": [0, 50, 0], "uv": [20, 498], "mirror": true},
						{"origin": [-77.16573, 23.10457, -86.17968], "size": [10, 0, 22], "pivot": [-72.26573, 23.10457, -75.17968], "rotation": [0, 60, 0], "uv": [20, 498], "mirror": true},
						{"origin": [-82.26573, 23.10457, -73.05532], "size": [10, 0, 22], "pivot": [-79.26573, 23.10457, -63.05532], "rotation": [0, 67.5, 0], "uv": [20, 498], "mirror": true},
						{"origin": [-87.15137, 23.10457, -63.20997], "size": [10, 0, 22], "pivot": [-82.55137, 23.10457, -52.50997], "rotation": [0, 77.5, 0], "uv": [20, 498], "mirror": true},
						{"origin": [-85.68437, 23.10457, -51.87254], "size": [10, 0, 22], "pivot": [-80.68437, 23.10457, -39.87254], "rotation": [0, 82.5, 0], "uv": [20, 498], "mirror": true},
						{"origin": [-87.16418, 23.10457, -40.38301], "size": [10, 0, 22], "pivot": [-80.66418, 23.10457, -28.88301], "rotation": [0, 89.96087, 0], "uv": [20, 498], "mirror": true},
						{"origin": [-88.67116, 23.09876, -29.38235], "size": [10, 0, 22], "pivot": [-79.67116, 23.09876, -18.38235], "rotation": [0, 85.03799, 0], "uv": [20, 498], "mirror": true},
						{"origin": [-73.10861, 23.10457, 0.15156], "size": [10, 0, 22], "pivot": [-68.10861, 22.93957, 11.15156], "rotation": [0, 122.538, 0], "uv": [20, 498], "mirror": true},
						{"origin": [-55.43071, 23.10457, 17.96885], "size": [10, 0, 22], "pivot": [-50.43071, 22.89569, 28.96885], "rotation": [0, 145.038, 0], "uv": [20, 498], "mirror": true},
						{"origin": [-65.19693, 23.10457, 12.66833], "size": [10, 0, 22], "pivot": [-61.1782, 22.98608, 23.53485], "rotation": [0, 135.038, 0], "uv": [20, 498], "mirror": true}
					]
				},
				{
					"name": "chest",
					"parent": "waist",
					"pivot": [0, 13.68104, -13.26282],
					"cubes": [
						{"origin": [-7, 9.9425, -15.27424], "size": [14, 13, 7], "uv": [46, 64]}
					]
				},
				{
					"name": "neck",
					"parent": "chest",
					"pivot": [0, 17.68104, -19.26282],
					"rotation": [7.5, 0, 0],
					"cubes": [
						{"origin": [-5, 12.18104, -24.26282], "size": [10, 9, 11], "inflate": 0.01, "uv": [0, 65]}
					]
				},
				{
					"name": "neck2",
					"parent": "neck",
					"pivot": [0, 17.43104, -24.26282],
					"cubes": [
						{"origin": [-4.5, 12.93104, -31.26282], "size": [9, 8, 8], "inflate": 0.01, "uv": [88, 58]}
					]
				},
				{
					"name": "neck3",
					"parent": "neck2",
					"pivot": [0, 17.68104, -31.76282],
					"cubes": [
						{"origin": [-4, 13.43104, -33.76282], "size": [8, 7, 4], "inflate": 0.01, "uv": [230, 0]}
					]
				},
				{
					"name": "head",
					"parent": "neck3",
					"pivot": [0, 17.41957, -31.27424]
				},
				{
					"name": "head_ai",
					"parent": "head",
					"pivot": [0, 17.41957, -31.27424]
				},
				{
					"name": "head_rotation",
					"parent": "head_ai",
					"pivot": [0, 18.93104, -31.26282],
					"rotation": [2.5, 0, 0],
					"cubes": [
						{"origin": [-5, 12.49647, -40.26139], "size": [10, 9, 9], "inflate": 0.02, "uv": [165, 51]},
						{"origin": [2.94627, 17.71213, -40.26139], "size": [15, 0, 9], "uv": [173, 42]},
						{"origin": [3.87928, 17.32816, -40.26139], "size": [15, 0, 9], "pivot": [4.44627, 16.71213, -35.76139], "rotation": [0, 0, -30], "uv": [173, 42]},
						{"origin": [4.40482, 16.65778, -40.26139], "size": [15, 0, 9], "pivot": [4.44627, 16.71213, -35.76139], "rotation": [0, 0, -62.5], "uv": [173, 42]},
						{"origin": [-15.85706, 17.67677, -40.26139], "size": [15, 0, 9], "pivot": [-4.44627, 16.71213, -35.76139], "rotation": [0, 0, -62.5], "uv": [173, 42], "mirror": true},
						{"origin": [-17.51781, 17.92808, -40.26139], "size": [15, 0, 9], "pivot": [-4.44627, 16.71213, -35.76139], "rotation": [0, 0, -30], "uv": [173, 42], "mirror": true},
						{"origin": [-17.94627, 17.71213, -40.26139], "size": [15, 0, 9], "uv": [173, 42], "mirror": true},
						{"origin": [-18.87928, 17.32816, -40.26139], "size": [15, 0, 9], "pivot": [-4.44627, 16.71213, -35.76139], "rotation": [0, 0, 30], "uv": [173, 42], "mirror": true},
						{"origin": [-19.40482, 16.65778, -40.26139], "size": [15, 0, 9], "pivot": [-4.44627, 16.71213, -35.76139], "rotation": [0, 0, 62.5], "uv": [173, 42], "mirror": true},
						{"origin": [0.85706, 17.67677, -40.26139], "size": [15, 0, 9], "pivot": [4.44627, 16.71213, -35.76139], "rotation": [0, 0, 62.5], "uv": [173, 42]},
						{"origin": [2.51781, 17.92808, -40.26139], "size": [15, 0, 9], "pivot": [4.44627, 16.71213, -35.76139], "rotation": [0, 0, 30], "uv": [173, 42]},
						{"origin": [-5.06734, 19.42239, -40.91139], "size": [4, 3, 10], "inflate": 0.07, "uv": [121, 50]},
						{"origin": [1.06734, 19.42239, -40.91139], "size": [4, 3, 10], "inflate": 0.07, "uv": [121, 50], "mirror": true}
					]
				},
				{
					"name": "muzzle",
					"parent": "head_rotation",
					"pivot": [0, 22.49647, -39.26139],
					"rotation": [5, 0, 0],
					"cubes": [
						{"origin": [-4.96734, 20.31918, -46.24584], "size": [3, 2, 6], "inflate": 0.07, "pivot": [-3.46734, 21.14554, -42.26104], "rotation": [5, 0, 0], "uv": [139, 50]},
						{"origin": [1.96734, 20.31918, -46.24584], "size": [3, 2, 6], "inflate": 0.07, "pivot": [3.46734, 21.14554, -42.26104], "rotation": [5, 0, 0], "uv": [139, 50], "mirror": true},
						{"origin": [-5, 16.58363, -46.25758], "size": [10, 5, 6], "inflate": 0.01, "uv": [104, 108]},
						{"origin": [-0.5, 18.71816, -46.33903], "size": [1, 3, 15], "inflate": 0.01, "uv": [143, 93]},
						{"origin": [-5, 17.74009, -45.76044], "size": [0, 3, 4], "inflate": 0.02, "pivot": [-5.5, 18.69647, -42.76139], "rotation": [-2.5, 0, 0], "uv": [138, 113]},
						{"origin": [5, 17.74009, -45.76044], "size": [0, 3, 4], "inflate": 0.02, "pivot": [5.5, 18.69647, -42.76139], "rotation": [-2.5, 0, 0], "uv": [138, 113], "mirror": true}
					]
				},
				{
					"name": "eye_left",
					"parent": "muzzle",
					"pivot": [-5.02, 19.21724, -44.7154],
					"cubes": [
						{"origin": [-5.02, 18.24009, -45.26044], "size": [0, 2, 1], "pivot": [-5.5, 18.19647, -45.26139], "rotation": [-2.5, 0, 0], "uv": [146, 117]}
					]
				},
				{
					"name": "eye_right",
					"parent": "muzzle",
					"pivot": [5.025, 19.21724, -44.7154],
					"cubes": [
						{"origin": [5.025, 18.24009, -45.26044], "size": [0, 2, 1], "pivot": [5.5, 18.19647, -45.26139], "rotation": [-2.5, 0, 0], "uv": [146, 117], "mirror": true}
					]
				},
				{
					"name": "muzzle2",
					"parent": "muzzle",
					"pivot": [0, 20.59791, -46.27901],
					"cubes": [
						{"origin": [-3.5, 16.58363, -50.25758], "size": [7, 4, 4], "inflate": 0.01, "uv": [134, 100]},
						{"origin": [-3, 16.08363, -49.73258], "size": [1, 1, 0], "pivot": [-2.5, 16.58363, -49.73258], "rotation": [36.31777, 32.69847, 51.49017], "uv": [134, 103]},
						{"origin": [-3.675, 16.13363, -48.43258], "size": [1, 1, 0], "pivot": [-3.175, 16.63363, -48.43258], "rotation": [85.81448, 49.81656, 84.52178], "uv": [134, 103]},
						{"origin": [-3.7, 16.13363, -47.03258], "size": [1, 1, 0], "pivot": [-3.2, 16.63363, -47.03258], "rotation": [89.32165, 50.08831, 84.4986], "uv": [134, 103]},
						{"origin": [2, 16.08363, -49.73258], "size": [1, 1, 0], "pivot": [2.5, 16.58363, -49.73258], "rotation": [36.31777, -32.69847, -51.49017], "uv": [134, 103], "mirror": true},
						{"origin": [2.675, 16.13363, -48.43258], "size": [1, 1, 0], "pivot": [3.175, 16.63363, -48.43258], "rotation": [85.81448, -49.81656, -84.52178], "uv": [134, 103], "mirror": true},
						{"origin": [2.7, 16.13363, -47.03258], "size": [1, 1, 0], "pivot": [3.2, 16.63363, -47.03258], "rotation": [89.32165, -50.08831, -84.4986], "uv": [134, 103], "mirror": true}
					]
				},
				{
					"name": "jaw",
					"parent": "head_rotation",
					"pivot": [0, 17.49647, -39.23639],
					"cubes": [
						{"origin": [-5, 13.49647, -45.73639], "size": [10, 3, 6], "inflate": 0.01, "uv": [58, 111]}
					]
				},
				{
					"name": "jaw2",
					"parent": "jaw",
					"pivot": [0, 13.49647, -44.93639],
					"cubes": [
						{"origin": [-3.5, 13.49647, -49.93639], "size": [7, 3, 5], "uv": [3, 125]},
						{"origin": [-2.66514, 14.92181, -49.92281], "size": [1, 1, 0], "pivot": [-3.5, 15.99647, -49.93639], "rotation": [0, 0, -42.5], "uv": [0, 115]},
						{"origin": [1.66514, 14.92181, -49.92281], "size": [1, 1, 0], "pivot": [3.5, 15.99647, -49.93639], "rotation": [0, 0, 42.5], "uv": [0, 115], "mirror": true}
					]
				},
				{
					"name": "leg_front_left",
					"parent": "chest",
					"pivot": [3.8, 22.9003, -8.48262],
					"rotation": [-8.95786, 6.56018, 30.34426]
				},
				{
					"name": "leg_front_left_rotation",
					"parent": "leg_front_left",
					"pivot": [10.29053, 22.52596, -7.80632],
					"rotation": [-27.5, 0, -70],
					"cubes": [
						{"origin": [7.29053, 2.52596, -11.30632], "size": [6, 20, 7], "inflate": 0.01, "uv": [0, 85]}
					]
				},
				{
					"name": "leg_front_left2",
					"parent": "leg_front_left_rotation",
					"pivot": [13.17891, 2.52596, -12.10007],
					"rotation": [0, -12.5, 32.5],
					"cubes": [
						{"origin": [7.89053, -7.47404, -11.10632], "size": [6, 10, 7], "uv": [120, 0]},
						{"origin": [8.16228, -8.76905, -4.03834], "size": [5, 9, 0], "pivot": [10.89053, -5.47404, 15.91868], "rotation": [-17.5, 0, 0], "uv": [70, 0]},
						{"origin": [13.20967, -1.09235, -16.56344], "size": [5, 9, 0], "pivot": [10.85967, 1.70765, -12.46344], "rotation": [0, -90, 17.5], "uv": [60, 0]},
						{"origin": [8.35967, -2.71665, -10.24106], "size": [5, 9, 0], "pivot": [10.89053, -5.47404, -11.10632], "rotation": [17.5, 0, 0], "uv": [60, 9]}
					]
				},
				{
					"name": "foot_front_left",
					"parent": "leg_front_left2",
					"pivot": [11.07891, -2.576, -7.21494],
					"rotation": [47.00038, -3.95746, 4.22928],
					"cubes": [
						{"origin": [7.57891, -11.076, -14.21494], "size": [7, 9, 8], "inflate": 0.02, "uv": [104, 91]}
					]
				},
				{
					"name": "toes_front_left",
					"parent": "foot_front_left",
					"pivot": [10.1, -9.1997, -13.48262]
				},
				{
					"name": "toe_inner_front_left",
					"parent": "toes_front_left",
					"pivot": [10.07891, -6.576, -14.61494],
					"cubes": [
						{"origin": [8.57226, -11.08318, -16.05795], "size": [1, 4, 2], "inflate": 0.01, "uv": [232, 16]},
						{"origin": [8.89899, -11.13127, -25.59088], "size": [0, 4, 10], "uv": [56, 132], "mirror": true}
					]
				},
				{
					"name": "toe_middle_front_left",
					"parent": "toes_front_left",
					"pivot": [10.98563, -7.10723, -14.32442],
					"cubes": [
						{"origin": [10.57226, -11.08318, -16.05795], "size": [1, 4, 2], "inflate": 0.01, "uv": [238, 16]},
						{"origin": [10.89899, -11.13127, -25.59088], "size": [0, 4, 10], "uv": [56, 128], "mirror": true}
					]
				},
				{
					"name": "toe_outer_front_left",
					"parent": "toes_front_left",
					"pivot": [12.07891, -7.076, -14.11494],
					"cubes": [
						{"origin": [12.57226, -11.08318, -16.05795], "size": [1, 4, 2], "inflate": 0.01, "uv": [244, 16]},
						{"origin": [12.89899, -11.13127, -25.59088], "size": [0, 4, 10], "uv": [56, 124], "mirror": true}
					]
				},
				{
					"name": "leg_front_right",
					"parent": "torso",
					"pivot": [-1.6, 23.3003, -10.68262],
					"rotation": [-29.86508, -20.14825, -30.86214]
				},
				{
					"name": "leg_front_right_rotation",
					"parent": "leg_front_right",
					"pivot": [-8.09053, 22.92596, -10.00632],
					"rotation": [0, 0, 70],
					"cubes": [
						{"origin": [-11.09053, 2.92596, -13.50632], "size": [6, 20, 7], "inflate": 0.01, "uv": [0, 85], "mirror": true}
					]
				},
				{
					"name": "leg_front_right2",
					"parent": "leg_front_right_rotation",
					"pivot": [-10.37891, 2.92596, -14.50007],
					"rotation": [15, 0, -29],
					"cubes": [
						{"origin": [-11.09053, -7.07404, -13.50632], "size": [6, 10, 7], "uv": [120, 0], "mirror": true},
						{"origin": [-10.36228, -8.36905, -6.43834], "size": [5, 9, 0], "pivot": [-8.09053, -5.07404, 13.51868], "rotation": [-17.5, 0, 0], "uv": [70, 0], "mirror": true},
						{"origin": [-15.40967, -0.69235, -18.96344], "size": [5, 9, 0], "pivot": [-8.05967, 2.10765, -14.86344], "rotation": [0, 90, -17.5], "uv": [60, 0], "mirror": true},
						{"origin": [-10.55967, -2.31665, -12.64106], "size": [5, 9, 0], "pivot": [-8.09053, -5.07404, -13.50632], "rotation": [17.5, 0, 0], "uv": [60, 9], "mirror": true}
					]
				},
				{
					"name": "foot_front_right",
					"parent": "leg_front_right2",
					"pivot": [-8.07891, -0.776, -8.61494],
					"rotation": [28.35079, 1.2359, -1.46623],
					"cubes": [
						{"origin": [-11.57891, -9.276, -15.61494], "size": [7, 9, 8], "inflate": 0.02, "uv": [104, 91], "mirror": true}
					]
				},
				{
					"name": "toes_front_right",
					"parent": "foot_front_right",
					"pivot": [-7.1, -7.3997, -14.88262]
				},
				{
					"name": "toe_inner_front_right",
					"parent": "toes_front_right",
					"pivot": [-7.07891, -4.776, -16.01494],
					"cubes": [
						{"origin": [-6.57226, -9.28318, -17.45795], "size": [1, 4, 2], "inflate": 0.01, "uv": [232, 16], "mirror": true},
						{"origin": [-5.89899, -9.33127, -26.99088], "size": [0, 4, 10], "uv": [56, 132]}
					]
				},
				{
					"name": "toe_middle_front_right",
					"parent": "toes_front_right",
					"pivot": [-7.98563, -5.30723, -15.72442],
					"cubes": [
						{"origin": [-8.57226, -9.28318, -17.45795], "size": [1, 4, 2], "inflate": 0.01, "uv": [238, 16], "mirror": true},
						{"origin": [-7.89899, -9.33127, -26.99088], "size": [0, 4, 10], "uv": [56, 128]}
					]
				},
				{
					"name": "toe_outer_front_right",
					"parent": "toes_front_right",
					"pivot": [-9.07891, -5.276, -15.51494],
					"cubes": [
						{"origin": [-10.57226, -9.28318, -17.45795], "size": [1, 4, 2], "inflate": 0.01, "uv": [244, 16], "mirror": true},
						{"origin": [-9.89899, -9.33127, -26.99088], "size": [0, 4, 10], "uv": [56, 124]}
					]
				},
				{
					"name": "tail",
					"parent": "torso",
					"pivot": [0, 13.68104, 9.73718],
					"cubes": [
						{"origin": [-4.5, 8.18104, 9.73718], "size": [9, 11, 14], "inflate": 0.02, "uv": [0, 40]}
					]
				},
				{
					"name": "tail2",
					"parent": "tail",
					"pivot": [0, 13.68104, 22.23718],
					"cubes": [
						{"origin": [-3.5, 8.18104, 22.23718], "size": [7, 11, 13], "inflate": 0.01, "uv": [46, 40]}
					]
				},
				{
					"name": "tail3",
					"parent": "tail2",
					"pivot": [0, 13.68104, 37.23718],
					"cubes": [
						{"origin": [-3.5, 9.18104, 33.73718], "size": [7, 9, 13], "uv": [80, 0]}
					]
				},
				{
					"name": "tail4",
					"parent": "tail3",
					"pivot": [0, 13.68104, 44.73718],
					"cubes": [
						{"origin": [-3, 10.18104, 44.73718], "size": [6, 7, 12], "inflate": 0.01, "uv": [42, 84]}
					]
				},
				{
					"name": "tail5",
					"parent": "tail4",
					"pivot": [0, 13.68104, 55.73718],
					"cubes": [
						{"origin": [-2.5, 10.68104, 55.73718], "size": [5, 6, 12], "uv": [148, 32]}
					]
				},
				{
					"name": "tail6",
					"parent": "tail5",
					"pivot": [0, 13.68104, 65.73718],
					"cubes": [
						{"origin": [-2, 11.68104, 65.73718], "size": [4, 4, 12], "inflate": 0.01, "uv": [26, 103]}
					]
				},
				{
					"name": "tail7",
					"parent": "tail6",
					"pivot": [0, 13.68104, 75.73718],
					"cubes": [
						{"origin": [-1.5, 12.18104, 75.73718], "size": [3, 3, 8], "uv": [20, 136]}
					]
				},
				{
					"name": "legs",
					"parent": "body",
					"pivot": [0, 20.05, 0]
				},
				{
					"name": "leg_back_left",
					"parent": "legs",
					"pivot": [3, -5.2, -1]
				},
				{
					"name": "leg_back_left_rotation",
					"parent": "leg_back_left",
					"pivot": [12.5, 13.05, 8],
					"cubes": [
						{"origin": [9, 8.05, 4], "size": [7, 6, 8], "inflate": 0.01, "uv": [152, 0]}
					]
				},
				{
					"name": "leg_back_left2",
					"parent": "leg_back_left_rotation",
					"pivot": [12.5, 8.55, 4.5],
					"cubes": [
						{"origin": [9.5, 3.55, 4.5], "size": [6, 6, 7], "uv": [120, 17]}
					]
				},
				{
					"name": "foot_back_left",
					"parent": "leg_back_left2",
					"pivot": [12.5, 4.09643, 11.47857],
					"cubes": [
						{"origin": [9.5, 0.05, 4.5], "size": [6, 4, 7], "inflate": 0.02, "uv": [122, 63]},
						{"origin": [10, 0.05, 1.5], "size": [1, 2, 3], "uv": [224, 11]},
						{"origin": [14, 0.05, 1.5], "size": [1, 2, 3], "uv": [232, 11]},
						{"origin": [12, 0.05, 1.5], "size": [1, 2, 3], "uv": [240, 11]},
						{"origin": [10.5, 0.05, -1.5], "size": [0, 2, 3], "uv": [146, 5]},
						{"origin": [14.5, 0.05, -1.5], "size": [0, 2, 3], "uv": [146, 0]},
						{"origin": [12.5, 0.05, -1.5], "size": [0, 2, 3], "uv": [250, 16]}
					]
				},
				{
					"name": "leg_back_right",
					"parent": "legs",
					"pivot": [-3, -5.2, -1]
				},
				{
					"name": "leg_back_right_rotation",
					"parent": "leg_back_right",
					"pivot": [-12.5, 13.05, 8],
					"cubes": [
						{"origin": [-16, 8.05, 4], "size": [7, 6, 8], "inflate": 0.01, "uv": [152, 0], "mirror": true}
					]
				},
				{
					"name": "leg_back_right2",
					"parent": "leg_back_right_rotation",
					"pivot": [-12.5, 8.55, 4.5],
					"cubes": [
						{"origin": [-15.5, 3.55, 4.5], "size": [6, 6, 7], "uv": [120, 17], "mirror": true}
					]
				},
				{
					"name": "foot_back_right",
					"parent": "leg_back_right2",
					"pivot": [-12.5, 4.09643, 11.47857],
					"cubes": [
						{"origin": [-15.5, 0.05, 4.5], "size": [6, 4, 7], "inflate": 0.02, "uv": [122, 63], "mirror": true},
						{"origin": [-11, 0.05, 1.5], "size": [1, 2, 3], "uv": [224, 11], "mirror": true},
						{"origin": [-15, 0.05, 1.5], "size": [1, 2, 3], "uv": [232, 11], "mirror": true},
						{"origin": [-13, 0.05, 1.5], "size": [1, 2, 3], "uv": [240, 11], "mirror": true},
						{"origin": [-10.5, 0.05, -1.5], "size": [0, 2, 3], "uv": [146, 5], "mirror": true},
						{"origin": [-14.5, 0.05, -1.5], "size": [0, 2, 3], "uv": [146, 0], "mirror": true},
						{"origin": [-12.5, 0.05, -1.5], "size": [0, 2, 3], "uv": [250, 16], "mirror": true}
					]
				}
			]
		}
	]
}