{
  "portraitScale": 1,
  "portraitTranslation": [0, 0.5, 0],
  "profileScale": 0.75,
  "profileTranslation": [0.0, 0.6, 0.0],
  "rootBone": "clefable",
  "animations": {
  },
  "poses": {
    "battle-standing": {
      "poseTypes": ["STAND"],
      "isBattle": true,
      "animations": ["q.look('head')", "q.bedrock('clefable', 'battle_idle')"],
      "quirks": ["q.bedrock_quirk('clefable', 'blink')"]
    },
    "standing": {
      "poseTypes": ["STAND", "NONE", "PORTRAIT", "PROFILE"],
      "isBattle": false,
      "animations": ["q.look('head')", "q.bedrock('clefable', 'ground_idle')"],
      "quirks": ["q.bedrock_quirk('clefable', 'blink')"]
    },
    "walking": {
      "poseTypes": ["WALK"],
      "animations": ["q.look('head')", "q.bedrock('clefable', 'ground_walk')"],
      "quirks": ["q.bedrock_quirk('clefable', 'blink')"]
    },
    "sleep": {
      "poseTypes": ["SLEEP"],
      "animations": ["q.bedrock('clefable', 'sleep')"]
    }
  }
}
