{
  "portraitScale": 1.5,
  "portraitTranslation": [-0.14, 0.75, 0],
  "profileScale": 0.5,
  "profileTranslation": [0.4, 1, 0.0],
  "rootBone": "ninetales",
  "animations": {

  },
  "poses": {
    "battle-standing": {
      "poseTypes": ["STAND"],
      "isBattle": true,
      "animations": ["q.look('head')", "q.bedrock('ninetales', 'battle_idle')"],
      "quirks": ["q.bedrock_quirk('ninetales', 'blink')"]
    },
    "standing": {
      "poseTypes": ["STAND", "NONE", "PORTRAIT", "PROFILE"],
      "isBattle": false,
      "animations": ["q.look('head')", "q.bedrock('ninetales', 'ground_idle')"],
      "quirks": ["q.bedrock_quirk('ninetales', 'blink')"]
    },
    "walking": {
      "poseTypes": ["WALK"],
      "animations": ["q.look('head')", "q.bedrock('ninetales', 'ground_walk')"],
      "quirks": ["q.bedrock_quirk('ninetales', 'blink')"]
    }
  }
}
