{
  "portraitScale": 1.5,
  "portraitTranslation": [-0.14, 1.6, 0],
  "profileScale": 0.6,
  "profileTranslation": [-0.1, 0.9, 0.0],
  "rootBone": "sudowoodo",
  "animations": {
    "cry": "q.bedrock_stateful('sudowoodo', 'cry')",
    "physical": "q.bedrock_primary('sudowoodo', 'physical', q.curve('symmetrical_wide'))"
  },
  "poses": {
    "battle-standing": {
      "poseTypes": ["STAND"],
      "isBattle": true,
      "animations": ["q.look('head_ai')", "q.bedrock('sudowoodo', 'battle_idle')"],
      "quirks": ["q.bedrock_quirk('sudowoodo', 'blink')"]
    },
    "standing": {
      "poseTypes": ["STAND", "NONE", "PORTRAIT", "PROFILE"],
      "isBattle": false,
      "animations": ["q.look('head_ai')", "q.bedrock('sudowoodo', 'ground_idle')"],
      "quirks": ["q.bedrock_quirk('sudowoodo', 'blink')"]
    },
    "walking": {
      "poseTypes": ["WALK"],
      "animations": ["q.look('head_ai')", "q.bedrock('sudowoodo', 'ground_walk')"],
      "quirks": ["q.bedrock_quirk('sudowoodo', 'blink')"]
    }
  }
}
