{
  "species": "cobblemon:irontreads",
  "order": 0,
  "variations": [
    {
      "aspects": [],
      "poser": "cobblemon:irontreads",
      "model": "cobblemon:irontreads.geo",
      "texture": "cobblemon:textures/pokemon/0990_irontreads/irontreads.png",
      "layers": [
        {
          "name": "emissive",
          "emissive": true,
          "texture": "cobblemon:textures/pokemon/0990_irontreads/irontreads_emissive.png",
          "translucent": true
        }
      ]
    },
    {
      "aspects": [
        "shiny"
      ],
      "texture": "cobblemon:textures/pokemon/0990_irontreads/irontreads_shiny.png",
      "layers": [
        {
          "name": "emissive",
          "emissive": true,
          "texture": "cobblemon:textures/pokemon/0990_irontreads/irontreads_emissive.png",
          "translucent": true
        }
      ]
    }
  ]
}