{
	"format_version": "1.12.0",
	"minecraft:geometry": [
		{
			"description": {
				"identifier": "geometry.typenull",
				"texture_width": 128,
				"texture_height": 128,
				"visible_bounds_width": 5,
				"visible_bounds_height": 4.5,
				"visible_bounds_offset": [0, 1.75, 0]
			},
			"bones": [
				{
					"name": "typenull",
					"pivot": [0, 0.23, -6]
				},
				{
					"name": "body",
					"parent": "typenull",
					"pivot": [4.24, 16.93, 7.13]
				},
				{
					"name": "leg_b_left",
					"parent": "body",
					"pivot": [4.24, 17.38, 7.13],
					"rotation": [22.5, 0, 0],
					"cubes": [
						{"origin": [2.76, 9.45969, 3.18774], "size": [4, 9, 7], "uv": [70, 83]},
						{"origin": [6.77, 14.95969, 5.18774], "size": [0, 2, 3], "uv": [86, 99]},
						{"origin": [6.78, 12.44969, 5.18774], "size": [0, 2, 3], "uv": [32, 110]},
						{"origin": [6.77, 10.95969, 5.18774], "size": [0, 2, 3], "uv": [98, 120]}
					]
				},
				{
					"name": "leg_b_left2",
					"parent": "leg_b_left",
					"pivot": [5.24, 9.8489, 8.57363],
					"cubes": [
						{"origin": [3.24, 6.172, 6.7521], "size": [3, 5, 3], "pivot": [4.74, 9.8589, 9.26363], "rotation": [17.5, 0, 0], "uv": [112, 92]}
					]
				},
				{
					"name": "leg_b_left3",
					"parent": "leg_b_left2",
					"pivot": [5.24, 6.5689, 10.14363],
					"rotation": [-22.5, 0, 0],
					"cubes": [
						{"origin": [3.24, -0.19751, 7.76394], "size": [3, 7, 3], "inflate": -0.01, "uv": [54, 109]},
						{"origin": [3.24, 3.49249, 7.76394], "size": [3, 1, 0], "uv": [56, 37]}
					]
				},
				{
					"name": "leg_b_left4",
					"parent": "leg_b_left3",
					"pivot": [5.24, 2.94309, 6.18476],
					"cubes": [
						{"origin": [3.24, 0.61862, 8.13298], "size": [3, 2, 3], "pivot": [5.24, 1.87249, 5.99394], "rotation": [-31, 0, 0], "uv": [32, 116]},
						{"origin": [5.24, -1.04365, 8.68234], "size": [0, 3, 4], "pivot": [5.24, 0.45635, 10.68234], "rotation": [-13.5, 0, 0], "uv": [62, 88]}
					]
				},
				{
					"name": "leg_b_left5",
					"parent": "leg_b_left4",
					"pivot": [5.22, 0.31249, 9.64394],
					"cubes": [
						{"origin": [2.9, -2.05751, 5.68394], "size": [4, 2, 4], "uv": [100, 77]},
						{"origin": [3.42, -2.05751, 5.68394], "size": [1, 2, 2], "inflate": 0.01, "uv": [62, 35]},
						{"origin": [5.49, -2.05751, 5.68394], "size": [1, 2, 2], "inflate": 0.01, "uv": [74, 13]}
					]
				},
				{
					"name": "leg_b_right",
					"parent": "body",
					"pivot": [-4.24, 17.38, 7.13],
					"rotation": [22.5, 0, 0],
					"cubes": [
						{"origin": [-6.76, 9.45969, 3.18774], "size": [4, 9, 7], "uv": [40, 88]},
						{"origin": [-6.77, 14.95969, 5.18774], "size": [0, 2, 3], "uv": [28, 121]},
						{"origin": [-6.78, 12.44969, 5.18774], "size": [0, 2, 3], "uv": [34, 121]},
						{"origin": [-6.77, 10.95969, 5.18774], "size": [0, 2, 3], "uv": [122, 45]}
					]
				},
				{
					"name": "leg_b_right2",
					"parent": "leg_b_right",
					"pivot": [-5.24, 9.8489, 8.57363],
					"cubes": [
						{"origin": [-6.24, 6.172, 6.7521], "size": [3, 5, 3], "pivot": [-4.74, 9.8589, 9.26363], "rotation": [17.5, 0, 0], "uv": [78, 115]}
					]
				},
				{
					"name": "leg_b_right3",
					"parent": "leg_b_right2",
					"pivot": [-4.74, 6.58129, 9.55638],
					"rotation": [-22.5, 0, 0],
					"cubes": [
						{"origin": [-6.24, 0.02817, 7.72398], "size": [3, 7, 3], "inflate": -0.01, "uv": [20, 110]},
						{"origin": [-6.24, 3.71817, 7.72398], "size": [3, 1, 0], "uv": [56, 38]}
					]
				},
				{
					"name": "leg_b_right4",
					"parent": "leg_b_right3",
					"pivot": [-4.99, 0.43917, 9.31244],
					"cubes": [
						{"origin": [-6.24, 0.84429, 8.09302], "size": [3, 2, 3], "pivot": [-5.24, 2.09817, 5.95398], "rotation": [-31, 0, 0], "uv": [116, 70]},
						{"origin": [-5.24, -0.81797, 8.64239], "size": [0, 3, 4], "pivot": [-5.24, 0.68203, 10.64239], "rotation": [-13.5, 0, 0], "uv": [104, 117]}
					]
				},
				{
					"name": "leg_b_right5",
					"parent": "leg_b_right4",
					"pivot": [-4.93667, -0.83183, 8.97732],
					"cubes": [
						{"origin": [-6.9, -1.83183, 5.64398], "size": [4, 2, 4], "uv": [104, 40]},
						{"origin": [-4.42, -1.83183, 5.64398], "size": [1, 2, 2], "inflate": 0.01, "uv": [62, 95]},
						{"origin": [-6.49, -1.83183, 5.64398], "size": [1, 2, 2], "inflate": 0.01, "uv": [118, 88]}
					]
				},
				{
					"name": "torso",
					"parent": "body",
					"pivot": [0, 16.55041, 7.88961]
				},
				{
					"name": "chest",
					"parent": "torso",
					"pivot": [0, 15.39759, 3.01581],
					"cubes": [
						{"origin": [-3.5, 12.06119, -1.99708], "size": [7, 7, 6], "inflate": 0.2, "pivot": [0.5, 15.72547, 4.13314], "rotation": [3, 0, 0], "uv": [74, 0]}
					]
				},
				{
					"name": "chest2",
					"parent": "chest",
					"pivot": [0, 15.2003, -0.59745],
					"cubes": [
						{"origin": [-4.5, 11.2, -10.58], "size": [9, 8, 10], "inflate": 0.2, "pivot": [0.5, 15.7, -5.58], "rotation": [-2, 0, 0], "uv": [34, 39]}
					]
				},
				{
					"name": "neck",
					"parent": "chest2",
					"pivot": [-0.0006, 21.09925, -7.53022],
					"cubes": [
						{"origin": [4.16214, 10.01747, -13.63407], "size": [0, 12, 10], "pivot": [3.79979, 20.9477, -7.88477], "rotation": [8.64149, 1.8104, -36.17408], "uv": [0, 75]},
						{"origin": [-4.16214, 10.01747, -13.63407], "size": [0, 12, 10], "pivot": [-3.79979, 20.9477, -7.88477], "rotation": [8.64149, -1.8104, 36.17408], "uv": [20, 75]},
						{"origin": [0.80218, 14.09767, -1.61441], "size": [10, 8, 0], "pivot": [5.80218, 18.09767, -1.61441], "rotation": [86.39199, -10.84585, 56.72532], "uv": [102, 46]},
						{"origin": [0.78022, 19.72435, -0.67368], "size": [4, 5, 0], "pivot": [2.78022, 19.8648, -0.10059], "rotation": [66.6154, 10.11594, -4.3433], "uv": [70, 119]},
						{"origin": [-10.82218, 14.09767, -1.61441], "size": [10.02, 8, 0], "pivot": [-5.80218, 18.09767, -1.61441], "rotation": [86.39199, 10.84585, -56.72532], "uv": [104, 32]},
						{"origin": [0.78022, 15.00724, -0.68177], "size": [4, 5, 0], "pivot": [2.78022, 19.8648, -0.10059], "rotation": [94.1154, 10.11594, -4.3433], "uv": [112, 119]},
						{"origin": [-4.78022, 19.72435, -0.67368], "size": [4, 5, 0], "pivot": [-2.78022, 19.8648, -0.10059], "rotation": [66.6154, -10.11594, 4.3433], "uv": [20, 120]},
						{"origin": [-4.78022, 15.00724, -0.68177], "size": [4, 5, 0], "pivot": [-2.78022, 19.8648, -0.10059], "rotation": [94.1154, -10.11594, 4.3433], "uv": [120, 15]},
						{"origin": [-7.5, 4.39852, -11.62249], "size": [15, 17, 0], "pivot": [-0.5, 16.39852, -11.62249], "rotation": [-12, 0, 0], "uv": [70, 66]}
					]
				},
				{
					"name": "neck2",
					"parent": "neck",
					"pivot": [0, 20.94913, -7.08322],
					"cubes": [
						{"origin": [-4, 18.48767, -10.68663], "size": [8, 3, 7], "inflate": 0.2, "pivot": [-1, 18.48767, -7.68663], "rotation": [-4, 0, 0], "uv": [72, 46]}
					]
				},
				{
					"name": "neck3",
					"parent": "neck2",
					"pivot": [0, 21.56662, -7.13242],
					"rotation": [30, 0, 0],
					"cubes": [
						{"origin": [-3.5, 19.15328, -10.13613], "size": [7, 7, 6], "uv": [82, 13]},
						{"origin": [-3.5, 24.73328, -10.16613], "size": [7, 3, 6], "inflate": 0.4, "uv": [92, 83]},
						{"origin": [3.36, 21.43328, -10.11613], "size": [0, 5, 6], "pivot": [3.36, 24.43328, -7.11613], "rotation": [0, 0, -28], "uv": [104, 106]},
						{"origin": [-3.36, 21.43328, -10.11613], "size": [0, 5, 6], "pivot": [-3.36, 24.43328, -7.11613], "rotation": [0, 0, 28], "uv": [108, 10]},
						{"origin": [-3.5, 20.19328, -4.11613], "size": [7, 6, 0], "pivot": [0.5, 24.19328, -4.11613], "rotation": [28, 0, 0], "uv": [112, 100]},
						{"origin": [-4, 23.49328, -11.24613], "size": [8, 3, 8], "uv": [72, 35]},
						{"origin": [-0.28, 24.98328, -17.15613], "size": [12, 0, 9], "pivot": [5.22, 24.98328, -13.15613], "rotation": [0, 45, 0], "uv": [40, 17]},
						{"origin": [-11.72, 24.98328, -17.15613], "size": [12, 0, 9], "pivot": [-5.22, 24.98328, -13.15613], "rotation": [0, -45, 0], "uv": [40, 26]},
						{"origin": [-0.28, 24.98328, -6.37387], "size": [12, 0, 9], "pivot": [5.22, 24.98328, -1.37387], "rotation": [0, -45, 0], "uv": [0, 66]},
						{"origin": [-11.72, 24.98328, -6.37387], "size": [12, 0, 9], "pivot": [-5.22, 24.98328, -1.37387], "rotation": [0, 45, 0], "uv": [34, 57]},
						{"origin": [-3.5, 21.19328, -10.10387], "size": [7, 5, 0], "pivot": [-0.5, 24.19328, -10.10387], "rotation": [-28, 0, 0], "uv": [90, 115]}
					]
				},
				{
					"name": "head",
					"parent": "neck3",
					"pivot": [0, 27.45574, -7.06735],
					"cubes": [
						{"origin": [-5, 27.33328, -13.77613], "size": [10, 2, 5], "pivot": [0, 28.77828, -8.04113], "rotation": [8, 0, 0], "uv": [76, 56]},
						{"origin": [-1.5, 25.20328, -13.51613], "size": [3, 2, 2], "inflate": -0.02, "uv": [0, 62]},
						{"origin": [-0.5, 23.88328, -13.41613], "size": [1, 2, 1], "inflate": -0.03, "uv": [30, 62]},
						{"origin": [-5, 27.33328, -9.29613], "size": [10, 1, 5], "inflate": -0.01, "pivot": [0, 28.77828, -8.04113], "rotation": [8, 0, 0], "uv": [82, 26]},
						{"origin": [3.25, 28.22328, -8.53613], "size": [2, 3, 3], "pivot": [0.57, 28.77828, -7.96113], "rotation": [2, 0, 0], "uv": [116, 113]},
						{"origin": [3.31, 28.29243, -8.13884], "size": [2, 1, 3], "inflate": -0.01, "pivot": [0.57, 28.77828, -7.96113], "rotation": [47, 0, 0], "uv": [10, 62]},
						{"origin": [3.33, 29.60057, -9.47527], "size": [2, 1, 3], "inflate": -0.01, "pivot": [0.57, 28.77828, -7.96113], "rotation": [-43, 0, 0], "uv": [20, 62]},
						{"origin": [-5.25, 28.22328, -8.53613], "size": [2, 3, 3], "pivot": [-0.57, 28.77828, -7.96113], "rotation": [2, 0, 0], "uv": [116, 113], "mirror": true},
						{"origin": [-5.31, 28.29243, -8.13884], "size": [2, 1, 3], "inflate": -0.01, "pivot": [-0.57, 28.77828, -7.96113], "rotation": [47, 0, 0], "uv": [10, 62], "mirror": true},
						{"origin": [-5.33, 29.60057, -9.47527], "size": [2, 1, 3], "inflate": -0.01, "pivot": [-0.57, 28.77828, -7.96113], "rotation": [-43, 0, 0], "uv": [20, 62], "mirror": true},
						{"origin": [1.76, 31.64328, -8.78613], "size": [2, 3, 2], "pivot": [2.76, 33.14328, -7.78613], "rotation": [0, 0, 9], "uv": [120, 119]},
						{"origin": [2.31, 32.84328, -8.79613], "size": [1, 1, 1], "pivot": [2.31, 33.34328, -7.79613], "rotation": [0, 0, 9], "uv": [84, 63]},
						{"origin": [-3.31, 32.84328, -8.79613], "size": [1, 1, 1], "pivot": [-2.31, 33.34328, -7.79613], "rotation": [0, 0, -9], "uv": [84, 63], "mirror": true},
						{"origin": [-3.76, 31.64328, -8.78613], "size": [2, 3, 2], "pivot": [-2.76, 33.14328, -7.78613], "rotation": [0, 0, -9], "uv": [0, 121]},
						{"origin": [0.46009, 28.19328, -10.0067], "size": [1, 2, 3], "inflate": 0.2, "pivot": [0, 29.53328, -9.96679], "rotation": [7, 45, 0], "uv": [120, 40]},
						{"origin": [-3, 27.52328, -11.52613], "size": [5, 5, 5], "inflate": -0.03, "pivot": [0, 28.52328, -9.52613], "rotation": [0, 45, 0], "uv": [100, 0]},
						{"origin": [-3.5, 27.50328, -8.83613], "size": [7, 5, 5], "uv": [62, 99]},
						{"origin": [-5, 28.31328, -5.30613], "size": [10, 1, 1], "inflate": -0.01, "pivot": [0, 28.75828, -8.04113], "rotation": [8, 0, 0], "uv": [40, 35]},
						{"origin": [-1.46009, 28.19328, -10.0067], "size": [1, 2, 3], "inflate": 0.2, "pivot": [0, 29.53328, -9.96679], "rotation": [7, -45, 0], "uv": [90, 120]}
					]
				},
				{
					"name": "eye_right",
					"parent": "head",
					"pivot": [0, 29.53328, -9.96679],
					"cubes": [
						{"origin": [-1.67929, 29.37328, -9.7875], "size": [1, 1, 1], "pivot": [0, 29.53328, -9.96679], "rotation": [7, -45, 0], "uv": [68, 37]}
					]
				},
				{
					"name": "eye_left",
					"parent": "head",
					"pivot": [0, 29.54328, -9.96679],
					"cubes": [
						{"origin": [0.67929, 29.38328, -9.7875], "size": [1, 1, 1], "pivot": [0, 29.54328, -9.96679], "rotation": [7, 45, 0], "uv": [68, 35]}
					]
				},
				{
					"name": "leather",
					"parent": "head",
					"pivot": [0, 32.51295, -9.97492],
					"rotation": [-10, 0, 0],
					"cubes": [
						{"origin": [-0.5, 31.04622, -10.65994], "size": [1, 4, 5], "pivot": [0, 33.04622, -8.15994], "rotation": [-19, 0, 0], "uv": [112, 21]}
					]
				},
				{
					"name": "leather2",
					"parent": "leather",
					"pivot": [0, 34.90565, -8.71687],
					"rotation": [6, 0, 0],
					"cubes": [
						{"origin": [-0.5, 34.22349, 2.34941], "size": [1, 5, 7], "inflate": 0.01, "pivot": [0, 35.79707, -2.21745], "rotation": [-2, 0, 0], "uv": [38, 104]},
						{"origin": [-0.5, 34.69606, 0.21434], "size": [1, 5, 8], "pivot": [0, 35.79707, -2.21745], "rotation": [-35, 0, 0], "uv": [20, 97]},
						{"origin": [-1, 32.64187, -10.70607], "size": [2, 8, 15], "inflate": -0.2, "pivot": [0, 35.79707, -2.21745], "rotation": [-13, 0, 0], "uv": [0, 39]},
						{"origin": [-2, 31.87578, -3.13432], "size": [4, 10, 4], "inflate": -0.3, "pivot": [0, 35.95707, -2.87745], "rotation": [-13, 0, 0], "uv": [100, 63]},
						{"origin": [0, 32.45421, -17.67635], "size": [0, 8, 14], "pivot": [0, 35.79707, -2.21745], "rotation": [-13, 0, 0], "uv": [42, 66]}
					]
				},
				{
					"name": "leg_f_right",
					"parent": "chest2",
					"pivot": [-4.83, 15.05, -7.82],
					"rotation": [17.5, 0, 0],
					"cubes": [
						{"origin": [-6.40617, 8.90468, -9.78302], "size": [4, 8, 6], "pivot": [-4.40617, 10.45665, -6.45349], "rotation": [4, 0, 0], "uv": [0, 97]},
						{"origin": [-6.40617, 6.61361, -8.46012], "size": [4, 4, 5], "inflate": -0.01, "pivot": [-4.40617, 11.07665, -5.77349], "rotation": [-9, 0, 0], "uv": [86, 106]}
					]
				},
				{
					"name": "leg_f_right2",
					"parent": "leg_f_right",
					"pivot": [-4.49306, 8.40843, -6.80258],
					"rotation": [-32, 0, 0],
					"cubes": [
						{"origin": [-7.96617, 4.63468, -7.63302], "size": [4, 2, 0], "uv": [76, 63]},
						{"origin": [-5.89617, 3.63468, -8.63302], "size": [3, 7, 3], "uv": [0, 111]}
					]
				},
				{
					"name": "leg_f_right3",
					"parent": "leg_f_right2",
					"pivot": [-4.50691, 3.74039, -7.16824],
					"rotation": [-5, 0, 0],
					"cubes": [
						{"origin": [-7.55617, 1.53468, -7.63302], "size": [4, 2, 0], "uv": [82, 32]},
						{"origin": [-5.40617, -0.37532, -8.13302], "size": [2, 5, 2], "inflate": 0.1, "uv": [12, 118]}
					]
				},
				{
					"name": "leg_f_foe5",
					"parent": "leg_f_right3",
					"pivot": [-4.5237, 0.63468, -7.53577],
					"rotation": [18, 0, 0]
				},
				{
					"name": "leg_f_foe6",
					"parent": "leg_f_foe5",
					"pivot": [-3.63525, 0.03468, -8.23877],
					"rotation": [-5, -5, 0],
					"cubes": [
						{"origin": [-4.41617, -1.05532, -10.19302], "size": [1, 2, 3], "pivot": [-3.91617, 0.53468, -7.69302], "rotation": [0, -8, 0], "uv": [120, 0]}
					]
				},
				{
					"name": "leg_f_foe2_2",
					"parent": "leg_f_foe6",
					"pivot": [-3.49351, -0.05532, -9.75424],
					"rotation": [12.5, 0, 0],
					"cubes": [
						{"origin": [-3.63269, -1.05532, -14.22505], "size": [0, 2, 5], "pivot": [-3.35434, -0.05532, -9.74451], "rotation": [9, -8, 0], "uv": [116, 75]}
					]
				},
				{
					"name": "leg_f_foe7",
					"parent": "leg_f_foe5",
					"pivot": [-5.35466, -0.06532, -7.69553],
					"rotation": [-7.5, 10, 0],
					"cubes": [
						{"origin": [-5.37617, -1.06532, -10.22302], "size": [1, 2, 3], "pivot": [-4.87617, 0.52468, -7.72302], "rotation": [0, 13, 0], "uv": [120, 5]}
					]
				},
				{
					"name": "leg_f_foe3_2",
					"parent": "leg_f_foe7",
					"pivot": [-5.60821, -0.06532, -9.69366],
					"rotation": [10, 0, 0],
					"cubes": [
						{"origin": [-4.94617, -1.06532, -14.38302], "size": [0, 2, 5], "pivot": [-4.44617, 0.52468, -7.88302], "rotation": [8, 13, 0], "uv": [116, 106]}
					]
				},
				{
					"name": "leg_f_foe8",
					"parent": "leg_f_foe5",
					"pivot": [-4.3124, -0.11978, -6.45811],
					"rotation": [5, 0, 0],
					"cubes": [
						{"origin": [-4.8124, -1.11978, -7.45811], "size": [1, 2, 3], "uv": [120, 10]}
					]
				},
				{
					"name": "leg_f_foe4_2",
					"parent": "leg_f_foe8",
					"pivot": [-4.60617, -0.24532, -5.50302],
					"rotation": [-17.5, 0, 0],
					"cubes": [
						{"origin": [-4.3024, -0.92086, -6.40458], "size": [0, 2, 4], "pivot": [-4.3024, 0.13818, -4.73941], "rotation": [4, 0, 0], "uv": [118, 82]}
					]
				},
				{
					"name": "leg_f_left",
					"parent": "chest2",
					"pivot": [4.83, 15.05, -7.82],
					"rotation": [17.5, 0, 0],
					"cubes": [
						{"origin": [2.40617, 8.90468, -9.78302], "size": [4, 8, 6], "pivot": [4.40617, 10.45665, -6.45349], "rotation": [4, 0, 0], "uv": [92, 92]},
						{"origin": [2.40617, 6.61361, -8.46012], "size": [4, 4, 5], "inflate": -0.01, "pivot": [4.40617, 11.07665, -5.77349], "rotation": [-9, 0, 0], "uv": [106, 54]}
					]
				},
				{
					"name": "leg_f_left2",
					"parent": "leg_f_left",
					"pivot": [4.49306, 8.40843, -6.80258],
					"rotation": [-32, 0, 0],
					"cubes": [
						{"origin": [3.96617, 4.63468, -7.63302], "size": [4, 2, 0], "uv": [40, 37]},
						{"origin": [2.89617, 3.63468, -8.63302], "size": [3, 7, 3], "uv": [66, 109]}
					]
				},
				{
					"name": "leg_f_left3",
					"parent": "leg_f_left2",
					"pivot": [4.50691, 3.74039, -7.16824],
					"rotation": [-5, 0, 0],
					"cubes": [
						{"origin": [3.55617, 1.53468, -7.63302], "size": [4, 2, 0], "uv": [48, 37]},
						{"origin": [3.40617, -0.37532, -8.13302], "size": [2, 5, 2], "inflate": 0.1, "uv": [12, 111]}
					]
				},
				{
					"name": "leg_f_foe",
					"parent": "leg_f_left3",
					"pivot": [4.5237, 0.63468, -7.53577],
					"rotation": [18, 0, 0]
				},
				{
					"name": "leg_f_foe2",
					"parent": "leg_f_foe",
					"pivot": [3.63525, 0.03468, -8.23877],
					"rotation": [-5, 5, 0],
					"cubes": [
						{"origin": [3.41617, -1.05532, -10.19302], "size": [1, 2, 3], "pivot": [3.91617, 0.53468, -7.69302], "rotation": [0, 8, 0], "uv": [54, 104]}
					]
				},
				{
					"name": "leg_f_foe2_1",
					"parent": "leg_f_foe2",
					"pivot": [3.49351, -0.05532, -9.75424],
					"rotation": [12.5, 0, 0],
					"cubes": [
						{"origin": [3.63269, -1.05532, -14.22505], "size": [0, 2, 5], "pivot": [3.35434, -0.05532, -9.74451], "rotation": [9, 8, 0], "uv": [116, 63]}
					]
				},
				{
					"name": "leg_f_foe3",
					"parent": "leg_f_foe",
					"pivot": [5.35466, -0.06532, -7.69553],
					"rotation": [-7.5, -10, 0],
					"cubes": [
						{"origin": [4.37617, -1.06532, -10.22302], "size": [1, 2, 3], "pivot": [4.87617, 0.52468, -7.72302], "rotation": [0, -13, 0], "uv": [54, 119]}
					]
				},
				{
					"name": "leg_f_foe3_1",
					"parent": "leg_f_foe3",
					"pivot": [5.60821, -0.06532, -9.69366],
					"rotation": [10, 0, 0],
					"cubes": [
						{"origin": [4.94617, -1.06532, -14.38302], "size": [0, 2, 5], "pivot": [4.44617, 0.52468, -7.88302], "rotation": [8, -13, 0], "uv": [44, 116]}
					]
				},
				{
					"name": "leg_f_foe4",
					"parent": "leg_f_foe",
					"pivot": [4.3124, -0.11978, -6.45811],
					"rotation": [5, 0, 0],
					"cubes": [
						{"origin": [3.8124, -1.11978, -7.45811], "size": [1, 2, 3], "uv": [62, 119]}
					]
				},
				{
					"name": "leg_f_foe4_1",
					"parent": "leg_f_foe4",
					"pivot": [4.60617, -0.24532, -5.50302],
					"rotation": [-17.5, 0, 0],
					"cubes": [
						{"origin": [4.3024, -0.92086, -6.40458], "size": [0, 2, 4], "pivot": [4.3024, 0.13818, -4.73941], "rotation": [4, 0, 0], "uv": [78, 109]}
					]
				},
				{
					"name": "body_b",
					"parent": "torso",
					"pivot": [0, 16.05334, 3.25047],
					"cubes": [
						{"origin": [-4, 11.61631, 2.76576], "size": [8, 8, 9], "pivot": [0.5, 15.72547, 4.13314], "rotation": [8, 0, 0], "uv": [40, 0]}
					]
				},
				{
					"name": "tail",
					"parent": "body_b",
					"pivot": [0, 19.15787, 10.2284],
					"cubes": [
						{"origin": [0, 9.65787, 9.2284], "size": [0, 19, 20], "pivot": [0, 19.15787, 19.2284], "rotation": [11, 0, 0], "uv": [0, 0]}
					]
				}
			]
		}
	]
}