{
  "name": "Dialga",
  "offsets": {
    "DEFAULT": {
      "x": 0,
      "y": -3.3,
      "z": -0.3
    },
    "FLYING": {
      "x": 0,
      "y": 0,
      "z": 0.5
    }
  },
    "additionalSeats": [
   {
    "DEFAULT": {
      "x": 0,
      "y": -3.3,
      "z": -0.9
    },
    "FLYING": {
      "x": 0,
      "y": 0,
      "z": -0.1
    }
  }
],
  "baseSpeedModifier": 1.0,
  "landSpeedModifier": 0.25,
  "waterSpeedModifier": 0.125,
  "airSpeedModifier": 1.0,
  "forms": []
}