{
  "name": "Lugia",
  "offsets": {
    "DEFAULT": {
      "x": 0,
      "y": 2.1,
      "z": -0.2
    },
    "WALKING": {
      "x": 0,
      "y": 0.5,
      "z": 0.6
    },
    "SWIMMING": {
      "x": 0,
      "y": 1.8,
      "z": 0.7
    },
    "HOVERING": {
      "x": 0,
      "y": 1.8,
      "z": -0.1
    },
    "FLOATING": {
      "x": 0,
      "y": 1.8,
      "z": -0.1
    },
    "FLYING": {
      "x": 0,
      "y": -0.90,
      "z": 0.7
    }
  },
  "additionalSeats": [
    {
    "DEFAULT": {
      "x": 0,
      "y": 0,
      "z": -1.4
    },
    "WALKING": {
      "x": 0,
      "y": 0.2,
      "z": -1.2
    },
    "SWIMMING": {
      "x": 0,
      "y": 1.8,
      "z": 0
    },
    "HOVERING": {
      "x": 0,
      "y": 2,
      "z": -1.2
    },
    "FLOATING": {
      "x": 0,
      "y": 2,
      "z": -1.2
    },
    "FLYING": {
      "x": 0,
      "y": 1,
      "z": 0
    }
  }
],
  "baseSpeedModifier": 1.0,
  "landSpeedModifier": 0.25,
  "waterSpeedModifier": 0.125,
  "airSpeedModifier": 1.0,
  "forms": []
}