{
	"format_version": "1.12.0",
	"minecraft:geometry": [
		{
			"description": {
				"identifier": "geometry.unknown",
				"texture_width": 128,
				"texture_height": 128,
				"visible_bounds_width": 4,
				"visible_bounds_height": 4.5,
				"visible_bounds_offset": [0, 1.75, 0]
			},
			"bones": [
				{
					"name": "Virizion",
					"pivot": [0.7, -0.50277, 0.58578]
				},
				{
					"name": "Body",
					"parent": "Virizion",
					"pivot": [0, 0, 0]
				},
				{
					"name": "Torso",
					"parent": "Body",
					"pivot": [0, 21.47927, 5.8178],
					"cubes": [
						{"origin": [1.58371, 20, 8.39627], "size": [3, 4, 6], "pivot": [3.58371, 22, 10.39627], "rotation": [-17.5, 50, 0], "uv": [14, 87]},
						{"origin": [6.64538, 18.70461, 13.61803], "size": [0, 4, 6], "pivot": [6.64538, 22.70461, 13.61803], "rotation": [-40, 50, 0], "uv": [96, 89]},
						{"origin": [-6.64538, 18.70461, 13.61803], "size": [0, 4, 6], "pivot": [-6.64538, 22.70461, 13.61803], "rotation": [-40, -50, 0], "uv": [96, 89], "mirror": true},
						{"origin": [-4.58371, 20, 8.39627], "size": [3, 4, 6], "pivot": [-3.58371, 22, 10.39627], "rotation": [-17.5, -50, 0], "uv": [32, 87]},
						{"origin": [0, 22.53384, 3.67422], "size": [5, 3, 9], "pivot": [2.5, 27.00427, 7.99163], "rotation": [12.5, 27.5, 0], "uv": [38, 52]},
						{"origin": [0, 22.872, 12.13409], "size": [5, 0, 8], "pivot": [2.5, 25.50427, 7.99163], "rotation": [27.5, 27.5, 0], "uv": [24, 79]},
						{"origin": [-5, 22.53384, 3.67422], "size": [5, 3, 9], "pivot": [-2.5, 27.00427, 7.99163], "rotation": [12.5, -27.5, 0], "uv": [54, 14]},
						{"origin": [-5, 22.872, 12.13409], "size": [5, 0, 8], "pivot": [-2.5, 25.50427, 7.99163], "rotation": [27.5, -27.5, 0], "uv": [82, 14]},
						{"origin": [-2.5, 23.75295, 7.04896], "size": [5, 3, 6], "pivot": [0, 25.05295, 10.54896], "rotation": [27.5, 0, 0], "uv": [86, 49]},
						{"origin": [-2.5, 24.222, 12.13409], "size": [5, 0, 8], "pivot": [0, 26.50427, 7.99163], "rotation": [27.5, 0, 0], "uv": [86, 41]},
						{"origin": [-4, 17, -4], "size": [8, 8, 16], "uv": [0, 0]}
					]
				},
				{
					"name": "TorsoEnd",
					"parent": "Torso",
					"pivot": [0, 22, -3],
					"cubes": [
						{"origin": [-4.5, 18, -12], "size": [9, 8, 9], "uv": [1, 39]}
					]
				},
				{
					"name": "Neck",
					"parent": "TorsoEnd",
					"pivot": [0, 25.02503, -8.89649],
					"cubes": [
						{"origin": [-2, 25, -11], "size": [4, 9, 4], "uv": [88, 22]},
						{"origin": [-2.80096, 30.4, -9], "size": [3, 10, 0], "pivot": [-1.30096, 30.44282, -9], "rotation": [-19.5623, -4.2453, -71.76782], "uv": [54, 26], "mirror": true},
						{"origin": [-0.19904, 30.4, -9], "size": [3, 10, 0], "pivot": [1.30096, 30.44282, -9], "rotation": [-19.5623, 4.2453, 71.76782], "uv": [54, 26]}
					]
				},
				{
					"name": "Head",
					"parent": "Neck",
					"pivot": [-0.52297, 32.43613, -8.45817],
					"cubes": [
						{"origin": [-3, 33, -15.41612], "size": [6, 6, 6], "pivot": [-0.04124, 36, -12.46612], "rotation": [0, 45, 0], "uv": [0, 74]},
						{"origin": [-4.5, 33, -12.4], "size": [9, 6, 7], "inflate": 0.02, "uv": [95, 115]},
						{"origin": [1.58907, 37.79322, -15.61376], "size": [9, 1, 7], "pivot": [0.725, 39.46146, -16.19843], "rotation": [-0.52045, -28.94969, -11.95545], "uv": [0, 24]},
						{"origin": [10.58907, 38.29322, -15.61376], "size": [11, 0, 7], "pivot": [0.725, 39.46146, -16.19843], "rotation": [-0.52045, -28.94969, -11.95545], "uv": [34, 121]},
						{"origin": [-3.81968, 36, -13.15183], "size": [0, 3, 4], "pivot": [-0.2, 36.49723, -11.41422], "rotation": [0, -45, 0], "uv": [0, 120], "mirror": true},
						{"origin": [3.81968, 36, -13.15183], "size": [0, 3, 4], "pivot": [0.2, 36.49723, -11.41422], "rotation": [0, 45, 0], "uv": [0, 120]},
						{"origin": [-10.58907, 37.79322, -15.61376], "size": [9, 1, 7], "pivot": [-0.725, 39.46146, -16.19843], "rotation": [-0.52045, 28.94969, 11.95545], "uv": [0, 24], "mirror": true},
						{"origin": [-21.58907, 38.29322, -15.61376], "size": [11, 0, 7], "pivot": [-0.725, 39.46146, -16.19843], "rotation": [-0.52045, 28.94969, 11.95545], "uv": [34, 121], "mirror": true}
					]
				},
				{
					"name": "MouthClosed",
					"parent": "Head",
					"pivot": [0.02328, 33.09, -14.58125],
					"cubes": [
						{"origin": [0, 33.09, -15.41612], "size": [3, 0, 3], "pivot": [-0.04124, 36.1, -12.46612], "rotation": [0, 45, 0], "uv": [-3, 68]}
					]
				},
				{
					"name": "EyeLeft",
					"parent": "Head",
					"pivot": [0.2, 36.49723, -11.41422],
					"cubes": [
						{"origin": [3.825, 36, -12.15183], "size": [0, 2, 1], "pivot": [0.2, 36.49723, -11.41422], "rotation": [0, 45, 0], "uv": [0, 118]}
					]
				},
				{
					"name": "EyeRight",
					"parent": "Head",
					"pivot": [-0.2, 36.49723, -11.41422],
					"cubes": [
						{"origin": [-3.825, 36, -12.15183], "size": [0, 2, 1], "pivot": [-0.2, 36.49723, -11.41422], "rotation": [0, -45, 0], "uv": [0, 118], "mirror": true}
					]
				},
				{
					"name": "EyelidRight",
					"parent": "Head",
					"pivot": [-0.2, 36.49723, -11.31422],
					"cubes": [
						{"origin": [-3.81968, 35.98, -13.15183], "size": [1, 2, 4], "inflate": 0.01, "pivot": [-0.2, 36.49723, -11.31422], "rotation": [0, -45, 0], "uv": [19, 121], "mirror": true}
					]
				},
				{
					"name": "EyelidLeft",
					"parent": "Head",
					"pivot": [0.2, 36.49723, -11.31422],
					"cubes": [
						{"origin": [2.81968, 35.98, -13.15183], "size": [1, 2, 4], "inflate": 0.01, "pivot": [0.2, 36.49723, -11.31422], "rotation": [0, 45, 0], "uv": [19, 121]}
					]
				},
				{
					"name": "LegRight",
					"parent": "TorsoEnd",
					"pivot": [-3.5, 21.46385, -9.02798],
					"cubes": [
						{"origin": [-5, 13.95733, -11.35348], "size": [3, 9, 4], "inflate": 0.01, "pivot": [-3.5, 21.46385, -9.12798], "rotation": [10, 0, 0], "uv": [0, 86], "mirror": true},
						{"origin": [-5.27935, 14.81057, -8.71753], "size": [0, 3, 11], "pivot": [-4.87935, 15.51057, -8.21753], "rotation": [3.5963, -34.84748, -3.49226], "uv": [72, 75], "mirror": true},
						{"origin": [-4.88037, 16.70346, -8.9767], "size": [0, 3, 12], "pivot": [-4.88037, 18.20346, -8.9767], "rotation": [13.5963, -34.84748, -3.49226], "uv": [64, 26], "mirror": true},
						{"origin": [-5.001, 18.95624, -9.50229], "size": [0, 3, 12], "pivot": [-5, 20.45624, -9.00229], "rotation": [21.0963, -34.84748, -3.49226], "uv": [24, 64], "mirror": true}
					]
				},
				{
					"name": "KneeRight",
					"parent": "LegRight",
					"pivot": [-3.5, 16, -6],
					"cubes": [
						{"origin": [-5, 10, -10], "size": [0, 3, 4], "inflate": 0.01, "uv": [112, -4], "mirror": true},
						{"origin": [-5, 10, -10], "size": [3, 6, 4], "uv": [114, 12], "mirror": true},
						{"origin": [-5, 10, -6], "size": [3, 3, 0], "inflate": 0.01, "uv": [89, 0], "mirror": true},
						{"origin": [-5, 5, -10], "size": [3, 5, 4], "inflate": 0.01, "uv": [96, 0], "mirror": true},
						{"origin": [-2, 10, -10], "size": [0, 3, 4], "inflate": 0.01, "uv": [79, -4], "mirror": true}
					]
				},
				{
					"name": "FootRight",
					"parent": "KneeRight",
					"pivot": [-3.5, 6.0226, -6.56479],
					"cubes": [
						{"origin": [-5, 0.0226, -9.56479], "size": [3, 6, 3], "pivot": [0, 3.0226, -8.06479], "rotation": [0, 0, 0], "uv": [38, 97], "mirror": true}
					]
				},
				{
					"name": "LegLeft",
					"parent": "TorsoEnd",
					"pivot": [3.5, 21.46385, -9.02798],
					"cubes": [
						{"origin": [2, 13.95733, -11.35348], "size": [3, 9, 4], "inflate": 0.01, "pivot": [3.5, 21.46385, -9.12798], "rotation": [10, 0, 0], "uv": [0, 86]},
						{"origin": [5.27935, 14.81057, -8.71753], "size": [0, 3, 11], "pivot": [4.87935, 15.51057, -8.21753], "rotation": [3.5963, 34.84748, 3.49226], "uv": [72, 75]},
						{"origin": [4.88037, 16.70346, -8.9767], "size": [0, 3, 12], "pivot": [4.88037, 18.20346, -8.9767], "rotation": [13.5963, 34.84748, 3.49226], "uv": [64, 26]},
						{"origin": [5.001, 18.95624, -9.50229], "size": [0, 3, 12], "pivot": [5, 20.45624, -9.00229], "rotation": [21.0963, 34.84748, 3.49226], "uv": [24, 64]}
					]
				},
				{
					"name": "KneeLeft",
					"parent": "LegLeft",
					"pivot": [3.5, 16, -6],
					"cubes": [
						{"origin": [5, 10, -10], "size": [0, 3, 4], "inflate": 0.01, "uv": [112, -4]},
						{"origin": [2, 10, -10], "size": [3, 6, 4], "uv": [114, 12]},
						{"origin": [2, 10, -6], "size": [3, 3, 0], "inflate": 0.01, "uv": [89, 0]},
						{"origin": [2, 5, -10], "size": [3, 5, 4], "inflate": 0.01, "uv": [96, 0]},
						{"origin": [2, 10, -10], "size": [0, 3, 4], "inflate": 0.01, "uv": [79, -4]}
					]
				},
				{
					"name": "FootLeft",
					"parent": "KneeLeft",
					"pivot": [3.5, 6.0226, -6.56479],
					"cubes": [
						{"origin": [2, 0.0226, -9.56479], "size": [3, 6, 3], "pivot": [0, 3.0226, -8.06479], "rotation": [0, 0, 0], "uv": [38, 97]}
					]
				},
				{
					"name": "BackLegRight",
					"parent": "Body",
					"pivot": [-3.5, 20.39523, 5.92512],
					"cubes": [
						{"origin": [-5.5, 12.5, 3], "size": [4, 11, 6], "inflate": 0.01, "pivot": [0.5, 21, 8], "rotation": [32.5, 0, 0], "uv": [66, 41], "mirror": true}
					]
				},
				{
					"name": "BackKneeRight",
					"parent": "BackLegRight",
					"pivot": [-3.41667, 14.59949, 12.81317],
					"cubes": [
						{"origin": [-5.5, 8.49266, 8.57642], "size": [4, 6, 4], "pivot": [-3.5, 8.69266, 12.87642], "rotation": [-2.5, 0, 0], "uv": [112, 43], "mirror": true},
						{"origin": [-5.5, 2.49266, 8.57642], "size": [4, 6, 4], "inflate": 0.01, "pivot": [-3.5, 8.69266, 12.87642], "rotation": [-2.5, 0, 0], "uv": [112, 56], "mirror": true},
						{"origin": [-5.5, 8.49266, 8.57642], "size": [0, 3, 4], "inflate": 0.01, "pivot": [-3.5, 8.69266, 12.87642], "rotation": [-2.5, 0, 0], "uv": [120, 18], "mirror": true},
						{"origin": [-5.5, 8.49266, 12.57642], "size": [4, 3, 0], "inflate": 0.01, "pivot": [-3.5, 8.69266, 12.87642], "rotation": [-2.5, 0, 0], "uv": [120, 0], "mirror": true},
						{"origin": [-1.5, 8.49266, 8.57642], "size": [0, 3, 4], "inflate": 0.01, "pivot": [-3.5, 8.69266, 12.87642], "rotation": [-2.5, 0, 0], "uv": [120, 33], "mirror": true}
					]
				},
				{
					"name": "BackFeetRight",
					"parent": "BackKneeRight",
					"pivot": [-3.5, 6.0226, 11.93521],
					"cubes": [
						{"origin": [-5, 0.0226, 8.93521], "size": [3, 6, 3], "pivot": [0, 3.0226, 10.43521], "rotation": [0, 0, 0], "uv": [49, 107], "mirror": true}
					]
				},
				{
					"name": "BackLegLeft",
					"parent": "Body",
					"pivot": [3.5, 20.39523, 5.92512],
					"cubes": [
						{"origin": [1.5, 12.5, 3], "size": [4, 11, 6], "inflate": 0.01, "pivot": [-0.5, 21, 8], "rotation": [32.5, 0, 0], "uv": [66, 41]}
					]
				},
				{
					"name": "BackKneeLeft",
					"parent": "BackLegLeft",
					"pivot": [3.41667, 14.59949, 12.81317],
					"cubes": [
						{"origin": [1.5, 8.49266, 8.57642], "size": [4, 6, 4], "pivot": [3.5, 8.69266, 12.87642], "rotation": [-2.5, 0, 0], "uv": [112, 43]},
						{"origin": [1.5, 2.49266, 8.57642], "size": [4, 6, 4], "inflate": 0.01, "pivot": [3.5, 8.69266, 12.87642], "rotation": [-2.5, 0, 0], "uv": [112, 56]},
						{"origin": [5.5, 8.49266, 8.57642], "size": [0, 3, 4], "inflate": 0.01, "pivot": [3.5, 8.69266, 12.87642], "rotation": [-2.5, 0, 0], "uv": [120, 18]},
						{"origin": [1.5, 8.49266, 12.57642], "size": [4, 3, 0], "inflate": 0.01, "pivot": [3.5, 8.69266, 12.87642], "rotation": [-2.5, 0, 0], "uv": [120, 0]},
						{"origin": [1.5, 8.49266, 8.57642], "size": [0, 3, 4], "inflate": 0.01, "pivot": [3.5, 8.69266, 12.87642], "rotation": [-2.5, 0, 0], "uv": [120, 33]}
					]
				},
				{
					"name": "BackFeetLeft",
					"parent": "BackKneeLeft",
					"pivot": [3.5, 6.0226, 11.93521],
					"cubes": [
						{"origin": [2, 0.0226, 8.93521], "size": [3, 6, 3], "pivot": [0, 3.0226, 10.43521], "rotation": [0, 0, 0], "uv": [49, 107]}
					]
				}
			]
		}
	]
}