{
  "implemented": true,
  "nationalPokedexNumber": 820,
  "name": "Greedent",
  "primaryType": "normal",
  "maleRatio": 0.5,
  "height": 6,
  "weight": 60,
  "pokedex": [
    "cobblemon.species.greedent.desc"
  ],
  "labels": [
    "gen8"
  ],
  "aspects": [],
  "abilities": [
    "cheekpouch",
    "h:gluttony"
  ],
  "eggGroups": [
    "field"
  ],
  "baseStats": {
    "hp": 120,
    "attack": 95,
    "defence": 95,
    "special_attack": 55,
    "special_defence": 75,
    "speed": 20
  },
  "evYield": {
    "hp": 2,
    "attack": 0,
    "defence": 0,
    "special_attack": 0,
    "special_defence": 0,
    "speed": 0
  },
  "baseExperienceYield": 161,
  "experienceGroup": "medium_fast",
  "catchRate": 90,
  "eggCycles": 20,
  "baseFriendship": 50,
  "baseScale": 1,
  "hitbox": {
    "width": 1,
    "height": 1,
    "fixed": false
  },
  "drops": {
    "amount": 2,
    "entries": [
      {
        "item": "cobblemon:oran_berry",
        "quantityRange": "0-2"
      }
    ]
  },
  "moves": [
    "1:covet",
    "1:tackle",
    "1:tailwhip",
    "1:bite",
    "1:stuffcheeks",
    "15:stockpile",
    "15:swallow",
    "15:spitup",
    "20:bodyslam",
    "27:rest",
    "34:counter",
    "41:bulletseed",
    "48:superfang",
    "55:belch",
    "egg:bellydrum",
    "egg:defensecurl",
    "egg:lastresort",
    "egg:rollout",
    "tm:amnesia",
    "tm:assurance",
    "tm:bodypress",
    "tm:bodyslam",
    "tm:brutalswing",
    "tm:bulldoze",
    "tm:bulletseed",
    "tm:covet",
    "tm:crunch",
    "tm:curse",
    "tm:dig",
    "tm:doubleedge",
    "tm:earthquake",
    "tm:endeavor",
    "tm:endure",
    "tm:facade",
    "tm:firefang",
    "tm:fling",
    "tm:gigaimpact",
    "tm:gyroball",
    "tm:highhorsepower",
    "tm:hyperbeam",
    "tm:hypervoice",
    "tm:icefang",
    "tm:irontail",
    "tm:knockoff",
    "tm:lastresort",
    "tm:mudshot",
    "tm:mudslap",
    "tm:payback",
    "tm:protect",
    "tm:psychicfangs",
    "tm:raindance",
    "tm:rest",
    "tm:rollout",
    "tm:seedbomb",
    "tm:sleeptalk",
    "tm:stompingtantrum",
    "tm:substitute",
    "tm:sunnyday",
    "tm:superfang",
    "tm:superpower",
    "tm:swordsdance",
    "tm:tailslap",
    "tm:takedown",
    "tm:terablast",
    "tm:thief",
    "tm:thunderfang",
    "tm:trailblaze",
    "tm:wildcharge",
    "tutor:bulldoze",
    "tutor:covet",
    "tutor:endeavor",
    "tutor:firefang",
    "tutor:gigaimpact",
    "tutor:highhorsepower",
    "tutor:hyperbeam",
    "tutor:hypervoice",
    "tutor:icefang",
    "tutor:irontail",
    "tutor:knockoff",
    "tutor:lastresort",
    "tutor:mudslap",
    "tutor:psychic",
    "tutor:rest",
    "tutor:rollout",
    "tutor:seedbomb",
    "tutor:sleeptalk",
    "tutor:stompingtantrum",
    "tutor:superfang",
    "tutor:superpower",
    "tutor:thunderfang",
    "tutor:wildcharge"
  ],
  "preEvolution": "skwovet",
  "evolutions": []
}