{
  "implemented": true,
  "nationalPokedexNumber": 895,
  "name": "Regidrago",
  "primaryType": "dragon",
  "maleRatio": -1,
  "height": 21,
  "weight": 2000,
  "pokedex": [
    "cobblemon.species.regidrago.desc"
  ],
  "labels": [
    "gen8",
    "legendary"
  ],
  "aspects": [],
  "abilities": [
    "dragonsmaw",
    "h:dragonsmaw"
  ],
  "eggGroups": [
    "undiscovered"
  ],
  "baseStats": {
    "hp": 200,
    "attack": 100,
    "defence": 50,
    "special_attack": 100,
    "special_defence": 50,
    "speed": 80
  },
  "evYield": {
    "hp": 3,
    "attack": 0,
    "defence": 0,
    "special_attack": 0,
    "special_defence": 0,
    "speed": 0
  },
  "baseExperienceYield": 290,
  "experienceGroup": "slow",
  "catchRate": 3,
  "eggCycles": 120,
  "baseFriendship": 35,
  "baseScale": 1,
  "hitbox": {
    "width": 2,
    "height": 2.75,
    "fixed": false
  },
  "moves": [
    "1:twister",
    "1:visegrip",
    "6:bite",
    "12:ancientpower",
    "18:dragonbreath",
    "30:crunch",
    "36:dragonclaw",
    "42:hammerarm",
    "48:dragondance",
    "54:thrash",
    "60:focusenergy",
    "66:dragonenergy",
    "72:hyperbeam",
    "78:explosion",
    "tm:ancientpower",
    "tm:bodyslam",
    "tm:breakingswipe",
    "tm:crunch",
    "tm:dracometeor",
    "tm:dragoncheer",
    "tm:dragonclaw",
    "tm:dragondance",
    "tm:dragonpulse",
    "tm:earthpower",
    "tm:earthquake",
    "tm:endure",
    "tm:explosion",
    "tm:facade",
    "tm:firefang",
    "tm:focusenergy",
    "tm:gigaimpact",
    "tm:hyperbeam",
    "tm:icefang",
    "tm:laserfocus",
    "tm:lightscreen",
    "tm:outrage",
    "tm:protect",
    "tm:reflect",
    "tm:rest",
    "tm:reversal",
    "tm:scaleshot",
    "tm:selfdestruct",
    "tm:sleeptalk",
    "tm:substitute",
    "tm:swift",
    "tm:takedown",
    "tm:terablast",
    "tm:thunderfang",
    "tm:twister",
    "tutor:ancientpower",
    "tutor:dracometeor",
    "tutor:dragonpulse",
    "tutor:earthpower",
    "tutor:firefang",
    "tutor:focusenergy",
    "tutor:gigaimpact",
    "tutor:hyperbeam",
    "tutor:icefang",
    "tutor:laserfocus",
    "tutor:outrage",
    "tutor:rest",
    "tutor:scaleshot",
    "tutor:sleeptalk",
    "tutor:swift",
    "tutor:thunderfang",
    "tutor:twister"
  ],
  "evolutions": []
}