{
  "implemented": true,
  "nationalPokedexNumber": 872,
  "name": "Snom",
  "primaryType": "ice",
  "secondaryType": "bug",
  "maleRatio": 0.5,
  "height": 3,
  "weight": 38,
  "pokedex": [
    "cobblemon.species.snom.desc"
  ],
  "labels": [
    "gen8"
  ],
  "aspects": [],
  "abilities": [
    "shielddust",
    "h:icescales"
  ],
  "eggGroups": [
    "bug"
  ],
  "baseStats": {
    "hp": 30,
    "attack": 25,
    "defence": 35,
    "special_attack": 45,
    "special_defence": 30,
    "speed": 20
  },
  "evYield": {
    "hp": 0,
    "attack": 0,
    "defence": 0,
    "special_attack": 1,
    "special_defence": 0,
    "speed": 0
  },
  "baseExperienceYield": 37,
  "experienceGroup": "medium_fast",
  "catchRate": 190,
  "eggCycles": 20,
  "baseFriendship": 50,
  "baseScale": 1,
  "hitbox": {
    "width": 1,
    "height": 1,
    "fixed": false
  },
  "behaviour": {
    "moving": {
      "swim": {
        "canBreatheUnderwater": true
      }
    }
  },
  "drops": {
    "amount": 3,
    "entries": [
      {
        "item": "minecraft:snowball",
        "quantityRange": "0-1"
      },
      {
        "item": "cobblemon:silver_powder",
        "percentage": 2.5
      },
      {
        "item": "cobblemon:charti_berry",
        "percentage": 2.5
      }
    ]
  },
  "moves": [
    "1:powdersnow",
    "1:strugglebug",
    "egg:bugbite",
    "egg:fairywind",
    "egg:mirrorcoat",
    "tm:bugbite",
    "tm:bugbuzz",
    "tm:facade",
    "tm:iciclespear",
    "tm:icywind",
    "tm:lunge",
    "tm:pounce",
    "tm:protect",
    "tm:rest",
    "tm:skittersmack",
    "tm:sleeptalk",
    "tm:strugglebug",
    "tm:substitute",
    "tm:terablast",
    "tutor:bugbite",
    "tutor:icywind",
    "tutor:rest",
    "tutor:skittersmack",
    "tutor:sleeptalk"
  ],
  "evolutions": [
    {
      "id": "snom_frosmoth",
      "variant": "level_up",
      "result": "frosmoth",
      "consumeHeldItem": true,
      "learnableMoves": [
        "icywind"
      ],
      "requirements": [
        {
          "variant": "friendship",
          "amount": 160
        },
        {
          "variant": "time_range",
          "range": "night"
        }
      ]
    }
  ]
}