{
  "missing_pokemon": [
    {
      "translatable": "dialogs.rctmod.bruno.missing_pokemon.0"
    },
    {
      "translatable": "dialogs.rctmod.bruno.missing_pokemon.1"
    },
    {
      "translatable": "dialogs.rctmod.bruno.missing_pokemon.2"
    },
    {
      "translatable": "dialogs.rctmod.bruno.missing_pokemon.3"
    },
    {
      "translatable": "dialogs.rctmod.bruno.missing_pokemon.4"
    }
  ],
  "on_battle_start": [
    {
      "translatable": "dialogs.rctmod.bruno.on_battle_start.0"
    },
    {
      "translatable": "dialogs.rctmod.bruno.on_battle_start.1"
    },
    {
      "translatable": "dialogs.rctmod.bruno.on_battle_start.2"
    },
    {
      "translatable": "dialogs.rctmod.bruno.on_battle_start.3"
    },
    {
      "translatable": "dialogs.rctmod.bruno.on_battle_start.4"
    },
    {
      "translatable": "dialogs.rctmod.bruno.on_battle_start.5"
    },
    {
      "translatable": "dialogs.rctmod.bruno.on_battle_start.6"
    },
    {
      "translatable": "dialogs.rctmod.bruno.on_battle_start.7"
    },
    {
      "translatable": "dialogs.rctmod.bruno.on_battle_start.8"
    },
    {
      "translatable": "dialogs.rctmod.bruno.on_battle_start.9"
    },
    {
      "translatable": "dialogs.rctmod.bruno.on_battle_start.10"
    },
    {
      "translatable": "dialogs.rctmod.bruno.on_battle_start.11"
    },
    {
      "translatable": "dialogs.rctmod.bruno.on_battle_start.12"
    },
    {
      "translatable": "dialogs.rctmod.bruno.on_battle_start.13"
    },
    {
      "translatable": "dialogs.rctmod.bruno.on_battle_start.14"
    },
    {
      "translatable": "dialogs.rctmod.bruno.on_battle_start.15"
    }
  ],
  "on_battle_won": [
    {
      "translatable": "dialogs.rctmod.bruno.on_battle_won.0"
    },
    {
      "translatable": "dialogs.rctmod.bruno.on_battle_won.1"
    },
    {
      "translatable": "dialogs.rctmod.bruno.on_battle_won.2"
    },
    {
      "translatable": "dialogs.rctmod.bruno.on_battle_won.3"
    },
    {
      "translatable": "dialogs.rctmod.bruno.on_battle_won.4"
    },
    {
      "translatable": "dialogs.rctmod.bruno.on_battle_won.5"
    },
    {
      "translatable": "dialogs.rctmod.bruno.on_battle_won.6"
    },
    {
      "translatable": "dialogs.rctmod.bruno.on_battle_won.7"
    },
    {
      "translatable": "dialogs.rctmod.bruno.on_battle_won.8"
    },
    {
      "translatable": "dialogs.rctmod.bruno.on_battle_won.9"
    },
    {
      "translatable": "dialogs.rctmod.bruno.on_battle_won.10"
    },
    {
      "translatable": "dialogs.rctmod.bruno.on_battle_won.11"
    },
    {
      "translatable": "dialogs.rctmod.bruno.on_battle_won.12"
    },
    {
      "translatable": "dialogs.rctmod.bruno.on_battle_won.13"
    },
    {
      "translatable": "dialogs.rctmod.bruno.on_battle_won.14"
    },
    {
      "translatable": "dialogs.rctmod.bruno.on_battle_won.15"
    }
  ],
  "on_battle_lost": [
    {
      "translatable": "dialogs.rctmod.bruno.on_battle_lost.0"
    },
    {
      "translatable": "dialogs.rctmod.bruno.on_battle_lost.1"
    },
    {
      "translatable": "dialogs.rctmod.bruno.on_battle_lost.2"
    },
    {
      "translatable": "dialogs.rctmod.bruno.on_battle_lost.3"
    },
    {
      "translatable": "dialogs.rctmod.bruno.on_battle_lost.4"
    },
    {
      "translatable": "dialogs.rctmod.bruno.on_battle_lost.5"
    },
    {
      "translatable": "dialogs.rctmod.bruno.on_battle_lost.6"
    },
    {
      "translatable": "dialogs.rctmod.bruno.on_battle_lost.7"
    },
    {
      "translatable": "dialogs.rctmod.bruno.on_battle_lost.8"
    },
    {
      "translatable": "dialogs.rctmod.bruno.on_battle_lost.9"
    },
    {
      "translatable": "dialogs.rctmod.bruno.on_battle_lost.10"
    }
   ],
   "trainer_won": [
    {
      "translatable": "dialogs.rctmod.bruno.trainer_won.0"
    },
    {
      "translatable": "dialogs.rctmod.bruno.trainer_won.1"
    },
    {
      "translatable": "dialogs.rctmod.bruno.trainer_won.2"
    },
    {
      "translatable": "dialogs.rctmod.bruno.trainer_won.3"
    },
    {
      "translatable": "dialogs.rctmod.bruno.trainer_won.4"
    }
  ],
  "trainer_lost": [
    {
      "translatable": "dialogs.rctmod.bruno.trainer_lost.0"
    },
    {
      "translatable": "dialogs.rctmod.bruno.trainer_lost.1"
    },
    {
      "translatable": "dialogs.rctmod.bruno.trainer_lost.2"
    },
    {
      "translatable": "dialogs.rctmod.bruno.trainer_lost.3"
    },
    {
      "translatable": "dialogs.rctmod.bruno.trainer_lost.4"
    },
    {
      "translatable": "dialogs.rctmod.bruno.trainer_lost.5"
    },
    {
      "translatable": "dialogs.rctmod.bruno.trainer_lost.6"
    },
    {
      "translatable": "dialogs.rctmod.bruno.trainer_lost.7"
    },
    {
      "translatable": "dialogs.rctmod.bruno.trainer_lost.8"
    },
    {
      "translatable": "dialogs.rctmod.bruno.trainer_lost.9"
    },
    {
      "translatable": "dialogs.rctmod.bruno.trainer_lost.10"
    },
    {
      "translatable": "dialogs.rctmod.bruno.trainer_lost.11"
    },
    {
      "translatable": "dialogs.rctmod.bruno.trainer_lost.12"
    },
    {
      "translatable": "dialogs.rctmod.bruno.trainer_lost.13"
    },
    {
      "translatable": "dialogs.rctmod.bruno.trainer_lost.14"
    },
    {
      "translatable": "dialogs.rctmod.bruno.trainer_lost.15"
    }
  ],
  "low_level_cap": [
    {
      "translatable": "dialogs.rctmod.bruno.low_level_cap.0"
    },
    {
      "translatable": "dialogs.rctmod.bruno.low_level_cap.1"
    },
    {
      "translatable": "dialogs.rctmod.bruno.low_level_cap.2"
    },
    {
      "translatable": "dialogs.rctmod.bruno.low_level_cap.3"
    },
    {
      "translatable": "dialogs.rctmod.bruno.low_level_cap.4"
    },
    {
      "translatable": "dialogs.rctmod.bruno.low_level_cap.5"
    },
    {
      "translatable": "dialogs.rctmod.bruno.low_level_cap.6"
    }
  ],
  "over_level_cap": [
    {
      "translatable": "dialogs.rctmod.bruno.over_level_cap.0"
    },
    {
      "translatable": "dialogs.rctmod.bruno.over_level_cap.1"
    },
    {
      "translatable": "dialogs.rctmod.bruno.over_level_cap.2"
    },
    {
      "translatable": "dialogs.rctmod.bruno.over_level_cap.3"
    },
    {
      "translatable": "dialogs.rctmod.bruno.over_level_cap.4"
    },
    {
      "translatable": "dialogs.rctmod.bruno.over_level_cap.5"
    },
    {
      "translatable": "dialogs.rctmod.bruno.over_level_cap.6"
    }
  ],
  "on_cooldown": [
    {
      "translatable": "dialogs.rctmod.bruno.on_cooldown.0"
    },
    {
      "translatable": "dialogs.rctmod.bruno.on_cooldown.1"
    },
    {
      "translatable": "dialogs.rctmod.bruno.on_cooldown.2"
    },
    {
      "translatable": "dialogs.rctmod.bruno.on_cooldown.3"
    },
    {
      "translatable": "dialogs.rctmod.bruno.on_cooldown.4"
    },
    {
      "translatable": "dialogs.rctmod.bruno.on_cooldown.5"
    }
  ],
  "player_busy": [
    {
      "translatable": "dialogs.rctmod.bruno.player_busy.0"
    },
    {
      "translatable": "dialogs.rctmod.bruno.player_busy.1"
    },
    {
      "translatable": "dialogs.rctmod.bruno.player_busy.2"
    },
    {
      "translatable": "dialogs.rctmod.bruno.player_busy.3"
    },
    {
      "translatable": "dialogs.rctmod.bruno.player_busy.4"
    },
    {
      "translatable": "dialogs.rctmod.bruno.player_busy.5"
    }
  ],
  "trainer_busy": [
    {
      "translatable": "dialogs.rctmod.bruno.trainer_busy.0"
    },
    {
      "translatable": "dialogs.rctmod.bruno.trainer_busy.1"
    },
    {
      "translatable": "dialogs.rctmod.bruno.trainer_busy.2"
    },
    {
      "translatable": "dialogs.rctmod.bruno.trainer_busy.3"
    },
    {
      "translatable": "dialogs.rctmod.bruno.trainer_busy.4"
    },
    {
      "translatable": "dialogs.rctmod.bruno.trainer_busy.5"
    }
  ],
"wrong_series": [
  {
    "translatable": "dialogs.rctmod.bruno.wrong_series.0"
  },
  {
    "translatable": "dialogs.rctmod.bruno.wrong_series.1"
  }
],
"unknown_reason": [
  {
    "translatable": "dialogs.rctmod.bruno.unknown_reason"
  }
],
"missing_required_trainer": [
  {
    "translatable": "dialogs.rctmod.bruno.missing_required_trainer.0"
  },
  {
    "translatable": "dialogs.rctmod.bruno.missing_required_trainer.1"
  },
  {
    "translatable": "dialogs.rctmod.bruno.missing_required_trainer.2"
  },
  {
    "translatable": "dialogs.rctmod.bruno.missing_required_trainer.3"
  },
  {
    "translatable": "dialogs.rctmod.bruno.missing_required_trainer.4"
  }
]
}