{
  "parent": "cobbleverse:trainer/johto/defeat_champion_lance",
  "display": {
    "title": {
      "translate": "advancements.cobbleverse.hoenn.defeat_petra"
    },
    "description": {
      "translate": "advancements.cobbleverse.hoenn.defeat_petra.description"
    },
    "icon": {
      "id": "cobbleversebadges:hoenn_stone_badge"
    },
    "announce_to_chat": true,
    "show_toast": true,
    "hidden": false,
    "frame": "task"
  },
  "criteria": {
    "leader_defeated": {
      "conditions": {
        "trainer_ids": ["hoenn_petra"]
      },
      "trigger": "rctmod:defeat_count"
    }
  },
  "requirements": [
    [
      "leader_defeated"
    ]
  ],
  "rewards": {
    "function": "cobbleverse:petra_defeated"
  }
}