{
	"format_version": "1.8.0",
	"animations": {
		"animation.copperajah.ground_idle": {
			"loop": true,
			"animation_length": 2,
			"bones": {
				"1": {
					"position": {
						"0.0": [0, 0, 0],
						"1.0": [0, 1, 0],
						"2.0": [0, 0, 0]
					}
				},
				"2": {
					"position": {
						"0.0": [0, 0, 0],
						"1.0": [0, 1, 0],
						"2.0": [0, 0, 0]
					}
				},
				"3": {
					"position": {
						"0.0": [0, 0, 0],
						"1.0": [0, 1, 0],
						"2.0": [0, 0, 0]
					}
				},
				"4": {
					"position": {
						"0.0": [0, 0, 0],
						"1.0": [0, 1, 0],
						"2.0": [0, 0, 0]
					}
				},
				"5": {
					"rotation": {
						"0.0": [0, 0, 0],
						"1.0": [0, 7.5, 0],
						"2.0": [0, 0, 0]
					}
				},
				"6": {
					"rotation": {
						"0.0": [0, 0, 0],
						"1.0": [0, -7.5, 0],
						"2.0": [0, 0, 0]
					}
				},
				"body": {
					"position": {
						"0.0": [0, 0, 0],
						"1.0": [0, -1, 0],
						"2.0": [0, 0, 0]
					}
				},
				"head": {
					"rotation": {
						"0.0": [0, 0, 0],
						"1.0": [7.5, 0, 0],
						"2.0": [0, 0, 0]
					},
					"scale": 1
				},
				"bone": {
					"rotation": {
						"0.0": [0, 0, 0],
						"1.0": [2.5, 0, 0],
						"2.0": [0, 0, 0]
					}
				},
				"bone3": {
					"rotation": {
						"0.0": [0, 0, 0],
						"1.0": [5, 0, 0],
						"2.0": [0, 0, 0]
					}
				},
				"bone5": {
					"rotation": {
						"0.0": [0, 0, 0],
						"1.0": [5, 0, 0],
						"2.0": [0, 0, 0]
					}
				},
				"cola": {
					"rotation": {
						"0.0": [0, 0, 0],
						"1.0": [17.5, 0, 0],
						"2.0": [0, 0, 0]
					}
				}
			}
		},
		"animation.copperajah.ground_walk": {
			"loop": true,
			"animation_length": 1.5,
			"bones": {
				"1": {
					"rotation": {
						"0.0": [-22.5, 0, 0],
						"0.5": [-17.5, 0, 0],
						"1.0": [-2.5, 0, 0],
						"1.5": [-22.5, 0, 0]
					}
				},
				"2": {
					"rotation": {
						"0.0": [-12.5, 0, 0],
						"0.5": [-17.5, 0, 0],
						"1.0": [-2.5, 0, 0],
						"1.5": [-12.5, 0, 0]
					}
				},
				"3": {
					"rotation": {
						"0.0": [12.5, 0, 0],
						"0.5": [22.5, 0, 0],
						"1.0": [0, 0, 0],
						"1.5": [12.5, 0, 0]
					},
					"position": {
						"0.0": [0, 3, 0],
						"1.0": [0, 0, 0],
						"1.5": [0, 3, 0]
					}
				},
				"4": {
					"rotation": {
						"0.0": [12.5, 0, 0],
						"0.5": [25, 0, 0],
						"1.0": [0, 0, 0],
						"1.5": [12.5, 0, 0]
					},
					"position": {
						"0.0": [0, 1, 0],
						"1.5": [0, 1, 0]
					}
				},
				"5": {
					"rotation": {
						"0.0": [0, 0, 0],
						"0.5": [0, 25, 0],
						"1.5": [0, 0, 0]
					}
				},
				"6": {
					"rotation": {
						"0.0": [0, 0, 0],
						"0.5": [0, -25, 0]
					}
				},
				"copperajah": {
					"rotation": {
						"0.0": [-12.5, 0, 0],
						"0.5": [20, 0, 0],
						"1.0": [0, 0, 0],
						"1.5": [-12.5, 0, 0]
					},
					"position": {
						"0.0": [0, 5, 0],
						"0.5": [0, 6, 0],
						"1.0": [0, 0, 0],
						"1.5": [0, 5, 0]
					}
				},
				"head": {
					"rotation": {
						"0.0": [5, 0, 0],
						"0.5": [10, 0, 0],
						"1.5": [5, 0, 0]
					}
				},
				"bone": {
					"rotation": {
						"0.0": [5, 0, 0],
						"1.5": [5, 0, 0]
					}
				},
				"bone2": {
					"rotation": {
						"0.0": [0, 0, 0],
						"0.5": [5, 0, 0],
						"1.5": [0, 0, 0]
					}
				},
				"bone3": {
					"rotation": {
						"0.0": [5, 0, 0],
						"1.5": [5, 0, 0]
					}
				},
				"bone5": {
					"rotation": {
						"0.0": [-15, 0, 0],
						"0.5": [-2.5, 0, 0],
						"1.5": [-15, 0, 0]
					}
				},
				"cola": {
					"rotation": {
						"0.0": [0, 0, 0],
						"0.5": [20, 0, 0],
						"1.5": [0, 0, 0]
					}
				}
			}
		}
	}
}