{
	"format_version": "1.8.0",
	"animations": {
		"animation.cufant.ground_idle": {
			"loop": true,
			"animation_length": 4,
			"bones": {
				"1": {
					"rotation": {
						"0.0": [0, 0, 0],
						"1.0": [0, 0, 10],
						"2.0": [0, 0, 0],
						"3.0": [0, 0, 10],
						"4.0": [0, 0, 0]
					},
					"position": {
						"0.0": [0, 0, 0],
						"1.0": [0, 1.7, 0],
						"2.0": [0, 0, 0],
						"4.0": [0, 0, 0]
					}
				},
				"2": {
					"rotation": {
						"0.0": [0, 0, 0],
						"1.0": [0, 0, -10],
						"2.0": [0, 0, 0],
						"3.0": [0, 0, -10],
						"4.0": [0, 0, 0]
					},
					"position": {
						"0.0": [0, 0, 0],
						"2.0": [0, 0.13, 0],
						"3.0": [0, 1.7, 0],
						"4.0": [0, 0, 0]
					}
				},
				"3": {
					"rotation": {
						"0.0": [0, 0, 0],
						"1.0": [0, 0, -10],
						"2.0": [0, 0, 0],
						"3.0": [0, 0, -10],
						"4.0": [0, 0, 0]
					},
					"position": {
						"0.0": [0, 0, 0],
						"2.0": [0, 0.13, 0],
						"3.0": [0, 1.7, 0],
						"4.0": [0, 0, 0]
					}
				},
				"4": {
					"rotation": {
						"0.0": [0, 0, 0],
						"1.0": [0, 0, 10],
						"2.0": [0, 0, 0],
						"3.0": [0, 0, 10],
						"4.0": [0, 0, 0]
					},
					"position": {
						"0.0": [0, 0, 0],
						"1.0": [0, 1.7, 0],
						"2.0": [0, 0, 0],
						"4.0": [0, 0, 0]
					}
				},
				"5": {
					"rotation": {
						"0.0": [0, 0, 0],
						"1.0": [0, 10, 0],
						"2.0": [0, 0, 0],
						"3.0": [0, -10, 0],
						"4.0": [0, 0, 0]
					}
				},
				"6": {
					"rotation": {
						"0.0": [0, 0, 0],
						"1.0": [0, 10, 0],
						"2.0": [0, 0, 0],
						"3.0": [0, -10, 0],
						"4.0": [0, 0, 0]
					}
				},
				"body": {
					"rotation": {
						"0.0": [0, 0, 0],
						"1.0": [0, 0, -10],
						"2.0": [0, 0, 0],
						"3.0": [0, 0, 10],
						"4.0": [0, 0, 0]
					}
				},
				"head": {
					"rotation": {
						"0.0": [0, 0, 0],
						"1.0": [0, 0, -5],
						"2.0": [0, 0, 0],
						"3.0": [0, 0, 5],
						"4.0": [0, 0, 0]
					}
				},
				"trompa": {
					"rotation": {
						"0.0": [0, 0, 0],
						"1.0": [-12.5, 0, 0],
						"2.0": [0, 0, 0],
						"3.0": [-7.5, 0, 0],
						"4.0": [0, 0, 0]
					}
				},
				"cola": {
					"rotation": {
						"0.0": [0, 0, 0],
						"1.0": [0, 12.5, 0],
						"2.0": [0, 0, 0],
						"3.0": [0, -32.5, 0],
						"4.0": [0, 0, 0]
					}
				},
				"bone": {
					"rotation": {
						"0.0": [0, 0, 0],
						"1.0": [-10, 0, 0],
						"2.0": [0, 0, 0],
						"3.0": [-7.5, 0, 0],
						"4.0": [0, 0, 0]
					}
				},
				"bone3": {
					"rotation": {
						"0.0": [0, 0, 0],
						"1.0": [-7.5, 0, 0],
						"2.0": [0, 0, 0],
						"3.0": [-10, 0, 0],
						"4.0": [0, 0, 0]
					}
				},
				"bone2": {
					"rotation": {
						"0.0": [0, 0, 0],
						"1.0": [-5, 0, 0],
						"2.0": [0, 0, 0],
						"3.0": [-5, 0, 0],
						"4.0": [0, 0, 0]
					}
				},
				"bone5": {
					"rotation": {
						"0.0": [0, 0, 0],
						"1.0": [7.5, 0, 0],
						"2.0": [0, 0, 0],
						"3.0": [12.5, 0, 0],
						"4.0": [0, 0, 0]
					}
				}
			}
		},
		"animation.cufant.ground_walk": {
			"loop": true,
			"animation_length": 1.5,
			"bones": {
				"1": {
					"rotation": {
						"0.0": [-45, 0, 0],
						"0.5": [-22.5, 0, 0],
						"1.0": [0, 0, 0],
						"1.5": [-45, 0, 0]
					}
				},
				"2": {
					"rotation": {
						"0.0": [-45, 0, 0],
						"0.5": [-22.5, 0, 0],
						"1.0": [0, 0, 0],
						"1.5": [-45, 0, 0]
					}
				},
				"3": {
					"rotation": {
						"0.0": [40, 0, 0],
						"0.5": [35, 0, 0],
						"1.0": [0, 0, 0],
						"1.5": [40, 0, 0]
					}
				},
				"4": {
					"rotation": {
						"0.0": [40, 0, 0],
						"0.5": [32.5, 0, 0],
						"1.0": [0, 0, 0],
						"1.5": [40, 0, 0]
					}
				},
				"5": {
					"rotation": {
						"0.0": [0, 0, 0],
						"0.5": [0, -20, 0],
						"1.0": [0, 0, 0]
					}
				},
				"6": {
					"rotation": {
						"0.0": [0, 0, 0],
						"0.5": [0, 20, 0],
						"1.0": [0, 0, 0]
					}
				},
				"body": {
					"rotation": {
						"0.0": [-12.5, 0, 0],
						"0.5": [17.5, 0, 0],
						"1.0": [0, 0, 0],
						"1.5": [-12.5, 0, 0]
					},
					"position": {
						"0.0": [0, 12, 0],
						"0.5": [0, 4, -3],
						"0.5417": [-1, 3.67, -2.5],
						"0.5833": [0.09, 3.34, -2],
						"1.0": [0, 0, 3],
						"1.0417": [1, 1, 2.75],
						"1.0833": [-0.09, 2, 2.5],
						"1.5": [0, 12, 0]
					}
				},
				"head": {
					"rotation": {
						"0.0": [2.5, 0, 0],
						"0.5": [-17.5, 0, 0],
						"1.0": [-5, 0, 0],
						"1.5": [2.5, 0, 0]
					}
				},
				"trompa": {
					"rotation": {
						"0.0": [7.5, 0, 0],
						"0.5": [-20, 0, 0],
						"1.0": [-2.5, 0, 0],
						"1.5": [7.5, 0, 0]
					}
				},
				"bone": {
					"rotation": {
						"0.0": [7.5, 0, 0],
						"0.5": [-15, 0, 0],
						"1.0": [0, 0, 0],
						"1.5": [7.5, 0, 0]
					}
				},
				"bone3": {
					"rotation": {
						"0.0": [12.5, 0, 0],
						"0.5": [-10, 0, 0],
						"1.0": [10, 0, 0],
						"1.5": [12.5, 0, 0]
					}
				},
				"bone5": {
					"rotation": {
						"0.0": [0, 0, 0],
						"0.5": [-7.5, 0, 0],
						"1.0": [-5, 0, 0],
						"1.5": [0, 0, 0]
					}
				},
				"art": {
					"rotation": {
						"0.0": [22.5, 0, 0],
						"0.5": [0, 0, 0],
						"1.5": [22.5, 0, 0]
					}
				},
				"art2": {
					"rotation": {
						"0.0": [22.5, 0, 0],
						"0.5": [0, 0, 0],
						"1.5": [22.5, 0, 0]
					}
				},
				"art3": {
					"rotation": {
						"0.0": [22.5, 0, 0],
						"1.0": [0, 0, 0],
						"1.5": [22.5, 0, 0]
					}
				},
				"art4": {
					"rotation": {
						"0.0": [22.5, 0, 0],
						"1.0": [0, 0, 0],
						"1.5": [22.5, 0, 0]
					}
				}
			}
		}
	}
}