{
	"format_version": "1.8.0",
	"animations": {
		"animation.deoxys.ground_idle": {
			"loop": true,
			"animation_length": 11,
			"bones": {
				"1": {
					"rotation": {
						"0.0": [-0.6574, -7.4713, 5.04292],
						"7.5": [-0.6574, -7.4713, 5.04292],
						"11.0": [-0.6574, -7.4713, 5.04292]
					}
				},
				"2": {
					"rotation": {
						"0.0": [0, 15, 7.5],
						"7.5": [0, 15, 7.5],
						"11.0": [0, 15, 7.5]
					}
				},
				"3": {
					"rotation": {
						"0.0": [0, -7.5, -7.5],
						"7.5": [0, -7.5, -7.5],
						"11.0": [0, -7.5, -7.5]
					}
				},
				"4": {
					"rotation": {
						"0.0": [0, 7.5, 0],
						"7.5": [0, 7.5, 0],
						"10.0": [0, 7.5, 0],
						"11.0": [0, 7.5, 0]
					}
				},
				"bone": {
					"rotation": {
						"0.0": [-7.5, 0, 0],
						"7.5": [-7.5, 0, 0],
						"11.0": [-7.5, 0, 0]
					},
					"position": {
						"0.0": [0, -2, -2],
						"1.0": [0, 9, -2],
						"2.0": [0, 3, -2],
						"3.0": [0, 8.33, -2],
						"4.0": [0, 9, -2],
						"5.0": [0, 3, -2],
						"6.0": [0, 8.33, -2],
						"7.5": [0, -2, -2],
						"8.5": [0, -3, -2],
						"9.0": [0, -2, -2],
						"9.5": [0, -3, -2],
						"10.0": [0, -2, -2],
						"10.5": [0, -3, -2],
						"11.0": [0, -2, -2]
					}
				},
				"torzoalto": {
					"rotation": {
						"0.0": [15, 0, 0],
						"1.0": [5, 0, 0],
						"1.5": [15, 0, 0],
						"4.0": [5, 0, 0],
						"4.5": [15, 0, 0],
						"7.0833": [15, 0, 0],
						"9.0": [15, 0, 0]
					},
					"position": {
						"0.0": [0, -1, 0],
						"7.0833": [0, -1, 0],
						"9.0": [0, -1, 0]
					}
				},
				"cabeza": {
					"rotation": {
						"0.0": [7.5, 0, 0],
						"1.0": [7.5, 0, 0],
						"1.5": [7.5, 0, 0],
						"4.0": [7.5, 0, 0],
						"4.5": [7.5, 0, 0],
						"7.5": [7.5, 0, 0],
						"11.0": [7.5, 0, 0]
					},
					"position": {
						"0.0": [0, -0.4, 0],
						"7.5": [0, -0.4, 0],
						"11.0": [0, -0.4, 0]
					}
				},
				"brazo": {
					"rotation": {
						"0.0": [0, 0, 0],
						"1.0": [0, 0, 17.5],
						"2.0": [0, 0, -7.5],
						"3.0": [0, 0, 18],
						"4.0": [0, 0, 17.5],
						"5.0": [0, 0, -7.5],
						"6.0": [0, 0, 18],
						"7.5": [0, 0, 0],
						"8.5": [0, 0, 10],
						"9.0": [0, 0, 17.5],
						"9.5": [0, 0, 10],
						"10.0": [0, 0, 15],
						"10.5": [0, 0, 10],
						"11.0": [0, 0, 0]
					}
				},
				"bone2": {
					"rotation": {
						"0.0": [2.88419, 6.92618, 30.17458],
						"7.5": [2.88419, 6.92618, 30.17458],
						"11.0": [2.88419, 6.92618, 30.17458]
					}
				},
				"bone3": {
					"rotation": {
						"0.0": [-2.83682, 24.75544, -10.8545],
						"7.5": [-2.83682, 24.75544, -10.8545],
						"11.0": [-2.83682, 24.75544, -10.8545]
					}
				},
				"bone4": {
					"rotation": {
						"0.0": [-3.09472, -22.29711, -9.38997],
						"7.5": [-3.09472, -22.29711, -9.38997],
						"11.0": [-3.09472, -22.29711, -9.38997]
					}
				},
				"bone5": {
					"rotation": {
						"0.0": [1.35642, -19.65861, -2.54203],
						"7.5": [1.35642, -19.65861, -2.54203],
						"11.0": [1.35642, -19.65861, -2.54203]
					}
				},
				"bone6": {
					"rotation": {
						"0.0": [-6.78418, -7.81998, 32.76724],
						"7.5": [-6.78418, -7.81998, 32.76724],
						"11.0": [-6.78418, -7.81998, 32.76724]
					}
				},
				"bone7": {
					"rotation": {
						"0.0": [-4.8084, 24.36839, 11.57139],
						"7.5": [-4.8084, 24.36839, 11.57139],
						"11.0": [-4.8084, 24.36839, 11.57139]
					}
				},
				"brazo2": {
					"rotation": {
						"0.0": [0, 0, -15],
						"1.0": [0, 0, -32.5],
						"2.0": [0, 0, -12.5],
						"3.0": [0, 0, -28.5],
						"4.0": [0, 0, -32.5],
						"5.0": [0, 0, -12.5],
						"6.0": [0, 0, -28.5],
						"7.5": [0, 0, -15],
						"8.5": [0, 0, -22.5],
						"9.0": [0, 0, -17.5],
						"9.5": [0, 0, -22.5],
						"10.5": [0, 0, -17.5],
						"11.0": [0, 0, -15]
					}
				},
				"bone8": {
					"rotation": {
						"0.0": [0, 0, 10],
						"7.5": [0, 0, 10],
						"11.0": [0, 0, 10]
					}
				},
				"bone9": {
					"rotation": {
						"0.0": [-10.27206, 33.64409, -18.11321],
						"7.5": [-10.27206, 33.64409, -18.11321],
						"11.0": [-10.27206, 33.64409, -18.11321]
					}
				},
				"bone10": {
					"rotation": {
						"0.0": [0, -25, -22.5],
						"7.5": [0, -25, -22.5],
						"11.0": [0, -25, -22.5]
					}
				},
				"bone11": {
					"rotation": {
						"0.0": [0, 0, -27.5],
						"7.5": [0, 0, -27.5],
						"11.0": [0, 0, -27.5]
					}
				},
				"bone12": {
					"rotation": {
						"0.0": [0, -20, 0],
						"7.5": [0, -20, 0],
						"11.0": [0, -20, 0]
					}
				},
				"bone13": {
					"rotation": {
						"0.0": [0, 0, 42.5],
						"7.5": [0, 0, 42.5],
						"11.0": [0, 0, 42.5]
					}
				},
				"torzobajo": {
					"position": {
						"0.0": [0, 0, 0],
						"11.0": [0, 0, 0]
					}
				},
				"pierna2": {
					"rotation": {
						"0.0": [-2.5, 0, 0],
						"1.0": [10, 0, 0],
						"3.0": [-37.14, 0, 0],
						"4.0": [10, 0, 0],
						"6.0": [-37.14, 0, 0],
						"7.5": [2.5, 0, 0],
						"11.0": [-2.5, 0, 0]
					},
					"position": {
						"0.0": [0, 0, 0],
						"8.5": [0, 1, 0],
						"9.0": [0, 0, 0],
						"9.5": [0, 1, 0],
						"10.0": [0, 0, 0],
						"10.5": [0, 1, 0],
						"11.0": [0, 0, 0]
					}
				},
				"pierna": {
					"rotation": {
						"0.0": [-35, 0, 0],
						"1.0": [-82.5, 0, 0],
						"2.0": [-35, 0, 0],
						"4.0": [-17.5, 0, 0],
						"5.0": [-35, 0, 0],
						"7.5": [-35, 0, 0],
						"8.5": [-22.5, 0, 0],
						"11.0": [-35, 0, 0]
					},
					"position": {
						"0.0": [0, 0, 0],
						"8.5": [0, 1, 0],
						"9.0": [0, 0, 0],
						"9.5": [0, 1, 0],
						"10.0": [0, 0, 0],
						"10.5": [0, 1, 0],
						"11.0": [0, 0, 0]
					}
				},
				"art": {
					"rotation": {
						"0.0": [25, 0, 0],
						"1.0": [12.5, 0, 0],
						"3.0": [7.5, 0, 0],
						"4.0": [12.5, 0, 0],
						"6.0": [45, 0, 0],
						"7.5": [5, 0, 0],
						"11.0": [25, 0, 0]
					},
					"position": {
						"0.0": [0, 1.3, 0],
						"3.0": [0, 2.3, 0],
						"6.0": [0, 2.3, 0],
						"7.5": [0, 1.3, 0],
						"11.0": [0, 1.3, 0]
					}
				},
				"art2": {
					"rotation": {
						"0.0": [25, 0, 0],
						"1.0": [7.5, 0, 0],
						"2.0": [25, 0, 0],
						"4.0": [15, 0, 0],
						"5.0": [25, 0, 0],
						"7.5": [25, 0, 0],
						"8.5": [30, 0, 0],
						"11.0": [25, 0, 0]
					},
					"position": {
						"0.0": [0, 1.4, 0],
						"2.0": [0, 1.4, 0],
						"5.0": [0, 1.4, 0],
						"7.5": [0, 1.4, 0],
						"11.0": [0, 1.4, 0]
					}
				},
				"art3": {
					"rotation": {
						"0.0": [15, 0, 0],
						"1.0": [87.5, 0, 0],
						"2.0": [15, 0, 0],
						"4.0": [22.5, 0, 0],
						"5.0": [15, 0, 0],
						"7.5": [15, 0, 0],
						"8.5": [0, 0, 0],
						"11.0": [15, 0, 0]
					},
					"position": {
						"0.0": [0, 0.6, 0],
						"2.0": [0, 0.6, 0],
						"5.0": [0, 0.6, 0],
						"7.5": [0, 0.6, 0],
						"11.0": [0, 0.6, 0]
					}
				},
				"arrt": {
					"rotation": {
						"0.0": [10, 0, 0],
						"1.0": [7.5, 0, 0],
						"3.0": [51.79, 0, 0],
						"4.0": [7.5, 0, 0],
						"6.0": [29.29, 0, 0],
						"7.5": [20, 0, 0],
						"11.0": [10, 0, 0]
					},
					"position": {
						"0.0": [0, 0.7, 0],
						"7.5": [0, 0.7, 0],
						"11.0": [0, 0.7, 0]
					}
				},
				"bone14": {
					"rotation": {
						"0.0": [-8.85187, -15.20345, 28.54063],
						"7.5": [-8.85187, -15.20345, 28.54063],
						"11.0": [-8.85187, -15.20345, 28.54063]
					}
				},
				"bone15": {
					"rotation": {
						"0.0": [10.29354, 38.86967, 16.14054],
						"7.5": [10.29354, 38.86967, 16.14054],
						"11.0": [10.29354, 38.86967, 16.14054]
					}
				},
				"bone16": {
					"rotation": {
						"0.0": [-10.56275, 15.43181, -23.01454],
						"7.5": [-10.56275, 15.43181, -23.01454],
						"11.0": [-10.56275, 15.43181, -23.01454]
					}
				},
				"bone17": {
					"rotation": {
						"0.0": [3.426, -20.37971, -9.03439],
						"7.5": [3.426, -20.37971, -9.03439],
						"11.0": [3.426, -20.37971, -9.03439]
					}
				},
				"bone18": {
					"rotation": {
						"0.0": [0, 32.5, 0],
						"7.5": [0, 32.5, 0],
						"11.0": [0, 32.5, 0]
					}
				},
				"bone19": {
					"rotation": {
						"0.0": [0, -17.5, -42.5],
						"7.5": [0, -17.5, -42.5],
						"11.0": [0, -17.5, -42.5]
					}
				},
				"bone20": {
					"rotation": {
						"0.0": [-17.6685, -27.73062, 34.3939],
						"7.5": [-17.6685, -27.73062, 34.3939],
						"11.0": [-17.6685, -27.73062, 34.3939]
					}
				},
				"bone21": {
					"rotation": {
						"0.0": [-2.60959, 20.35591, 29.15801],
						"7.5": [-2.60959, 20.35591, 29.15801],
						"11.0": [-2.60959, 20.35591, 29.15801]
					}
				}
			}
		},
		"animation.deoxys.ground_walk": {
			"loop": true,
			"animation_length": 2,
			"bones": {
				"1": {
					"rotation": {
						"0.0": [-0.6574, -7.4713, 5.04292],
						"2.0": [-0.6574, -7.4713, 5.04292]
					}
				},
				"2": {
					"rotation": {
						"0.0": [0, 15, 7.5],
						"2.0": [0, 15, 7.5]
					}
				},
				"3": {
					"rotation": {
						"0.0": [0, -7.5, -7.5],
						"2.0": [0, -7.5, -7.5]
					}
				},
				"4": {
					"rotation": {
						"0.0": [0, 7.5, 0],
						"2.0": [0, 7.5, 0]
					}
				},
				"bone": {
					"rotation": {
						"0.0": [17.5, 0, 0],
						"2.0": [17.5, 0, 0]
					},
					"position": {
						"0.0": [0, 5, -2],
						"0.5": [0, 9, -2],
						"1.0": [0, 4, -2],
						"1.5": [0, 10, -2],
						"2.0": [0, 5, -2]
					}
				},
				"torzoalto": {
					"rotation": {
						"0.0": [-2.5, 0, 0],
						"2.0": [-2.5, 0, 0]
					},
					"position": {
						"0.0": [0, -1, 0],
						"2.0": [0, -1, 0]
					}
				},
				"cabeza": {
					"rotation": {
						"0.0": [7.5, 0, 0],
						"0.5": [15, 0, 0],
						"1.0": [7.5, 0, 0],
						"1.5": [17.5, 0, 0],
						"2.0": [7.5, 0, 0]
					},
					"position": {
						"0.0": [0, -0.4, 0],
						"1.0": [0, -0.4, 0],
						"2.0": [0, -0.4, 0]
					}
				},
				"brazo": {
					"rotation": {
						"0.0": [0, 0, 0],
						"0.5": [0, 0, 25],
						"1.0": [0, 0, 0],
						"1.5": [0, 0, 12.5],
						"2.0": [0, 0, 0]
					}
				},
				"bone2": {
					"rotation": {
						"0.0": [2.88419, 6.92618, 30.17458],
						"2.0": [2.88419, 6.92618, 30.17458]
					}
				},
				"bone3": {
					"rotation": {
						"0.0": [-2.83682, 24.75544, -10.8545],
						"2.0": [-2.83682, 24.75544, -10.8545]
					}
				},
				"bone4": {
					"rotation": {
						"0.0": [-3.09472, -22.29711, -9.38997],
						"2.0": [-3.09472, -22.29711, -9.38997]
					}
				},
				"bone5": {
					"rotation": {
						"0.0": [1.35642, -19.65861, -2.54203],
						"2.0": [1.35642, -19.65861, -2.54203]
					}
				},
				"bone6": {
					"rotation": {
						"0.0": [-6.78418, -7.81998, 32.76724],
						"2.0": [-6.78418, -7.81998, 32.76724]
					}
				},
				"bone7": {
					"rotation": {
						"0.0": [-4.8084, 24.36839, 11.57139],
						"2.0": [-4.8084, 24.36839, 11.57139]
					}
				},
				"brazo2": {
					"rotation": {
						"0.0": [0, 0, -15],
						"0.5": [0, 0, -37.5],
						"1.0": [0, 0, -15],
						"1.5": [0, 0, -37.5],
						"2.0": [0, 0, -15]
					}
				},
				"bone8": {
					"rotation": {
						"0.0": [0, 0, 10],
						"2.0": [0, 0, 10]
					}
				},
				"bone9": {
					"rotation": {
						"0.0": [-10.27206, 33.64409, -18.11321],
						"2.0": [-10.27206, 33.64409, -18.11321]
					}
				},
				"bone10": {
					"rotation": {
						"0.0": [0, -25, -22.5],
						"2.0": [0, -25, -22.5]
					}
				},
				"bone11": {
					"rotation": {
						"0.0": [0, 0, -27.5],
						"2.0": [0, 0, -27.5]
					}
				},
				"bone12": {
					"rotation": {
						"0.0": [0, -20, 0],
						"2.0": [0, -20, 0]
					}
				},
				"bone13": {
					"rotation": {
						"0.0": [0, 0, 42.5],
						"2.0": [0, 0, 42.5]
					}
				},
				"cintura": {
					"rotation": {
						"0.0": [0, 0, 0],
						"2.0": [0, 0, 0]
					}
				},
				"torzobajo": {
					"position": {
						"0.0": [0, 0, 0],
						"2.0": [0, 0, 0]
					}
				},
				"pierna2": {
					"rotation": {
						"0.0": [-12.5, 0, 0],
						"1.0": [-12.5, 0, 0],
						"1.5": [-47.5, 0, 0],
						"2.0": [-12.5, 0, 0]
					},
					"position": {
						"0.0": [0, 0, 0],
						"1.0": [0, 0, 0],
						"2.0": [0, 0, 0]
					}
				},
				"pierna": {
					"rotation": {
						"0.0": [-35, 0, 0],
						"0.5": [-82.5, 0, 0],
						"1.0": [-35, 0, 0],
						"2.0": [-35, 0, 0]
					},
					"position": {
						"0.0": [0, 0, 0],
						"1.0": [0, 0, 0],
						"2.0": [0, 0, 0]
					}
				},
				"art": {
					"rotation": {
						"0.0": [35, 0, 0],
						"0.5": [12.5, 0, 0],
						"1.0": [35, 0, 0],
						"1.5": [17.5, 0, 0],
						"2.0": [35, 0, 0]
					},
					"position": {
						"0.0": [0, 1.3, 0],
						"1.0": [0, 1.3, 0],
						"2.0": [0, 1.3, 0]
					}
				},
				"art2": {
					"rotation": {
						"0.0": [25, 0, 0],
						"0.5": [52.5, 0, 0],
						"1.0": [25, 0, 0],
						"2.0": [25, 0, 0]
					},
					"position": {
						"0.0": [0, 1.4, 0],
						"1.0": [0, 1.4, 0],
						"2.0": [0, 1.4, 0]
					}
				},
				"art3": {
					"rotation": {
						"0.0": [15, 0, 0],
						"2.0": [15, 0, 0]
					},
					"position": {
						"0.0": [0, 0.6, 0],
						"2.0": [0, 0.6, 0]
					}
				},
				"arrt": {
					"rotation": {
						"0.0": [-2.5, 0, 0],
						"1.0": [-2.5, 0, 0],
						"1.5": [20, 0, 0],
						"2.0": [-2.5, 0, 0]
					},
					"position": {
						"0.0": [0, 0.7, 0],
						"1.0": [0, 0.7, 0],
						"2.0": [0, 0.7, 0]
					}
				},
				"bone14": {
					"rotation": {
						"0.0": [-8.85187, -15.20345, 28.54063],
						"2.0": [-8.85187, -15.20345, 28.54063]
					}
				},
				"bone15": {
					"rotation": {
						"0.0": [10.29354, 38.86967, 16.14054],
						"2.0": [10.29354, 38.86967, 16.14054]
					}
				},
				"bone16": {
					"rotation": {
						"0.0": [-10.56275, 15.43181, -23.01454],
						"2.0": [-10.56275, 15.43181, -23.01454]
					}
				},
				"bone17": {
					"rotation": {
						"0.0": [3.426, -20.37971, -9.03439],
						"2.0": [3.426, -20.37971, -9.03439]
					}
				},
				"bone18": {
					"rotation": {
						"0.0": [0, 32.5, 0],
						"2.0": [0, 32.5, 0]
					}
				},
				"bone19": {
					"rotation": {
						"0.0": [0, -17.5, -42.5],
						"2.0": [0, -17.5, -42.5]
					}
				},
				"bone20": {
					"rotation": {
						"0.0": [-17.6685, -27.73062, 34.3939],
						"2.0": [-17.6685, -27.73062, 34.3939]
					}
				},
				"bone21": {
					"rotation": {
						"0.0": [-2.60959, 20.35591, 29.15801],
						"2.0": [-2.60959, 20.35591, 29.15801]
					}
				}
			}
		},
		"animation.deoxys.faint": {
			"animation_length": 8.45833,
			"bones": {
				"1": {
					"rotation": [-0.6574, -7.4713, 5.04292]
				},
				"2": {
					"rotation": [0, 15, 7.5]
				},
				"3": {
					"rotation": [0, -7.5, -7.5]
				},
				"4": {
					"rotation": [0, 7.5, 0]
				},
				"bone": {
					"rotation": [-7.5, 0, 0],
					"position": {
						"0.0": [0, -2, -2],
						"1.0": [0, 8, -2],
						"1.125": [0, 7, -2],
						"1.1667": [-1, 7, -2],
						"1.2083": [-1, 8, -2],
						"1.25": [-0.5, 7, -2],
						"1.2917": [0, 8, -2],
						"1.3333": [0, 7, -2],
						"1.375": [-1, 7, -2],
						"1.4167": [0, 7, -2],
						"1.4583": [0, 8, -2],
						"1.5": [0, 7, -2],
						"1.5417": [0, 7, -2],
						"1.5833": [-1, 7, -2],
						"1.625": [-1, 8, -2],
						"1.6667": [-0.5, 7, -2],
						"1.7083": [0, 8, -2],
						"1.75": [0, 7, -2],
						"1.7917": [-1, 7, -2],
						"1.8333": [0, 7, -2],
						"1.875": [0, 8, -2],
						"1.9167": [0, 7, -2],
						"1.9583": [-1, 7, -2],
						"2.0": [-1, 8, -2],
						"2.0417": [-0.5, 7, -2],
						"2.0833": [0, 8, -2],
						"2.125": [0, 7, -2],
						"2.1667": [-1, 7, -2],
						"2.2083": [0, 7, -2],
						"2.25": [0, 8, -2],
						"2.2917": [0, 7, -2],
						"2.3333": [-1, 7, -2],
						"2.375": [-1, 8, -2],
						"2.4167": [-0.5, 7, -2],
						"2.4583": [0, 8, -2],
						"2.5": [0, 7, -2],
						"2.5417": [-1, 7, -2],
						"2.5833": [0, 7, -2],
						"2.625": [0, 8, -2],
						"2.6667": [0, 8, -2],
						"2.875": [0, 7, -2],
						"4.0": [0, -11, -2]
					}
				},
				"torzoalto": {
					"rotation": {
						"0.0": [15, 0, 0],
						"1.0": [25, 0, 0],
						"2.6667": [25, 0, 0],
						"3.0": [-22.5, 0, 0],
						"4.0": [65, 0, 0]
					},
					"position": [0, -1, 0]
				},
				"cabeza": {
					"rotation": {
						"0.0": [7.5, 0, 0],
						"1.0": [25, 0, 0],
						"2.6667": [25, 0, 0],
						"3.0": [-15, 0, 0],
						"4.0": [25, 0, 0]
					},
					"position": [0, -0.4, 0]
				},
				"brazo": {
					"rotation": {
						"0.0": [0, 0, 0],
						"3.0": [2.18558, -9.76061, -60.18664],
						"4.0": [3.2006, 47.6879, -57.44801]
					}
				},
				"bone2": {
					"rotation": [2.88419, 6.92618, 30.17458]
				},
				"bone3": {
					"rotation": {
						"0.0": [-2.83682, 24.75544, -10.8545],
						"1.0": [-177.38261, 10.2074, -189.20165],
						"2.6667": [-177.38261, 10.2074, -189.20165],
						"3.0": [-2.83682, 24.75544, -10.8545]
					}
				},
				"bone4": {
					"rotation": {
						"0.0": [-3.09472, -22.29711, -9.38997],
						"3.5": [-3.04991, 20.14724, -11.61649]
					}
				},
				"bone5": {
					"rotation": [1.35642, -19.65861, -2.54203]
				},
				"bone6": {
					"rotation": {
						"0.0": [-6.78418, -7.81998, 32.76724],
						"1.0": [-170.86508, 42.50996, -141.95894],
						"2.6667": [-170.86508, 42.50996, -141.95894],
						"3.0": [-6.78418, -7.81998, 32.76724]
					}
				},
				"bone7": {
					"rotation": {
						"0.0": [-4.8084, 24.36839, 11.57139],
						"3.5": [18.51147, 50.92464, 20.83289]
					}
				},
				"brazo2": {
					"rotation": {
						"0.0": [0, 0, -15],
						"3.0": [0, 0, 32.5],
						"4.0": [0, -47.5, 32.5]
					}
				},
				"bone8": {
					"rotation": [0, 0, 10]
				},
				"bone9": {
					"rotation": {
						"0.0": [-10.27206, 33.64409, -18.11321],
						"1.0": [-168.19836, -43.46091, 159.44174],
						"2.6667": [-168.19836, -43.46091, 159.44174],
						"3.0": [-10.27206, 33.64409, -18.11321],
						"3.5": [-17.87036, -22.9897, -70.7972]
					}
				},
				"bone10": {
					"rotation": [0, -25, -22.5]
				},
				"bone11": {
					"rotation": [0, 0, -27.5]
				},
				"bone12": {
					"rotation": {
						"0.0": [0, -20, 0],
						"1.0": [170.1509, -28.48042, -159.99467],
						"2.6667": [170.1509, -28.48042, -159.99467],
						"3.0": [0, -20, 0],
						"3.5": [55.80185, -34.76135, -68.82099]
					}
				},
				"bone13": {
					"rotation": [0, 0, 42.5]
				},
				"cintura": {
					"rotation": {
						"0.0": [0, 0, 0],
						"1.0": [-10, 0, 0],
						"2.6667": [-10, 0, 0],
						"3.0": [7.5, 0, 0]
					},
					"position": {
						"0.0": [0, 0, 0],
						"1.0": [0, 0.6, 0],
						"2.6667": [0, 0.6, 0]
					}
				},
				"torzobajo": {
					"rotation": {
						"0.0": [0, 0, 0],
						"3.0": [2.5, 0, 0]
					},
					"position": [0, 0, 0]
				},
				"pierna2": {
					"rotation": {
						"0.0": [32.5, 0, 0],
						"2.75": [19.89731, 23.86913, 19.43826],
						"3.0": [-54.60269, 23.86913, 19.43826],
						"4.0": [-40.10269, 23.86913, 19.43826]
					},
					"position": [0, 0, 0]
				},
				"pierna": {
					"rotation": {
						"0.0": [-35, 0, 0],
						"2.75": [-31.03347, -41.68085, -17.96381],
						"3.0": [-103.03347, -41.68085, -17.96381],
						"4.0": [-53.53347, -41.68085, -17.96381]
					},
					"position": [0, 0, 0]
				},
				"art": {
					"rotation": {
						"0.0": [-22.5, 0, 0],
						"3.0": [49.38, 0, 0],
						"4.0": [110, 0, 0]
					},
					"position": [0, 1.3, 0]
				},
				"art2": {
					"rotation": {
						"0.0": [25, 0, 0],
						"4.0": [120, 0, 0]
					},
					"position": [0, 1.4, 0]
				},
				"art3": {
					"rotation": [15, 0, 0],
					"position": [0, 0.6, 0]
				},
				"arrt": {
					"rotation": [-2.5, 0, 0],
					"position": [0, 0.7, 0]
				},
				"bone14": {
					"rotation": {
						"0.0": [-8.85187, -15.20345, 28.54063],
						"3.5": [-14.8043, -54.46844, 38.34013]
					}
				},
				"bone15": {
					"rotation": [10.29354, 38.86967, 16.14054]
				},
				"bone16": {
					"rotation": [-10.56275, 15.43181, -23.01454]
				},
				"bone17": {
					"rotation": [3.426, -20.37971, -9.03439]
				},
				"bone18": {
					"rotation": [0, 32.5, 0]
				},
				"bone19": {
					"rotation": [0, -17.5, -42.5]
				},
				"bone20": {
					"rotation": [-17.6685, -27.73062, 34.3939]
				},
				"bone21": {
					"rotation": [-2.60959, 20.35591, 29.15801]
				}
			}
		}
	}
}