{
	"format_version": "1.8.0",
	"animations": {
		"animation.genesect.ground_idle": {
			"loop": true,
			"animation_length": 3.5,
			"bones": {
				"1": {
					"rotation": {
						"0.0": [0, 0, 0],
						"1.0": [0, 10, 0],
						"2.0": [0, -10, 0],
						"3.0": [0, 10, 0],
						"3.5": [0, 0, 0]
					}
				},
				"2": {
					"rotation": {
						"0.0": [0, 0, 0],
						"1.0": [0, -10, 0],
						"2.0": [0, 10, 0],
						"3.0": [0, -10, 0],
						"3.5": [0, 0, 0]
					}
				},
				"3": {
					"position": {
						"0.0": [0, -1, 0],
						"1.0": [0, 0, 0],
						"2.0": [0, -1, 0],
						"3.0": [0, 0, 0],
						"3.5": [0, -1, 0]
					}
				},
				"4": {
					"position": {
						"0.0": [0, -1, 0],
						"1.0": [0, 0, 0],
						"2.0": [0, -1, 0],
						"3.0": [0, 0, 0],
						"3.5": [0, -1, 0]
					}
				},
				"body": {
					"position": {
						"0.0": [0, 1, 0],
						"1.0": [0, 0, 0],
						"2.0": [0, 1, 0],
						"3.0": [0, 0, 0],
						"3.5": [0, 1, 0]
					}
				},
				"laser": {
					"rotation": {
						"0.0": [0, 0, 0],
						"1.0": [0, 0, 0],
						"1.5": [0, -12.5, 0],
						"2.0": [0, -12.5, 0],
						"2.5": [0, 10, 0],
						"3.0": [0, 10, 0],
						"3.5": [0, 0, 0]
					}
				},
				"head": {
					"rotation": {
						"0.0": [0, 0, 0],
						"1.0": [0, -10, 0],
						"1.5": [0, -10, 0],
						"2.0": [0, 15, 0],
						"2.5": [0, 15, 0],
						"3.0": [0, 0, 0],
						"3.5": [0, 0, 0]
					}
				}
			}
		},
		"animation.genesect.ground_walk": {
			"loop": true,
			"animation_length": 1,
			"bones": {
				"1": {
					"rotation": {
						"0.0": [57.5, 0, 0],
						"0.5": [54.58462, 6.12211, 14.00562],
						"1.0": [57.5, 0, 0]
					}
				},
				"2": {
					"rotation": {
						"0.0": [52.5, 0, 0],
						"0.5": [52.0954, -5.82913, -11.06978],
						"1.0": [52.5, 0, 0]
					}
				},
				"3": {
					"rotation": {
						"0.0": [35.55888, -0.6242, 19.9845],
						"0.5": [36.38559, 9.03022, 22.7216],
						"1.0": [35.55888, -0.6242, 19.9845]
					}
				},
				"4": {
					"rotation": {
						"0.0": [40.92433, 6.37045, -19.27194],
						"0.5": [41.20735, 1.6789, -21.0244],
						"1.0": [40.92433, 6.37045, -19.27194]
					}
				},
				"genesect": {
					"rotation": {
						"0.0": [12.5, 0, 0],
						"0.5": [17.5, 0, 0],
						"1.0": [12.5, 0, 0]
					},
					"position": {
						"0.0": [0, 12, 0],
						"0.5": [0, 6, 0],
						"1.0": [0, 12, 0]
					}
				},
				"laser": {
					"rotation": {
						"0.0": [-10, 0, 0],
						"0.5": [-5, 0, 0],
						"1.0": [-10, 0, 0]
					}
				},
				"head": {
					"rotation": {
						"0.0": [-20, 0, 0],
						"0.5": [-12.5, 0, 0],
						"1.0": [-20, 0, 0]
					},
					"position": {
						"0.0": [0, -1, 0],
						"1.0": [0, -1, 0]
					}
				}
			}
		}
	}
}