{
	"format_version": "1.8.0",
	"animations": {
		"animation.malamar.ground_idle": {
			"loop": true,
			"animation_length": 2,
			"bones": {
				"3": {
					"position": {
						"0.0": [0, 0, 0],
						"1.0": [0, 1, 0],
						"2.0": [0, 0, 0]
					}
				},
				"4": {
					"position": {
						"0.0": [0, 0, 0],
						"1.0": [0, 1, 0],
						"2.0": [0, 0, 0]
					}
				},
				"5": {
					"rotation": {
						"0.0": [-5, 0, 0],
						"1.0": [0, 0, 0],
						"2.0": [-5, 0, 0]
					}
				},
				"6": {
					"rotation": {
						"0.0": [-5, 0, 0],
						"1.0": [0, 0, 0],
						"2.0": [-5, 0, 0]
					}
				},
				"7": {
					"rotation": {
						"0.0": [0, 0, 5],
						"1.0": [0, 0, 0],
						"2.0": [0, 0, 5]
					}
				},
				"8": {
					"rotation": {
						"0.0": [-5, 0, 0],
						"1.0": [0, 0, -5],
						"2.0": [-5, 0, 0]
					}
				},
				"9": {
					"rotation": {
						"0.0": [0, 0, -2.5],
						"1.0": [0, 0, -7.5],
						"2.0": [0, 0, -2.5]
					}
				},
				"10": {
					"rotation": {
						"0.0": [-7.5, 0, 0],
						"1.0": [-2.4905, 0.21782, 4.99527],
						"2.0": [-7.5, 0, 0]
					}
				},
				"11": {
					"rotation": {
						"0.0": [-7.5, 0, 0],
						"1.0": [-2.4905, 0.21782, 4.99527],
						"2.0": [-7.5, 0, 0]
					}
				},
				"12": {
					"rotation": {
						"0.0": [-7.5, 0, 0],
						"1.0": [-2.5, 0, 0],
						"2.0": [-7.5, 0, 0]
					}
				},
				"13": {
					"rotation": {
						"0.0": [0, 0, 0],
						"1.0": [0, 0, -5],
						"2.0": [0, 0, 0]
					}
				},
				"14": {
					"rotation": {
						"0.0": [0, 0, 0],
						"1.0": [0, 0, 7.5],
						"2.0": [0, 0, 0]
					}
				},
				"malamar": {
					"position": {
						"0.0": [0, 0, 0],
						"1.0": [0, -1, 0],
						"2.0": [0, 0, 0]
					}
				},
				"head": {
					"rotation": {
						"0.0": [5, 0, 0],
						"1.0": [10, 0, 0],
						"2.0": [5, 0, 0]
					}
				},
				"bone": {
					"rotation": {
						"0.0": [-5, 0, 0],
						"1.0": [-4.98107, 0.43523, 4.98107],
						"2.0": [-5, 0, 0]
					}
				},
				"bone2": {
					"rotation": {
						"0.0": [-5, 0, 0],
						"2.0": [-5, 0, 0]
					}
				},
				"bone4": {
					"rotation": {
						"0.0": [-15, 0, 0],
						"2.0": [-15, 0, 0]
					}
				},
				"bone25": {
					"rotation": {
						"0.0": [-7.5, 0, 0],
						"2.0": [-7.5, 0, 0]
					}
				},
				"bone26": {
					"rotation": {
						"0.0": [-7.5, 0, 0],
						"2.0": [-7.5, 0, 0]
					}
				},
				"bone27": {
					"rotation": {
						"0.0": [-7.5, 0, 0],
						"2.0": [-7.5, 0, 0]
					}
				},
				"bone28": {
					"rotation": {
						"0.0": [-7.5, 0, 0],
						"2.0": [-7.5, 0, 0]
					}
				},
				"bone29": {
					"rotation": {
						"0.0": [-7.5, 0, 0],
						"1.0": [-7.47178, -0.65182, -4.95744],
						"2.0": [-7.5, 0, 0]
					}
				},
				"bone30": {
					"rotation": {
						"0.0": [-7.5, 0, 0],
						"2.0": [-7.5, 0, 0]
					}
				},
				"bone31": {
					"rotation": {
						"0.0": [-7.5, 0, 0],
						"2.0": [-7.5, 0, 0]
					}
				},
				"bone32": {
					"rotation": {
						"0.0": [-7.5, 0, 0],
						"2.0": [-7.5, 0, 0]
					}
				},
				"bone9": {
					"rotation": {
						"0.0": [0, 0, 5],
						"2.0": [0, 0, 5]
					},
					"position": {
						"0.0": [0, 0, 0.025],
						"2.0": [0, 0, 0.025]
					}
				},
				"bone10": {
					"rotation": {
						"0.0": [0, 0, 7.5],
						"2.0": [0, 0, 7.5]
					}
				},
				"bone11": {
					"rotation": {
						"0.0": [0, 0, 7.5],
						"2.0": [0, 0, 7.5]
					}
				},
				"bone12": {
					"rotation": {
						"0.0": [0, 0, 7.5],
						"2.0": [0, 0, 7.5]
					}
				},
				"bone17": {
					"rotation": {
						"0.0": [0, 0, 7.5],
						"2.0": [0, 0, 7.5]
					},
					"position": {
						"0.0": [0, 0, -0.025],
						"2.0": [0, 0, -0.025]
					}
				},
				"bone18": {
					"rotation": {
						"0.0": [0, 0, 7.5],
						"2.0": [0, 0, 7.5]
					}
				},
				"bone19": {
					"rotation": {
						"0.0": [0, 0, 7.5],
						"2.0": [0, 0, 7.5]
					}
				},
				"bone20": {
					"rotation": {
						"0.0": [0, 0, 7.5],
						"2.0": [0, 0, 7.5]
					}
				},
				"bone13": {
					"rotation": {
						"0.0": [-5, 0, 0],
						"2.0": [-5, 0, 0]
					}
				},
				"bone14": {
					"rotation": {
						"0.0": [-7.5, 0, 0],
						"2.0": [-7.5, 0, 0]
					}
				},
				"bone15": {
					"rotation": {
						"0.0": [-7.5, 0, 0],
						"2.0": [-7.5, 0, 0]
					}
				},
				"bone16": {
					"rotation": {
						"0.0": [-7.5, 0, 0],
						"2.0": [-7.5, 0, 0]
					}
				},
				"bone21": {
					"rotation": {
						"0.0": [-7.5, 0, 0],
						"2.0": [-7.5, 0, 0]
					}
				},
				"bone22": {
					"rotation": {
						"0.0": [-7.5, 0, 0],
						"2.0": [-7.5, 0, 0]
					}
				},
				"bone23": {
					"rotation": {
						"0.0": [-7.5, 0, 0],
						"2.0": [-7.5, 0, 0]
					}
				},
				"bone24": {
					"rotation": {
						"0.0": [-5, 0, 0],
						"2.0": [-5, 0, 0]
					}
				},
				"bone5": {
					"rotation": {
						"0.0": [-5, 0, 0],
						"1.0": [-4.98107, -0.43523, -4.98107],
						"2.0": [-5, 0, 0]
					}
				},
				"bone6": {
					"rotation": {
						"0.0": [-5, 0, 0],
						"2.0": [-5, 0, 0]
					}
				},
				"bone7": {
					"rotation": {
						"0.0": [-5, 0, 0],
						"2.0": [-5, 0, 0]
					}
				},
				"bone8": {
					"rotation": {
						"0.0": [-5, 0, 0],
						"2.0": [-5, 0, 0]
					}
				},
				"torzo": {
					"scale": {
						"0.0": [1, 1, 1],
						"1.0": [1.1, 1, 1],
						"2.0": [1, 1, 1]
					}
				},
				"bone34": {
					"rotation": {
						"0.0": [0, 0, 0],
						"1.0": [0, 0, -5],
						"2.0": [0, 0, 0]
					}
				},
				"bone38": {
					"rotation": {
						"0.0": [0, 0, 0],
						"1.0": [0, 0, -5],
						"2.0": [0, 0, 0]
					}
				},
				"bone40": {
					"rotation": {
						"0.0": [0, 0, 0],
						"1.0": [0, 0, -5],
						"2.0": [0, 0, 0]
					}
				},
				"bone42": {
					"rotation": {
						"0.0": [0, 0, 0],
						"1.0": [0, 0, -5],
						"2.0": [0, 0, 0]
					}
				},
				"bone44": {
					"rotation": {
						"0.0": [0, 0, 0],
						"1.0": [0, 0, 5],
						"2.0": [0, 0, 0]
					}
				},
				"bone46": {
					"rotation": {
						"0.0": [0, 0, 0],
						"1.0": [0, 0, 5],
						"2.0": [0, 0, 0]
					}
				},
				"bone48": {
					"rotation": {
						"0.0": [0, 0, 0],
						"1.0": [0, 0, 5],
						"2.0": [0, 0, 0]
					}
				}
			}
		},
		"animation.malamar.ground_walk": {
			"loop": true,
			"animation_length": 1,
			"bones": {
				"3": {
					"rotation": {
						"0.0": [-14, 0, 0],
						"0.5": [33.5, 0, 0],
						"1.0": [-14, 0, 0]
					},
					"position": {
						"0.0": [0, 1.7, 0],
						"0.5": [0, -1.3, 0],
						"1.0": [0, 1.7, 0]
					}
				},
				"4": {
					"rotation": {
						"0.0": [22.5, 0, 0],
						"0.5": [-25, 0, 0],
						"1.0": [22.5, 0, 0]
					},
					"position": {
						"0.0": [0, 0, 0],
						"0.5": [0, 0, 0],
						"1.0": [0, 0, 0]
					}
				},
				"5": {
					"rotation": {
						"0.0": [-5, 0, 0],
						"0.5": [0, 0, 0],
						"1.0": [-5, 0, 0]
					}
				},
				"6": {
					"rotation": {
						"0.0": [-5, 0, 0],
						"0.5": [-2.5, 0, 0],
						"1.0": [-5, 0, 0]
					}
				},
				"7": {
					"rotation": {
						"0.0": [0, 0, 5],
						"1.0": [0, 0, 5]
					}
				},
				"8": {
					"rotation": {
						"0.0": [-5, 0, 0],
						"0.5": [2.5, 0, 0],
						"1.0": [-5, 0, 0]
					}
				},
				"9": {
					"rotation": {
						"0.0": [0, 0, -2.5],
						"0.5": [0, 0, -7.5],
						"1.0": [0, 0, -2.5]
					}
				},
				"10": {
					"rotation": {
						"0.0": [-7.5, 0, 0],
						"0.5": [-2.5, 0, 0],
						"1.0": [-7.5, 0, 0]
					}
				},
				"11": {
					"rotation": {
						"0.0": [-7.5, 0, 0],
						"1.0": [-7.5, 0, 0]
					}
				},
				"12": {
					"rotation": {
						"0.0": [-7.5, 0, 0],
						"1.0": [-7.5, 0, 0]
					}
				},
				"13": {
					"rotation": {
						"0.0": [-2.5, 0, 0],
						"0.5": [-2.47864, -0.32621, -7.49294],
						"1.0": [-2.5, 0, 0]
					}
				},
				"14": {
					"rotation": {
						"0.0": [5, 0, 0],
						"0.5": [0, 0, 5],
						"1.0": [5, 0, 0]
					}
				},
				"malamar": {
					"rotation": {
						"0.0": [12.5, 0, 0],
						"0.5": [12.5, 0, 0],
						"1.0": [12.5, 0, 0]
					},
					"position": {
						"0.0": [0, -1, 0],
						"0.5": [0, 0, 0],
						"1.0": [0, -1, 0]
					}
				},
				"head": {
					"rotation": {
						"0.0": [2.5, 0, 0],
						"0.5": [-5, 0, 0],
						"1.0": [2.5, 0, 0]
					}
				},
				"bone": {
					"rotation": {
						"0.0": [-5, 0, 0],
						"1.0": [-5, 0, 0]
					}
				},
				"bone2": {
					"rotation": {
						"0.0": [-5, 0, 0],
						"1.0": [-5, 0, 0]
					}
				},
				"bone4": {
					"rotation": {
						"0.0": [-15, 0, 0],
						"1.0": [-15, 0, 0]
					}
				},
				"bone25": {
					"rotation": {
						"0.0": [-7.5, 0, 0],
						"0.5": [-2.5, 0, 0],
						"1.0": [-7.5, 0, 0]
					}
				},
				"bone26": {
					"rotation": {
						"0.0": [-7.5, 0, 0],
						"1.0": [-7.5, 0, 0]
					}
				},
				"bone27": {
					"rotation": {
						"0.0": [-7.5, 0, 0],
						"1.0": [-7.5, 0, 0]
					}
				},
				"bone28": {
					"rotation": {
						"0.0": [-7.5, 0, 0],
						"1.0": [-7.5, 0, 0]
					}
				},
				"bone29": {
					"rotation": {
						"0.0": [-7.5, 0, 0],
						"0.5": [-2.5, 0, 0],
						"1.0": [-7.5, 0, 0]
					}
				},
				"bone30": {
					"rotation": {
						"0.0": [-7.5, 0, 0],
						"1.0": [-7.5, 0, 0]
					}
				},
				"bone31": {
					"rotation": {
						"0.0": [-7.5, 0, 0],
						"1.0": [-7.5, 0, 0]
					}
				},
				"bone32": {
					"rotation": {
						"0.0": [-7.5, 0, 0],
						"1.0": [-7.5, 0, 0]
					}
				},
				"bone9": {
					"rotation": {
						"0.0": [0, 0, 5],
						"0.5": [0, 0, 0],
						"1.0": [0, 0, 5]
					},
					"position": {
						"0.0": [0, 0, 0.025],
						"1.0": [0, 0, 0.025]
					}
				},
				"bone10": {
					"rotation": {
						"0.0": [0, 0, 7.5],
						"1.0": [0, 0, 7.5]
					}
				},
				"bone11": {
					"rotation": {
						"0.0": [0, 0, 7.5],
						"1.0": [0, 0, 7.5]
					}
				},
				"bone12": {
					"rotation": {
						"0.0": [0, 0, 7.5],
						"1.0": [0, 0, 7.5]
					}
				},
				"bone17": {
					"rotation": {
						"0.0": [0, 0, 7.5],
						"1.0": [0, 0, 7.5]
					},
					"position": {
						"0.0": [0, 0, -0.025],
						"1.0": [0, 0, -0.025]
					}
				},
				"bone18": {
					"rotation": {
						"0.0": [0, 0, 7.5],
						"1.0": [0, 0, 7.5]
					}
				},
				"bone19": {
					"rotation": {
						"0.0": [0, 0, 7.5],
						"1.0": [0, 0, 7.5]
					}
				},
				"bone20": {
					"rotation": {
						"0.0": [0, 0, 7.5],
						"1.0": [0, 0, 7.5]
					}
				},
				"bone13": {
					"rotation": {
						"0.0": [-5, 0, 0],
						"1.0": [-5, 0, 0]
					}
				},
				"bone14": {
					"rotation": {
						"0.0": [-7.5, 0, 0],
						"1.0": [-7.5, 0, 0]
					}
				},
				"bone15": {
					"rotation": {
						"0.0": [-7.5, 0, 0],
						"1.0": [-7.5, 0, 0]
					}
				},
				"bone16": {
					"rotation": {
						"0.0": [-7.5, 0, 0],
						"1.0": [-7.5, 0, 0]
					}
				},
				"bone21": {
					"rotation": {
						"0.0": [-7.5, 0, 0],
						"1.0": [-7.5, 0, 0]
					}
				},
				"bone22": {
					"rotation": {
						"0.0": [-7.5, 0, 0],
						"1.0": [-7.5, 0, 0]
					}
				},
				"bone23": {
					"rotation": {
						"0.0": [-7.5, 0, 0],
						"1.0": [-7.5, 0, 0]
					}
				},
				"bone24": {
					"rotation": {
						"0.0": [-5, 0, 0],
						"1.0": [-5, 0, 0]
					}
				},
				"bone5": {
					"rotation": {
						"0.0": [-5, 0, 0],
						"1.0": [-5, 0, 0]
					}
				},
				"bone6": {
					"rotation": {
						"0.0": [-5, 0, 0],
						"1.0": [-5, 0, 0]
					}
				},
				"bone7": {
					"rotation": {
						"0.0": [-5, 0, 0],
						"1.0": [-5, 0, 0]
					}
				},
				"bone8": {
					"rotation": {
						"0.0": [-5, 0, 0],
						"1.0": [-5, 0, 0]
					}
				},
				"pie": {
					"rotation": {
						"0.0": [0, 0, 0],
						"0.5": [-45, 0, 0],
						"1.0": [0, 0, 0]
					},
					"position": {
						"0.0": [0, 0, 0],
						"0.5": [0, -2, -0.8],
						"1.0": [0, 0, 0]
					}
				},
				"pie2": {
					"rotation": {
						"0.0": [-43.82169, -8.56925, -9.20413],
						"0.5": [16.17831, -8.56925, -9.20413],
						"1.0": [-43.82169, -8.56925, -9.20413]
					},
					"position": {
						"0.0": [1, -2, 0],
						"0.5": [0, 1, 1],
						"1.0": [1, -2, 0]
					}
				},
				"bone33": {
					"rotation": [0, -5, 0]
				},
				"bone34": {
					"rotation": {
						"0.0": [0, 5, 0],
						"0.5": [0, -2.5, 0],
						"1.0": [0, 5, 0]
					}
				},
				"bone35": {
					"rotation": {
						"0.0": [0, 2.5, 0],
						"0.5": [0, -2.5, 0],
						"1.0": [0, 2.5, 0]
					}
				},
				"bone37": {
					"rotation": {
						"0.0": [0, 5, 0],
						"0.5": [0, -2.5, 0],
						"1.0": [0, 5, 0]
					}
				},
				"bone38": {
					"rotation": {
						"0.0": [0, 2.5, 0],
						"0.5": [0, -2.5, 0],
						"1.0": [0, 2.5, 0]
					}
				},
				"bone39": {
					"rotation": {
						"0.0": [0, 2.5, 0],
						"0.5": [0, -2.5, 0],
						"1.0": [0, 2.5, 0]
					}
				},
				"bone40": {
					"rotation": {
						"0.0": [0, 5, 0],
						"0.5": [0, 0, 0],
						"1.0": [0, 5, 0]
					}
				},
				"bone41": {
					"rotation": {
						"0.0": [0, 5, 0],
						"0.5": [0, -5, 0],
						"1.0": [0, 5, 0]
					}
				},
				"bone36": {
					"rotation": [-5.00474, -2.49048, 0.21803]
				},
				"bone42": {
					"rotation": {
						"0.0": [0, 2.5, 0],
						"0.5": [0, -2.5, 0],
						"1.0": [0, 2.5, 0]
					}
				},
				"bone43": {
					"rotation": {
						"0.0": [0, 2.5, 0],
						"0.5": [0, -2.5, 0],
						"1.0": [0, 2.5, 0]
					}
				},
				"bone44": {
					"rotation": {
						"0.0": [0, 2.5, 0],
						"0.5": [0, -2.5, 0],
						"1.0": [0, 2.5, 0]
					}
				},
				"bone45": {
					"rotation": {
						"0.0": [0, 2.5, 0],
						"0.5": [0, -2.5, 0],
						"1.0": [0, 2.5, 0]
					}
				},
				"bone46": {
					"rotation": {
						"0.0": [0, 7.5, 0],
						"0.5": [0, 2.5, 0],
						"1.0": [0, 7.5, 0]
					}
				},
				"bone47": {
					"rotation": {
						"0.0": [0, 2.5, 0],
						"0.5": [0, -5, 0],
						"1.0": [0, 2.5, 0]
					}
				},
				"bone48": {
					"rotation": {
						"0.0": [2.52154, 7.49282, 0.32902],
						"0.5": [2.50238, 2.49762, 0.10912],
						"1.0": [2.52154, 7.49282, 0.32902]
					}
				}
			}
		}
	}
}