{
  "portraitScale": 1.6,
  "portraitTranslation": [-1.77, 1.45, 0],
  "profileScale": 0.43,
  "profileTranslation": [0, 1.0, 0],
  "animations": {
    "faint": "q.bedrock_primary('zamazenta', 'faint', q.curve('one'))",
    "cry": "q.bedrock_stateful('zamazenta', 'cry')"
  },
  "poses": {
    "battle-standing": {
      "poseTypes": ["STAND"],
      "isBattle": true,
      "animations": [
       "q.look('head', 1, 1, 45, -45, 70, -70)",
        "q.bedrock('zamazenta', 'battle_idle')"
      ],
      "quirks": [
        "q.bedrock_quirk('zamazenta', 'blink')"
      ]
    },
    "standing": {
      "poseTypes": ["STAND", "NONE", "PORTRAIT", "PROFILE"],
      "isBattle": false,
      "animations": [
       "q.look('head', 1, 1, 45, -2.5, 7.5, -7.5)",
        "q.bedrock('zamazenta', 'ground_idle')"
      ],
      "quirks": [
        "q.bedrock_quirk('zamazenta', 'blink')"
      ]
    },
    "walking": {
      "poseTypes": ["WALK"],
      "animations": [
       "q.look('head', 1, 1, 45, -2.5, 7.5, -7.5)",
        "q.bedrock('zamazenta', 'ground_walk')"
      ],
      "quirks": [
        "q.bedrock_quirk('zamazenta', 'blink')"
      ]
    },
    "float": {
      "poseTypes": ["FLOAT"],
      "animations": [
        "q.bedrock('zamazenta', 'ground_idle')"
      ],
      "quirks": [
        "q.bedrock_quirk('zamazenta', 'blink')"
      ]
    },
    "swim": {
      "poseTypes": ["SWIM"],
      "animations": [
        "q.bedrock('zamazenta', 'ground_walk')"
      ],
      "quirks": [
        "q.bedrock_quirk('zamazenta', 'blink')"
      ]
    }
  }
}