{
  "species": "cobblemon:chiyu",
  "order": 1,
  "variations": [
    {
      "aspects": [],
      "poser": "cavscobblemons:chiyu",
      "model": "cavscobblemons:chiyu.geo",
      "texture": "cavscobblemons:textures/pokemon/1004_chiyu/chiyu.png",
      "layers": [
        {
          "name": "emissive",
          "emissive": true,
          "texture": "cavscobblemons:textures/pokemon/1004_chiyu/chiyu_emissive.png",
          "translucent": true
        }
      ]
    },
    {
      "aspects": ["shiny"],
      "texture": "cavscobblemons:textures/pokemon/1004_chiyu/chiyu_shiny.png",
      "layers": [
        {
          "name": "emissive",
          "emissive": true,
          "texture": "cavscobblemons:textures/pokemon/1004_chiyu/chiyu_shiny_emissive.png",
          "translucent": true
        }
      ]
    }
  ]
}
