{
	"format_version": "1.8.0",
	"animations": {
		"animation.stakataka.pose": {
			"loop": true,
			"bones": {
				"leg_right_front": {
					"rotation": [-21.55613, -6.60796, -16.24074]
				},
				"leg_right_front2": {
					"rotation": [0, 0, -2.5],
					"position": [0, -2, 0]
				},
				"leg_right_front3": {
					"rotation": [12.5, 0, 12.5],
					"position": [0, -2, 0]
				},
				"leg_right_front4": {
					"rotation": [9.94548, -1.29256, 4.83045],
					"position": [0, -1, 0]
				},
				"leg_right_front7": {
					"rotation": [-34.53643, 4.98428, -58.79662]
				},
				"leg_right_front8": {
					"rotation": [0, 0, 20],
					"position": [-3, -4, 0]
				},
				"leg_right_front9": {
					"rotation": [0, 0, 22.5],
					"position": [0, -3, 0]
				},
				"leg_right_front10": {
					"rotation": [7.33757, 19.20748, -14.83757],
					"position": [-1, -3, 0]
				},
				"leg_right_front11": {
					"rotation": [0, 0, 7.5],
					"position": [0, -3, 1]
				},
				"leg_right_front12": {
					"rotation": [-15, 0, 35]
				},
				"leg_left_back": {
					"rotation": [17.5, 0, 32.5],
					"position": [-2, 1, 0]
				},
				"leg_left_back2": {
					"rotation": [0, 0, -10],
					"position": [1, -1, 0]
				},
				"leg_left_back3": {
					"rotation": [0, 0, -20],
					"position": [0, -3, -1]
				},
				"leg_left_back4": {
					"rotation": [-7.5, 0, -10],
					"position": [0, -2, 0]
				},
				"leg_left_back5": {
					"rotation": [-7.47178, 0.65182, 4.95744],
					"position": [0, -2, 0]
				},
				"leg_left_back6": {
					"rotation": [0, 0, -15]
				},
				"leg_left_front": {
					"rotation": [0, 0, 12.5]
				},
				"leg_left_front2": {
					"rotation": [0, 0, 2.5]
				},
				"leg_left_front3": {
					"rotation": [0, 0, -7.5],
					"position": [0, -1, 0]
				},
				"leg_left_front4": {
					"rotation": [0, 0, -7.5],
					"position": [0, -1, 0]
				},
				"leg_right_back": {
					"rotation": [17.43745, 1.50179, -4.76968]
				},
				"leg_right_back3": {
					"rotation": [-12.5, 0, 0],
					"position": [0, -1, 0]
				},
				"leg_right_back4": {
					"rotation": [-7.5, 0, 0]
				},
				"leg_right_back5": {
					"rotation": [2.4905, -0.21782, 4.99527],
					"position": [0, -1, 0]
				}
			}
		},
		"animation.stakataka.ground_idle": {
			"loop": true,
			"animation_length": 4,
			"bones": {
				"leg_right_front": {
					"rotation": {
						"0.75": {
							"pre": [-10, 15, -10],
							"post": [-10, 15, -10],
							"lerp_mode": "catmullrom"
						},
						"1.625": {
							"post": [-10, 15, -10],
							"lerp_mode": "catmullrom"
						},
						"3.1667": {
							"post": [-10, 15, -10],
							"lerp_mode": "catmullrom"
						}
					},
					"position": {
						"1.625": {
							"pre": [1, 0, 0],
							"post": [1, 0, 0],
							"lerp_mode": "catmullrom"
						}
					}
				},
				"leg_right_front2": {
					"rotation": {
						"0.75": {
							"pre": [0, 0, 0],
							"post": [0, 0, 0],
							"lerp_mode": "catmullrom"
						},
						"2.3333": {
							"post": [0, 0, -7.5],
							"lerp_mode": "catmullrom"
						},
						"3.1667": {
							"post": [0, 0, 0],
							"lerp_mode": "catmullrom"
						}
					},
					"position": {
						"0.75": {
							"pre": [0, -1, 0],
							"post": [0, -1, 0],
							"lerp_mode": "catmullrom"
						},
						"1.625": {
							"post": [-1, -1, 0],
							"lerp_mode": "catmullrom"
						},
						"3.1667": {
							"post": [0, -1, 0],
							"lerp_mode": "catmullrom"
						}
					}
				},
				"leg_right_front3": {
					"rotation": {
						"0.75": {
							"pre": [7.5, 0, 5],
							"post": [7.5, 0, 5],
							"lerp_mode": "catmullrom"
						},
						"2.3333": {
							"post": [7.38733, -1.29876, 14.91615],
							"lerp_mode": "catmullrom"
						},
						"3.1667": {
							"post": [7.5, 0, 5],
							"lerp_mode": "catmullrom"
						}
					},
					"position": {
						"0.75": {
							"pre": [2, -1, 0],
							"post": [2, -1, 0],
							"lerp_mode": "catmullrom"
						},
						"1.625": {
							"post": [2, 0, 0],
							"lerp_mode": "catmullrom"
						},
						"2.3333": {
							"post": [1, 1, 0],
							"lerp_mode": "catmullrom"
						},
						"3.1667": {
							"post": [2, -1, 0],
							"lerp_mode": "catmullrom"
						}
					}
				},
				"leg_right_front4": {
					"rotation": {
						"0.75": {
							"pre": [0, 0, 5],
							"post": [0, 0, 5],
							"lerp_mode": "catmullrom"
						},
						"2.2917": {
							"post": [0, 0, 10],
							"lerp_mode": "catmullrom"
						},
						"3.1667": {
							"post": [0, 0, 5],
							"lerp_mode": "catmullrom"
						}
					},
					"position": {
						"0.75": {
							"pre": [0, 0, 0],
							"post": [0, 0, 0],
							"lerp_mode": "catmullrom"
						},
						"1.625": {
							"post": [3, 0, 0],
							"lerp_mode": "catmullrom"
						},
						"3.1667": {
							"post": [0, 0, 0],
							"lerp_mode": "catmullrom"
						}
					}
				},
				"leg_right_front7": {
					"rotation": [-34.53643, 4.98428, -58.79662]
				},
				"leg_right_front8": {
					"rotation": [0, 0, 20],
					"position": [-3, -4, 0]
				},
				"leg_right_front9": {
					"rotation": [0, 0, 22.5],
					"position": [0, -3, 0]
				},
				"leg_right_front10": {
					"rotation": [7.33757, 19.20748, -14.83757],
					"position": [-1, -3, 0]
				},
				"leg_right_front11": {
					"rotation": [0, 0, 7.5],
					"position": [0, -3, 1]
				},
				"leg_right_front12": {
					"rotation": [-15, 0, 35]
				},
				"leg_left_back": {
					"rotation": {
						"0.0": {
							"post": [17.5, 0, 32.5],
							"lerp_mode": "catmullrom"
						},
						"4.0": {
							"post": [17.5, 0, 32.5],
							"lerp_mode": "catmullrom"
						}
					},
					"position": {
						"0.0": {
							"post": [-2, 1, 0],
							"lerp_mode": "catmullrom"
						},
						"1.9583": {
							"post": [-1, 1, 0],
							"lerp_mode": "catmullrom"
						},
						"4.0": {
							"post": [-2, 1, 0],
							"lerp_mode": "catmullrom"
						}
					}
				},
				"leg_left_back2": {
					"rotation": {
						"0.0": {
							"post": [0, 0, -10],
							"lerp_mode": "catmullrom"
						},
						"4.0": {
							"post": [0, 0, -10],
							"lerp_mode": "catmullrom"
						}
					},
					"position": {
						"0.0": {
							"post": [1, -1, 0],
							"lerp_mode": "catmullrom"
						},
						"1.125": {
							"post": [-1, -3, 0],
							"lerp_mode": "catmullrom"
						},
						"1.9583": {
							"post": [2, -1, 0],
							"lerp_mode": "catmullrom"
						},
						"4.0": {
							"post": [1, -1, 0],
							"lerp_mode": "catmullrom"
						}
					}
				},
				"leg_left_back3": {
					"rotation": {
						"0.0": {
							"post": [-7.5, 0, -20],
							"lerp_mode": "catmullrom"
						},
						"4.0": {
							"post": [-7.5, 0, -20],
							"lerp_mode": "catmullrom"
						}
					},
					"position": {
						"0.0": {
							"post": [1, -1, -2],
							"lerp_mode": "catmullrom"
						},
						"1.125": {
							"post": [1, -1, -5],
							"lerp_mode": "catmullrom"
						},
						"1.9583": {
							"post": [0, -1, -5],
							"lerp_mode": "catmullrom"
						},
						"3.0833": {
							"post": [0, -1, -7],
							"lerp_mode": "catmullrom"
						},
						"4.0": {
							"post": [1, -1, -2],
							"lerp_mode": "catmullrom"
						}
					}
				},
				"leg_left_back4": {
					"rotation": {
						"0.0": {
							"post": [-2.5, 0, -10],
							"lerp_mode": "catmullrom"
						},
						"4.0": {
							"post": [-2.5, 0, -10],
							"lerp_mode": "catmullrom"
						}
					},
					"position": {
						"0.0": {
							"post": [0, -1.34, -0.52],
							"lerp_mode": "catmullrom"
						},
						"1.9583": {
							"post": [1, -0.34, 0.48],
							"lerp_mode": "catmullrom"
						},
						"3.0833": {
							"post": [1, -0.34, 2.48],
							"lerp_mode": "catmullrom"
						},
						"4.0": {
							"post": [0, -1.34, -0.52],
							"lerp_mode": "catmullrom"
						}
					}
				},
				"leg_left_back5": {
					"rotation": {
						"0.0": {
							"post": [-2.47178, 0.65182, 4.95744],
							"lerp_mode": "catmullrom"
						},
						"4.0": {
							"post": [-2.47178, 0.65182, 4.95744],
							"lerp_mode": "catmullrom"
						}
					},
					"position": {
						"0.0": {
							"post": [0, -2, 0],
							"lerp_mode": "catmullrom"
						},
						"3.0833": {
							"post": [0, -1, 0],
							"lerp_mode": "catmullrom"
						},
						"4.0": {
							"post": [0, -2, 0],
							"lerp_mode": "catmullrom"
						}
					}
				},
				"leg_left_back6": {
					"rotation": {
						"0.0": {
							"post": [0, 0, -15],
							"lerp_mode": "catmullrom"
						},
						"0.9583": {
							"post": [-31.26765, 7.52076, 3.58597],
							"lerp_mode": "catmullrom"
						},
						"2.0417": {
							"post": [-31.70554, -11.7337, 15.29057],
							"lerp_mode": "catmullrom"
						},
						"3.0417": {
							"post": [70.16701, -44.45881, -36.61642],
							"lerp_mode": "catmullrom"
						},
						"4.0": {
							"post": [0, 0, -15],
							"lerp_mode": "catmullrom"
						}
					}
				},
				"leg_left_front": {
					"rotation": {
						"0.0": {
							"post": [-7.49294, 0.32621, 14.97864],
							"lerp_mode": "catmullrom"
						},
						"4.0": {
							"post": [-7.49294, 0.32621, 14.97864],
							"lerp_mode": "catmullrom"
						}
					},
					"position": {
						"0.0": {
							"post": [0, 0, 0],
							"lerp_mode": "catmullrom"
						},
						"1.625": {
							"post": [0, -1, 0],
							"lerp_mode": "catmullrom"
						},
						"2.4167": {
							"post": [1, -1, 0],
							"lerp_mode": "catmullrom"
						},
						"4.0": {
							"post": [0, 0, 0],
							"lerp_mode": "catmullrom"
						}
					}
				},
				"leg_left_front2": {
					"rotation": {
						"0.0": {
							"post": [0, 0, 2.5],
							"lerp_mode": "catmullrom"
						},
						"4.0": {
							"post": [0, 0, 2.5],
							"lerp_mode": "catmullrom"
						}
					},
					"position": {
						"0.0": {
							"post": [0, 0, 0],
							"lerp_mode": "catmullrom"
						},
						"2.4167": {
							"post": [-1, 0, 0],
							"lerp_mode": "catmullrom"
						},
						"4.0": {
							"post": [0, 0, 0],
							"lerp_mode": "catmullrom"
						}
					}
				},
				"leg_left_front3": {
					"rotation": {
						"0.0": {
							"post": [4.99527, 0.21782, -9.9905],
							"lerp_mode": "catmullrom"
						},
						"4.0": {
							"post": [4.99527, 0.21782, -9.9905],
							"lerp_mode": "catmullrom"
						}
					},
					"position": {
						"0.0": {
							"post": [0, -1, 0],
							"lerp_mode": "catmullrom"
						},
						"1.625": {
							"post": [0, 0, 0],
							"lerp_mode": "catmullrom"
						},
						"4.0": {
							"post": [0, -1, 0],
							"lerp_mode": "catmullrom"
						}
					}
				},
				"leg_left_front4": {
					"rotation": {
						"0.0": {
							"post": [0, 0, -7.5],
							"lerp_mode": "catmullrom"
						},
						"4.0": {
							"post": [0, 0, -7.5],
							"lerp_mode": "catmullrom"
						}
					},
					"position": {
						"0.0": {
							"post": [0, -1, 0],
							"lerp_mode": "catmullrom"
						},
						"0.9583": {
							"post": [-2, -2, 0],
							"lerp_mode": "catmullrom"
						},
						"2.4167": {
							"post": [0, -1, 0],
							"lerp_mode": "catmullrom"
						},
						"4.0": {
							"post": [0, -1, 0],
							"lerp_mode": "catmullrom"
						}
					}
				},
				"leg_right_back": {
					"rotation": {
						"0.0": {
							"post": [12.56954, -26.99577, -25.92227],
							"lerp_mode": "catmullrom"
						}
					}
				},
				"leg_right_back3": {
					"rotation": {
						"0.75": {
							"pre": [0, 0, 10],
							"post": [0, 0, 10],
							"lerp_mode": "catmullrom"
						},
						"3.1667": {
							"post": [0, 0, 10],
							"lerp_mode": "catmullrom"
						}
					},
					"position": {
						"0.75": {
							"pre": [0, -1, 0],
							"post": [0, -1, 0],
							"lerp_mode": "catmullrom"
						},
						"1.125": {
							"post": [3, -2, 0],
							"lerp_mode": "catmullrom"
						},
						"2.0": {
							"post": [0.82, -1.61, 0],
							"lerp_mode": "catmullrom"
						},
						"2.9583": {
							"post": [1.9, -1.01, 0],
							"lerp_mode": "catmullrom"
						},
						"3.1667": {
							"post": [0, -1, 0],
							"lerp_mode": "catmullrom"
						}
					}
				},
				"leg_right_back4": {
					"rotation": {
						"0.0": {
							"post": [0, 0, 5],
							"lerp_mode": "catmullrom"
						},
						"4.0": {
							"post": [0, 0, 5],
							"lerp_mode": "catmullrom"
						}
					},
					"position": {
						"0.0": {
							"post": [0, -1, 0],
							"lerp_mode": "catmullrom"
						},
						"1.125": {
							"post": [-5, -1, 0],
							"lerp_mode": "catmullrom"
						},
						"2.0": {
							"post": [-1, -1, 0],
							"lerp_mode": "catmullrom"
						},
						"2.9583": {
							"post": [1, -1, 0],
							"lerp_mode": "catmullrom"
						},
						"4.0": {
							"post": [0, -1, 0],
							"lerp_mode": "catmullrom"
						}
					}
				},
				"leg_right_back5": {
					"rotation": {
						"0.0": {
							"post": [0, 0, 0],
							"lerp_mode": "catmullrom"
						},
						"0.8333": {
							"post": [0, 255, 0],
							"lerp_mode": "catmullrom"
						},
						"2.5833": {
							"post": [0, -132.5, 0],
							"lerp_mode": "catmullrom"
						},
						"4.0": {
							"post": [0, 0, 0],
							"lerp_mode": "catmullrom"
						}
					},
					"position": {
						"0.0": {
							"post": [0, 0, 0],
							"lerp_mode": "catmullrom"
						},
						"2.9583": {
							"post": [2, 0, 0],
							"lerp_mode": "catmullrom"
						},
						"4.0": {
							"post": [0, 0, 0],
							"lerp_mode": "catmullrom"
						}
					}
				},
				"leg_right_front5": {
					"rotation": {
						"0.75": {
							"pre": [0, 0, 0],
							"post": [0, 0, 0],
							"lerp_mode": "catmullrom"
						},
						"2.2917": {
							"post": [0, 0, -5],
							"lerp_mode": "catmullrom"
						},
						"3.1667": {
							"post": [0, 0, 0],
							"lerp_mode": "catmullrom"
						}
					},
					"position": {
						"0.75": {
							"pre": [0, 0, 0],
							"post": [0, 0, 0],
							"lerp_mode": "catmullrom"
						},
						"1.625": {
							"post": [0, -1, 0],
							"lerp_mode": "catmullrom"
						},
						"3.1667": {
							"post": [0, 0, 0],
							"lerp_mode": "catmullrom"
						}
					}
				},
				"leg_right_front6": {
					"rotation": {
						"0.0": {
							"post": [0, 0, 0],
							"lerp_mode": "catmullrom"
						},
						"0.625": {
							"post": [0, -15, 0],
							"lerp_mode": "catmullrom"
						},
						"1.375": {
							"post": [15, -15, 0],
							"lerp_mode": "catmullrom"
						},
						"2.0833": {
							"post": [-7.5, -15, 0],
							"lerp_mode": "catmullrom"
						},
						"2.9583": {
							"post": [-8.5812, -32.33134, 2.66243],
							"lerp_mode": "catmullrom"
						},
						"4.0": {
							"post": [0, 0, 0],
							"lerp_mode": "catmullrom"
						}
					}
				},
				"leg_left_front5": {
					"position": {
						"0.0": {
							"post": [0, 0, 0],
							"lerp_mode": "catmullrom"
						},
						"0.9583": {
							"post": [3, 0, 0],
							"lerp_mode": "catmullrom"
						},
						"2.4167": {
							"post": [0, 0, 0],
							"lerp_mode": "catmullrom"
						},
						"4.0": {
							"post": [0, 0, 0],
							"lerp_mode": "catmullrom"
						}
					}
				},
				"leg_left_front6": {
					"rotation": {
						"0.0": {
							"post": [0, 0, 0],
							"lerp_mode": "catmullrom"
						},
						"0.625": {
							"post": [20, -2.5, 0],
							"lerp_mode": "catmullrom"
						},
						"2.125": {
							"post": [0, 12.5, 0],
							"lerp_mode": "catmullrom"
						},
						"3.125": {
							"post": [5, -2.5, 0],
							"lerp_mode": "catmullrom"
						},
						"4.0": {
							"post": [0, 0, 0],
							"lerp_mode": "catmullrom"
						}
					}
				},
				"leg_right_back2": {
					"rotation": {
						"0.0": {
							"post": [0, 0, 7.5],
							"lerp_mode": "catmullrom"
						},
						"4.0": {
							"post": [0, 0, 7.5],
							"lerp_mode": "catmullrom"
						}
					},
					"position": {
						"0.0": {
							"post": [0, -1, 0],
							"lerp_mode": "catmullrom"
						},
						"2.0": {
							"post": [-3, 0, 0],
							"lerp_mode": "catmullrom"
						},
						"2.9583": {
							"post": [-5, 0, 0],
							"lerp_mode": "catmullrom"
						},
						"4.0": {
							"post": [0, -1, 0],
							"lerp_mode": "catmullrom"
						}
					}
				},
				"leg_right_back6": {
					"rotation": {
						"0.0": {
							"post": [0, 0, 0],
							"lerp_mode": "catmullrom"
						},
						"0.875": {
							"post": [-13.27421, 28.69956, -25.04741],
							"lerp_mode": "catmullrom"
						},
						"2.1667": {
							"post": [18.53718, 78.07584, 25.47526],
							"lerp_mode": "catmullrom"
						},
						"2.9167": {
							"post": [-16.46282, 78.07584, 25.47526],
							"lerp_mode": "catmullrom"
						},
						"4.0": {
							"post": [0, 0, 0],
							"lerp_mode": "catmullrom"
						}
					}
				},
				"torse": {
					"rotation": {
						"0.0": {
							"post": [0, 0, 0],
							"lerp_mode": "catmullrom"
						},
						"1.0833": {
							"post": [1.5, 0, 0],
							"lerp_mode": "catmullrom"
						},
						"2.7083": {
							"post": [-2, 0, 0],
							"lerp_mode": "catmullrom"
						},
						"4.0": {
							"post": [0, 0, 0],
							"lerp_mode": "catmullrom"
						}
					},
					"position": {
						"0.0": {
							"post": [0, 0, 0],
							"lerp_mode": "catmullrom"
						},
						"1.4583": {
							"post": [0, -1, 0],
							"lerp_mode": "catmullrom"
						},
						"2.4583": {
							"post": [0, -1, 0],
							"lerp_mode": "catmullrom"
						},
						"4.0": {
							"post": [0, 0, 0],
							"lerp_mode": "catmullrom"
						}
					}
				}
			}
		},
		"animation.stakataka.ground_walk": {
			"loop": true,
			"animation_length": 1.5,
			"bones": {
				"body": {
					"position": {
						"0.125": [0, 0, 0],
						"0.25": [0, -3.25, 0],
						"0.375": [0, 0, 0],
						"0.5": [0, 0, 0],
						"0.625": [0, -2.5, 0],
						"0.75": [0, 0, 0],
						"0.875": [0, 0, 0],
						"1.0": [0, -3.25, 0],
						"1.125": [0, 0, 0],
						"1.2083": [0, 0, 0],
						"1.3333": [0, -2.5, 0],
						"1.4583": [0, 0, 0]
					}
				},
				"leg_right_front": {
					"rotation": {
						"0.0": {
							"post": [25, 0, 0],
							"lerp_mode": "catmullrom"
						},
						"0.25": {
							"post": [-35, 0, 0],
							"lerp_mode": "catmullrom"
						},
						"0.5": {
							"post": [-45.16, 0, 0],
							"lerp_mode": "catmullrom"
						},
						"0.75": {
							"post": [-42.5, 0, 0],
							"lerp_mode": "catmullrom"
						},
						"1.0": {
							"post": [0, 0, 0],
							"lerp_mode": "catmullrom"
						},
						"1.25": {
							"post": [10, 0, 0],
							"lerp_mode": "catmullrom"
						},
						"1.5": {
							"post": [25, 0, 0],
							"lerp_mode": "catmullrom"
						}
					},
					"position": {
						"0.0": {
							"post": [0, 1.25, 9.25],
							"lerp_mode": "catmullrom"
						},
						"0.25": {
							"post": [1, 5, 6.75],
							"lerp_mode": "catmullrom"
						},
						"0.5": {
							"post": [-0.5, -0.08, 2.52],
							"lerp_mode": "catmullrom"
						},
						"0.75": {
							"post": [-2.75, -5, -1.25],
							"lerp_mode": "catmullrom"
						},
						"1.0": {
							"post": [0, 0, 0],
							"lerp_mode": "catmullrom"
						},
						"1.25": {
							"post": [0, -2, 4.5],
							"lerp_mode": "catmullrom"
						},
						"1.5": {
							"post": [0, 1.25, 9.25],
							"lerp_mode": "catmullrom"
						}
					}
				},
				"leg_right_front2": {
					"rotation": {
						"0.0": {
							"post": [17.5, 0, 0],
							"lerp_mode": "catmullrom"
						},
						"0.25": {
							"post": [22.5, 0, 0],
							"lerp_mode": "catmullrom"
						},
						"0.5": {
							"post": [-2.5, 0, 0],
							"lerp_mode": "catmullrom"
						},
						"0.75": {
							"post": [15, 0, 0],
							"lerp_mode": "catmullrom"
						},
						"1.0": {
							"post": [0, 0, 0],
							"lerp_mode": "catmullrom"
						},
						"1.25": {
							"post": [-2.5, 0, 0],
							"lerp_mode": "catmullrom"
						},
						"1.5": {
							"post": [17.5, 0, 0],
							"lerp_mode": "catmullrom"
						}
					},
					"position": {
						"0.0": {
							"post": [0, 0, 0],
							"lerp_mode": "catmullrom"
						},
						"0.25": {
							"post": [0.75, -2, 0],
							"lerp_mode": "catmullrom"
						},
						"0.75": {
							"post": [0, 0, 0],
							"lerp_mode": "catmullrom"
						},
						"1.0": {
							"post": [0, 0, 0],
							"lerp_mode": "catmullrom"
						},
						"1.25": {
							"post": [0, 1, 0],
							"lerp_mode": "catmullrom"
						},
						"1.5": {
							"post": [0, 0, 0],
							"lerp_mode": "catmullrom"
						}
					}
				},
				"leg_right_front3": {
					"rotation": {
						"0.0": {
							"post": [-2.5, 0, 0],
							"lerp_mode": "catmullrom"
						},
						"0.25": {
							"post": [30, 0, 0],
							"lerp_mode": "catmullrom"
						},
						"0.5": {
							"post": [5, 0, 0],
							"lerp_mode": "catmullrom"
						},
						"0.75": {
							"post": [7.5, 0, 0],
							"lerp_mode": "catmullrom"
						},
						"1.0": {
							"post": [0, 0, 0],
							"lerp_mode": "catmullrom"
						},
						"1.25": {
							"post": [-5, 0, 0],
							"lerp_mode": "catmullrom"
						},
						"1.5": {
							"post": [-2.5, 0, 0],
							"lerp_mode": "catmullrom"
						}
					},
					"position": {
						"0.0": {
							"post": [0, 0, 0],
							"lerp_mode": "catmullrom"
						},
						"0.25": {
							"post": [-1.75, -1, 0],
							"lerp_mode": "catmullrom"
						},
						"0.75": {
							"post": [0, 0, 0],
							"lerp_mode": "catmullrom"
						},
						"1.0": {
							"post": [0, 0, 0],
							"lerp_mode": "catmullrom"
						},
						"1.25": {
							"post": [1.5, 1, 0],
							"lerp_mode": "catmullrom"
						},
						"1.5": {
							"post": [0, 0, 0],
							"lerp_mode": "catmullrom"
						}
					}
				},
				"leg_right_front4": {
					"rotation": {
						"0.0": {
							"post": [7.5, 0, 0],
							"lerp_mode": "catmullrom"
						},
						"0.25": {
							"post": [25, 0, 0],
							"lerp_mode": "catmullrom"
						},
						"0.5": {
							"post": [0, 0, 0],
							"lerp_mode": "catmullrom"
						},
						"0.75": {
							"post": [7.5, 0, 0],
							"lerp_mode": "catmullrom"
						},
						"1.0": {
							"post": [0, 0, 0],
							"lerp_mode": "catmullrom"
						},
						"1.25": {
							"post": [-5, 0, 0],
							"lerp_mode": "catmullrom"
						},
						"1.5": {
							"post": [7.5, 0, 0],
							"lerp_mode": "catmullrom"
						}
					},
					"position": {
						"0.0": [-1.25, 0, 0],
						"0.25": [0.75, 0, 0],
						"0.5": [-1.25, 0, 0],
						"0.75": [-1.25, 0, 0],
						"1.25": [-2.75, 0, 0],
						"1.5": [-1.25, 0, 0]
					}
				},
				"leg_right_front5": {
					"rotation": {
						"0.0": {
							"post": [35, 0, 0],
							"lerp_mode": "catmullrom"
						},
						"0.25": {
							"post": [37.5, 0, 0],
							"lerp_mode": "catmullrom"
						},
						"0.5": {
							"post": [20, 0, 0],
							"lerp_mode": "catmullrom"
						},
						"0.75": {
							"post": [0, 0, 0],
							"lerp_mode": "catmullrom"
						},
						"1.0": {
							"post": [0, 0, 0],
							"lerp_mode": "catmullrom"
						},
						"1.25": {
							"post": [-5, 0, 0],
							"lerp_mode": "catmullrom"
						},
						"1.5": {
							"post": [35, 0, 0],
							"lerp_mode": "catmullrom"
						}
					},
					"position": {
						"0.0": {
							"post": [-2.75, -1.69, 0],
							"lerp_mode": "catmullrom"
						},
						"0.25": {
							"post": [0, -3, 0],
							"lerp_mode": "catmullrom"
						},
						"0.5": {
							"post": [0.17, -1.58, 0],
							"lerp_mode": "catmullrom"
						},
						"0.75": [-3, 0, 0],
						"1.25": [-3, 0, 0],
						"1.5": {
							"pre": [-2.75, -1.69, 0],
							"post": [-2.75, -1.69, 0],
							"lerp_mode": "catmullrom"
						}
					}
				},
				"leg_right_front6": {
					"rotation": {
						"0.0": {
							"post": [0, -27.5, 0],
							"lerp_mode": "catmullrom"
						},
						"0.25": {
							"post": [-28.33578, -43.34777, 39.73963],
							"lerp_mode": "catmullrom"
						},
						"0.5": {
							"post": [-3.95854, -10.12688, 16.81085],
							"lerp_mode": "catmullrom"
						},
						"0.75": {
							"post": [54.68369, 5.32192, -8.08255],
							"lerp_mode": "catmullrom"
						},
						"1.0": {
							"post": [44.24548, 3.86066, 7.06055],
							"lerp_mode": "catmullrom"
						},
						"1.25": {
							"post": [29.24548, 3.86066, 7.06055],
							"lerp_mode": "catmullrom"
						},
						"1.5": {
							"post": [0, -27.5, 0],
							"lerp_mode": "catmullrom"
						}
					}
				},
				"leg_left_front": {
					"rotation": {
						"0.0": {
							"post": [-42.5, 0, 0],
							"lerp_mode": "catmullrom"
						},
						"0.25": {
							"post": [0, 0, 0],
							"lerp_mode": "catmullrom"
						},
						"0.5": {
							"post": [10, 0, 0],
							"lerp_mode": "catmullrom"
						},
						"0.75": {
							"post": [25, 0, 0],
							"lerp_mode": "catmullrom"
						},
						"1.0": {
							"post": [-35, 0, 0],
							"lerp_mode": "catmullrom"
						},
						"1.25": {
							"post": [-45.16, 0, 0],
							"lerp_mode": "catmullrom"
						},
						"1.5": {
							"post": [-42.5, 0, 0],
							"lerp_mode": "catmullrom"
						}
					},
					"position": {
						"0.0": {
							"post": [2.75, -5, -1.25],
							"lerp_mode": "catmullrom"
						},
						"0.25": {
							"post": [0, 0, 0],
							"lerp_mode": "catmullrom"
						},
						"0.5": {
							"post": [0, -2, 4.5],
							"lerp_mode": "catmullrom"
						},
						"0.75": {
							"post": [0, 1.25, 9.25],
							"lerp_mode": "catmullrom"
						},
						"1.0": {
							"post": [-1, 5, 6.75],
							"lerp_mode": "catmullrom"
						},
						"1.25": {
							"post": [0.5, -0.08, 2.52],
							"lerp_mode": "catmullrom"
						},
						"1.5": {
							"post": [2.75, -5, -1.25],
							"lerp_mode": "catmullrom"
						}
					}
				},
				"leg_left_front2": {
					"rotation": {
						"0.0": {
							"post": [15, 0, 0],
							"lerp_mode": "catmullrom"
						},
						"0.25": {
							"post": [0, 0, 0],
							"lerp_mode": "catmullrom"
						},
						"0.5": {
							"post": [-2.5, 0, 0],
							"lerp_mode": "catmullrom"
						},
						"0.75": {
							"post": [17.5, 0, 0],
							"lerp_mode": "catmullrom"
						},
						"1.0": {
							"post": [22.5, 0, 0],
							"lerp_mode": "catmullrom"
						},
						"1.25": {
							"post": [-2.5, 0, 0],
							"lerp_mode": "catmullrom"
						},
						"1.5": {
							"post": [15, 0, 0],
							"lerp_mode": "catmullrom"
						}
					},
					"position": {
						"0.25": {
							"pre": [0, 0, 0],
							"post": [0, 0, 0],
							"lerp_mode": "catmullrom"
						},
						"0.5": {
							"post": [0, 1, 0],
							"lerp_mode": "catmullrom"
						},
						"0.75": {
							"post": [0, 0, 0],
							"lerp_mode": "catmullrom"
						},
						"1.0": {
							"post": [-0.75, -2, 0],
							"lerp_mode": "catmullrom"
						},
						"1.5": {
							"post": [0, 0, 0],
							"lerp_mode": "catmullrom"
						}
					}
				},
				"leg_left_front3": {
					"rotation": {
						"0.0": {
							"post": [7.5, 0, 0],
							"lerp_mode": "catmullrom"
						},
						"0.25": {
							"post": [0, 0, 0],
							"lerp_mode": "catmullrom"
						},
						"0.5": {
							"post": [-5, 0, 0],
							"lerp_mode": "catmullrom"
						},
						"0.75": {
							"post": [-2.5, 0, 0],
							"lerp_mode": "catmullrom"
						},
						"1.0": {
							"post": [30, 0, 0],
							"lerp_mode": "catmullrom"
						},
						"1.25": {
							"post": [5, 0, 0],
							"lerp_mode": "catmullrom"
						},
						"1.5": {
							"post": [7.5, 0, 0],
							"lerp_mode": "catmullrom"
						}
					},
					"position": {
						"0.25": {
							"pre": [0, 0, 0],
							"post": [0, 0, 0],
							"lerp_mode": "catmullrom"
						},
						"0.5": {
							"post": [-1.5, 1, 0],
							"lerp_mode": "catmullrom"
						},
						"0.75": {
							"post": [0, 0, 0],
							"lerp_mode": "catmullrom"
						},
						"1.0": {
							"post": [1.75, -1, 0],
							"lerp_mode": "catmullrom"
						},
						"1.5": {
							"post": [0, 0, 0],
							"lerp_mode": "catmullrom"
						}
					}
				},
				"leg_left_front4": {
					"rotation": {
						"0.0": {
							"post": [7.5, 0, 0],
							"lerp_mode": "catmullrom"
						},
						"0.25": {
							"post": [0, 0, 0],
							"lerp_mode": "catmullrom"
						},
						"0.5": {
							"post": [-5, 0, 0],
							"lerp_mode": "catmullrom"
						},
						"0.75": {
							"post": [7.5, 0, 0],
							"lerp_mode": "catmullrom"
						},
						"1.0": {
							"post": [25, 0, 0],
							"lerp_mode": "catmullrom"
						},
						"1.25": {
							"post": [0, 0, 0],
							"lerp_mode": "catmullrom"
						},
						"1.5": {
							"post": [7.5, 0, 0],
							"lerp_mode": "catmullrom"
						}
					},
					"position": {
						"0.0": [1.25, 0, 0],
						"0.5": [2.75, 0, 0],
						"0.75": [1.25, 0, 0],
						"1.0": [-0.75, 0, 0],
						"1.25": [1.25, 0, 0]
					}
				},
				"leg_left_front5": {
					"rotation": {
						"0.0": {
							"post": [0, 0, 0],
							"lerp_mode": "catmullrom"
						},
						"0.25": {
							"post": [0, 0, 0],
							"lerp_mode": "catmullrom"
						},
						"0.5": {
							"post": [-5, 0, 0],
							"lerp_mode": "catmullrom"
						},
						"0.75": {
							"post": [35, 0, 0],
							"lerp_mode": "catmullrom"
						},
						"1.0": {
							"post": [37.5, 0, 0],
							"lerp_mode": "catmullrom"
						},
						"1.25": {
							"post": [20, 0, 0],
							"lerp_mode": "catmullrom"
						},
						"1.5": {
							"post": [0, 0, 0],
							"lerp_mode": "catmullrom"
						}
					},
					"position": {
						"0.0": [3, 0, 0],
						"0.5": [3, 0, 0],
						"0.75": {
							"pre": [2.75, -1.69, 0],
							"post": [2.75, -1.69, 0],
							"lerp_mode": "catmullrom"
						},
						"1.0": {
							"post": [0, -3, 0],
							"lerp_mode": "catmullrom"
						},
						"1.25": {
							"post": [-0.17, -1.58, 0],
							"lerp_mode": "catmullrom"
						},
						"1.5": [3, 0, 0]
					}
				},
				"leg_left_front6": {
					"rotation": {
						"0.0": {
							"post": [54.68369, -5.32192, 8.08255],
							"lerp_mode": "catmullrom"
						},
						"0.25": {
							"post": [44.24548, -3.86066, -7.06055],
							"lerp_mode": "catmullrom"
						},
						"0.5": {
							"post": [29.24548, -3.86066, -7.06055],
							"lerp_mode": "catmullrom"
						},
						"0.75": {
							"post": [0, 27.5, 0],
							"lerp_mode": "catmullrom"
						},
						"1.0": {
							"post": [-28.33578, 43.34777, -39.73963],
							"lerp_mode": "catmullrom"
						},
						"1.25": {
							"post": [-3.95854, 10.12688, -16.81085],
							"lerp_mode": "catmullrom"
						},
						"1.5": {
							"post": [54.68369, -5.32192, 8.08255],
							"lerp_mode": "catmullrom"
						}
					}
				},
				"leg_left_back": {
					"rotation": {
						"0.0": {
							"post": [15, 0, 0],
							"lerp_mode": "catmullrom"
						},
						"0.25": {
							"post": [-10.16, 0, 0],
							"lerp_mode": "catmullrom"
						},
						"0.5": {
							"post": [-15, 0, 0],
							"lerp_mode": "catmullrom"
						},
						"0.75": {
							"post": [17.5, 0, 0],
							"lerp_mode": "catmullrom"
						},
						"1.0": {
							"post": [35, 0, 0],
							"lerp_mode": "catmullrom"
						},
						"1.25": {
							"post": [42.5, 0, 0],
							"lerp_mode": "catmullrom"
						},
						"1.5": {
							"post": [15, 0, 0],
							"lerp_mode": "catmullrom"
						}
					},
					"position": {
						"0.0": {
							"post": [1, 4.5, 0],
							"lerp_mode": "catmullrom"
						},
						"0.25": {
							"post": [-0.5, 5.92, -6.48],
							"lerp_mode": "catmullrom"
						},
						"0.5": {
							"post": [-2.75, -1.75, -4.25],
							"lerp_mode": "catmullrom"
						},
						"0.75": {
							"post": [0, 0, 0],
							"lerp_mode": "catmullrom"
						},
						"1.0": {
							"post": [0, -2, 4.5],
							"lerp_mode": "catmullrom"
						},
						"1.25": {
							"post": [0, 1.25, 9.25],
							"lerp_mode": "catmullrom"
						},
						"1.5": {
							"post": [1, 4.5, 0],
							"lerp_mode": "catmullrom"
						}
					}
				},
				"leg_left_back2": {
					"rotation": {
						"0.0": {
							"post": [25, 0, 0],
							"lerp_mode": "catmullrom"
						},
						"0.25": {
							"post": [20, 0, 0],
							"lerp_mode": "catmullrom"
						},
						"0.5": {
							"post": [25, 0, 0],
							"lerp_mode": "catmullrom"
						},
						"0.75": {
							"post": [-15, 0, 0],
							"lerp_mode": "catmullrom"
						},
						"1.0": {
							"post": [-15, 0, 0],
							"lerp_mode": "catmullrom"
						},
						"1.25": {
							"post": [-12.5, 0, 0],
							"lerp_mode": "catmullrom"
						},
						"1.5": {
							"post": [25, 0, 0],
							"lerp_mode": "catmullrom"
						}
					},
					"position": {
						"0.0": {
							"post": [0.75, -2, 2.75],
							"lerp_mode": "catmullrom"
						},
						"0.5": {
							"post": [0, 0, 0],
							"lerp_mode": "catmullrom"
						},
						"0.75": {
							"post": [0, 0, 0],
							"lerp_mode": "catmullrom"
						},
						"1.0": {
							"post": [0, 0, 0],
							"lerp_mode": "catmullrom"
						},
						"1.25": {
							"post": [0, -1.5, 0],
							"lerp_mode": "catmullrom"
						},
						"1.5": {
							"post": [0.75, -2, 2.75],
							"lerp_mode": "catmullrom"
						}
					}
				},
				"leg_left_back3": {
					"rotation": {
						"0.0": {
							"post": [10, 0, 0],
							"lerp_mode": "catmullrom"
						},
						"0.25": {
							"post": [15, 0, 0],
							"lerp_mode": "catmullrom"
						},
						"0.5": {
							"post": [-10, 0, 0],
							"lerp_mode": "catmullrom"
						},
						"0.75": {
							"post": [-5, 0, 0],
							"lerp_mode": "catmullrom"
						},
						"1.0": {
							"post": [-15, 0, 0],
							"lerp_mode": "catmullrom"
						},
						"1.25": {
							"post": [17.5, 0, 0],
							"lerp_mode": "catmullrom"
						},
						"1.5": {
							"post": [10, 0, 0],
							"lerp_mode": "catmullrom"
						}
					},
					"position": {
						"0.0": {
							"post": [-1.75, -1, 0],
							"lerp_mode": "catmullrom"
						},
						"0.5": {
							"post": [0, 0, 0],
							"lerp_mode": "catmullrom"
						},
						"0.75": {
							"post": [0, 0, 0],
							"lerp_mode": "catmullrom"
						},
						"1.0": {
							"post": [1.5, -0.5, 0],
							"lerp_mode": "catmullrom"
						},
						"1.25": {
							"post": [0, 0, 2.25],
							"lerp_mode": "catmullrom"
						},
						"1.5": {
							"post": [-1.75, -1, 0],
							"lerp_mode": "catmullrom"
						}
					}
				},
				"leg_left_back4": {
					"rotation": {
						"0.0": {
							"post": [-27.5, 0, 0],
							"lerp_mode": "catmullrom"
						},
						"0.25": {
							"post": [-52.5, 0, 0],
							"lerp_mode": "catmullrom"
						},
						"0.5": {
							"post": [-7.5, 0, 0],
							"lerp_mode": "catmullrom"
						},
						"0.75": {
							"post": [-7.5, 0, 0],
							"lerp_mode": "catmullrom"
						},
						"1.0": {
							"post": [-5, 0, 0],
							"lerp_mode": "catmullrom"
						},
						"1.25": {
							"post": [7.5, 0, 0],
							"lerp_mode": "catmullrom"
						},
						"1.5": {
							"post": [-27.5, 0, 0],
							"lerp_mode": "catmullrom"
						}
					},
					"position": {
						"0.0": [0.75, 0, 0],
						"0.25": [-1.25, 0, 0],
						"0.75": [-2, 0, 0],
						"1.0": [-2.75, 0, 0],
						"1.25": [-1.25, 0, 0],
						"1.5": [0.75, 0, 0]
					}
				},
				"leg_left_back5": {
					"rotation": {
						"0.0": {
							"post": [-27.5, 0, 0],
							"lerp_mode": "catmullrom"
						},
						"0.25": {
							"post": [-15, 0, 0],
							"lerp_mode": "catmullrom"
						},
						"0.5": {
							"post": [-7.5, 0, 0],
							"lerp_mode": "catmullrom"
						},
						"0.75": {
							"post": [0, 0, 0],
							"lerp_mode": "catmullrom"
						},
						"1.0": {
							"post": [-5, 0, 0],
							"lerp_mode": "catmullrom"
						},
						"1.25": {
							"post": [25, 0, 0],
							"lerp_mode": "catmullrom"
						},
						"1.5": {
							"post": [-27.5, 0, 0],
							"lerp_mode": "catmullrom"
						}
					},
					"position": {
						"0.0": {
							"post": [0, -3, 0],
							"lerp_mode": "catmullrom"
						},
						"0.25": {
							"post": [0.17, -1.58, 0],
							"lerp_mode": "catmullrom"
						},
						"0.5": [-3, 0, 0],
						"0.75": [-3, 0, 0],
						"1.0": [-3, -0.25, 0],
						"1.25": {
							"pre": [-2.75, -1.69, 0],
							"post": [-2.75, -1.69, 0],
							"lerp_mode": "catmullrom"
						},
						"1.5": {
							"post": [0, -3, 0],
							"lerp_mode": "catmullrom"
						}
					}
				},
				"leg_left_back6": {
					"rotation": {
						"0.0": {
							"post": [-28.33578, -43.34777, 39.73963],
							"lerp_mode": "catmullrom"
						},
						"0.25": {
							"post": [-3.95854, -10.12688, 16.81085],
							"lerp_mode": "catmullrom"
						},
						"0.5": {
							"post": [54.68369, 5.32192, -8.08255],
							"lerp_mode": "catmullrom"
						},
						"0.75": {
							"post": [44.24548, 3.86066, 7.06055],
							"lerp_mode": "catmullrom"
						},
						"1.0": {
							"post": [29.24548, 3.86066, 7.06055],
							"lerp_mode": "catmullrom"
						},
						"1.25": {
							"post": [0, -27.5, 0],
							"lerp_mode": "catmullrom"
						},
						"1.5": {
							"post": [-28.33578, -43.34777, 39.73963],
							"lerp_mode": "catmullrom"
						}
					}
				},
				"leg_right_back": {
					"rotation": {
						"0.0": {
							"post": [17.5, 0, 0],
							"lerp_mode": "catmullrom"
						},
						"0.25": {
							"post": [35, 0, 0],
							"lerp_mode": "catmullrom"
						},
						"0.5": {
							"post": [42.5, 0, 0],
							"lerp_mode": "catmullrom"
						},
						"0.75": {
							"post": [15, 0, 0],
							"lerp_mode": "catmullrom"
						},
						"1.0": {
							"post": [-10.16, 0, 0],
							"lerp_mode": "catmullrom"
						},
						"1.25": {
							"post": [-15, 0, 0],
							"lerp_mode": "catmullrom"
						},
						"1.5": {
							"post": [17.5, 0, 0],
							"lerp_mode": "catmullrom"
						}
					},
					"position": {
						"0.0": {
							"post": [0, 0, 0],
							"lerp_mode": "catmullrom"
						},
						"0.25": {
							"post": [0, -2, 4.5],
							"lerp_mode": "catmullrom"
						},
						"0.5": {
							"post": [0, 1.25, 9.25],
							"lerp_mode": "catmullrom"
						},
						"0.75": {
							"post": [-1, 4.5, 0],
							"lerp_mode": "catmullrom"
						},
						"1.0": {
							"post": [0.5, 5.92, -6.48],
							"lerp_mode": "catmullrom"
						},
						"1.25": {
							"post": [2.75, -1.75, -4.25],
							"lerp_mode": "catmullrom"
						},
						"1.5": {
							"post": [0, 0, 0],
							"lerp_mode": "catmullrom"
						}
					}
				},
				"leg_right_back2": {
					"rotation": {
						"0.0": {
							"post": [-15, 0, 0],
							"lerp_mode": "catmullrom"
						},
						"0.25": {
							"post": [-15, 0, 0],
							"lerp_mode": "catmullrom"
						},
						"0.5": {
							"post": [-12.5, 0, 0],
							"lerp_mode": "catmullrom"
						},
						"0.75": {
							"post": [25, 0, 0],
							"lerp_mode": "catmullrom"
						},
						"1.0": {
							"post": [20, 0, 0],
							"lerp_mode": "catmullrom"
						},
						"1.25": {
							"post": [25, 0, 0],
							"lerp_mode": "catmullrom"
						},
						"1.5": {
							"post": [-15, 0, 0],
							"lerp_mode": "catmullrom"
						}
					},
					"position": {
						"0.0": {
							"post": [0, 0, 0],
							"lerp_mode": "catmullrom"
						},
						"0.25": {
							"post": [0, 0, 0],
							"lerp_mode": "catmullrom"
						},
						"0.5": {
							"post": [0, -1.5, 0],
							"lerp_mode": "catmullrom"
						},
						"0.75": {
							"post": [-0.75, -2, 2.75],
							"lerp_mode": "catmullrom"
						},
						"1.25": {
							"post": [0, 0, 0],
							"lerp_mode": "catmullrom"
						},
						"1.5": {
							"post": [0, 0, 0],
							"lerp_mode": "catmullrom"
						}
					}
				},
				"leg_right_back3": {
					"rotation": {
						"0.0": {
							"post": [-5, 0, 0],
							"lerp_mode": "catmullrom"
						},
						"0.25": {
							"post": [-15, 0, 0],
							"lerp_mode": "catmullrom"
						},
						"0.5": {
							"post": [17.5, 0, 0],
							"lerp_mode": "catmullrom"
						},
						"0.75": {
							"post": [10, 0, 0],
							"lerp_mode": "catmullrom"
						},
						"1.0": {
							"post": [15, 0, 0],
							"lerp_mode": "catmullrom"
						},
						"1.25": {
							"post": [-10, 0, 0],
							"lerp_mode": "catmullrom"
						},
						"1.5": {
							"post": [-5, 0, 0],
							"lerp_mode": "catmullrom"
						}
					},
					"position": {
						"0.0": {
							"post": [0, 0, 0],
							"lerp_mode": "catmullrom"
						},
						"0.25": {
							"post": [-1.5, -0.5, 0],
							"lerp_mode": "catmullrom"
						},
						"0.5": {
							"post": [0, 0, 2.25],
							"lerp_mode": "catmullrom"
						},
						"0.75": {
							"post": [1.75, -1, 0],
							"lerp_mode": "catmullrom"
						},
						"1.25": {
							"post": [0, 0, 0],
							"lerp_mode": "catmullrom"
						},
						"1.5": {
							"post": [0, 0, 0],
							"lerp_mode": "catmullrom"
						}
					}
				},
				"leg_right_back4": {
					"rotation": {
						"0.0": {
							"post": [-7.5, 0, 0],
							"lerp_mode": "catmullrom"
						},
						"0.25": {
							"post": [-5, 0, 0],
							"lerp_mode": "catmullrom"
						},
						"0.5": {
							"post": [7.5, 0, 0],
							"lerp_mode": "catmullrom"
						},
						"0.75": {
							"post": [-27.5, 0, 0],
							"lerp_mode": "catmullrom"
						},
						"1.0": {
							"post": [-52.5, 0, 0],
							"lerp_mode": "catmullrom"
						},
						"1.25": {
							"post": [-7.5, 0, 0],
							"lerp_mode": "catmullrom"
						},
						"1.5": {
							"post": [-7.5, 0, 0],
							"lerp_mode": "catmullrom"
						}
					},
					"position": {
						"0.0": [2, 0, 0],
						"0.25": [2.75, 0, 0],
						"0.5": [1.25, 0, 0],
						"0.75": [-0.75, 0, 0],
						"1.0": [1.25, 0, 0],
						"1.5": [2, 0, 0]
					}
				},
				"leg_right_back5": {
					"rotation": {
						"0.0": {
							"post": [0, 0, 0],
							"lerp_mode": "catmullrom"
						},
						"0.25": {
							"post": [-5, 0, 0],
							"lerp_mode": "catmullrom"
						},
						"0.5": {
							"post": [25, 0, 0],
							"lerp_mode": "catmullrom"
						},
						"0.75": {
							"post": [-27.5, 0, 0],
							"lerp_mode": "catmullrom"
						},
						"1.0": {
							"post": [-15, 0, 0],
							"lerp_mode": "catmullrom"
						},
						"1.25": {
							"post": [-7.5, 0, 0],
							"lerp_mode": "catmullrom"
						},
						"1.5": {
							"post": [0, 0, 0],
							"lerp_mode": "catmullrom"
						}
					},
					"position": {
						"0.0": [3, 0, 0],
						"0.25": [3, -0.25, 0],
						"0.5": {
							"pre": [2.75, -1.69, 0],
							"post": [2.75, -1.69, 0],
							"lerp_mode": "catmullrom"
						},
						"0.75": {
							"post": [0, -3, 0],
							"lerp_mode": "catmullrom"
						},
						"1.0": {
							"post": [-0.17, -1.58, 0],
							"lerp_mode": "catmullrom"
						},
						"1.25": [3, 0, 0],
						"1.5": [3, 0, 0]
					}
				},
				"leg_right_back6": {
					"rotation": {
						"0.0": {
							"post": [44.24548, -3.86066, -7.06055],
							"lerp_mode": "catmullrom"
						},
						"0.25": {
							"post": [29.24548, -3.86066, -7.06055],
							"lerp_mode": "catmullrom"
						},
						"0.5": {
							"post": [0, 27.5, 0],
							"lerp_mode": "catmullrom"
						},
						"0.75": {
							"post": [-28.33578, 43.34777, -39.73963],
							"lerp_mode": "catmullrom"
						},
						"1.0": {
							"post": [-3.95854, 10.12688, -16.81085],
							"lerp_mode": "catmullrom"
						},
						"1.25": {
							"post": [54.68369, -5.32192, 8.08255],
							"lerp_mode": "catmullrom"
						},
						"1.5": {
							"post": [44.24548, -3.86066, -7.06055],
							"lerp_mode": "catmullrom"
						}
					}
				},
				"torse": {
					"rotation": ["math.cos(q.anim_time *360*2/1.5-20)*3", "math.cos(q.anim_time *360/1.5-65)*3", "math.cos(q.anim_time *360/1.5-40)*3"],
					"position": ["-math.cos(q.anim_time *360/1.5-40)*1", "math.cos(q.anim_time *360*2/1.5-10)*3", "math.sin(q.anim_time *360/1.5-40)*5"]
				}
			}
		},
		"animation.stakataka.walkspeed": {
			"loop": true,
			"bones": {
				"stakataka": {
					"position": [0, 0, "-query.anim_time *90 *0.4"]
				}
			}
		},
		"animation.stakataka.cry": {
			"animation_length": 2,
			"bones": {
				"body": {
					"position": {
						"0.5833": {
							"pre": [0, 0, 0],
							"post": [0, 0, 0],
							"lerp_mode": "catmullrom"
						},
						"0.6667": {
							"post": [0, 0, 1],
							"lerp_mode": "catmullrom"
						},
						"0.75": {
							"post": [0, 0, 0],
							"lerp_mode": "catmullrom"
						},
						"0.8333": {
							"post": [0, 0, 1],
							"lerp_mode": "catmullrom"
						},
						"0.9167": {
							"post": [0, 0, 0],
							"lerp_mode": "catmullrom"
						},
						"1.0": {
							"post": [0, 0, 1],
							"lerp_mode": "catmullrom"
						},
						"1.0833": {
							"post": [0, 0, 0],
							"lerp_mode": "catmullrom"
						},
						"1.2083": {
							"post": [0, 0, 1],
							"lerp_mode": "catmullrom"
						},
						"1.4583": {
							"post": [0, 0, 0],
							"lerp_mode": "catmullrom"
						}
					}
				},
				"leg_right_front": {
					"rotation": {
						"0.0": {
							"post": [0, 0, 0],
							"lerp_mode": "catmullrom"
						},
						"0.2917": {
							"post": [0, 0, -10],
							"lerp_mode": "catmullrom"
						},
						"1.1667": {
							"post": [0, 0, -10],
							"lerp_mode": "catmullrom"
						},
						"1.5417": {
							"post": [0, 0, -17.5],
							"lerp_mode": "catmullrom"
						},
						"1.875": {
							"post": [0, 0, 0],
							"lerp_mode": "catmullrom"
						}
					},
					"position": {
						"0.0": {
							"post": [0, 0, 0],
							"lerp_mode": "catmullrom"
						},
						"0.2917": {
							"post": [-2.5, -2, 0],
							"lerp_mode": "catmullrom"
						},
						"1.1667": {
							"post": [-2.5, -2, 0],
							"lerp_mode": "catmullrom"
						},
						"1.5417": {
							"post": [-3.5, -3, 0],
							"lerp_mode": "catmullrom"
						},
						"1.875": {
							"post": [0, 0, 0],
							"lerp_mode": "catmullrom"
						}
					}
				},
				"leg_right_front3": {
					"rotation": {
						"0.0": {
							"post": [0, 0, 0],
							"lerp_mode": "catmullrom"
						},
						"0.2917": {
							"post": [0, 0, 12.5],
							"lerp_mode": "catmullrom"
						},
						"1.1667": {
							"post": [0, 0, 12.5],
							"lerp_mode": "catmullrom"
						},
						"1.5417": {
							"post": [0, 0, 20.04],
							"lerp_mode": "catmullrom"
						},
						"1.875": {
							"post": [0, 0, 0],
							"lerp_mode": "catmullrom"
						}
					}
				},
				"leg_left_front": {
					"rotation": {
						"0.0": {
							"post": [0, 0, 0],
							"lerp_mode": "catmullrom"
						},
						"0.2917": {
							"post": [0, 0, 10],
							"lerp_mode": "catmullrom"
						},
						"1.1667": {
							"post": [0, 0, 10],
							"lerp_mode": "catmullrom"
						},
						"1.5417": {
							"post": [0, 0, 17.5],
							"lerp_mode": "catmullrom"
						},
						"1.875": {
							"post": [0, 0, 0],
							"lerp_mode": "catmullrom"
						}
					},
					"position": {
						"0.0": {
							"post": [0, 0, 0],
							"lerp_mode": "catmullrom"
						},
						"0.2917": {
							"post": [2.5, -2, 0],
							"lerp_mode": "catmullrom"
						},
						"1.1667": {
							"post": [2.5, -2, 0],
							"lerp_mode": "catmullrom"
						},
						"1.5417": {
							"post": [3.5, -3, 0],
							"lerp_mode": "catmullrom"
						},
						"1.875": {
							"post": [0, 0, 0],
							"lerp_mode": "catmullrom"
						}
					}
				},
				"leg_left_front3": {
					"rotation": {
						"0.0": {
							"post": [0, 0, 0],
							"lerp_mode": "catmullrom"
						},
						"0.2917": {
							"post": [0, 0, -12.5],
							"lerp_mode": "catmullrom"
						},
						"1.1667": {
							"post": [0, 0, -12.5],
							"lerp_mode": "catmullrom"
						},
						"1.5417": {
							"post": [0, 0, -20.04],
							"lerp_mode": "catmullrom"
						},
						"1.875": {
							"post": [0, 0, 0],
							"lerp_mode": "catmullrom"
						}
					}
				},
				"leg_left_back": {
					"rotation": {
						"0.0": {
							"post": [0, 0, 0],
							"lerp_mode": "catmullrom"
						},
						"0.2917": {
							"post": [0, 0, 10],
							"lerp_mode": "catmullrom"
						},
						"1.1667": {
							"post": [0, 0, 10],
							"lerp_mode": "catmullrom"
						},
						"1.5417": {
							"post": [0, 0, 17.5],
							"lerp_mode": "catmullrom"
						},
						"1.875": {
							"post": [0, 0, 0],
							"lerp_mode": "catmullrom"
						}
					},
					"position": {
						"0.0": {
							"post": [0, 0, 0],
							"lerp_mode": "catmullrom"
						},
						"0.2917": {
							"post": [2.5, -2, 0],
							"lerp_mode": "catmullrom"
						},
						"1.1667": {
							"post": [2.5, -2, 0],
							"lerp_mode": "catmullrom"
						},
						"1.5417": {
							"post": [3.5, -3, 0],
							"lerp_mode": "catmullrom"
						},
						"1.875": {
							"post": [0, 0, 0],
							"lerp_mode": "catmullrom"
						}
					}
				},
				"leg_left_back3": {
					"rotation": {
						"0.0": {
							"post": [0, 0, 0],
							"lerp_mode": "catmullrom"
						},
						"0.2917": {
							"post": [0, 0, -12.5],
							"lerp_mode": "catmullrom"
						},
						"1.1667": {
							"post": [0, 0, -12.5],
							"lerp_mode": "catmullrom"
						},
						"1.5417": {
							"post": [0, 0, -20.04],
							"lerp_mode": "catmullrom"
						},
						"1.875": {
							"post": [0, 0, 0],
							"lerp_mode": "catmullrom"
						}
					}
				},
				"leg_right_back": {
					"rotation": {
						"0.0": {
							"post": [0, 0, 0],
							"lerp_mode": "catmullrom"
						},
						"0.2917": {
							"post": [0, 0, -10],
							"lerp_mode": "catmullrom"
						},
						"1.1667": {
							"post": [0, 0, -10],
							"lerp_mode": "catmullrom"
						},
						"1.5417": {
							"post": [0, 0, -17.5],
							"lerp_mode": "catmullrom"
						},
						"1.875": {
							"post": [0, 0, 0],
							"lerp_mode": "catmullrom"
						}
					},
					"position": {
						"0.0": {
							"post": [0, 0, 0],
							"lerp_mode": "catmullrom"
						},
						"0.2917": {
							"post": [-2.5, -2, 0],
							"lerp_mode": "catmullrom"
						},
						"1.1667": {
							"post": [-2.5, -2, 0],
							"lerp_mode": "catmullrom"
						},
						"1.5417": {
							"post": [-3.5, -3, 0],
							"lerp_mode": "catmullrom"
						},
						"1.875": {
							"post": [0, 0, 0],
							"lerp_mode": "catmullrom"
						}
					}
				},
				"leg_right_back3": {
					"rotation": {
						"0.0": {
							"post": [0, 0, 0],
							"lerp_mode": "catmullrom"
						},
						"0.2917": {
							"post": [0, 0, 12.5],
							"lerp_mode": "catmullrom"
						},
						"1.1667": {
							"post": [0, 0, 12.5],
							"lerp_mode": "catmullrom"
						},
						"1.5417": {
							"post": [0, 0, 20.04],
							"lerp_mode": "catmullrom"
						},
						"1.875": {
							"post": [0, 0, 0],
							"lerp_mode": "catmullrom"
						}
					}
				},
				"torse": {
					"rotation": {
						"0.0": {
							"post": [0, 0, 0],
							"lerp_mode": "catmullrom"
						},
						"0.2917": {
							"post": [4.18, 0, 0],
							"lerp_mode": "catmullrom"
						},
						"0.625": {
							"post": [-8.32, 0, 0],
							"lerp_mode": "catmullrom"
						},
						"0.7083": {
							"post": [-6.99, 0, 0],
							"lerp_mode": "catmullrom"
						},
						"0.7917": {
							"post": [-8.32, 0, 0],
							"lerp_mode": "catmullrom"
						},
						"0.875": {
							"post": [-6.99, 0, 0],
							"lerp_mode": "catmullrom"
						},
						"0.9583": {
							"post": [-8.32, 0, 0],
							"lerp_mode": "catmullrom"
						},
						"1.0417": {
							"post": [-6.99, 0, 0],
							"lerp_mode": "catmullrom"
						},
						"1.125": {
							"post": [-8.32, 0, 0],
							"lerp_mode": "catmullrom"
						},
						"1.25": {
							"post": [-4.28, 0, 0],
							"lerp_mode": "catmullrom"
						},
						"1.4583": {
							"post": [-11.27, 0, 0],
							"lerp_mode": "catmullrom"
						},
						"1.75": {
							"post": [0, 0, 0],
							"lerp_mode": "catmullrom"
						}
					},
					"position": {
						"0.0": {
							"post": [0, 0, 0],
							"lerp_mode": "catmullrom"
						},
						"0.4167": {
							"post": [0, -2.23, -1.67],
							"lerp_mode": "catmullrom"
						},
						"1.125": {
							"post": [0, 0.84, 1.13],
							"lerp_mode": "catmullrom"
						},
						"1.4583": {
							"post": [0, -9.44, 0.68],
							"lerp_mode": "catmullrom"
						},
						"1.75": {
							"post": [0, 0, 0],
							"lerp_mode": "catmullrom"
						}
					}
				}
			},
			"sound_effects": {
				"0.5833": {
					"effect": "pokemon.stakataka.cry"
				}
			}
		}
	}
}