{
	"credit": "Made with Blockbench",
	"texture_size": [64, 64],
	"textures": {
		"0": "item/2png"
	},
	"elements": [
		{
			"name": "Head",
			"from": [4, 0, 4],
			"to": [12, 8, 12],
			"rotation": {"angle": 0, "axis": "y", "origin": [8, 0, 8]},
			"faces": {
				"north": {"uv": [2, 2, 4, 4], "texture": "#0"},
				"east": {"uv": [0, 2, 2, 4], "texture": "#0"},
				"south": {"uv": [6, 2, 8, 4], "texture": "#0"},
				"west": {"uv": [4, 2, 6, 4], "texture": "#0"},
				"up": {"uv": [4, 2, 2, 0], "texture": "#0"},
				"down": {"uv": [6, 0, 4, 2], "texture": "#0"}
			}
		},
		{
			"name": "Hat Layer",
			"from": [3.5, -0.5, 3.5],
			"to": [12.5, 8.5, 12.5],
			"rotation": {"angle": 0, "axis": "y", "origin": [8, 0, 8]},
			"faces": {
				"north": {"uv": [10, 2, 12, 4], "texture": "#0"},
				"east": {"uv": [8, 2, 10, 4], "texture": "#0"},
				"south": {"uv": [14, 2, 16, 4], "texture": "#0"},
				"west": {"uv": [12, 2, 14, 4], "texture": "#0"},
				"up": {"uv": [12, 2, 10, 0], "texture": "#0"},
				"down": {"uv": [14, 0, 12, 2], "texture": "#0"}
			}
		}
	],
	"display": {
		"thirdperson_righthand": {
			"translation": [0, 3, 1],
			"scale": [0.55, 0.55, 0.55]
		},
		"thirdperson_lefthand": {
			"translation": [0, 3, 1],
			"scale": [0.55, 0.55, 0.55]
		},
		"firstperson_righthand": {
			"rotation": [0, -90, 25],
			"translation": [1.13, 3.2, 1.13],
			"scale": [0.68, 0.68, 0.68]
		},
		"firstperson_lefthand": {
			"rotation": [0, -90, 25],
			"translation": [1.13, 3.2, 1.13],
			"scale": [0.68, 0.68, 0.68]
		},
		"ground": {
			"translation": [0, 2, 0],
			"scale": [0.5, 0.5, 0.5]
		},
		"gui": {
			"rotation": [-158.82, 24.71, 178.75],
			"translation": [0.25, 4, 1.25]
		},
		"head": {
			"translation": [0, 8.35, 0],
			"scale": [1.85, 1.85, 1.85]
		},
		"fixed": {
			"translation": [0, 4.25, 1.25]
		}
	},
	"groups": [
		{
			"name": "Head",
			"origin": [8, 24, 8],
			"color": 0,
			"children": [0, 1]
		}
	]
}