{
	"credit": "Made with Blockbench",
	"texture_size": [64, 64],
	"textures": {
		"0": "item/2png"
	},
	"elements": [
		{
			"name": "Right Arm",
			"from": [6, 0, 6],
			"to": [10, 4, 10],
			"rotation": {"angle": 0, "axis": "y", "origin": [2, -12, 8]},
			"faces": {
				"north": {"uv": [11, 7, 12, 8], "texture": "#0"},
				"east": {"uv": [10, 7, 11, 8], "texture": "#0"},
				"south": {"uv": [13, 7, 14, 8], "texture": "#0"},
				"west": {"uv": [12, 7, 13, 8], "texture": "#0"},
				"up": {"uv": [12, 7, 11, 6], "texture": "#0"},
				"down": {"uv": [13, 6, 12, 7], "texture": "#0"}
			}
		}
	],
	"groups": [
		{
			"name": "RightArm",
			"origin": [13, 22, 8],
			"color": 0,
			"children": [0]
		}
	]
}