{
	"credit": "Made with Blockbench",
	"texture_size": [64, 64],
	"textures": {
		"0": "item/2png"
	},
	"elements": [
		{
			"name": "Left Arm",
			"from": [6, 0, 6],
			"to": [10, 4, 10],
			"rotation": {"angle": 0, "axis": "y", "origin": [14, -16, 8]},
			"faces": {
				"north": {"uv": [9, 14, 10, 15], "texture": "#0"},
				"east": {"uv": [8, 14, 9, 15], "texture": "#0"},
				"south": {"uv": [11, 14, 12, 15], "texture": "#0"},
				"west": {"uv": [10, 14, 11, 15], "texture": "#0"},
				"up": {"uv": [10, 14, 9, 13], "texture": "#0"},
				"down": {"uv": [11, 13, 10, 14], "texture": "#0"}
			}
		},
		{
			"name": "Left Arm Layer",
			"from": [5.75, -0.25, 5.75],
			"to": [10.25, 4.25, 10.25],
			"rotation": {"angle": 0, "axis": "y", "origin": [14, -16, 8]},
			"faces": {
				"north": {"uv": [13, 14, 14, 15], "texture": "#0"},
				"east": {"uv": [12, 14, 13, 15], "texture": "#0"},
				"south": {"uv": [15, 14, 16, 15], "texture": "#0"},
				"west": {"uv": [14, 14, 15, 15], "texture": "#0"},
				"up": {"uv": [14, 14, 13, 13], "texture": "#0"},
				"down": {"uv": [15, 13, 14, 14], "texture": "#0"}
			}
		}
	],
	"groups": [
		{
			"name": "LeftArm",
			"origin": [3, 22, 8],
			"color": 0,
			"children": [0, 1]
		}
	]
}