{
	"credit": "Made with Blockbench",
	"texture_size": [64, 64],
	"textures": {
		"0": "item/2png"
	},
	"elements": [
		{
			"name": "Right Leg",
			"from": [5.9, 0, 6],
			"to": [9.9, 4, 10],
			"rotation": {"angle": 0, "axis": "y", "origin": [6, 0, 8]},
			"faces": {
				"north": {"uv": [1, 7, 2, 8], "texture": "#0"},
				"east": {"uv": [0, 7, 1, 8], "texture": "#0"},
				"south": {"uv": [3, 7, 4, 8], "texture": "#0"},
				"west": {"uv": [2, 7, 3, 8], "texture": "#0"},
				"up": {"uv": [2, 7, 1, 6], "texture": "#0"},
				"down": {"uv": [3, 6, 2, 7], "texture": "#0"}
			}
		},
		{
			"name": "Right Leg Layer",
			"from": [5.65, -0.25, 5.75],
			"to": [10.15, 4.25, 10.25],
			"rotation": {"angle": 0, "axis": "y", "origin": [6, 0, 8]},
			"faces": {
				"north": {"uv": [1, 11, 2, 12], "texture": "#0"},
				"east": {"uv": [0, 11, 1, 12], "texture": "#0"},
				"south": {"uv": [3, 11, 4, 12], "texture": "#0"},
				"west": {"uv": [2, 11, 3, 12], "texture": "#0"},
				"up": {"uv": [2, 11, 1, 10], "texture": "#0"},
				"down": {"uv": [3, 10, 2, 11], "texture": "#0"}
			}
		}
	],
	"groups": [
		{
			"name": "RightLeg",
			"origin": [9.9, 12, 8],
			"color": 0,
			"children": [0, 1]
		}
	]
}