{
	"credit": "Made with Blockbench",
	"texture_size": [64, 64],
	"textures": {
		"0": "item/2png"
	},
	"elements": [
		{
			"name": "Left Leg",
			"from": [6.1, 0, 6],
			"to": [10.1, 4, 10],
			"rotation": {"angle": 0, "axis": "y", "origin": [10, 0, 8]},
			"faces": {
				"north": {"uv": [5, 13, 6, 14], "texture": "#0"},
				"east": {"uv": [4, 13, 5, 14], "texture": "#0"},
				"south": {"uv": [7, 13, 8, 14], "texture": "#0"},
				"west": {"uv": [6, 13, 7, 14], "texture": "#0"},
				"up": {"uv": [6, 13, 5, 12], "texture": "#0"},
				"down": {"uv": [7, 12, 6, 13], "texture": "#0"}
			}
		},
		{
			"name": "Left Leg Layer",
			"from": [5.85, -0.25, 5.75],
			"to": [10.35, 4.25, 10.25],
			"rotation": {"angle": 0, "axis": "y", "origin": [10, 0, 8]},
			"faces": {
				"north": {"uv": [1, 13, 2, 14], "texture": "#0"},
				"east": {"uv": [0, 13, 1, 14], "texture": "#0"},
				"south": {"uv": [3, 13, 4, 14], "texture": "#0"},
				"west": {"uv": [2, 13, 3, 14], "texture": "#0"},
				"up": {"uv": [2, 13, 1, 12], "texture": "#0"},
				"down": {"uv": [3, 12, 2, 13], "texture": "#0"}
			}
		}
	],
	"groups": [
		{
			"name": "LeftLeg",
			"origin": [6.1, 12, 8],
			"color": 0,
			"children": [0, 1]
		}
	]
}