{
  "targets": [
    "swap"
  ],
  "passes": [
    {
      "name": "exposure_processor",
      "intarget": "minecraft:main",
      "outtarget": "swap",
      "uniforms": [
        { "name": "Mul", "values": [ 0.8, 0.59, 0.4 ] },
        { "name": "Add", "values": [ 0.07, 0.06, 0.05 ] },
        { "name": "Contrast", "values": [ 1.15 ] },
        { "name": "Saturation", "values": [ 0.9 ] }
      ]
    },
    {
      "name": "blit",
      "intarget": "swap",
      "outtarget": "minecraft:main"
    }
  ]
}
