{
  "targets": [
    "swap"
  ],
  "passes": [
    {
      "name": "exposure_processor",
      "intarget": "minecraft:main",
      "outtarget": "swap",
      "uniforms": [
        { "name": "Mul", "values": [ 0.49, 0.9, 0.85 ] },
        { "name": "Add", "values": [ 0.02, 0.04, 0.03 ] },
        { "name": "Contrast", "values": [ 1.1 ] },
        { "name": "Saturation", "values": [ 0.9 ] }
      ]
    },
    {
      "name": "blit",
      "intarget": "swap",
      "outtarget": "minecraft:main"
    }
  ]
}
