{
  "targets": [
    "swap"
  ],
  "passes": [
    {
      "name": "exposure_processor",
      "intarget": "minecraft:main",
      "outtarget": "swap",
      "uniforms": [
        { "name": "Mul", "values": [ 0.3, 1.0, 0.3 ] },
        { "name": "Add", "values": [ 0.02, 0.05, 0.02 ] },
        { "name": "Contrast", "values": [ 1.0 ] },
        { "name": "Saturation", "values": [ 1.0 ] }
      ]
    },
    {
      "name": "blit",
      "intarget": "swap",
      "outtarget": "minecraft:main"
    }
  ]
}
