{
  "targets": [
    "swap"
  ],
  "passes": [
    {
      "name": "exposure_processor",
      "intarget": "minecraft:main",
      "outtarget": "swap",
      "uniforms": [
        { "name": "Mul", "values": [ 1.1, 0.78, 0.49 ] },
        { "name": "Add", "values": [ 0.08, 0.07, 0.04 ] },
        { "name": "Contrast", "values": [ 1.15 ] },
        { "name": "Saturation", "values": [ 0.95 ] }
      ]
    },
    {
      "name": "blit",
      "intarget": "swap",
      "outtarget": "minecraft:main"
    }
  ]
}
