{
  "targets": [
    "swap"
  ],
  "passes": [
    {
      "name": "exposure_processor",
      "intarget": "minecraft:main",
      "outtarget": "swap",
      "uniforms": [
        { "name": "Mul", "values": [ 1.08, 1.02, 0.54 ] },
        { "name": "Add", "values": [ 0.07, 0.06, 0.02 ] },
        { "name": "Contrast", "values": [ 1.13 ] },
        { "name": "Saturation", "values": [ 0.85 ] }
      ]
    },
    {
      "name": "blit",
      "intarget": "swap",
      "outtarget": "minecraft:main"
    }
  ]
}
