{
  "species": "cobblemon:necrozma",
  "order": 3,
  "variations": [
    {
      "aspects": ["ultra"],
      "poser": "mysticmons:necrozma_ultra",
      "model": "mysticmons:necrozma_ultra.geo",
      "texture": "mysticmons:textures/pokemon/0800_necrozma/ultranecrozma.png",
      "layers": [
        {
          "name": "glow",
          "texture": "mysticmons:textures/pokemon/0800_necrozma/ultranecrozma.png",
          "emissive": true
        }
      ]
    },
    {
      "aspects": [ "ultra", "shiny" ],
      "texture": "mysticmons:textures/pokemon/0800_necrozma/ultranecrozma_shiny.png",
      "layers": [
        {
          "name": "glow",
          "texture": "mysticmons:textures/pokemon/0800_necrozma/ultranecrozma_shiny.png",
          "emissive": true
        }
      ]
    }
  ]
}