{
  "portraitScale": 1,
  "portraitTranslation": [ -0.15, 0.5, 0 ],
  "profileScale": 0.8,
  "profileTranslation": [ 0, 0.45, 0 ],
  "animations": {
    "faint": "q.bedrock_primary('scovillain', 'faint', q.curve('one'))",
    "cry": "q.bedrock_stateful('scovillain', 'cry')"
  },  
  "poses": {
    "standing": {
      "poseName": "standing",
      "transformTicks": 10,
      "isBattle": false,
      "poseTypes": [
        "STAND",
        "NONE",
        "PORTRAIT",
        "PROFILE"
      ],
      "animations": [
        "look",
        "bedrock(scovillain, ground_idle)"
      ],
	  "quirks": [
        {
          "name": "blink",
          "animations": ["bedrock(scovillain, blink)"]
        }
      ]
    },
    "walking": {
      "poseName": "walking",
      "transformTicks": 10,
      "poseTypes": [ "WALK" ],
      "animations": [ "bedrock(scovillain, ground_walk)" ],
	  "quirks": [
        {
          "name": "blink",
          "animations": ["bedrock(scovillain, blink)"]
        }
      ]
    },
    "battle-idle": {
      "poseName": "battle-idle",
      "transformTicks": 10,        
      "poseTypes": [
         "STAND"
       ],
       "isBattle": true,
       "isTouchingWater": false,
       "animations": [
         "bedrock(scovillain, battle_idle)"
       ],
       "quirks": [
         {
           "name": "blink",
           "animations": ["bedrock(scovillain, blink)"]
         }
       ]
   },
   "sleeping": {
    "poseName": "sleeping",
    "transformTicks": 10,
    "poseTypes": [ "SLEEP" ],
    "animations": [ "bedrock(scovillain, sleep)" ]
}   
  }
}