{
  "implemented": true,
  "nationalPokedexNumber": 702,
  "name": "Dedenne",
  "primaryType": "electric",
  "secondaryType": "fairy",
  "maleRatio": 0.5,
  "height": 2,
  "weight": 22,
  "pokedex": [
    "cobblemon.species.dedenne.desc"
  ],
  "labels": [
    "gen6"
  ],
  "aspects": [],
  "abilities": [
    "cheekpouch",
    "pickup",
    "h:plus"
  ],
  "eggGroups": [
    "field",
    "fairy"
  ],
  "baseStats": {
    "hp": 67,
    "attack": 58,
    "defence": 57,
    "special_attack": 81,
    "special_defence": 67,
    "speed": 101
  },
  "evYield": {
    "hp": 0,
    "attack": 0,
    "defence": 0,
    "special_attack": 0,
    "special_defence": 0,
    "speed": 2
  },
  "baseExperienceYield": 151,
  "experienceGroup": "medium_fast",
  "catchRate": 180,
  "eggCycles": 20,
  "baseFriendship": 50,
  "baseScale": 1,
  "hitbox": {
    "width": 1,
    "height": 1,
    "fixed": false
  },
  "drops": {
    "amount": 1,
    "entries": [
      {
        "item": "cobblemon:cheri_berry",
        "percentage": 5.0
      }
    ]
  },
  "moves": [
    "1:tailwhip",
    "1:nuzzle",
    "5:tackle",
    "10:charge",
    "15:thundershock",
    "20:charm",
    "25:paraboliccharge",
    "30:voltswitch",
    "35:rest",
    "35:snore",
    "40:discharge",
    "45:playrough",
    "50:superfang",
    "55:entrainment",
    "60:thunder",
    "egg:covet",
    "egg:magnetrise",
    "egg:naturalgift",
    "egg:tearfullook",
    "tm:agility",
    "tm:allyswitch",
    "tm:charge",
    "tm:chargebeam",
    "tm:charm",
    "tm:covet",
    "tm:cut",
    "tm:dazzlinggleam",
    "tm:dig",
    "tm:drainingkiss",
    "tm:eerieimpulse",
    "tm:electricterrain",
    "tm:electroball",
    "tm:electroweb",
    "tm:endeavor",
    "tm:endure",
    "tm:facade",
    "tm:flash",
    "tm:fling",
    "tm:gigaimpact",
    "tm:grassknot",
    "tm:helpinghand",
    "tm:hyperbeam",
    "tm:irontail",
    "tm:lastresort",
    "tm:lightscreen",
    "tm:magnetrise",
    "tm:mistyterrain",
    "tm:naturalgift",
    "tm:playrough",
    "tm:protect",
    "tm:raindance",
    "tm:recycle",
    "tm:rest",
    "tm:retaliate",
    "tm:risingvoltage",
    "tm:seedbomb",
    "tm:shockwave",
    "tm:signalbeam",
    "tm:sleeptalk",
    "tm:snore",
    "tm:substitute",
    "tm:sunnyday",
    "tm:superfang",
    "tm:swift",
    "tm:takedown",
    "tm:terablast",
    "tm:thief",
    "tm:thunder",
    "tm:thunderbolt",
    "tm:thunderpunch",
    "tm:thunderwave",
    "tm:trailblaze",
    "tm:uturn",
    "tm:voltswitch",
    "tm:wildcharge",
    "tutor:allyswitch",
    "tutor:chargebeam",
    "tutor:covet",
    "tutor:dazzlinggleam",
    "tutor:electroweb",
    "tutor:endeavor",
    "tutor:gigaimpact",
    "tutor:helpinghand",
    "tutor:hyperbeam",
    "tutor:irontail",
    "tutor:lastresort",
    "tutor:magnetrise",
    "tutor:playrough",
    "tutor:recycle",
    "tutor:rest",
    "tutor:risingvoltage",
    "tutor:seedbomb",
    "tutor:shockwave",
    "tutor:signalbeam",
    "tutor:sleeptalk",
    "tutor:snore",
    "tutor:superfang",
    "tutor:swift",
    "tutor:thunderbolt",
    "tutor:thunderpunch",
    "tutor:wildcharge"
  ],
  "evolutions": []
}