{
  "implemented": true,
  "nationalPokedexNumber": 686,
  "name": "Inkay",
  "primaryType": "dark",
  "secondaryType": "psychic",
  "maleRatio": 0.5,
  "height": 4,
  "weight": 35,
  "pokedex": [
    "cobblemon.species.inkay.desc"
  ],
  "labels": [
    "gen6"
  ],
  "aspects": [],
  "abilities": [
    "contrary",
    "suctioncups",
    "h:infiltrator"
  ],
  "eggGroups": [
    "water_1",
    "water_2"
  ],
  "baseStats": {
    "hp": 53,
    "attack": 54,
    "defence": 53,
    "special_attack": 37,
    "special_defence": 46,
    "speed": 45
  },
  "evYield": {
    "hp": 0,
    "attack": 1,
    "defence": 0,
    "special_attack": 0,
    "special_defence": 0,
    "speed": 0
  },
  "baseExperienceYield": 58,
  "experienceGroup": "medium_fast",
  "catchRate": 190,
  "eggCycles": 20,
  "baseFriendship": 50,
  "baseScale": 1,
  "hitbox": {
    "width": 1,
    "height": 1,
    "fixed": false
  },
  "behaviour": {
    "moving": {
      "swim": {
        "canSwimInWater": true,
        "canSwimInLava": false,
        "canBreatheUnderwater": true,
        "swimSpeed": "0.2"
      }
    }
  },
  "drops": {
    "amount": 2,
    "entries": [
      {
        "item": "minecraft:ink_sac",
        "quantityRange": "0-1"
      },
      {
        "item": "cobblemon:tanga_berry",
        "percentage": 2.5
      }
    ]
  },
  "moves": [
    "1:tackle",
    "1:peck",
    "1:constrict",
    "1:psywave",
    "3:hypnosis",
    "6:wrap",
    "9:payback",
    "12:pluck",
    "15:psybeam",
    "18:swagger",
    "21:slash",
    "24:nightslash",
    "27:psychocut",
    "31:switcheroo",
    "33:foulplay",
    "36:topsyturvy",
    "39:superpower",
    "egg:acupressure",
    "egg:camouflage",
    "egg:destinybond",
    "egg:disable",
    "egg:flatter",
    "egg:powersplit",
    "egg:simplebeam",
    "tm:aerialace",
    "tm:allyswitch",
    "tm:batonpass",
    "tm:bind",
    "tm:calmmind",
    "tm:cut",
    "tm:darkpulse",
    "tm:embargo",
    "tm:endure",
    "tm:expandingforce",
    "tm:facade",
    "tm:faketears",
    "tm:flamethrower",
    "tm:flash",
    "tm:fling",
    "tm:foulplay",
    "tm:futuresight",
    "tm:gravity",
    "tm:guardswap",
    "tm:helpinghand",
    "tm:knockoff",
    "tm:lashout",
    "tm:lightscreen",
    "tm:liquidation",
    "tm:lunge",
    "tm:nastyplot",
    "tm:payback",
    "tm:pluck",
    "tm:protect",
    "tm:psybeam",
    "tm:psychic",
    "tm:psychocut",
    "tm:psychup",
    "tm:psyshock",
    "tm:raindance",
    "tm:reflect",
    "tm:rest",
    "tm:retaliate",
    "tm:rockslide",
    "tm:roleplay",
    "tm:skillswap",
    "tm:sleeptalk",
    "tm:snatch",
    "tm:spite",
    "tm:storedpower",
    "tm:substitute",
    "tm:sunnyday",
    "tm:superpower",
    "tm:swagger",
    "tm:swift",
    "tm:taunt",
    "tm:telekinesis",
    "tm:terablast",
    "tm:thief",
    "tm:thunderbolt",
    "tm:torment",
    "tm:trick",
    "tm:trickroom",
    "tutor:aerialace",
    "tutor:allyswitch",
    "tutor:bind",
    "tutor:calmmind",
    "tutor:darkpulse",
    "tutor:expandingforce",
    "tutor:flamethrower",
    "tutor:foulplay",
    "tutor:gravity",
    "tutor:helpinghand",
    "tutor:knockoff",
    "tutor:lashout",
    "tutor:liquidation",
    "tutor:psychic",
    "tutor:psychocut",
    "tutor:rest",
    "tutor:rockslide",
    "tutor:roleplay",
    "tutor:skillswap",
    "tutor:sleeptalk",
    "tutor:snatch",
    "tutor:spite",
    "tutor:superpower",
    "tutor:swift",
    "tutor:telekinesis",
    "tutor:thunderbolt",
    "tutor:trick"
  ],
  "evolutions": [
    {
      "id": "inkay_malamar",
      "variant": "level_up",
      "result": "malamar",
      "consumeHeldItem": false,
      "learnableMoves": [],
      "requirements": [
        {
          "variant": "level",
          "minLevel": 30
        },
        {
          "variant": "has_move",
          "move": "topsyturvy"
        }
      ]
    },
    {
      "id": "inkay_malamar_dinnerbone",
      "variant": "level_up",
      "result": "malamar",
      "consumeHeldItem": false,
      "learnableMoves": [],
      "requirements": [
        {
          "variant": "level",
          "minLevel": 30
        },
        {
          "variant": "properties",
          "target": "nickname=Dinnerbone"
        }
      ]
    },
    {
      "id": "inkay_malamar_grumm",
      "variant": "level_up",
      "result": "malamar",
      "consumeHeldItem": false,
      "learnableMoves": [],
      "requirements": [
        {
          "variant": "level",
          "minLevel": 30
        },
        {
          "variant": "properties",
          "target": "nickname=Grumm"
        }
      ]
    }
  ]
}