{
  "implemented": true,
  "nationalPokedexNumber": 687,
  "name": "Malamar",
  "primaryType": "dark",
  "secondaryType": "psychic",
  "maleRatio": 0.5,
  "height": 15,
  "weight": 470,
  "pokedex": [
    "cobblemon.species.malamar.desc"
  ],
  "labels": [
    "gen6"
  ],
  "aspects": [],
  "abilities": [
    "contrary",
    "suctioncups",
    "h:infiltrator"
  ],
  "eggGroups": [
    "water_1",
    "water_2"
  ],
  "baseStats": {
    "hp": 86,
    "attack": 92,
    "defence": 88,
    "special_attack": 68,
    "special_defence": 75,
    "speed": 73
  },
  "evYield": {
    "hp": 0,
    "attack": 2,
    "defence": 0,
    "special_attack": 0,
    "special_defence": 0,
    "speed": 0
  },
  "baseExperienceYield": 169,
  "experienceGroup": "medium_fast",
  "catchRate": 80,
  "eggCycles": 20,
  "baseFriendship": 50,
  "baseScale": 1,
  "hitbox": {
    "width": 1,
    "height": 1,
    "fixed": false
  },
  "behaviour": {
    "moving": {
      "swim": {
        "canSwimInWater": true,
        "canSwimInLava": false,
        "canBreatheUnderwater": true,
        "swimSpeed": "0.2"
      }
    }
  },
  "drops": {
    "amount": 3,
    "entries": [
      {
        "item": "minecraft:ink_sac",
        "quantityRange": "0-2"
      },
      {
        "item": "cobblemon:tanga_berry",
        "percentage": 5.0
      }
    ]
  },
  "moves": [
    "1:reversal",
    "1:tackle",
    "1:peck",
    "1:constrict",
    "1:psywave",
    "1:hypnosis",
    "1:wrap",
    "9:payback",
    "12:pluck",
    "15:psybeam",
    "18:swagger",
    "21:slash",
    "24:nightslash",
    "27:psychocut",
    "33:switcheroo",
    "37:foulplay",
    "42:topsyturvy",
    "47:superpower",
    "egg:acupressure",
    "egg:camouflage",
    "egg:destinybond",
    "egg:disable",
    "egg:flatter",
    "egg:powersplit",
    "egg:simplebeam",
    "tm:aerialace",
    "tm:allyswitch",
    "tm:batonpass",
    "tm:bind",
    "tm:block",
    "tm:brutalswing",
    "tm:calmmind",
    "tm:cut",
    "tm:darkpulse",
    "tm:embargo",
    "tm:endure",
    "tm:expandingforce",
    "tm:facade",
    "tm:faketears",
    "tm:flamethrower",
    "tm:flash",
    "tm:fling",
    "tm:foulplay",
    "tm:futuresight",
    "tm:gigaimpact",
    "tm:gravity",
    "tm:guardswap",
    "tm:helpinghand",
    "tm:hyperbeam",
    "tm:knockoff",
    "tm:lashout",
    "tm:lightscreen",
    "tm:liquidation",
    "tm:lunge",
    "tm:nastyplot",
    "tm:payback",
    "tm:pluck",
    "tm:protect",
    "tm:psybeam",
    "tm:psychic",
    "tm:psychicnoise",
    "tm:psychocut",
    "tm:psychup",
    "tm:psyshock",
    "tm:raindance",
    "tm:reflect",
    "tm:rest",
    "tm:retaliate",
    "tm:reversal",
    "tm:rockslide",
    "tm:roleplay",
    "tm:scaryface",
    "tm:signalbeam",
    "tm:skillswap",
    "tm:sleeptalk",
    "tm:snatch",
    "tm:spite",
    "tm:storedpower",
    "tm:substitute",
    "tm:sunnyday",
    "tm:superpower",
    "tm:swagger",
    "tm:swift",
    "tm:taunt",
    "tm:telekinesis",
    "tm:terablast",
    "tm:thief",
    "tm:throatchop",
    "tm:thunderbolt",
    "tm:torment",
    "tm:trailblaze",
    "tm:trick",
    "tm:trickroom",
    "tutor:aerialace",
    "tutor:allyswitch",
    "tutor:bind",
    "tutor:block",
    "tutor:calmmind",
    "tutor:darkpulse",
    "tutor:expandingforce",
    "tutor:flamethrower",
    "tutor:foulplay",
    "tutor:gigaimpact",
    "tutor:gravity",
    "tutor:helpinghand",
    "tutor:hyperbeam",
    "tutor:knockoff",
    "tutor:lashout",
    "tutor:liquidation",
    "tutor:psychic",
    "tutor:psychocut",
    "tutor:rest",
    "tutor:rockslide",
    "tutor:roleplay",
    "tutor:signalbeam",
    "tutor:skillswap",
    "tutor:sleeptalk",
    "tutor:snatch",
    "tutor:spite",
    "tutor:superpower",
    "tutor:swift",
    "tutor:telekinesis",
    "tutor:throatchop",
    "tutor:thunderbolt",
    "tutor:trick"
  ],
  "preEvolution": "inkay",
  "evolutions": []
}