{
  "implemented": true,
  "nationalPokedexNumber": 674,
  "name": "Pancham",
  "primaryType": "fighting",
  "maleRatio": 0.5,
  "height": 6,
  "weight": 80,
  "pokedex": [
    "cobblemon.species.pancham.desc"
  ],
  "labels": [
    "gen6"
  ],
  "aspects": [],
  "abilities": [
    "ironfist",
    "moldbreaker",
    "h:scrappy"
  ],
  "eggGroups": [
    "field",
    "human_like"
  ],
  "baseStats": {
    "hp": 67,
    "attack": 82,
    "defence": 62,
    "special_attack": 46,
    "special_defence": 48,
    "speed": 43
  },
  "evYield": {
    "hp": 0,
    "attack": 1,
    "defence": 0,
    "special_attack": 0,
    "special_defence": 0,
    "speed": 0
  },
  "baseExperienceYield": 70,
  "experienceGroup": "medium_fast",
  "catchRate": 220,
  "eggCycles": 25,
  "baseFriendship": 50,
  "baseScale": 1,
  "hitbox": {
    "width": 1,
    "height": 1,
    "fixed": false
  },
  "drops": {
    "amount": 3,
    "entries": [
      {
        "item": "minecraft:bamboo",
        "quantityRange": "0-1"
      },
      {
        "item": "cobblemon:mental_herb",
        "percentage": 2.5
      },
      {
        "item": "cobblemon:roseli_berry",
        "percentage": 2.5
      }
    ]
  },
  "moves": [
    "1:tackle",
    "1:leer",
    "1:karatechop",
    "4:armthrust",
    "8:taunt",
    "12:circlethrow",
    "16:lowsweep",
    "20:workup",
    "24:slash",
    "28:vitalthrow",
    "33:crunch",
    "36:bodyslam",
    "40:partingshot",
    "44:entrainment",
    "egg:cometpunch",
    "egg:mefirst",
    "egg:powertrip",
    "egg:quash",
    "egg:quickguard",
    "egg:seismictoss",
    "egg:skyuppercut",
    "egg:stormthrow",
    "tm:aerialace",
    "tm:block",
    "tm:bodyslam",
    "tm:brickbreak",
    "tm:bulkup",
    "tm:bulldoze",
    "tm:coaching",
    "tm:covet",
    "tm:crunch",
    "tm:cut",
    "tm:darkpulse",
    "tm:dig",
    "tm:drainpunch",
    "tm:dualchop",
    "tm:echoedvoice",
    "tm:endeavor",
    "tm:endure",
    "tm:facade",
    "tm:falseswipe",
    "tm:firepunch",
    "tm:fling",
    "tm:focuspunch",
    "tm:foulplay",
    "tm:grassknot",
    "tm:gunkshot",
    "tm:helpinghand",
    "tm:hypervoice",
    "tm:icepunch",
    "tm:ironhead",
    "tm:knockoff",
    "tm:lashout",
    "tm:lowkick",
    "tm:lowsweep",
    "tm:megakick",
    "tm:megapunch",
    "tm:payback",
    "tm:poweruppunch",
    "tm:protect",
    "tm:quash",
    "tm:raindance",
    "tm:rest",
    "tm:retaliate",
    "tm:roar",
    "tm:rockslide",
    "tm:rocksmash",
    "tm:rocktomb",
    "tm:shadowclaw",
    "tm:sleeptalk",
    "tm:sludgebomb",
    "tm:snatch",
    "tm:spite",
    "tm:stoneedge",
    "tm:strength",
    "tm:substitute",
    "tm:sunnyday",
    "tm:superpower",
    "tm:surf",
    "tm:swordsdance",
    "tm:taunt",
    "tm:terablast",
    "tm:thunderpunch",
    "tm:torment",
    "tm:uproar",
    "tm:workup",
    "tm:zenheadbutt",
    "tutor:aerialace",
    "tutor:block",
    "tutor:bulkup",
    "tutor:bulldoze",
    "tutor:coaching",
    "tutor:covet",
    "tutor:darkpulse",
    "tutor:drainpunch",
    "tutor:dualchop",
    "tutor:endeavor",
    "tutor:falseswipe",
    "tutor:firepunch",
    "tutor:focuspunch",
    "tutor:foulplay",
    "tutor:gunkshot",
    "tutor:helpinghand",
    "tutor:hypervoice",
    "tutor:icepunch",
    "tutor:ironhead",
    "tutor:knockoff",
    "tutor:lashout",
    "tutor:lowkick",
    "tutor:rest",
    "tutor:rockslide",
    "tutor:rocksmash",
    "tutor:shadowclaw",
    "tutor:sleeptalk",
    "tutor:sludgebomb",
    "tutor:snatch",
    "tutor:spite",
    "tutor:stoneedge",
    "tutor:superpower",
    "tutor:thunderpunch",
    "tutor:uproar",
    "tutor:zenheadbutt"
  ],
  "evolutions": [
    {
      "id": "pancham_pangoro",
      "variant": "level_up",
      "result": "pangoro",
      "consumeHeldItem": false,
      "learnableMoves": [
        "bulletpunch",
        "nightslash"
      ],
      "requirements": [
        {
          "variant": "level",
          "minLevel": 32
        },
        {
          "variant": "party_member",
          "target": "type=dark",
          "contains": true
        }
      ]
    }
  ]
}