{
  "implemented": true,
  "nationalPokedexNumber": 675,
  "name": "Pangoro",
  "primaryType": "fighting",
  "secondaryType": "dark",
  "maleRatio": 0.5,
  "height": 21,
  "weight": 1360,
  "pokedex": [
    "cobblemon.species.pangoro.desc"
  ],
  "labels": [
    "gen6"
  ],
  "aspects": [],
  "abilities": [
    "ironfist",
    "moldbreaker",
    "h:scrappy"
  ],
  "eggGroups": [
    "field",
    "human_like"
  ],
  "baseStats": {
    "hp": 95,
    "attack": 124,
    "defence": 78,
    "special_attack": 69,
    "special_defence": 71,
    "speed": 58
  },
  "evYield": {
    "hp": 0,
    "attack": 2,
    "defence": 0,
    "special_attack": 0,
    "special_defence": 0,
    "speed": 0
  },
  "baseExperienceYield": 173,
  "experienceGroup": "medium_fast",
  "catchRate": 65,
  "eggCycles": 25,
  "baseFriendship": 50,
  "baseScale": 1,
  "hitbox": {
    "width": 1,
    "height": 1,
    "fixed": false
  },
  "drops": {
    "amount": 4,
    "entries": [
      {
        "item": "minecraft:bamboo",
        "quantityRange": "0-2"
      },
      {
        "item": "cobblemon:mental_herb",
        "percentage": 5.0
      },
      {
        "item": "cobblemon:roseli_berry",
        "percentage": 5.0
      }
    ]
  },
  "moves": [
    "1:tackle",
    "1:leer",
    "1:armthrust",
    "1:karatechop",
    "1:cometpunch",
    "1:skyuppercut",
    "1:taunt",
    "1:bulletpunch",
    "1:nightslash",
    "12:circlethrow",
    "16:lowsweep",
    "20:workup",
    "24:slash",
    "28:vitalthrow",
    "35:crunch",
    "40:bodyslam",
    "46:partingshot",
    "52:entrainment",
    "58:hammerarm",
    "egg:cometpunch",
    "egg:mefirst",
    "egg:powertrip",
    "egg:quash",
    "egg:quickguard",
    "egg:seismictoss",
    "egg:skyuppercut",
    "egg:stormthrow",
    "tm:aerialace",
    "tm:beatup",
    "tm:block",
    "tm:bodyslam",
    "tm:brickbreak",
    "tm:bulkup",
    "tm:bulldoze",
    "tm:closecombat",
    "tm:coaching",
    "tm:covet",
    "tm:crunch",
    "tm:cut",
    "tm:darkestlariat",
    "tm:darkpulse",
    "tm:dig",
    "tm:dragonclaw",
    "tm:drainpunch",
    "tm:dualchop",
    "tm:earthquake",
    "tm:echoedvoice",
    "tm:embargo",
    "tm:endeavor",
    "tm:endure",
    "tm:facade",
    "tm:falseswipe",
    "tm:firepunch",
    "tm:fling",
    "tm:focusblast",
    "tm:focusenergy",
    "tm:focuspunch",
    "tm:foulplay",
    "tm:gigaimpact",
    "tm:grassknot",
    "tm:gunkshot",
    "tm:helpinghand",
    "tm:honeclaws",
    "tm:hyperbeam",
    "tm:hypervoice",
    "tm:icepunch",
    "tm:infestation",
    "tm:ironhead",
    "tm:knockoff",
    "tm:laserfocus",
    "tm:lashout",
    "tm:lowkick",
    "tm:lowsweep",
    "tm:megakick",
    "tm:megapunch",
    "tm:outrage",
    "tm:payback",
    "tm:poisonjab",
    "tm:poweruppunch",
    "tm:protect",
    "tm:quash",
    "tm:raindance",
    "tm:rest",
    "tm:retaliate",
    "tm:revenge",
    "tm:reversal",
    "tm:roar",
    "tm:rockslide",
    "tm:rocksmash",
    "tm:rocktomb",
    "tm:scaryface",
    "tm:shadowclaw",
    "tm:sleeptalk",
    "tm:sludgebomb",
    "tm:snarl",
    "tm:snatch",
    "tm:spite",
    "tm:stompingtantrum",
    "tm:stoneedge",
    "tm:strength",
    "tm:substitute",
    "tm:sunnyday",
    "tm:superpower",
    "tm:surf",
    "tm:swordsdance",
    "tm:taunt",
    "tm:terablast",
    "tm:thief",
    "tm:throatchop",
    "tm:thunderpunch",
    "tm:torment",
    "tm:uproar",
    "tm:workup",
    "tm:xscissor",
    "tm:zenheadbutt",
    "tutor:aerialace",
    "tutor:block",
    "tutor:bulkup",
    "tutor:bulldoze",
    "tutor:coaching",
    "tutor:covet",
    "tutor:darkpulse",
    "tutor:drainpunch",
    "tutor:dualchop",
    "tutor:endeavor",
    "tutor:falseswipe",
    "tutor:firepunch",
    "tutor:focusenergy",
    "tutor:focuspunch",
    "tutor:foulplay",
    "tutor:gigaimpact",
    "tutor:gunkshot",
    "tutor:helpinghand",
    "tutor:hyperbeam",
    "tutor:hypervoice",
    "tutor:icepunch",
    "tutor:ironhead",
    "tutor:knockoff",
    "tutor:laserfocus",
    "tutor:lashout",
    "tutor:lowkick",
    "tutor:outrage",
    "tutor:poisonjab",
    "tutor:rest",
    "tutor:rockslide",
    "tutor:rocksmash",
    "tutor:shadowclaw",
    "tutor:sleeptalk",
    "tutor:sludgebomb",
    "tutor:snarl",
    "tutor:snatch",
    "tutor:spite",
    "tutor:stompingtantrum",
    "tutor:stoneedge",
    "tutor:superpower",
    "tutor:throatchop",
    "tutor:thunderpunch",
    "tutor:uproar",
    "tutor:xscissor",
    "tutor:zenheadbutt"
  ],
  "preEvolution": "pancham",
  "evolutions": []
}