{
  "species": "cobblemon:lunala",
  "order": 1,
  "baseScale": 0.75,
  "hitbox": {
    "width": 0.5,
    "height": 2,
    "fixed": false
  },
  "variations": [
    {
      "aspects": [],
      "poser": "hydro_reanimodel:lunala",
      "model": "hydro_reanimodel:lunala.geo",
      "texture": "hydro_reanimodel:textures/pokemon/lunala/lunala.png",
      "layers": [
        {
          "name": "glow",
          "emissive": true,
          "texture": "hydro_reanimodel:textures/pokemon/lunala/lunala_emissive.png",
          "translucent": false
        }
      ] 
    },
    {
      "aspects": ["shiny"],
      "texture": "hydro_reanimodel:textures/pokemon/lunala/lunala_shiny.png",
      "layers": [
        {
          "name": "glow",
          "emissive": true,
          "texture": "hydro_reanimodel:textures/pokemon/lunala/lunala_shiny_emissive.png",
          "translucent": false
        }
       
      ]
    }
  ]
}