{
	"format_version": "1.12.0",
	"minecraft:geometry": [
		{
			"description": {
				"identifier": "geometry.unknown",
				"texture_width": 256,
				"texture_height": 256,
				"visible_bounds_width": 5,
				"visible_bounds_height": 3.5,
				"visible_bounds_offset": [0, 1.25, 0]
			},
			"bones": [
				{
					"name": "terrakion",
					"pivot": [-0.72364, 0.04096, 0.17487]
				},
				{
					"name": "body",
					"parent": "terrakion",
					"pivot": [0, 20, 0]
				},
				{
					"name": "leg_right",
					"parent": "body",
					"pivot": [-10.5, 23.25085, 9.99677],
					"cubes": [
						{"origin": [-15, 10.525, 7], "size": [9, 14, 11], "pivot": [-10.5, 10.525, 13], "rotation": [12.5, 0, 0], "uv": [0, 125], "mirror": true}
					]
				},
				{
					"name": "knee_right",
					"parent": "leg_right",
					"pivot": [-10.5, 12.525, 17.5],
					"cubes": [
						{"origin": [-14, 1.525, 9.5], "size": [7, 11, 8], "pivot": [-10.5, 12.525, 17.5], "rotation": [-2.5, 0, 0], "uv": [144, 30], "mirror": true}
					]
				},
				{
					"name": "feet_right",
					"parent": "knee_right",
					"pivot": [-10.5, 3.025, 16],
					"cubes": [
						{"origin": [-14, 0.025, 6], "size": [7, 3, 12], "inflate": 0.01, "uv": [136, 0], "mirror": true}
					]
				},
				{
					"name": "leg_left",
					"parent": "body",
					"pivot": [10.5, 23.25085, 9.99677],
					"cubes": [
						{"origin": [6, 10.525, 7], "size": [9, 14, 11], "pivot": [10.5, 10.525, 13], "rotation": [12.5, 0, 0], "uv": [0, 125]}
					]
				},
				{
					"name": "knee_left",
					"parent": "leg_left",
					"pivot": [10.5, 12.525, 17.5],
					"cubes": [
						{"origin": [7, 1.525, 9.5], "size": [7, 11, 8], "pivot": [10.5, 12.525, 17.5], "rotation": [-2.5, 0, 0], "uv": [144, 30]}
					]
				},
				{
					"name": "feet_left",
					"parent": "knee_left",
					"pivot": [10.5, 3.025, 16],
					"cubes": [
						{"origin": [7, 0.025, 6], "size": [7, 3, 12], "inflate": 0.01, "uv": [136, 0]}
					]
				},
				{
					"name": "torso",
					"parent": "body",
					"pivot": [2.53274, 22.71204, 0.90956],
					"cubes": [
						{"origin": [-5.5, 17.525, -31.9], "size": [0, 16, 33], "pivot": [-5, 28.025, -11.5], "rotation": [2.5, -1.25, -7.5], "uv": [0, 49], "mirror": true},
						{"origin": [5.5, 17.525, -31.9], "size": [0, 16, 33], "pivot": [5, 28.025, -11.5], "rotation": [2.5, 1.25, 7.5], "uv": [0, 49]},
						{"origin": [-8.5, 14.80337, -7.90885], "size": [17, 15, 14], "pivot": [0, 21.39324, 15.92404], "rotation": [7.5, 0, 0], "uv": [66, 76]}
					]
				},
				{
					"name": "back_torso",
					"parent": "torso",
					"pivot": [0, 27.5995, 3.51798],
					"cubes": [
						{"origin": [-8, 15.30337, 4.09115], "size": [16, 14, 13], "inflate": 0.01, "pivot": [0, 21.39324, 15.92404], "rotation": [7.5, 0, 0], "uv": [0, 98]}
					]
				},
				{
					"name": "tail",
					"parent": "back_torso",
					"pivot": [0, 24.71553, 15.58497],
					"cubes": [
						{"origin": [0, 23.5995, 11.01798], "size": [0, 10, 8], "pivot": [0, 27.5995, 15.51798], "rotation": [-30, 0, 0], "uv": [78, 131]}
					]
				},
				{
					"name": "torso_up",
					"parent": "torso",
					"pivot": [0, 20.025, -4],
					"cubes": [
						{"origin": [-10, 11.525, -19], "size": [20, 17, 15], "uv": [66, 0]}
					]
				},
				{
					"name": "neck",
					"parent": "torso_up",
					"pivot": [0, 27.525, -19],
					"cubes": [
						{"origin": [-7, 14.525, -24], "size": [14, 13, 6], "uv": [38, 173]}
					]
				},
				{
					"name": "head",
					"parent": "neck",
					"pivot": [-0.00089, 26.52266, -24.06931],
					"cubes": [
						{"origin": [5.5, 26.525, -45], "size": [17, 0, 22], "pivot": [5.5, 25.525, -27], "rotation": [17.5, 0, 0], "uv": [66, 54]},
						{"origin": [-22.5, 26.525, -45], "size": [17, 0, 22], "pivot": [-5.5, 25.525, -27], "rotation": [17.5, 0, 0], "uv": [66, 54], "mirror": true},
						{"origin": [-5.5, 15.525, -32], "size": [11, 11, 9], "inflate": 0.01, "uv": [99, 131]},
						{"origin": [-4.40612, 15.525, -36.09058], "size": [7, 10, 7], "pivot": [0.3684, 23.51439, -33.33405], "rotation": [0, 45, 0], "uv": [138, 145]},
						{"origin": [-2.66442, 23.03807, -37.99339], "size": [0, 8, 7], "pivot": [-2.48942, 26.58807, -34.39339], "rotation": [9.24918, -44.97328, -2.4741], "uv": [114, 149], "mirror": true},
						{"origin": [2.66442, 23.03807, -37.99339], "size": [0, 8, 7], "pivot": [2.48942, 26.58807, -34.39339], "rotation": [9.24918, 44.97328, 2.4741], "uv": [114, 149]},
						{"origin": [-2.48112, 21, -36.09058], "size": [3, 4, 0], "inflate": 0.01, "pivot": [0.3684, 23.51439, -33.33405], "rotation": [0, 45, 0], "uv": [159, 145]},
						{"origin": [2.07193, 21, -35.56957], "size": [1, 3, 0], "inflate": 0.01, "pivot": [0.3684, 23.51439, -33.33405], "rotation": [0, -45, 0], "uv": [165, 145], "mirror": true},
						{"origin": [-0.51888, 21, -36.09058], "size": [3, 4, 0], "inflate": 0.01, "pivot": [-0.3684, 23.51439, -33.33405], "rotation": [0, -45, 0], "uv": [159, 145], "mirror": true},
						{"origin": [-3.07193, 21, -35.56957], "size": [1, 3, 0], "inflate": 0.01, "pivot": [-0.3684, 23.51439, -33.33405], "rotation": [0, 45, 0], "uv": [165, 145]}
					]
				},
				{
					"name": "mouth_angry",
					"parent": "head",
					"pivot": [-0.00711, 16.525, -33.02843],
					"cubes": [
						{"origin": [-1.40612, 15.525, -35.09058], "size": [4, 2, 4], "inflate": 0.01, "pivot": [0.3684, 23.51439, -32.33405], "rotation": [0, 45, 0], "uv": [180, 131]}
					]
				},
				{
					"name": "mouth_open",
					"parent": "head",
					"pivot": [-0.00711, 16.525, -33.02843],
					"cubes": [
						{"origin": [-1.40612, 15.525, -35.09058], "size": [4, 2, 4], "inflate": 0.01, "pivot": [0.3684, 23.51439, -32.33405], "rotation": [0, 45, 0], "uv": [164, 131]}
					]
				},
				{
					"name": "eyelid_right",
					"parent": "head",
					"pivot": [-2.12843, 22.5, -32.35668],
					"cubes": [
						{"origin": [-3.38112, 20.5, -35.11558], "size": [4, 4, 2], "inflate": 0.01, "pivot": [0.3684, 23.51439, -32.33405], "rotation": [0, 45, 0], "uv": [166, 146]}
					]
				},
				{
					"name": "eyelid_left",
					"parent": "head",
					"pivot": [2.48198, 22.5, -32.71023],
					"cubes": [
						{"origin": [-0.61888, 20.5, -35.11558], "size": [4, 4, 1], "inflate": 0.01, "pivot": [-0.3684, 23.51439, -32.33405], "rotation": [0, -45, 0], "uv": [167, 147], "mirror": true}
					]
				},
				{
					"name": "eye_right",
					"parent": "head",
					"pivot": [0.00089, 23.32266, -22.06931],
					"cubes": [
						{"origin": [-1.59693, 21.075, -35.58257], "size": [2, 2, 0], "pivot": [-0.3684, 23.51439, -33.33405], "rotation": [0, 45, 0], "uv": [159, 150]},
						{"origin": [-1.09693, 21.55, -35.60257], "size": [1, 1, 0], "pivot": [-0.3684, 23.51439, -33.33405], "rotation": [0, 45, 0], "uv": [163, 150]},
						{"origin": [-1.09693, 22.075, -35.59257], "size": [1, 1, 0], "pivot": [-0.3684, 23.51439, -33.33405], "rotation": [0, 45, 0], "uv": [163, 149]}
					]
				},
				{
					"name": "eye_left",
					"parent": "head",
					"pivot": [-0.00089, 23.32266, -22.06931],
					"cubes": [
						{"origin": [-0.40307, 21.075, -35.58257], "size": [2, 2, 0], "pivot": [0.3684, 23.51439, -33.33405], "rotation": [0, -45, 0], "uv": [159, 150], "mirror": true},
						{"origin": [0.09693, 21.55, -35.60257], "size": [1, 1, 0], "pivot": [0.3684, 23.51439, -33.33405], "rotation": [0, -45, 0], "uv": [163, 150], "mirror": true},
						{"origin": [0.09693, 22.075, -35.59257], "size": [1, 1, 0], "pivot": [0.3684, 23.51439, -33.33405], "rotation": [0, -45, 0], "uv": [163, 149], "mirror": true}
					]
				},
				{
					"name": "arm_left",
					"parent": "torso_up",
					"pivot": [13.92567, 23.17808, -11.38966],
					"cubes": [
						{"origin": [6, 10.525, -18], "size": [9, 14, 12], "uv": [58, 105]},
						{"origin": [14, 21.49093, -14.25882], "size": [3, 4, 7], "pivot": [15.5, 23.49093, -11.25882], "rotation": [33.11321, 33.64409, 10.27206], "uv": [142, 116]},
						{"origin": [14, 17.325, -14], "size": [3, 4, 6], "pivot": [15.5, 18.325, -11], "rotation": [18.11321, 33.64409, 10.27206], "uv": [20, 150]}
					]
				},
				{
					"name": "elbow_left",
					"parent": "arm_left",
					"pivot": [10.5, 10.525, -12],
					"cubes": [
						{"origin": [7, 2.525, -16], "size": [7, 9, 8], "uv": [40, 149]}
					]
				},
				{
					"name": "hand_left",
					"parent": "elbow_left",
					"pivot": [10.5, 3.025, -9],
					"cubes": [
						{"origin": [7, 0.025, -19], "size": [7, 3, 12], "inflate": 0.01, "uv": [136, 0]}
					]
				},
				{
					"name": "arm_right",
					"parent": "torso_up",
					"pivot": [-13.92567, 23.17808, -11.38966],
					"cubes": [
						{"origin": [-15, 10.525, -18], "size": [9, 14, 12], "uv": [58, 105], "mirror": true},
						{"origin": [-17, 21.49093, -14.25882], "size": [3, 4, 7], "pivot": [-15.5, 23.49093, -11.25882], "rotation": [33.11321, -33.64409, -10.27206], "uv": [142, 116], "mirror": true},
						{"origin": [-17, 17.325, -14], "size": [3, 4, 6], "pivot": [-15.5, 18.325, -11], "rotation": [18.11321, -33.64409, -10.27206], "uv": [20, 150], "mirror": true}
					]
				},
				{
					"name": "elbow_right",
					"parent": "arm_right",
					"pivot": [-10.5, 10.525, -12],
					"cubes": [
						{"origin": [-14, 2.525, -16], "size": [7, 9, 8], "uv": [40, 149], "mirror": true}
					]
				},
				{
					"name": "hand_right",
					"parent": "elbow_right",
					"pivot": [-10.5, 3.025, -9],
					"cubes": [
						{"origin": [-14, 0.025, -19], "size": [7, 3, 12], "inflate": 0.01, "uv": [136, 0], "mirror": true}
					]
				}
			]
		}
	]
}