{
  "name": "Yveltal",
  "offsets": {
    "DEFAULT": {
      "x": 0,
      "y": 1.5,
      "z": -0.2
    },
    "WALKING": {
      "x": 0,
      "y": -0.3,
      "z": -0.2
    },
    "FLOATING": {
      "x": 0,
      "y": 1.5,
      "z": -0.2
    },
    "HOVERING": {
      "x": 0,
      "y": 1.5,
      "z": -0.2
    },
    "FLYING": {
      "x": 0,
      "y": 0.9,
      "z": -0.2
    }
  },
  "baseSpeedModifier": 1.0,
  "landSpeedModifier": 0.25,
  "waterSpeedModifier": 0.125,
  "airSpeedModifier": 1.0,
  "forms": []
}