{
	"name": "kyurem",
	"enabled": true,
	"offsets": {
		"DEFAULT": {
			"x": 0.0,
			"y": -0.4,
			"z": -0.4
		}
	},
	"baseSpeedModifier": 1.0,
	"landSpeedModifier": 1.0,
	"waterSpeedModifier": 1.0,
	"forms": [
		{
			"name": "White",
			"enabled": true,
			"offsets": {
				"DEFAULT": {
					"x": 0.0,
					"y": 1,
					"z": 0.0
				}
			},
			"baseSpeedModifier": 1.0,
			"landSpeedModifier": 1.0,
			"waterSpeedModifier": 1.0,
			"airSpeedModifier":1.4
		},
		{
			"name": "Black",
			"enabled": true,
			"offsets": {
				"DEFAULT": {
					"x": 0.0,
					"y": 0.5,
					"z": 0.0
				}
			},
			"baseSpeedModifier": 1.0,
			"landSpeedModifier": 1.0,
			"waterSpeedModifier": 1.0,
			"airSpeedModifier":1.4
		}
	]
}
