{
	"format_version": "1.12.0",
	"minecraft:geometry": [
		{
			"description": {
				"identifier": "geometry.latios",
				"texture_width": 128,
				"texture_height": 128,
				"visible_bounds_width": 7,
				"visible_bounds_height": 5.5,
				"visible_bounds_offset": [0, 2.25, 0]
			},
			"bones": [
				{
					"name": "latios",
					"pivot": [0, 0, 0]
				},
				{
					"name": "body",
					"parent": "latios",
					"pivot": [0, 0, 0]
				},
				{
					"name": "torso",
					"parent": "body",
					"pivot": [0, 0, 0],
					"cubes": [
						{"origin": [-6.5, 8.9, -5.2], "size": [13, 14, 7], "uv": [1, 19]},
						{"origin": [-7.5, 7.4, 0.8], "size": [15, 16, 23], "uv": [0, 42]},
						{"origin": [-7.5, 13.4, -4.7], "size": [2, 4, 11], "pivot": [0, -0.5, -4], "rotation": [0, -6, 0], "uv": [41, 18]},
						{"origin": [5.5, 13.4, -4.7], "size": [2, 4, 11], "pivot": [0, -0.5, -4], "rotation": [0, 6, 0], "uv": [41, 18], "mirror": true}
					]
				},
				{
					"name": "neck",
					"parent": "torso",
					"pivot": [0, 17.9, -4.2],
					"cubes": [
						{"origin": [-5.5, 12.9, -9.7], "size": [11, 10, 5], "inflate": -0.01, "uv": [41, 0]}
					]
				},
				{
					"name": "neck2",
					"parent": "neck",
					"pivot": [0, 18.9, -8.7],
					"cubes": [
						{"origin": [-4, 14.9, -27.7], "size": [8, 8, 19], "inflate": -0.3, "uv": [48, 15]}
					]
				},
				{
					"name": "head",
					"parent": "neck2",
					"pivot": [0, 14.89898, -26.6],
					"rotation": [15, 0, 0],
					"cubes": [
						{"origin": [-4, 14.89898, -34.67157], "size": [8, 8, 9], "uv": [0, 0]}
					]
				},
				{
					"name": "eyes",
					"parent": "head",
					"pivot": [0, 0, -4]
				},
				{
					"name": "eyes_left",
					"parent": "eyes",
					"pivot": [0, 14.89898, -30.67157],
					"cubes": [
						{"origin": [-4.01, 16.89898, -33.67157], "size": [0, 3, 5], "uv": [25, 1]},
						{"origin": [-4.02, 17.39898, -32.67157], "size": [0, 1, 1], "uv": [0, -1]}
					]
				},
				{
					"name": "locator_eye_left",
					"parent": "eyes_left",
					"pivot": [0, 14.89898, -30.67157],
					"locators": {
						"eye_left": [-4, 17.752, -31.47803]
					}
				},
				{
					"name": "eyes_right",
					"parent": "eyes",
					"pivot": [0, 14.89898, -30.67157],
					"cubes": [
						{"origin": [4.02, 17.39898, -32.67157], "size": [0, 1, 1], "uv": [0, -1], "mirror": true},
						{"origin": [4.01, 16.89898, -33.67157], "size": [0, 3, 5], "uv": [25, 1], "mirror": true}
					]
				},
				{
					"name": "locator_eye_right",
					"parent": "eyes_right",
					"pivot": [0, 14.89898, -30.67157],
					"locators": {
						"eye_right": [4, 17.752, -31.47803]
					}
				},
				{
					"name": "ears",
					"parent": "head",
					"pivot": [0, 14.89898, -30.67157]
				},
				{
					"name": "ear_left",
					"parent": "ears",
					"pivot": [0.225, 14.89898, -30.67157],
					"rotation": [-13.94881, -1.20816, -7.8522],
					"cubes": [
						{"origin": [-3.675, 16.89898, -29.17157], "size": [0, 14, 5], "uv": [41, 10]}
					]
				},
				{
					"name": "ear_right",
					"parent": "ears",
					"pivot": [-0.225, 14.89898, -30.67157],
					"rotation": [-13.94881, 1.20816, 7.8522],
					"cubes": [
						{"origin": [3.675, 16.89898, -29.17157], "size": [0, 14, 5], "uv": [41, 10], "mirror": true}
					]
				},
				{
					"name": "mouth",
					"parent": "head",
					"pivot": [0, 14.89898, -26.6]
				},
				{
					"name": "mouth_closed",
					"parent": "mouth",
					"pivot": [0, 14.89898, -26.6],
					"cubes": [
						{"origin": [-2, 15.895, -32.67157], "size": [4, 0, 2], "uv": [-2, 21]}
					]
				},
				{
					"name": "mouth_open",
					"parent": "mouth",
					"pivot": [0, 13.89898, -26.6],
					"cubes": [
						{"origin": [-2, 15.895, -32.67157], "size": [4, 0, 3], "uv": [-3, 23]}
					]
				},
				{
					"name": "mouth_recoil",
					"parent": "mouth",
					"pivot": [0, 14.89898, -26.6],
					"cubes": [
						{"origin": [-2, 15.895, -32.67157], "size": [4, 0, 3], "uv": [-3, 40]}
					]
				},
				{
					"name": "locator_seat",
					"parent": "torso",
					"pivot": [0, 23.5, 4],
					"locators": {
						"locator": [0, 23.5, 4]
					}
				},
				{
					"name": "wings",
					"parent": "torso",
					"pivot": [0, 0, 0]
				},
				{
					"name": "wing_left",
					"parent": "wings",
					"pivot": [-4.5, 23.4, 12.3],
					"cubes": [
						{"origin": [-4.5, 23.4, 1.8], "size": [0, 17, 21], "uv": [83, -4]}
					]
				},
				{
					"name": "wing_left2",
					"parent": "wing_left",
					"pivot": [-4.5, 40.4, 12.3],
					"cubes": [
						{"origin": [-4.5, 40.4, 1.8], "size": [0, 17, 21], "uv": [83, -21]}
					]
				},
				{
					"name": "wing_right",
					"parent": "wings",
					"pivot": [4.5, 23.4, 12.3],
					"cubes": [
						{"origin": [4.5, 23.4, 1.8], "size": [0, 17, 21], "uv": [83, -4], "mirror": true}
					]
				},
				{
					"name": "wing_right2",
					"parent": "wing_right",
					"pivot": [4.5, 40.4, 12.3],
					"cubes": [
						{"origin": [4.5, 40.4, 1.8], "size": [0, 17, 21], "uv": [83, -21], "mirror": true}
					]
				},
				{
					"name": "foots",
					"parent": "torso",
					"pivot": [0, 0, 0]
				},
				{
					"name": "foot_left",
					"parent": "foots",
					"pivot": [5, 15.4, 16.3],
					"cubes": [
						{"origin": [5, 6.4, 17.8], "size": [0, 18, 17], "uv": [81, 25]}
					]
				},
				{
					"name": "foot_right",
					"parent": "foots",
					"pivot": [-6, 15.4, 16.3],
					"cubes": [
						{"origin": [-6, 6.4, 17.8], "size": [0, 18, 17], "uv": [81, 25], "mirror": true}
					]
				},
				{
					"name": "arms",
					"parent": "torso",
					"pivot": [0, 0, 0]
				},
				{
					"name": "arm_left",
					"parent": "arms",
					"pivot": [-6, 15.4, 4.3],
					"cubes": [
						{"origin": [-11, 14.9, 3.8], "size": [6, 1, 1], "uv": [0, 17]}
					]
				},
				{
					"name": "arm_right",
					"parent": "arms",
					"pivot": [6, 15.4, 4.3],
					"cubes": [
						{"origin": [5, 14.9, 3.8], "size": [6, 1, 1], "uv": [0, 17], "mirror": true}
					]
				},
				{
					"name": "hands",
					"parent": "torso",
					"pivot": [0, 0, 0]
				},
				{
					"name": "hand_left",
					"parent": "hands",
					"pivot": [-10.9, 14.9, 4.47795],
					"cubes": [
						{"origin": [-12.5, 12.4, -4.7], "size": [2, 5, 12], "uv": [53, 42]}
					]
				},
				{
					"name": "claws_left",
					"parent": "hand_left",
					"pivot": [-10.7, 14.9, -5.12941],
					"cubes": [
						{"origin": [-10.7, 14.4, -5.7], "size": [0, 1, 1], "uv": [2, -1]},
						{"origin": [-10.7, 16, -4.2], "size": [0, 1, 1], "pivot": [-0.2, 29.9, -2.5], "rotation": [-6, 0, 0], "uv": [2, 0]},
						{"origin": [-10.7, 12.8, -4.2], "size": [0, 1, 1], "pivot": [-0.2, -0.1, -2.5], "rotation": [6, 0, 0], "uv": [2, 0]}
					]
				},
				{
					"name": "hand_right",
					"parent": "hands",
					"pivot": [10.9, 14.9, 4.47795],
					"cubes": [
						{"origin": [10.5, 12.4, -4.7], "size": [2, 5, 12], "uv": [53, 42], "mirror": true}
					],
					"locators": {
						"held_item": {
							"offset": [10.5, 15, -5],
							"rotation": [0, 34, 0]
						}
					}
				},
				{
					"name": "claws_right",
					"parent": "hand_right",
					"pivot": [10.7, 14.9, -5.12941],
					"cubes": [
						{"origin": [10.7, 12.8, -4.2], "size": [0, 1, 1], "pivot": [0.2, -0.1, -2.5], "rotation": [6, 0, 0], "uv": [2, 0], "mirror": true},
						{"origin": [10.7, 16, -4.2], "size": [0, 1, 1], "pivot": [0.2, 29.9, -2.5], "rotation": [-6, 0, 0], "uv": [2, 0], "mirror": true},
						{"origin": [10.7, 14.4, -5.7], "size": [0, 1, 1], "uv": [2, -1], "mirror": true}
					]
				}
			]
		}
	]
}