{
   "portraitScale":0.9,
   "portraitTranslation":[
      0,
      1.6,
      0
   ],
   "profileScale":0.7,
   "profileTranslation":[
      0,
      0.7,
      0
   ],
 "faint": "bedrock(calyrex, faint, true)",
 "cry": "bedrock(calyrex, cry)",
   "poses":{
      "standing":{
         "poseName":"standing",
         "transformTicks":10,
         "poseTypes":[
            "STAND",
            "NONE",
            "PORTRAIT",
            "PROFILE"
         ],
         "animations":[
            "bedrock(calyrex, ground_idle)"
         ],
     "quirks": [
       {
         "name": "blink",
         "animations": [
           "bedrock(calyrex, blink)"
         ]
       }
     ]
      },
      "walking":{
         "poseName":"walking",
         "transformTicks":10,
         "poseTypes":[
            "WALK"
         ],
         "animations":[
            "bedrock(calyrex, float)"
         ],
     "quirks": [
       {
         "name": "blink",
         "animations": [
           "bedrock(calyrex, blink)"
         ]
       }
     ]
      },
   "sleeping": {
     "poseName": "sleeping",
     "transformTicks": 10,
     "poseTypes": [
       "SLEEP"
     ],
     "animations": [
       "bedrock(calyrex, sleep2)"
     ]
   },
   "hovering": {
     "poseName": "hovering",
     "transformTicks": 10,
     "poseTypes": [
       "HOVER"
     ],
     "animations": [
       "bedrock(calyrex, ground_idle)"
     ],
     "quirks": [
       {
         "name": "blink",
         "animations": [
           "bedrock(calyrex, blink)"
         ]
       }
     ]
   },
   "flying": {
     "poseName": "flying",
     "transformTicks": 10,
     "poseTypes": [
       "FLY"
     ],
     "animations": [
       "bedrock(calyrex, float)"
     ],
     "quirks": [
       {
         "name": "blink",
         "animations": [
           "bedrock(calyrex, blink)"
         ]
       }
     ]
   }
   }
}
