{
  "portraitScale": 0.53,
  "portraitTranslation": [-0.69, 0.72, 0],
  "profileScale": 0.31,
  "profileTranslation": [-0.11, 1.02, -20],
  "rootBone": "kyogre",
  "animations": {
   "faint": "q.bedrock_primary('kyogre', 'faint', q.curve('one'))",
   "cry": "q.bedrock_stateful('kyogre', 'cry')",
   "physical": "q.bedrock_primary('kyogre', 'physical', q.curve('symmetrical_wide'))",
   "special": "q.bedrock_primary('kyogre', 'special', q.curve('symmetrical_wide'))"
  },
  "poses": {
    "battle-standing": {
      "poseTypes": ["STAND"],
      "isTouchingWater": false,
      "isBattle": true,
      "animations": ["q.bedrock('kyogre', 'battle_idle')"],
      "quirks": ["q.bedrock_quirk('kyogre', 'blink')"]
    },
    "battle-swimming": {
      "poseTypes": ["STAND"],
      "isTouchingWater": true,
      "isBattle": true,
      "animations": ["q.bedrock('kyogre', 'water_battle_idle')"],
      "quirks": ["q.bedrock_quirk('kyogre', 'blink')"]
    },
    "standing": {
      "poseTypes": ["STAND", "NONE"],
      "isBattle": false,
      "animations": ["q.bedrock('kyogre', 'ground_idle')"],
      "quirks": ["q.bedrock_quirk('kyogre', 'blink')"]
    },
    "walking": {
      "poseTypes": ["WALK", "SWIM"],
      "isTouchingWater": false,
      "animations": ["q.bedrock('kyogre', 'ground_walk')"],
      "quirks": ["q.bedrock_quirk('kyogre', 'blink')"]
    },
    "float": {
      "poseTypes": ["PORTRAIT", "PROFILE", "FLOAT"],
      "isTouchingWater": true,
      "animations": ["q.bedrock('kyogre', 'water_idle')"],
      "quirks": [
        "q.bedrock_quirk('kyogre', 'blink')",
        "q.bedrock_quirk('kyogre', 'water_cry')"
      ]
    },
    "swim": {
      "poseTypes": ["SWIM"],
      "isTouchingWater": true,
      "animations": ["q.bedrock('kyogre', 'water_swim')"],
      "quirks": ["q.bedrock_quirk('kyogre', 'blink')"]
    },
    "surface_idle": {
      "poseTypes": ["STAND"],
      "isTouchingWater": true,
      "animations": [
        "q.bedrock('kyogre', 'water_idle')"
      ],
      "quirks": [
        "q.bedrock_quirk('kyogre', 'blink')",
        "q.bedrock_quirk('kyogre', 'water_cry')"
      ],
      "transformedParts": [
        {
          "part": "body",
          "position": [0, 6, 0]
        }
      ]
    },
    "surface_swim": {
      "poseTypes": ["WALK"],
      "isTouchingWater": true,
      "animations": [
        "q.bedrock('kyogre', 'water_swim')"
      ],
      "quirks": [
        "q.bedrock_quirk('kyogre', 'blink')"
      ],
      "transformedParts": [
        {
          "part": "body",
          "position": [0, 6, 0]
        }
      ]
    }
  }
}
