{
 "portraitScale": 2,
 "portraitTranslation": [-0.1, 1, 0],
 "profileScale": 0.55,
 "profileTranslation": [0, 1, 0],
 "animations": {
   "faint": "q.bedrock_primary('kyurem', 'faint', q.curve('one'))",
   "cry": "q.bedrock_stateful('kyurem', 'cry')",
   "special": "q.bedrock_primary('kyurem', 'special', q.curve('symmetrical_wide'))"
 },
 "poses": {
   "battle-standing": {
     "poseTypes": ["STAND"],
     "isBattle": true,
     "animations": [
       "q.look('head')",
       "q.bedrock('kyurem', 'battle_idle')"
     ]
   },
   "standing": {
     "poseTypes": ["STAND", "NONE", "PORTRAIT", "PROFILE"],
     "isBattle": false,
     "animations": [
       "q.look('head')",
       "q.bedrock('kyurem', 'ground_idle')"
     ]
   },
   "walking": {
     "poseTypes": ["WALK"],
     "animations": [
       "q.look('head')",
       "q.bedrock('kyurem', 'ground_walk')"
     ]
   }
 }
}