{
 "portraitScale": 0.9,
 "portraitTranslation": [-1, 1, 0],
 "profileScale": 0.8,
 "profileTranslation": [0, 1, 1],
 "animations": {
   "cry": "q.bedrock_stateful('latias', 'cry')",
   "recoil": "q.bedrock_stateful('latias', 'recoil')"
 },
 "poses": {
   "battle-standing": {
     "poseTypes": ["STAND"],
     "isBattle": true,
     "animations": [
       "q.look('head')",
       "q.bedrock('latias', 'battle_idle')"
     ],
     "quirks": ["q.bedrock_quirk('latias', 'blink')"]
   },
   "standing": {
     "poseTypes": ["STAND", "NONE", "PORTRAIT", "PROFILE"],
     "isBattle": false,
     "animations": [
       "q.look('head')",
       "q.bedrock('latias', 'air_idle')"
     ],
     "quirks": [
       "q.bedrock_quirk('latias', 'blink')"
     ]
   },
   "walking": {
     "poseTypes": ["WALK"],
     "animations": [
       "q.look('head')",
       "q.bedrock('latias', 'air_walk')"
     ],
     "quirks": ["q.bedrock_quirk('latias', 'blink')"]
   },
   "hover": {
     "poseTypes": ["HOVER"],
     "animations": [
       "q.look('head')",
       "q.bedrock('latias', 'air_idle')"
     ],
     "quirks": ["q.bedrock_quirk('latias', 'blink')"]
   },
   "fly": {
     "poseTypes": ["FLY"],
     "animations": [
       "q.look('head')",
       "q.bedrock('latias', 'air_walk')"
     ],
     "quirks": ["q.bedrock_quirk('latias', 'blink')"]
   },
   "float": {
     "poseTypes": ["FLOAT"],
     "animations": [
       "q.look('head')",
       "q.bedrock('latias', 'water_idle')"
     ],
     "quirks": ["q.bedrock_quirk('latias', 'blink')"]
   },
   "swim": {
     "poseTypes": ["SWIM"],
     "animations": [
       "q.look('head')",
       "q.bedrock('latias', 'water_swim')"
     ],
     "quirks": ["q.bedrock_quirk('latias', 'blink')"]
   },
   "sleep": {
   "poseTypes": ["SLEEP"],
   "animations": ["q.bedrock('latias', 'sleep')"]
   }
 }
}