{
 "portraitScale": 0.8,
 "portraitTranslation": [-0.1, 0.9, 0],
 "profileScale": 0.7,
 "profileTranslation": [0, 1, 0],
 "animations": {
   "cry": "q.bedrock_stateful('magearna', 'cry')"
 },
 "poses": {
   "battle-standing": {
     "poseTypes": ["STAND"],
     "isBattle": true,
     "animations": [
       "q.look('head')",
       "q.bedrock('magearna', 'ground_idle')"
     ],
     "quirks": ["q.bedrock_quirk('magearna', 'blink')"]
   },
   "standing": {
     "poseTypes": ["STAND", "NONE", "PORTRAIT", "PROFILE"],
     "isBattle": false,
     "animations": [
       "q.look('head')",
       "q.bedrock('magearna', 'ground_idle')"
     ],
     "quirks": [
       "q.bedrock_quirk('magearna', 'blink')"
     ]
   },
   "walking": {
     "poseTypes": ["WALK"],
     "animations": [
       "q.look('head')",
       "q.bedrock('magearna', 'ground_walk')"
     ],
     "quirks": ["q.bedrock_quirk('magearna', 'blink')"]
   },
   "float": {
     "poseTypes": ["FLOAT"],
     "animations": [
       "q.look('head')",
       "q.bedrock('magearna', 'ground_idle')"
     ],
     "quirks": ["q.bedrock_quirk('magearna', 'blink')"]
   },
   "swim": {
     "poseTypes": ["SWIM"],
     "animations": [
       "q.look('head')",
       "q.bedrock('magearna', 'ground_walk')"
     ],
     "quirks": ["q.bedrock_quirk('magearna', 'blink')"]
   }
 }
}