{
 "portraitScale": 2,
 "portraitTranslation": [-0.1, 1, 0],
 "profileScale": 0.55,
 "profileTranslation": [0, 1, 0],
 "animations": {
 },
 "poses": {
   "battle-standing": {
     "poseTypes": ["STAND"],
     "isBattle": true,
     "animations": [
       "q.look('head')",
       "q.bedrock('meloetta', 'battle_idle')"
     ],
     "quirks": ["q.bedrock_quirk('meloetta', 'blink')"]
   },
   "standing": {
     "poseTypes": ["STAND", "NONE", "PORTRAIT", "PROFILE"],
     "isBattle": false,
     "animations": [
       "q.look('head')",
       "q.bedrock('meloetta', 'ground_idle')"
     ],
     "quirks": [
       "q.bedrock_quirk('meloetta', 'blink')"
     ]
   },
   "walking": {
     "poseTypes": ["WALK"],
     "animations": [
       "q.look('head')",
       "q.bedrock('meloetta', 'ground_walk')"
     ],
     "quirks": ["q.bedrock_quirk('meloetta', 'blink')"]
   }
 }
}