{
 "portraitScale": 0.9,
 "portraitTranslation": [0, 1, 0],
 "profileScale": 0.45,
 "profileTranslation": [0, 1, 0],
 "animations": {
   "faint": "q.bedrock_primary('regieleki', 'faint', q.curve('one'))",
   "physical": "q.bedrock_primary('regieleki', 'attack', q.curve('symmetrical_wide'))",
   "special": "q.bedrock_primary('regieleki', 'attack2', q.curve('symmetrical_wide'))",
   "status": "q.bedrock_primary('regieleki', 'attack3', q.curve('symmetrical_wide'))"
 },
 "poses": {
   "battle-standing": {
     "poseTypes": ["STAND"],
     "isBattle": true,
     "animations": [
       "q.bedrock('regieleki', 'battle_idle')"
     ],
     "quirks": ["q.bedrock_quirk('regieleki', 'blink')"]
   },
   "standing": {
     "poseTypes": ["STAND", "NONE", "PORTRAIT", "PROFILE"],
     "isBattle": false,
     "animations": [
       "q.bedrock('regieleki', 'ground_idle')"
     ],
     "quirks": [
       "q.bedrock_quirk('regieleki', 'blink')"
     ]
   },
   "walking": {
     "poseTypes": ["WALK"],
     "animations": [
       "q.bedrock('regieleki', 'ground_walk')"
     ],
     "quirks": ["q.bedrock_quirk('regieleki', 'blink')"]
   },
   "hover": {
     "poseTypes": ["HOVER"],
     "animations": [
       "q.bedrock('regieleki', 'ground_idle')"
     ],
     "quirks": ["q.bedrock_quirk('regieleki', 'blink')"]
   },
   "fly": {
     "poseTypes": ["FLY"],
     "animations": [
       "q.bedrock('regieleki', 'air_fly')"
     ],
     "quirks": ["q.bedrock_quirk('regieleki', 'blink')"]
   }
 }
}