{
  "portraitScale": 0.35,
  "portraitTranslation": [-0.09, 2.21, 0],
  "profileScale": 0.21,
  "profileTranslation": [-0.04, 1.44, 0],
  "rootBone": "regigigas",
  "animations": {
    "recoil": "q.bedrock_stateful('regigigas', 'recoil')",
    "physical": "q.bedrock_primary('regigigas', 'physical', q.curve('symmetrical_wide'))",
    "special": "q.bedrock_primary('regigigas', 'special', q.curve('symmetrical_wide'))",
    "status": "q.bedrock_primary('regigigas', 'status', q.curve('symmetrical_wide'))",
    "faint": "q.bedrock_primary('regigigas', 'faint', q.curve('one'))"
  },
  "poses": {
    "battle-standing": {
      "poseTypes": ["STAND"],
      "isBattle": true,
      "animations": ["q.bedrock('regigigas', 'battle_idle')"],
      "quirks": [ "q.bedrock_quirk('regigigas', 'blink')" ]
    },
    "standing": {
      "poseTypes": ["STAND", "FLOAT", "PORTRAIT", "PROFILE", "NONE"],
      "isBattle": false,
      "animations": ["q.bedrock('regigigas', 'ground_idle')"],
      "quirks": [ "q.bedrock_quirk('regigigas', 'blink')" ]
    },
    "walking": {
      "poseTypes": ["WALK", "SWIM"],
      "animations": [ "q.bedrock('regigigas', 'ground_walk')" ],
      "quirks": [ "q.bedrock_quirk('regigigas', 'blink')" ]
    }
  }
}
