{
 "portraitScale": 1.5,
 "portraitTranslation": [-0.8, 1.3, 0],
 "profileScale": 0.45,
 "profileTranslation": [0, 1, 0],
 "animations": {
   "faint": "q.bedrock_primary('registeel', 'faint', q.curve('one'))",
   "cry": "q.bedrock_stateful('registeel', 'cry')",
   "recoil": "q.bedrock_stateful('registeel', 'recoil')",
   "physical": "q.bedrock_primary('registeel', 'physical', q.curve('symmetrical_wide'))",
   "special": "q.bedrock_primary('registeel', 'special', q.curve('symmetrical_wide'))"
 },
 "poses": {
   "battle-standing": {
     "poseTypes": ["STAND"],
     "isBattle": true,
     "animations": [
       "q.bedrock('registeel', 'battle_idle')"
     ],
     "quirks": ["q.bedrock_quirk('registeel', 'blink')"]
   },
   "standing": {
     "poseTypes": ["STAND", "NONE", "PORTRAIT", "PROFILE"],
     "isBattle": false,
     "animations": [
       "q.bedrock('registeel', 'ground_idle')"
     ],
     "quirks": [
       "q.bedrock_quirk('registeel', 'load')"]
   },
   "walking": {
     "poseTypes": ["WALK"],
     "animations": [
       "q.bedrock('registeel', 'ground_walk')"
     ],
     "quirks": ["q.bedrock_quirk('registeel', 'blink')"]
   }
 }
}