{
 "portraitScale": 2,
 "portraitTranslation": [0, 0, 0],
 "profileScale": 1,
 "profileTranslation": [0, 0, 0],
 "animations": {
   "faint": "q.bedrock_primary('regice', 'faint', q.curve('one'))",
   "cry": "q.bedrock_stateful('regice', 'cry')"
 },
 "poses": {
   "battle-standing": {
     "poseTypes": ["STAND"],
     "isBattle": true,
     "animations": [
       "q.bedrock('registeel', 'battle_idle')"
     ],
     "quirks": ["q.bedrock_quirk('registeel', 'blink')"]
   },
   "standing": {
     "poseTypes": ["STAND", "NONE", "PORTRAIT", "PROFILE"],
     "isBattle": false,
     "animations": [
       "q.bedrock('registeel', 'ground_idle')"
     ],
     "quirks": [
       "q.bedrock_quirk('registeel', 'blink')"]
   },
   "walking": {
     "poseTypes": ["WALK"],
     "animations": [
       "q.bedrock('registeel', 'ground_walk')"
     ],
     "quirks": ["q.bedrock_quirk('registeel', 'blink')"]
   }
 }
}