{
 "portraitScale": 2,
 "portraitTranslation": [-0.8, 1.2, 0],
 "profileScale": 1,
 "profileTranslation": [0, 0.9, 0],
 "animations": {
   "faint": "q.bedrock_primary('regirock', 'faint', q.curve('one'))",
   "cry": "q.bedrock_stateful('regirock', 'cry')",
   "recoil": "q.bedrock_stateful('regirock', 'recoil')",
   "physical": "q.bedrock_primary('regirock', 'physical', q.curve('symmetrical_wide'))",
   "special": "q.bedrock_primary('regirock', 'special', q.curve('symmetrical_wide'))"
 },
 "poses": {
   "battle-standing": {
     "poseTypes": ["STAND"],
     "isBattle": true,
     "animations": [
       "q.bedrock('regirock', 'battle_idle')"
     ],
     "quirks": ["q.bedrock_quirk('regirock', 'blink')"]
   },
   "standing": {
     "poseTypes": ["STAND", "NONE", "PORTRAIT", "PROFILE"],
     "isBattle": false,
     "animations": [
       "q.bedrock('regirock', 'ground_idle')"
     ],
     "quirks": [
       "q.bedrock_quirk('regirock', 'blink')"]
   },
   "walking": {
     "poseTypes": ["WALK"],
     "animations": [
       "q.bedrock('regirock', 'ground_walk')"
     ],
     "quirks": ["q.bedrock_quirk('regirock', 'blink')"]
   }
 }
}