{
 "portraitScale": 2,
 "portraitTranslation": [-0.1, 1, 0],
 "profileScale": 0.55,
 "profileTranslation": [0, 1, 0],
 "animations": {
   "cry": "q.bedrock_stateful('silvally', 'cry')",
   "physical": "q.bedrock_primary('silvally', 'physical', q.curve('symmetrical_wide'))",
   "special": "q.bedrock_primary('silvally', 'special', q.curve('symmetrical_wide'))"
 },
 "poses": {
   "battle-standing": {
     "poseTypes": ["STAND"],
     "isBattle": true,
     "animations": [
       "q.look('head')",
       "q.bedrock('silvally', 'battle_idle')"
     ],
     "quirks": ["q.bedrock_quirk('silvally', 'blink')"]
   },
   "standing": {
     "poseTypes": ["STAND", "NONE", "PORTRAIT", "PROFILE"],
     "isBattle": false,
     "animations": [
       "q.look('head')",
       "q.bedrock('silvally', 'ground_idle')"
     ],
     "quirks": [
       "q.bedrock_quirk('silvally', 'blink')"
     ]
   },
   "walking": {
     "poseTypes": ["WALK"],
     "animations": [
       "q.look('head')",
       "q.bedrock('silvally', 'ground_walk')"
     ],
     "quirks": ["q.bedrock_quirk('silvally', 'blink')"]
   }
 }
}