{
	"format_version": "1.12.0",
	"minecraft:geometry": [
		{
			"description": {
				"identifier": "geometry.unknown",
				"texture_width": 128,
				"texture_height": 128,
				"visible_bounds_width": 3,
				"visible_bounds_height": 3.5,
				"visible_bounds_offset": [0, 1.25, 0]
			},
			"bones": [
				{
					"name": "chewtle",
					"pivot": [0, 0, 0]
				},
				{
					"name": "body",
					"parent": "chewtle",
					"pivot": [4, -2.7, -14],
					"rotation": [0, 45, 0]
				},
				{
					"name": "head",
					"parent": "body",
					"pivot": [-0.09453, 16.58052, -15.88656],
					"cubes": [
						{"origin": [-3, 15.3, -21], "size": [8, 6, 8], "pivot": [0.75, 15.05, -16.75], "rotation": [-5, 0, -5], "uv": [42, 9]},
						{"origin": [5, 14.3, -21], "size": [0, 1, 3], "pivot": [0.75, 15.05, -16.75], "rotation": [-5, 0, -5], "uv": [0, 9]},
						{"origin": [2, 14.3, -21], "size": [3, 1, 0], "pivot": [0.75, 15.05, -16.75], "rotation": [-5, 0, -5], "uv": [6, 12]},
						{"origin": [-2, 9.3, -18], "size": [4, 4, 4], "pivot": [0.5, 13.8, -16], "rotation": [18.88172, -6.71771, 18.88172], "uv": [0, 59]},
						{"origin": [-3.05972, 8.36036, -16.07435], "size": [3, 2, 3], "pivot": [-1.38111, 9.94338, -14.23233], "rotation": [23.25612, -8.31087, 23.66235], "uv": [0, 7]},
						{"origin": [-3.24376, 6.69431, -14.93157], "size": [2, 2, 2], "pivot": [-2.06515, 8.17733, -13.58955], "rotation": [23.25612, -8.31087, 23.66235], "uv": [66, 13]},
						{"origin": [-3.24376, 4.09431, -14.93157], "size": [2, 3, 2], "pivot": [-2.06515, 8.17733, -13.58955], "rotation": [29.58806, -12.08459, 30.24925], "uv": [48, 44]},
						{"origin": [5, 13.3, -15], "size": [1, 4, 4], "uv": [0, 17]},
						{"origin": [-5, 13.3, -22], "size": [4, 4, 1], "uv": [34, 38]},
						{"origin": [-5, 13.3, -21], "size": [2, 8, 10], "uv": [18, 49]},
						{"origin": [-3, 13.3, -13], "size": [8, 8, 2], "uv": [42, 58]},
						{"origin": [-3, 21.3, -20], "size": [7, 2, 7], "pivot": [0.75, 15.05, -16.75], "rotation": [-5, 0, -5], "uv": [37, 0]},
						{"origin": [-2.5, 23.3, -19.5], "size": [6, 2, 6], "pivot": [0.75, 15.05, -16.75], "rotation": [-5, 0, -5], "uv": [48, 23]},
						{"origin": [-1, 23.3, -18], "size": [3, 4, 3], "pivot": [0.75, 15.05, -16.75], "rotation": [-5, 0, -5], "uv": [0, 0]},
						{"origin": [-0.5, 27.3, -17.5], "size": [2, 1, 2], "pivot": [0.75, 15.05, -16.75], "rotation": [-5, 0, -5], "uv": [48, 49]}
					]
				},
				{
					"name": "mandibula",
					"parent": "head",
					"pivot": [-3.63243, 13.0914, -12.42034],
					"cubes": [
						{"origin": [-3.5, 13.3, -20.5], "size": [8, 2, 8], "pivot": [-3, 14.3, -13], "rotation": [9.98107, -0.43523, 9.98107], "uv": [48, 44]}
					]
				},
				{
					"name": "torzo",
					"parent": "body",
					"pivot": [-6.91596, 7.3125, -8.74089],
					"rotation": [-7.5, 0, -7.5],
					"cubes": [
						{"origin": [-6, 3.5, -8], "size": [12, 4, 13], "pivot": [4, -3.5, -14], "rotation": [0, -45, 0], "uv": [0, 0]},
						{"origin": [-5.5, 2.5, -7.5], "size": [11, 1, 12], "pivot": [4, -3.5, -14], "rotation": [0, -45, 0], "uv": [0, 32]},
						{"origin": [-6, 7.5, -7], "size": [12, 3, 12], "pivot": [4, -3.5, -14], "rotation": [0, -45, 0], "uv": [0, 17]},
						{"origin": [-5.6, 10.5, -6.5], "size": [11, 1, 11], "pivot": [4, -3.5, -14], "rotation": [0, -45, 0], "uv": [34, 32]},
						{"origin": [-6, 7.5, -8], "size": [12, 1, 1], "pivot": [4, -3.5, -14], "rotation": [0, -45, 0], "uv": [15, 47]},
						{"origin": [6, 6.5, -8], "size": [1, 2, 1], "pivot": [4, -3.5, -14], "rotation": [0, -45, 0], "uv": [9, 7]},
						{"origin": [6, 6.5, -7], "size": [1, 1, 13], "pivot": [4, -3.5, -14], "rotation": [0, -45, 0], "uv": [33, 44]},
						{"origin": [-6, 6.5, 5], "size": [12, 1, 1], "pivot": [4, -3.5, -14], "rotation": [0, -45, 0], "uv": [15, 45]},
						{"origin": [-7, 6.5, -8], "size": [1, 2, 1], "pivot": [4, -3.5, -14], "rotation": [0, -45, 0], "uv": [0, 17]},
						{"origin": [-7, 6.5, -7], "size": [1, 1, 13], "pivot": [4, -3.5, -14], "rotation": [0, -45, 0], "uv": [0, 45]}
					]
				},
				{
					"name": "cola",
					"parent": "torzo",
					"pivot": [-13.0582, 6.01021, -2.82084],
					"cubes": [
						{"origin": [-9.41596, 4.3125, -1.74089], "size": [4, 2, 4], "pivot": [-7.91596, 7.3125, -8.74089], "rotation": [0, -45, 0], "uv": [36, 23]},
						{"origin": [-16.00835, 4.0125, -1.52008], "size": [3, 2, 5], "pivot": [-15.10835, 5.3125, -1.54851], "rotation": [40, -45, 0], "uv": [58, 0]}
					]
				},
				{
					"name": "patas",
					"parent": "torzo",
					"pivot": [-6.91596, 7.3125, -8.74089]
				},
				{
					"name": "1",
					"parent": "patas",
					"pivot": [-9.09794, 6.0125, -14.45841],
					"cubes": [
						{"origin": [-14.91596, 3.5125, -12.74089], "size": [2, 3, 3], "pivot": [-6.91596, 7.3125, -8.74089], "rotation": [0, -45, 0], "uv": [0, 51]}
					]
				},
				{
					"name": "art",
					"parent": "1",
					"pivot": [-10.09794, 3.4625, -15.45841],
					"rotation": [7.43656, -0.9762, 7.43656],
					"cubes": [
						{"origin": [-15.41596, -0.4875, -13.24089], "size": [3, 2, 4], "pivot": [-6.91596, 7.3125, -8.74089], "rotation": [0, -45, 0], "uv": [66, 7]},
						{"origin": [-14.86596, 0.5125, -12.74089], "size": [2, 4, 3], "pivot": [-6.91596, 7.3125, -8.74089], "rotation": [0, -45, 0], "uv": [15, 49]}
					]
				},
				{
					"name": "2",
					"parent": "patas",
					"pivot": [-6.91596, 7.3125, -8.74089],
					"cubes": [
						{"origin": [-17.05222, 4.53325, -9.69431], "size": [2, 2, 2], "pivot": [-14.90871, 5.03325, -8.84076], "rotation": [0, -45, 0], "uv": [37, 9]}
					]
				},
				{
					"name": "art2",
					"parent": "2",
					"pivot": [-15.60871, 3.38325, -10.04076],
					"rotation": [7.43656, -0.9762, 7.43656],
					"cubes": [
						{"origin": [-15.48181, 1.03325, -5.11333], "size": [3, 2, 4], "pivot": [-6.91596, 7.3125, -8.74089], "rotation": [0, -45, 0], "uv": [62, 60]},
						{"origin": [-14.98181, 2.03325, -4.61333], "size": [2, 3, 3], "pivot": [-6.91596, 7.3125, -8.74089], "rotation": [0, -45, 0], "uv": [0, 45]}
					]
				},
				{
					"name": "3",
					"parent": "patas",
					"pivot": [-1.28314, 6.02355, -6.47495],
					"cubes": [
						{"origin": [-0.91647, 3.52355, -12.62163], "size": [2, 3, 3], "pivot": [-6.91596, 7.3125, -8.74089], "rotation": [0, -45, 0], "uv": [34, 32]}
					]
				},
				{
					"name": "art3",
					"parent": "3",
					"pivot": [-0.28314, 3.27355, -5.47495],
					"rotation": [7.5, 0, 7.5],
					"cubes": [
						{"origin": [-1.41647, -0.47645, -13.12163], "size": [3, 2, 4], "pivot": [-6.91596, 7.3125, -8.74089], "rotation": [0, -45, 0], "uv": [60, 54]},
						{"origin": [-0.96647, 0.52355, -12.62163], "size": [2, 4, 3], "pivot": [-6.91596, 7.3125, -8.74089], "rotation": [0, -45, 0], "uv": [0, 38]}
					]
				},
				{
					"name": "4",
					"parent": "patas",
					"pivot": [3.08404, 7.3125, 1.25911]
				},
				{
					"name": "art4",
					"parent": "4",
					"pivot": [-5.60871, 3.18325, -0.04076],
					"rotation": [7.5, 0, 7.5]
				},
				{
					"name": "5",
					"parent": "patas",
					"pivot": [-6.00604, 5.5443, 0.43768],
					"cubes": [
						{"origin": [-3.05273, 4.5443, -9.57505], "size": [2, 2, 2], "pivot": [-14.90871, 5.03325, -8.84076], "rotation": [0, -45, 0], "uv": [0, 25]}
					]
				},
				{
					"name": "art5",
					"parent": "5",
					"pivot": [-6.15265, 4.87805, 0.29596],
					"rotation": [7.43656, -0.9762, 7.43656],
					"cubes": [
						{"origin": [-1.38358, 1.16212, -5.22001], "size": [3, 2, 4], "pivot": [-6.81773, 7.44137, -8.84757], "rotation": [0, -45, 0], "uv": [32, 49]},
						{"origin": [-0.88358, 2.16212, -4.72001], "size": [2, 3, 3], "pivot": [-6.81773, 7.44137, -8.84757], "rotation": [0, -45, 0], "uv": [0, 32]}
					]
				}
			]
		}
	]
}