{
	"format_version": "1.12.0",
	"minecraft:geometry": [
		{
			"description": {
				"identifier": "geometry.unknown",
				"texture_width": 512,
				"texture_height": 512,
				"visible_bounds_width": 8,
				"visible_bounds_height": 9.5,
				"visible_bounds_offset": [0, 4.25, 0]
			},
			"bones": [
				{
					"name": "coperaja",
					"pivot": [0, 0, 0]
				},
				{
					"name": "body",
					"parent": "coperaja",
					"pivot": [0, 5, 0]
				},
				{
					"name": "torzo",
					"parent": "body",
					"pivot": [0, 5, 0],
					"cubes": [
						{"origin": [-23, 12, -14], "size": [49, 62, 31], "uv": [0, 0]}
					]
				},
				{
					"name": "cola",
					"parent": "torzo",
					"pivot": [1.5, 30, 16.5],
					"rotation": [-40, 0, 0],
					"cubes": [
						{"origin": [1, 25, 17], "size": [1, 5, 12], "uv": [244, 142]},
						{"origin": [-2, 25, 29], "size": [7, 5, 6], "uv": [160, 81]}
					]
				},
				{
					"name": "brazos",
					"parent": "torzo",
					"pivot": [0, 5, 0]
				},
				{
					"name": "6",
					"parent": "brazos",
					"pivot": [-9, -5, 9],
					"cubes": [
						{"origin": [-23, 46, -5], "size": [9, 18, 9], "pivot": [-22.5, 64, -0.5], "rotation": [0, 0, 32.5], "uv": [198, 107]}
					]
				},
				{
					"name": "5",
					"parent": "brazos",
					"pivot": [49, -5, 9],
					"cubes": [
						{"origin": [17, 46, -5], "size": [9, 18, 9], "pivot": [25.5, 63, -0.5], "rotation": [0, 0, -37.5], "uv": [198, 107]}
					]
				},
				{
					"name": "colmillo",
					"parent": "torzo",
					"pivot": [0, 5, 0]
				},
				{
					"name": "4",
					"parent": "colmillo",
					"pivot": [-31, 5, 0],
					"cubes": [
						{"origin": [-18, 64, -21], "size": [9, 9, 9], "uv": [234, 205]},
						{"origin": [-18, 64, -31], "size": [9, 9, 10], "uv": [160, 230]},
						{"origin": [-17, 73, -30], "size": [7, 9, 8], "pivot": [-13.5, 72.5, -22], "rotation": [7.5, 0, 0], "uv": [0, 0]}
					]
				},
				{
					"name": "3",
					"parent": "colmillo",
					"pivot": [-1, 5, 0],
					"cubes": [
						{"origin": [12, 64, -21], "size": [9, 9, 9], "uv": [234, 205]},
						{"origin": [12, 64, -31], "size": [9, 9, 10], "uv": [160, 230]},
						{"origin": [13, 73, -30], "size": [7, 9, 8], "pivot": [16.5, 72.5, -22], "rotation": [7.5, 0, 0], "uv": [0, 0]}
					]
				},
				{
					"name": "piez",
					"parent": "torzo",
					"pivot": [0, 5, 0]
				},
				{
					"name": "2",
					"parent": "piez",
					"pivot": [-19, -5, 0],
					"cubes": [
						{"origin": [-20, 0, -9], "size": [17, 12, 19], "uv": [63, 147]}
					]
				},
				{
					"name": "7",
					"parent": "piez",
					"pivot": [8, -5, 0],
					"cubes": [
						{"origin": [7, 0, -9], "size": [17, 12, 19], "uv": [63, 147]}
					]
				},
				{
					"name": "torzosup",
					"parent": "torzo",
					"pivot": [0, 5, 0],
					"cubes": [
						{"origin": [-20, 74, -10], "size": [43, 19, 25], "uv": [0, 93]},
						{"origin": [4, 93, -4], "size": [12, 14, 13], "pivot": [4, 92, 2.5], "rotation": [0, 0, 5], "uv": [49, 178]},
						{"origin": [-13, 93, -4], "size": [12, 14, 13], "pivot": [-1, 93, 2.5], "rotation": [0, 0, -5], "uv": [49, 178]},
						{"origin": [-8, 91.50923, -13.73673], "size": [7, 7, 5], "pivot": [1.5, 94.96565, -11.23864], "rotation": [15, 0, 0], "uv": [0, 252]},
						{"origin": [15, 91.42207, -13.74054], "size": [7, 7, 5], "pivot": [1.5, 94.96565, -11.23864], "rotation": [15, 0, 0], "uv": [0, 252]},
						{"origin": [4, 91.50923, -13.73673], "size": [7, 7, 5], "pivot": [1.5, 94.96565, -11.23864], "rotation": [15, 0, 0], "uv": [0, 252]},
						{"origin": [18, 93, 0], "size": [7, 7, 5], "pivot": [18.5, 92.5, 0.5], "rotation": [0, 90, 5], "uv": [0, 252]},
						{"origin": [-23, 93, -13], "size": [7, 7, 5], "pivot": [-14.5, 91.5, -7.5], "rotation": [0, 90, -5], "uv": [0, 252]},
						{"origin": [-19, 91.50923, -13.73673], "size": [7, 7, 5], "pivot": [1.5, 94.96565, -11.23864], "rotation": [15, 0, 0], "uv": [0, 252]}
					]
				},
				{
					"name": "orejas",
					"parent": "torzosup",
					"pivot": [0, 5, 0]
				},
				{
					"name": "8",
					"parent": "orejas",
					"pivot": [-21, 5, 0],
					"cubes": [
						{"origin": [-41, 74, -10], "size": [21, 19, 0], "pivot": [-20, 83.5, -10], "rotation": [0, 40, 0], "uv": [201, 224]}
					]
				},
				{
					"name": "13",
					"parent": "orejas",
					"pivot": [24, 5, 0],
					"cubes": [
						{"origin": [23, 74, -10], "size": [21, 19, 0], "pivot": [23, 83.5, -10], "rotation": [0, -40, 0], "uv": [201, 224], "mirror": true}
					]
				},
				{
					"name": "cara",
					"parent": "torzosup",
					"pivot": [1.5, 93.5, -9],
					"cubes": [
						{"origin": [-20, 74, -14], "size": [43, 19, 4], "uv": [111, 93]}
					]
				},
				{
					"name": "trompa",
					"parent": "cara",
					"pivot": [1.5, 83, -14],
					"rotation": [35, 0, 0],
					"cubes": [
						{"origin": [-8, 74, -24], "size": [19, 9, 10], "uv": [149, 187]}
					]
				},
				{
					"name": "12",
					"parent": "trompa",
					"pivot": [1.5, 82.5, -24],
					"cubes": [
						{"origin": [-7, 74, -34], "size": [17, 9, 10], "uv": [188, 156]}
					]
				},
				{
					"name": "bone",
					"parent": "12",
					"pivot": [1.5, 82.5, -34],
					"rotation": [2.5, 0, 0],
					"cubes": [
						{"origin": [-6, 74, -50], "size": [15, 9, 16], "uv": [0, 166]}
					]
				},
				{
					"name": "bone2",
					"parent": "bone",
					"pivot": [1.5, 83.5, -49.5],
					"rotation": [2.5, 0, 0],
					"cubes": [
						{"origin": [-7, 74, -59], "size": [17, 9, 9], "uv": [0, 196]}
					]
				},
				{
					"name": "bone3",
					"parent": "bone2",
					"pivot": [1.5, 82.43288, -58.50807],
					"rotation": [7.5, 0, 0],
					"cubes": [
						{"origin": [-8, 74, -75], "size": [19, 9, 16], "uv": [160, 56]},
						{"origin": [-1, 92.4, -76.1], "size": [5, 4, 16], "pivot": [1.5, 88, -123], "rotation": [-12.5, 0, 0], "uv": [197, 175]}
					]
				},
				{
					"name": "bone4",
					"parent": "bone3",
					"pivot": [1.5, 83.6376, -74.23242],
					"rotation": [25, 0, 0],
					"cubes": [
						{"origin": [-9, 74, -91], "size": [21, 9, 16], "uv": [160, 31]},
						{"origin": [8, 89.4, -91.1], "size": [3, 4, 16], "pivot": [1.5, 88, -123], "rotation": [-12.5, 0, 0], "uv": [226, 159]},
						{"origin": [-1, 89.4, -91.1], "size": [5, 4, 16], "pivot": [1.5, 88, -123], "rotation": [-12.5, 0, 0], "uv": [36, 205]},
						{"origin": [-8, 89.4, -91.1], "size": [3, 4, 16], "pivot": [1.5, 88, -123], "rotation": [-12.5, 0, 0], "uv": [227, 227]}
					]
				},
				{
					"name": "bone5",
					"parent": "bone4",
					"pivot": [1.5, 83.24223, -90.32168],
					"rotation": [37.5, 0, 0],
					"cubes": [
						{"origin": [-11, 72, -107], "size": [25, 13, 16], "uv": [0, 137]},
						{"origin": [8, 88, -107.3], "size": [5, 4, 16], "pivot": [1.5, 88, -123], "rotation": [-12.5, 0, 0], "uv": [205, 81]},
						{"origin": [-1, 88, -107.3], "size": [5, 4, 16], "pivot": [1.5, 88, -123], "rotation": [-12.5, 0, 0], "uv": [133, 206]},
						{"origin": [-10, 88, -107.3], "size": [5, 4, 16], "pivot": [1.5, 88, -123], "rotation": [-12.5, 0, 0], "uv": [62, 209]}
					]
				},
				{
					"name": "bone6",
					"parent": "bone5",
					"pivot": [1.5, 84.96025, -107.22339],
					"rotation": [42.5, 0, 0],
					"cubes": [
						{"origin": [-12, 71, -123], "size": [27, 15, 16], "uv": [129, 0]},
						{"origin": [8, 85.5, -123], "size": [5, 4, 16], "pivot": [1.5, 88, -123], "rotation": [-12.5, 0, 0], "uv": [159, 210]},
						{"origin": [-1, 85.5, -123], "size": [5, 4, 16], "pivot": [1.5, 88, -123], "rotation": [-12.5, 0, 0], "uv": [0, 214]},
						{"origin": [-10, 85.5, -123], "size": [5, 4, 16], "pivot": [1.5, 88, -123], "rotation": [-12.5, 0, 0], "uv": [88, 214]}
					]
				},
				{
					"name": "bone7",
					"parent": "bone6",
					"pivot": [1.5, 86.45919, -123.18244],
					"rotation": [45, 0, 0],
					"cubes": [
						{"origin": [-14, 69, -139], "size": [31, 19, 16], "uv": [120, 121]},
						{"origin": [-10, 84, -139], "size": [5, 4, 16], "pivot": [1.5, 88, -123], "rotation": [-12.5, 0, 0], "uv": [218, 20]},
						{"origin": [-1, 84, -139], "size": [5, 4, 16], "pivot": [1.5, 88, -123], "rotation": [-12.5, 0, 0], "uv": [215, 0]},
						{"origin": [8, 84, -139], "size": [5, 4, 16], "pivot": [1.5, 88, -123], "rotation": [-12.5, 0, 0], "uv": [214, 134]}
					]
				},
				{
					"name": "bone8",
					"parent": "bone7",
					"pivot": [1.5, 81, -138.5],
					"rotation": [17.5, 0, 0],
					"cubes": [
						{"origin": [-13, 69, -146], "size": [9, 12, 7], "uv": [223, 247]},
						{"origin": [7, 69, -146], "size": [9, 12, 7], "uv": [113, 246]},
						{"origin": [-3, 69, -146], "size": [9, 12, 7], "uv": [191, 243]}
					]
				},
				{
					"name": "nube",
					"parent": "body",
					"pivot": [0, 0, 0]
				},
				{
					"name": "9",
					"parent": "nube",
					"pivot": [19, 5, -21],
					"rotation": [0, 7.5, 0],
					"cubes": [
						{"origin": [-2, 115, -37], "size": [10, 10, 10], "pivot": [8, 120, -36], "rotation": [0, 10, 0], "uv": [229, 185]},
						{"origin": [8, 115.5, -36.5], "size": [9, 9, 9], "uv": [234, 101]},
						{"origin": [17, 116, -36], "size": [8, 8, 8], "pivot": [17, 120, -36.05], "rotation": [0, -22.5, 0], "uv": [244, 20]},
						{"origin": [24.38479, 116.5, -32.59285], "size": [7, 7, 7], "pivot": [24, 120, -33.05], "rotation": [0, -37.5, 0], "uv": [58, 248]},
						{"origin": [29.37422, 117, -28.11581], "size": [6, 6, 6], "pivot": [29, 120, -28.05], "rotation": [0, -57.5, 0], "uv": [145, 249]},
						{"origin": [32.47789, 117.5, -20.54065], "size": [5, 5, 5], "pivot": [33, 120, -20.05], "rotation": [0, -72.5, 0], "uv": [86, 137]},
						{"origin": [34.19078, 118.5, -13.782], "size": [3, 3, 3], "pivot": [33.78335, 119, -12.88341], "rotation": [0, -92.5, 0], "uv": [0, 137]}
					]
				},
				{
					"name": "10",
					"parent": "nube",
					"pivot": [-9.63622, 120, 5.84061],
					"rotation": [0, 122.5, 0],
					"cubes": [
						{"origin": [-20.78943, 115, -18.78856], "size": [10, 10, 10], "pivot": [-10.78943, 120, -17.78856], "rotation": [0, 10, 0], "uv": [229, 185]},
						{"origin": [-10.78943, 115.5, -18.28856], "size": [9, 9, 9], "uv": [234, 101]},
						{"origin": [-1.78943, 116, -17.78856], "size": [8, 8, 8], "pivot": [-1.78943, 120, -17.83856], "rotation": [0, -22.5, 0], "uv": [244, 20]},
						{"origin": [5.59537, 116.5, -14.38141], "size": [7, 7, 7], "pivot": [5.21057, 120, -14.83856], "rotation": [0, -37.5, 0], "uv": [58, 248]},
						{"origin": [10.58479, 117, -9.90437], "size": [6, 6, 6], "pivot": [10.21057, 120, -9.83856], "rotation": [0, -57.5, 0], "uv": [145, 249]},
						{"origin": [13.68846, 117.5, -2.3292], "size": [5, 5, 5], "pivot": [14.21057, 120, -1.83856], "rotation": [0, -72.5, 0], "uv": [86, 137]},
						{"origin": [15.40135, 118.5, 4.42944], "size": [3, 3, 3], "pivot": [14.99392, 119, 5.32803], "rotation": [0, -92.5, 0], "uv": [0, 137]}
					]
				},
				{
					"name": "11",
					"parent": "nube",
					"pivot": [3.02667, 120, 1.78788],
					"rotation": [0, -112.5, 0],
					"cubes": [
						{"origin": [-4.74081, 115, -35.69859], "size": [10, 10, 10], "pivot": [5.25919, 120, -34.69859], "rotation": [0, 10, 0], "uv": [229, 185]},
						{"origin": [5.25919, 115.5, -35.19859], "size": [9, 9, 9], "uv": [234, 101]},
						{"origin": [14.25919, 116, -34.69859], "size": [8, 8, 8], "pivot": [14.25919, 120, -34.74859], "rotation": [0, -22.5, 0], "uv": [244, 20]},
						{"origin": [21.64398, 116.5, -31.29145], "size": [7, 7, 7], "pivot": [21.25919, 120, -31.74859], "rotation": [0, -37.5, 0], "uv": [58, 248]},
						{"origin": [26.63341, 117, -26.81441], "size": [6, 6, 6], "pivot": [26.25919, 120, -26.74859], "rotation": [0, -57.5, 0], "uv": [145, 249]},
						{"origin": [29.73708, 117.5, -19.23924], "size": [5, 5, 5], "pivot": [30.25919, 120, -18.74859], "rotation": [0, -72.5, 0], "uv": [86, 137]},
						{"origin": [31.44997, 118.5, -12.48059], "size": [3, 3, 3], "pivot": [31.04254, 119, -11.582], "rotation": [0, -92.5, 0], "uv": [0, 137]}
					]
				}
			]
		}
	]
}