{
	"format_version": "1.12.0",
	"minecraft:geometry": [
		{
			"description": {
				"identifier": "geometry.unknown",
				"texture_width": 256,
				"texture_height": 256,
				"visible_bounds_width": 9,
				"visible_bounds_height": 4.5,
				"visible_bounds_offset": [0, 1.75, 0]
			},
			"bones": [
				{
					"name": "drednaw",
					"pivot": [0, 0, 0]
				},
				{
					"name": "body",
					"parent": "drednaw",
					"pivot": [0, 0, -36]
				},
				{
					"name": "head",
					"parent": "body",
					"pivot": [-1.10345, 22.87914, -23.44883],
					"rotation": [90, -80, -90],
					"cubes": [
						{"origin": [-22.95462, -19, -43.55228], "size": [3, 2, 12], "pivot": [-13.95462, 3, -30.55228], "rotation": [0, 180, -180], "uv": [157, 0]},
						{"origin": [-22.95462, -30, -46.55228], "size": [17, 11, 18], "pivot": [-13.95462, 3, -30.55228], "rotation": [0, 180, -180], "uv": [105, 0]},
						{"origin": [-28.95462, 29, -25.55228], "size": [15, 8, 3], "pivot": [-20.45462, 33, -24.05228], "rotation": [180, 0, 30], "uv": [194, 160]},
						{"origin": [-34.95462, 22, -25.55228], "size": [29, 7, 3], "pivot": [-20.45462, 33, -24.05228], "rotation": [180, 0, 30], "uv": [105, 29]},
						{"origin": [-5.95462, 12, -33.55228], "size": [6, 24, 20], "pivot": [-2.95462, 24, -23.55228], "rotation": [0, 180, -180], "uv": [150, 51]},
						{"origin": [-22.95462, -19, -31.55228], "size": [17, 2, 3], "pivot": [-13.95462, 3, -30.55228], "rotation": [0, 180, -180], "uv": [56, 145]},
						{"origin": [-8.05462, -20, -29.55228], "size": [8, 8, 3], "pivot": [-13.95462, 3, -30.55228], "rotation": [0, 180, -180], "uv": [0, 201]},
						{"origin": [-24.95462, 19, -29.05228], "size": [1, 1, 5], "pivot": [-22.45462, 21, -28.55228], "rotation": [180, -90, 0], "uv": [0, 92]},
						{"origin": [-24.95462, 20, -28.55228], "size": [1, 1, 4], "pivot": [-22.45462, 21, -28.55228], "rotation": [180, -90, 0], "uv": [128, 136]},
						{"origin": [-24.95462, 21, -28.05228], "size": [1, 1, 3], "pivot": [-22.45462, 21, -28.55228], "rotation": [180, -90, 0], "uv": [113, 39]},
						{"origin": [-24.95462, 22, -27.55228], "size": [1, 1, 2], "pivot": [-22.45462, 21, -28.55228], "rotation": [180, -90, 0], "uv": [101, 66]},
						{"origin": [-24.95462, 22, -19.55228], "size": [1, 1, 2], "pivot": [-22.45462, 21, -28.55228], "rotation": [180, -90, 0], "uv": [0, 66]},
						{"origin": [-24.95462, 21, -20.05228], "size": [1, 1, 3], "pivot": [-22.45462, 21, -28.55228], "rotation": [180, -90, 0], "uv": [64, 108]},
						{"origin": [-24.95462, 20, -20.55228], "size": [1, 1, 4], "pivot": [-22.45462, 21, -28.55228], "rotation": [180, -90, 0], "uv": [105, 13]},
						{"origin": [-22.95462, 17, -27.05228], "size": [1, 1, 5], "pivot": [-22.45462, 20, -24.05228], "rotation": [180, 0, 0], "uv": [12, 92]},
						{"origin": [-22.95462, 18, -26.55228], "size": [1, 1, 4], "pivot": [-22.45462, 20, -24.05228], "rotation": [180, 0, 0], "uv": [0, 149]},
						{"origin": [-22.95462, 19, -26.05228], "size": [1, 1, 3], "pivot": [-22.45462, 20, -24.05228], "rotation": [180, 0, 0], "uv": [121, 39]},
						{"origin": [-22.95462, 20, -25.55228], "size": [1, 1, 2], "pivot": [-22.45462, 20, -24.05228], "rotation": [180, 0, 0], "uv": [101, 79]},
						{"origin": [-13.70462, 18, -18.30228], "size": [1, 1, 5], "pivot": [-12.45462, 20.5, -15.80228], "rotation": [180, -90, 0], "uv": [0, 74]},
						{"origin": [-13.70462, 19, -17.80228], "size": [1, 1, 4], "pivot": [-12.45462, 20.5, -15.80228], "rotation": [180, -90, 0], "uv": [7, 92]},
						{"origin": [-13.70462, 20, -17.30228], "size": [1, 1, 3], "pivot": [-12.45462, 20.5, -15.80228], "rotation": [180, -90, 0], "uv": [105, 39]},
						{"origin": [-13.70462, 21, -16.80228], "size": [1, 1, 2], "pivot": [-12.45462, 20.5, -15.80228], "rotation": [180, -90, 0], "uv": [5, 24]},
						{"origin": [-9.95462, 22, -27.55228], "size": [1, 1, 2], "pivot": [-22.45462, 21, -28.55228], "rotation": [180, -90, 0], "uv": [32, 93]},
						{"origin": [-9.95462, 21, -28.05228], "size": [1, 1, 3], "pivot": [-22.45462, 21, -28.55228], "rotation": [180, -90, 0], "uv": [111, 13]},
						{"origin": [-9.95462, 20, -28.55228], "size": [1, 1, 4], "pivot": [-22.45462, 21, -28.55228], "rotation": [180, -90, 0], "uv": [126, 86]},
						{"origin": [-9.95462, 19, -29.05228], "size": [1, 1, 5], "pivot": [-22.45462, 21, -28.55228], "rotation": [180, -90, 0], "uv": [27, 87]},
						{"origin": [-24.95462, 19, -21.05228], "size": [1, 1, 5], "pivot": [-22.45462, 21, -28.55228], "rotation": [180, -90, 0], "uv": [27, 75]},
						{"origin": [-8.05462, -20, -48.55228], "size": [8, 8, 3], "pivot": [-13.95462, 3, -30.55228], "rotation": [0, 180, -180], "uv": [148, 51]},
						{"origin": [-22.95462, -19, -46.55228], "size": [17, 2, 3], "pivot": [-13.95462, 3, -30.55228], "rotation": [0, 180, -180], "uv": [96, 145]}
					]
				},
				{
					"name": "mandibula",
					"parent": "head",
					"pivot": [-4.92337, 15.42188, -23.55228],
					"rotation": [0, 0, -5],
					"cubes": [
						{"origin": [-23.95462, 12, -33.55228], "size": [18, 6, 4], "uv": [88, 192]},
						{"origin": [-23.95462, 12, -17.55228], "size": [18, 6, 4], "uv": [188, 150]},
						{"origin": [-23.95462, 12, -29.55228], "size": [4, 6, 12], "uv": [0, 74]},
						{"origin": [-23.95462, 18, -30.55228], "size": [1, 1, 5], "uv": [126, 60]},
						{"origin": [-19.95462, 12, -29.55228], "size": [14, 1, 12], "uv": [38, 175]},
						{"origin": [-23.95462, 19, -30.05228], "size": [1, 1, 4], "uv": [20, 149]},
						{"origin": [-23.95462, 20, -29.55228], "size": [1, 1, 3], "uv": [126, 91]},
						{"origin": [-14.95462, 21, -29.05228], "size": [1, 1, 2], "pivot": [-13.95462, 3, -30.55228], "rotation": [0, -90, 0], "uv": [33, 84]},
						{"origin": [-14.95462, 20, -29.55228], "size": [1, 1, 3], "pivot": [-13.95462, 3, -30.55228], "rotation": [0, -90, 0], "uv": [80, 108]},
						{"origin": [-14.95462, 21, -37.05228], "size": [1, 1, 2], "pivot": [-13.95462, 3, -30.55228], "rotation": [0, -90, 0], "uv": [32, 81]},
						{"origin": [-14.95462, 20, -37.55228], "size": [1, 1, 3], "pivot": [-13.95462, 3, -30.55228], "rotation": [0, -90, 0], "uv": [72, 108]},
						{"origin": [-14.95462, 19, -38.05228], "size": [1, 1, 4], "pivot": [-13.95462, 3, -30.55228], "rotation": [0, -90, 0], "uv": [115, 112]},
						{"origin": [-14.95462, 18, -38.55228], "size": [1, 1, 5], "pivot": [-13.95462, 3, -30.55228], "rotation": [0, -90, 0], "uv": [0, 80]},
						{"origin": [-13.20462, 21, -20.80228], "size": [1, 1, 2], "pivot": [-12.45462, 20.5, -15.80228], "rotation": [0, -90, 0], "uv": [5, 0]},
						{"origin": [-13.20462, 20, -21.30228], "size": [1, 1, 3], "pivot": [-12.45462, 20.5, -15.80228], "rotation": [0, -90, 0], "uv": [27, 81]},
						{"origin": [-13.20462, 19, -21.80228], "size": [1, 1, 4], "pivot": [-12.45462, 20.5, -15.80228], "rotation": [0, -90, 0], "uv": [31, 30]},
						{"origin": [-13.20462, 18, -22.30228], "size": [1, 1, 5], "pivot": [-12.45462, 20.5, -15.80228], "rotation": [0, -90, 0], "uv": [31, 24]},
						{"origin": [-13.20462, 21, -12.80228], "size": [1, 1, 2], "pivot": [-12.45462, 20.5, -15.80228], "rotation": [0, -90, 0], "uv": [37, 30]},
						{"origin": [-13.20462, 20, -13.30228], "size": [1, 1, 3], "pivot": [-12.45462, 20.5, -15.80228], "rotation": [0, -90, 0], "uv": [56, 108]},
						{"origin": [-13.20462, 19, -13.80228], "size": [1, 1, 4], "pivot": [-12.45462, 20.5, -15.80228], "rotation": [0, -90, 0], "uv": [26, 93]},
						{"origin": [-13.20462, 18, -14.30228], "size": [1, 1, 5], "pivot": [-12.45462, 20.5, -15.80228], "rotation": [0, -90, 0], "uv": [20, 74]},
						{"origin": [-14.95462, 19, -30.05228], "size": [1, 1, 4], "pivot": [-13.95462, 3, -30.55228], "rotation": [0, -90, 0], "uv": [126, 73]},
						{"origin": [-14.95462, 18, -30.55228], "size": [1, 1, 5], "pivot": [-13.95462, 3, -30.55228], "rotation": [0, -90, 0], "uv": [20, 80]},
						{"origin": [-23.95462, 21, -29.05228], "size": [1, 1, 2], "uv": [40, 108]},
						{"origin": [-23.95462, 21, -20.05228], "size": [1, 1, 2], "uv": [101, 92]},
						{"origin": [-23.95462, 20, -20.55228], "size": [1, 1, 3], "uv": [126, 78]},
						{"origin": [-23.95462, 19, -21.05228], "size": [1, 1, 4], "uv": [10, 149]},
						{"origin": [-23.95462, 18, -21.55228], "size": [1, 1, 5], "uv": [19, 93]}
					]
				},
				{
					"name": "cuello",
					"parent": "body",
					"pivot": [0, 0, -36],
					"cubes": [
						{"origin": [-10, 13, -24], "size": [18, 19, 4], "uv": [0, 108]},
						{"origin": [-10.5, 12.5, -20], "size": [19, 20, 6], "uv": [0, 158]}
					]
				},
				{
					"name": "torzo",
					"parent": "body",
					"pivot": [-1.04, 23.95965, -20.49333],
					"rotation": [-10, 0, 0],
					"cubes": [
						{"origin": [-16.5, 10.5, -19], "size": [31, 17, 43], "uv": [0, 0]},
						{"origin": [-14.5, 10.5, 24], "size": [27, 16, 5], "uv": [56, 112]},
						{"origin": [-16.5, 27.5, -17], "size": [31, 9, 39], "uv": [0, 60]},
						{"origin": [-19.5, 31.15699, -8.39255], "size": [37, 9, 10], "pivot": [-1, 34.85518, 2.43798], "rotation": [17.5, 0, 0], "uv": [149, 131]},
						{"origin": [-12.5, 37.15699, -6.39255], "size": [24, 5, 7], "pivot": [-1, 34.85518, 2.43798], "rotation": [17.5, 0, 0], "uv": [112, 163]},
						{"origin": [-19.5, 26.15699, 4.60745], "size": [37, 9, 10], "pivot": [-1, 34.85518, 2.43798], "rotation": [17.5, 0, 0], "uv": [149, 112]},
						{"origin": [-12.5, 32.15699, 6.60745], "size": [24, 5, 7], "pivot": [-1, 34.85518, 2.43798], "rotation": [17.5, 0, 0], "uv": [50, 163]},
						{"origin": [-2.5, 34.15699, 6.60745], "size": [4, 5, 6], "pivot": [-1, 34.85518, 2.43798], "rotation": [17.5, 0, 0], "uv": [120, 112]},
						{"origin": [-2.5, 39.15699, -6.39255], "size": [4, 5, 6], "pivot": [-1, 34.85518, 2.43798], "rotation": [17.5, 0, 0], "uv": [196, 198]},
						{"origin": [14.5, 24.5, -17], "size": [4, 12, 39], "uv": [148, 0]},
						{"origin": [-20.5, 24.5, -17], "size": [4, 12, 39], "uv": [102, 112]},
						{"origin": [-21.5, 22.5, -19], "size": [5, 4, 46], "uv": [0, 108]},
						{"origin": [14.5, 22.5, -19], "size": [5, 4, 46], "uv": [94, 62]},
						{"origin": [-18.5, 26.5, 22], "size": [2, 8, 5], "uv": [200, 183]},
						{"origin": [14.5, 26.5, 22], "size": [2, 8, 5], "uv": [170, 24]},
						{"origin": [-16.5, 27.5, 22], "size": [31, 7, 5], "uv": [56, 133]},
						{"origin": [-18.5, 26.5, -19], "size": [2, 12, 2], "uv": [179, 14]},
						{"origin": [-16.5, 27.5, -19], "size": [31, 11, 2], "uv": [150, 95]},
						{"origin": [0.14357, 23.1158, -13.30188], "size": [8, 12, 3], "pivot": [-1, 37.85518, 2.43798], "rotation": [-46.35707, -12.27659, 12.56853], "uv": [195, 15]},
						{"origin": [-5.85643, 23.1158, -11.30188], "size": [6, 12, 1], "pivot": [-1, 37.85518, 2.43798], "rotation": [-46.35707, -12.27659, 12.56853], "uv": [123, 123]},
						{"origin": [-11.09729, 23.1158, -13.60258], "size": [8, 12, 3], "pivot": [-1, 37.85518, 2.43798], "rotation": [-46.35707, 12.27659, -12.56853], "uv": [195, 0]},
						{"origin": [-3.09729, 23.1158, -11.60258], "size": [6, 12, 1], "pivot": [-1, 37.85518, 2.43798], "rotation": [-46.35707, 12.27659, -12.56853], "uv": [105, 0]},
						{"origin": [-5.85643, 35.1158, -11.30188], "size": [10, 9, 1], "pivot": [-1, 37.85518, 2.43798], "rotation": [-46.35707, -12.27659, 12.56853], "uv": [202, 68]},
						{"origin": [-7.09729, 35.1158, -11.60258], "size": [10, 9, 1], "pivot": [-1, 37.85518, 2.43798], "rotation": [-46.35707, 12.27659, -12.56853], "uv": [22, 201]},
						{"origin": [14.5, 26.5, -19], "size": [2, 12, 2], "uv": [202, 78]}
					]
				},
				{
					"name": "cola",
					"parent": "torzo",
					"pivot": [-0.5, 20, 27.5],
					"rotation": [12.5, 0, 0],
					"cubes": [
						{"origin": [-7.5, 15.5, 28], "size": [14, 9, 9], "uv": [0, 131]}
					]
				},
				{
					"name": "bone",
					"parent": "cola",
					"pivot": [0, 0, -31]
				},
				{
					"name": "bone2",
					"parent": "bone",
					"pivot": [-0.25, 19.05, 36.3],
					"rotation": [10, 0, 0],
					"cubes": [
						{"origin": [-0.5, 23.5, 38.3], "size": [1, 4, 5], "uv": [31, 0]},
						{"origin": [-6.5, 16.5, 36.3], "size": [12, 7, 9], "uv": [160, 188]}
					]
				},
				{
					"name": "bone3",
					"parent": "bone2",
					"pivot": [-0.25, 19.3, 44.65],
					"rotation": [5, 0, 0],
					"cubes": [
						{"origin": [-0.5, 22.5, 46.9], "size": [1, 3, 4], "uv": [29, 60]},
						{"origin": [-5.5, 17.5, 44.9], "size": [10, 5, 9], "uv": [0, 60]}
					]
				},
				{
					"name": "bone4",
					"parent": "bone3",
					"pivot": [-0.5, 19.35176, 53.88429],
					"cubes": [
						{"origin": [-3.5, 18.5, 53.4], "size": [6, 3, 6], "pivot": [-0.5, 20, 53.9], "rotation": [17.5, 0, 0], "uv": [110, 175]}
					]
				},
				{
					"name": "patas",
					"parent": "torzo",
					"pivot": [0, 0, -35]
				},
				{
					"name": "1",
					"parent": "patas",
					"pivot": [15.75, 14.25, -19],
					"cubes": [
						{"origin": [10.5, 7.5, -21], "size": [10, 13, 11], "uv": [163, 164]},
						{"origin": [15.5, 10.5, -24], "size": [1, 8, 3], "uv": [0, 24]}
					]
				},
				{
					"name": "art",
					"parent": "1",
					"pivot": [15.5, 8.8, -14.6],
					"rotation": [10, 0, 0],
					"cubes": [
						{"origin": [11.5, 5, -20], "size": [8, 4, 9], "uv": [123, 193]},
						{"origin": [10.5, 1, -24], "size": [10, 4, 13], "uv": [0, 184]},
						{"origin": [10.5, 1, -26], "size": [2, 4, 2], "uv": [157, 6]},
						{"origin": [18.5, 1, -26], "size": [2, 4, 2], "uv": [157, 0]},
						{"origin": [14.5, 1, -26], "size": [2, 4, 2], "uv": [150, 62]}
					]
				},
				{
					"name": "2",
					"parent": "patas",
					"pivot": [0, -0.5, -35],
					"cubes": [
						{"origin": [-22.5, 7.5, -21], "size": [10, 13, 11], "uv": [0, 0]},
						{"origin": [-20.5, 10.5, -24], "size": [1, 8, 3], "uv": [0, 0]}
					]
				},
				{
					"name": "art2",
					"parent": "2",
					"pivot": [-17.5, 9, -15.6],
					"rotation": [10, 0, 0],
					"cubes": [
						{"origin": [-21.5, 4.7, -20], "size": [8, 4, 9], "uv": [101, 86]},
						{"origin": [-22.5, 0.7, -24], "size": [10, 4, 13], "uv": [182, 51]},
						{"origin": [-22.5, 0.7, -26], "size": [2, 4, 2], "uv": [149, 131]},
						{"origin": [-14.5, 0.7, -26], "size": [2, 4, 2], "uv": [149, 112]},
						{"origin": [-18.5, 0.7, -26], "size": [2, 4, 2], "uv": [133, 141]}
					]
				},
				{
					"name": "3",
					"parent": "patas",
					"pivot": [16.75, 19.75, 16],
					"cubes": [
						{"origin": [14.5, 13, 14], "size": [10, 8, 11], "uv": [46, 188]}
					]
				},
				{
					"name": "art3",
					"parent": "3",
					"pivot": [19.5, 15.8, 20.4],
					"rotation": [10, 0, 0],
					"cubes": [
						{"origin": [15.5, 11, 15], "size": [8, 4, 9], "uv": [101, 73]},
						{"origin": [14.5, 7, 11], "size": [10, 4, 13], "uv": [123, 175]},
						{"origin": [14.5, 7, 9], "size": [2, 4, 2], "uv": [37, 131]},
						{"origin": [22.5, 7, 9], "size": [2, 4, 2], "uv": [0, 131]},
						{"origin": [18.5, 7, 9], "size": [2, 4, 2], "uv": [101, 86]}
					]
				},
				{
					"name": "4",
					"parent": "patas",
					"pivot": [16.75, 19.75, 16],
					"cubes": [
						{"origin": [-26.5, 13, 14], "size": [10, 8, 11], "uv": [0, 24]}
					]
				},
				{
					"name": "art4",
					"parent": "4",
					"pivot": [19.5, 15.8, 20.4],
					"rotation": [9.5, 0, 0],
					"cubes": [
						{"origin": [-25.5, 11, 15], "size": [8, 4, 9], "uv": [101, 60]},
						{"origin": [-26.5, 7, 11], "size": [10, 4, 13], "uv": [77, 175]},
						{"origin": [-26.5, 7, 9], "size": [2, 4, 2], "uv": [101, 73]},
						{"origin": [-18.5, 7, 9], "size": [2, 4, 2], "uv": [101, 60]},
						{"origin": [-22.5, 7, 9], "size": [2, 4, 2], "uv": [0, 60]}
					]
				}
			]
		}
	]
}