{
	"format_version": "1.12.0",
	"minecraft:geometry": [
		{
			"description": {
				"identifier": "geometry.unknown",
				"texture_width": 512,
				"texture_height": 512,
				"visible_bounds_width": 10,
				"visible_bounds_height": 13.5,
				"visible_bounds_offset": [0, 6.25, 0]
			},
			"bones": [
				{
					"name": "duralodon",
					"pivot": [0, 0, 0]
				},
				{
					"name": "body",
					"parent": "duralodon",
					"pivot": [0, 0, 0]
				},
				{
					"name": "up",
					"parent": "body",
					"pivot": [-1, 88.93682, 3.44444],
					"cubes": [
						{"origin": [-9, 136, -9], "size": [16, 14, 23], "uv": [266, 342]},
						{"origin": [-2, 159, -3], "size": [2, 14, 15], "uv": [0, 0]},
						{"origin": [-12, 89, -10], "size": [2, 73, 24], "pivot": [-14, 119.5, 2], "rotation": [0, 0, 5], "uv": [0, 239]},
						{"origin": [-10, 118, -9], "size": [18, 18, 23], "uv": [331, 133]},
						{"origin": [-12, 99, -9], "size": [22, 19, 23], "uv": [304, 205]},
						{"origin": [-13, 89, -9], "size": [24, 10, 23], "uv": [260, 115]},
						{"origin": [-8, 150, -3], "size": [14, 9, 15], "uv": [184, 155]},
						{"origin": [-2, 173, 4], "size": [2, 14, 8], "uv": [160, 217]},
						{"origin": [8, 89, -10], "size": [2, 73, 24], "pivot": [12, 119.5, 2], "rotation": [0, 0, -5], "uv": [154, 264]}
					]
				},
				{
					"name": "head",
					"parent": "up",
					"pivot": [-1, 150, -1],
					"cubes": [
						{"origin": [-5, 150, -9], "size": [8, 8, 8], "pivot": [-1, 154, -5], "rotation": [0, -45, 0], "uv": [256, 284]}
					]
				},
				{
					"name": "nube",
					"parent": "up",
					"pivot": [0, 122, 0]
				},
				{
					"name": "9",
					"parent": "nube",
					"pivot": [16.36378, 123, -25.15939],
					"rotation": [0, 7.5, 0],
					"cubes": [
						{"origin": [-7.52269, 118, -37.34412], "size": [10, 10, 10], "pivot": [2.47731, 123, -36.34412], "rotation": [0, 10, 0], "uv": [226, 115]},
						{"origin": [2.47731, 118.5, -36.84412], "size": [9, 9, 9], "uv": [182, 264]},
						{"origin": [11.47731, 119, -36.34412], "size": [8, 8, 8], "pivot": [11.47731, 123, -36.39412], "rotation": [0, -22.5, 0], "uv": [120, 93]},
						{"origin": [18.8621, 119.5, -32.93697], "size": [7, 7, 7], "pivot": [18.47731, 123, -33.39412], "rotation": [0, -37.5, 0], "uv": [227, 155]},
						{"origin": [23.85153, 120, -28.45993], "size": [6, 6, 6], "pivot": [23.47731, 123, -28.39412], "rotation": [0, -57.5, 0], "uv": [230, 65]},
						{"origin": [26.9552, 120.5, -20.88477], "size": [5, 5, 5], "pivot": [27.47731, 123, -20.39412], "rotation": [0, -72.5, 0], "uv": [230, 205]},
						{"origin": [28.66809, 121.5, -14.12612], "size": [3, 3, 3], "pivot": [28.26066, 122, -13.22753], "rotation": [0, -92.5, 0], "uv": [19, 0]}
					]
				},
				{
					"name": "10",
					"parent": "nube",
					"pivot": [-14.63622, 123, 5.84061],
					"rotation": [0, 122.5, 0],
					"cubes": [
						{"origin": [-25.78943, 118, -18.78856], "size": [10, 10, 10], "pivot": [-15.78943, 123, -17.78856], "rotation": [0, 10, 0], "uv": [218, 0]},
						{"origin": [-15.78943, 118.5, -18.28856], "size": [9, 9, 9], "uv": [28, 239]},
						{"origin": [-6.78943, 119, -17.78856], "size": [8, 8, 8], "pivot": [-6.78943, 123, -17.83856], "rotation": [0, -22.5, 0], "uv": [0, 109]},
						{"origin": [0.59537, 119.5, -14.38141], "size": [7, 7, 7], "pivot": [0.21057, 123, -14.83856], "rotation": [0, -37.5, 0], "uv": [0, 191]},
						{"origin": [5.58479, 120, -9.90437], "size": [6, 6, 6], "pivot": [5.21057, 123, -9.83856], "rotation": [0, -57.5, 0], "uv": [198, 85]},
						{"origin": [8.68846, 120.5, -2.3292], "size": [5, 5, 5], "pivot": [9.21057, 123, -1.83856], "rotation": [0, -72.5, 0], "uv": [208, 0]},
						{"origin": [10.40135, 121.5, 4.42944], "size": [3, 3, 3], "pivot": [9.99392, 122, 5.32803], "rotation": [0, -92.5, 0], "uv": [0, 6]}
					]
				},
				{
					"name": "11",
					"parent": "nube",
					"pivot": [-1.97333, 123, 1.78788],
					"rotation": [0, -112.5, 0],
					"cubes": [
						{"origin": [-9.74081, 118, -35.69859], "size": [10, 10, 10], "pivot": [0.25919, 123, -34.69859], "rotation": [0, 10, 0], "uv": [120, 217]},
						{"origin": [0.25919, 118.5, -35.19859], "size": [9, 9, 9], "uv": [74, 177]},
						{"origin": [9.25919, 119, -34.69859], "size": [8, 8, 8], "pivot": [9.25919, 123, -34.74859], "rotation": [0, -22.5, 0], "uv": [0, 93]},
						{"origin": [16.64398, 119.5, -31.29145], "size": [7, 7, 7], "pivot": [16.25919, 123, -31.74859], "rotation": [0, -37.5, 0], "uv": [0, 177]},
						{"origin": [21.63341, 120, -26.81441], "size": [6, 6, 6], "pivot": [21.25919, 123, -26.74859], "rotation": [0, -57.5, 0], "uv": [74, 195]},
						{"origin": [24.73708, 120.5, -19.23924], "size": [5, 5, 5], "pivot": [25.25919, 123, -18.74859], "rotation": [0, -72.5, 0], "uv": [152, 93]},
						{"origin": [26.44997, 121.5, -12.48059], "size": [3, 3, 3], "pivot": [26.04254, 122, -11.582], "rotation": [0, -92.5, 0], "uv": [0, 0]}
					]
				},
				{
					"name": "botom",
					"parent": "body",
					"pivot": [0, 28, 0],
					"cubes": [
						{"origin": [-19, 81, -14], "size": [36, 10, 32], "uv": [146, 23]},
						{"origin": [-19, 63, -14], "size": [36, 18, 34], "uv": [120, 103]},
						{"origin": [-10, 63, -22], "size": [21, 18, 21], "pivot": [-1, 72, -13], "rotation": [0, -45, 0], "uv": [331, 94]},
						{"origin": [-13, 45, -25], "size": [24, 18, 24], "pivot": [-1, 72, -13], "rotation": [0, -45, 0], "uv": [304, 46]},
						{"origin": [-14, 24, -26], "size": [25, 21, 25], "pivot": [-1, 72, -13], "rotation": [0, -45, 0], "uv": [250, 0]},
						{"origin": [18, 34, -15], "size": [8, 47, 34], "pivot": [13, 57.5, 1.5], "rotation": [0, 0, -20], "uv": [70, 217]},
						{"origin": [10.53218, 5.91263, -14.925], "size": [8, 24, 34], "pivot": [37.53218, 16.41263, 2], "rotation": [0, 0, 45], "uv": [290, 284]},
						{"origin": [-26, 42, -14], "size": [50, 21, 34], "uv": [0, 0]},
						{"origin": [-29, 38, -14], "size": [56, 4, 34], "uv": [0, 55]},
						{"origin": [-28, 34, -15], "size": [8, 47, 34], "pivot": [-15, 57.5, 2.5], "rotation": [0, 0, 20], "uv": [180, 183]},
						{"origin": [-23, 28, -14], "size": [44, 10, 33], "uv": [1, 94]},
						{"origin": [-19, 22, -14], "size": [36, 6, 33], "uv": [1, 138]},
						{"origin": [-20.53218, 5.91263, -14.95], "size": [8, 24, 34], "pivot": [-39.53218, 16.41263, 2.5], "rotation": [0, 0, -45], "uv": [206, 284]}
					]
				},
				{
					"name": "cola",
					"parent": "botom",
					"pivot": [0, 10, 32],
					"cubes": [
						{"origin": [-11, 24, 18], "size": [20, 20, 32], "uv": [232, 232]},
						{"origin": [-8, 37, 18], "size": [14, 14, 32], "pivot": [-1, 44, 34], "rotation": [0, 0, -45], "uv": [52, 298]}
					]
				},
				{
					"name": "bone5",
					"parent": "cola",
					"pivot": [0, 10, 32],
					"cubes": [
						{"origin": [-2, 44, 50], "size": [2, 10, 9], "uv": [0, 239]},
						{"origin": [-2, 44, 59], "size": [2, 23, 9], "uv": [0, 55]},
						{"origin": [-7, 24, 50], "size": [12, 20, 18], "uv": [0, 336]}
					]
				},
				{
					"name": "manos",
					"parent": "botom",
					"pivot": [-22, 73, 3],
					"cubes": [
						{"origin": [-48, 65, -2], "size": [32, 10, 10], "uv": [146, 65]}
					]
				},
				{
					"name": "bone4",
					"parent": "manos",
					"pivot": [0, 28, 0],
					"cubes": [
						{"origin": [-68, 60, -7], "size": [20, 20, 20], "uv": [186, 342]},
						{"origin": [-71, 62, -6], "size": [8, 8, 8], "pivot": [-67, 66, -3], "rotation": [0, 0, 45], "uv": [206, 282]},
						{"origin": [-71, 70, -6], "size": [8, 8, 8], "pivot": [-67, 74, -3], "rotation": [0, 0, 45], "uv": [282, 46]},
						{"origin": [-71, 70, 3], "size": [8, 8, 8], "pivot": [-67, 74, -3], "rotation": [0, 0, 45], "uv": [222, 77]},
						{"origin": [-71, 62, 3], "size": [8, 8, 8], "pivot": [-67, 66, -3], "rotation": [0, 0, 45], "uv": [264, 205]}
					]
				},
				{
					"name": "manos2",
					"parent": "botom",
					"pivot": [20, 74, 3],
					"cubes": [
						{"origin": [14, 65, -2], "size": [32, 10, 10], "uv": [134, 0]}
					]
				},
				{
					"name": "bone3",
					"parent": "manos2",
					"pivot": [-2, 28, 0],
					"cubes": [
						{"origin": [46, 60, -7], "size": [20, 20, 20], "uv": [340, 247]},
						{"origin": [61, 62, -6], "size": [8, 8, 8], "pivot": [65, 66, -3], "rotation": [0, 0, -45], "uv": [106, 155]},
						{"origin": [61, 70, -6], "size": [8, 8, 8], "pivot": [65, 74, -3], "rotation": [0, 0, -45], "uv": [0, 153]},
						{"origin": [61, 70, 3], "size": [8, 8, 8], "pivot": [65, 74, -3], "rotation": [0, 0, -45], "uv": [0, 137]},
						{"origin": [61, 62, 3], "size": [8, 8, 8], "pivot": [65, 66, -3], "rotation": [0, 0, -45], "uv": [120, 109]}
					]
				},
				{
					"name": "pies",
					"parent": "duralodon",
					"pivot": [0, -87, 0]
				},
				{
					"name": "1",
					"parent": "pies",
					"pivot": [-20.83178, 42.9679, 2],
					"cubes": [
						{"origin": [-51, 13, -13], "size": [22, 32, 30], "pivot": [-30, 21.5, -2.5], "rotation": [0, 0, 20], "uv": [0, 177]}
					]
				},
				{
					"name": "bone",
					"parent": "1",
					"pivot": [-15, -123, 0],
					"cubes": [
						{"origin": [-56.26771, 0.09202, -12], "size": [25, 22, 28], "uv": [230, 155]},
						{"origin": [-57.26771, 0.09202, 6], "size": [1, 13, 3], "uv": [168, 33]},
						{"origin": [-66.26771, 0.09202, 6], "size": [9, 1, 3], "uv": [101, 177]},
						{"origin": [-66.26771, 0.09202, -5], "size": [9, 1, 3], "uv": [172, 98]},
						{"origin": [-31.26771, 0.09202, -4], "size": [9, 1, 12], "uv": [168, 85]},
						{"origin": [-57.26771, 0.09202, -5], "size": [1, 13, 3], "uv": [106, 137]}
					]
				},
				{
					"name": "2",
					"parent": "pies",
					"pivot": [19.83178, 43.9679, 2],
					"cubes": [
						{"origin": [26, 13, -13], "size": [22, 32, 30], "pivot": [27, 21.5, -2.5], "rotation": [0, 0, -20], "uv": [110, 155]}
					]
				},
				{
					"name": "bone2",
					"parent": "2",
					"pivot": [12, -123, 0],
					"cubes": [
						{"origin": [28.26771, 0.09202, -12], "size": [25, 22, 28], "uv": [226, 65]},
						{"origin": [53.26771, 0.09202, 6], "size": [1, 13, 3], "uv": [22, 71]},
						{"origin": [54.26771, 0.09202, 6], "size": [9, 1, 3], "uv": [146, 85]},
						{"origin": [54.26771, 0.09202, -5], "size": [9, 1, 3], "uv": [0, 29]},
						{"origin": [19.26771, 0.09202, -4], "size": [9, 1, 12], "uv": [134, 20]},
						{"origin": [53.26771, 0.09202, -5], "size": [1, 13, 3], "uv": [22, 55]}
					]
				}
			]
		}
	]
}