{
	"format_version": "1.12.0",
	"minecraft:geometry": [
		{
			"description": {
				"identifier": "geometry.unknown",
				"texture_width": 128,
				"texture_height": 128,
				"visible_bounds_width": 5,
				"visible_bounds_height": 4.5,
				"visible_bounds_offset": [0, 1.75, 0]
			},
			"bones": [
				{
					"name": "malamar",
					"pivot": [0, -3, 0]
				},
				{
					"name": "head",
					"parent": "malamar",
					"pivot": [0, 26, -1.75],
					"cubes": [
						{"origin": [-5, 27, -6], "size": [10, 6, 8], "uv": [36, 38]},
						{"origin": [-6, 25, -6], "size": [12, 2, 9], "uv": [35, 25]}
					]
				},
				{
					"name": "ojos",
					"parent": "head",
					"pivot": [0, -3, -1]
				},
				{
					"name": "1",
					"parent": "ojos",
					"pivot": [3, 30.5, -6.05],
					"rotation": [0, 0, -15],
					"cubes": [
						{"origin": [2, 29, -6.025], "size": [2, 3, 0], "uv": [39, 36]},
						{"origin": [2.5, 30, -6.075], "size": [1, 1, 0], "uv": [0, 9]},
						{"origin": [2, 30, -6.05], "size": [2, 1, 0], "uv": [38, 28]}
					]
				},
				{
					"name": "2",
					"parent": "ojos",
					"pivot": [-3, 30.5, -6.075],
					"rotation": [0, 0, 15],
					"cubes": [
						{"origin": [-4, 29, -6.05], "size": [2, 3, 0], "uv": [5, 34]},
						{"origin": [-3.5, 30, -6.1], "size": [1, 1, 0], "uv": [0, 8]},
						{"origin": [-4, 30, -6.075], "size": [2, 1, 0], "uv": [34, 28]}
					]
				},
				{
					"name": "boca",
					"parent": "head",
					"pivot": [0, -3, -1],
					"cubes": [
						{"origin": [-1, 29, -7.2], "size": [2, 2, 2], "uv": [18, 58]},
						{"origin": [-0.5, 28, -7], "size": [1, 1, 1], "uv": [46, 5]},
						{"origin": [-0.525, 31, -6.5], "size": [1, 1, 1], "uv": [43, 36]},
						{"origin": [-0.5, 30.5, -7], "size": [1, 1, 1], "uv": [46, 0]}
					]
				},
				{
					"name": "pelo",
					"parent": "head",
					"pivot": [0, -3, -1]
				},
				{
					"name": "5",
					"parent": "pelo",
					"pivot": [2.5, 33, -6],
					"cubes": [
						{"origin": [0, 33, -6], "size": [5, 4, 4], "uv": [18, 74]}
					]
				},
				{
					"name": "bone",
					"parent": "5",
					"pivot": [2.5, 36.5, -4],
					"cubes": [
						{"origin": [0.5, 37, -6], "size": [4, 3, 4], "uv": [88, 49]}
					]
				},
				{
					"name": "bone2",
					"parent": "bone",
					"pivot": [2.5, 39.5, -4],
					"cubes": [
						{"origin": [1, 40, -5.5], "size": [3, 3, 3], "uv": [83, 94]}
					]
				},
				{
					"name": "bone3",
					"parent": "bone2",
					"pivot": [-0.5, 6, -1],
					"cubes": [
						{"origin": [1.5, 43, -5], "size": [2, 3, 2], "uv": [38, 52]}
					]
				},
				{
					"name": "bone4",
					"parent": "bone3",
					"pivot": [2.5, 46, -4],
					"cubes": [
						{"origin": [2, 46, -4.5], "size": [1, 3, 1], "uv": [60, 12]}
					]
				},
				{
					"name": "11",
					"parent": "pelo",
					"pivot": [2.5, 28.25, 1.75],
					"cubes": [
						{"origin": [0, 28, 2], "size": [5, 3, 4], "uv": [75, 73]},
						{"origin": [0.5, 26, 2], "size": [4, 2, 3], "uv": [90, 77]}
					]
				},
				{
					"name": "bone25",
					"parent": "11",
					"pivot": [2.5, 33.5, 2],
					"cubes": [
						{"origin": [0.5, 31, 2], "size": [4, 3, 4], "uv": [83, 22]}
					]
				},
				{
					"name": "bone26",
					"parent": "bone25",
					"pivot": [2.5, 33.5, 2],
					"cubes": [
						{"origin": [1, 34, 2.5], "size": [3, 3, 3], "uv": [91, 30]}
					]
				},
				{
					"name": "bone27",
					"parent": "bone26",
					"pivot": [2.5, 36.5, 3],
					"cubes": [
						{"origin": [1.5, 37, 3], "size": [2, 3, 2], "uv": [34, 23]}
					]
				},
				{
					"name": "bone28",
					"parent": "bone27",
					"pivot": [2.5, 39.5, 3],
					"cubes": [
						{"origin": [2, 40, 3.5], "size": [1, 3, 1], "uv": [8, 0]}
					]
				},
				{
					"name": "12",
					"parent": "pelo",
					"pivot": [-2.5, 28.25, 0.75],
					"cubes": [
						{"origin": [-5, 28, 2], "size": [5, 3, 4], "uv": [74, 53]},
						{"origin": [-4.5, 26, 2], "size": [4, 2, 3], "uv": [86, 89]}
					]
				},
				{
					"name": "bone29",
					"parent": "12",
					"pivot": [-2.5, 30.5, 2],
					"cubes": [
						{"origin": [-4.5, 31, 2], "size": [4, 3, 4], "uv": [81, 82]}
					]
				},
				{
					"name": "bone30",
					"parent": "bone29",
					"pivot": [-2.5, 33.5, 2],
					"cubes": [
						{"origin": [-4, 34, 2.5], "size": [3, 3, 3], "uv": [27, 91]}
					]
				},
				{
					"name": "bone31",
					"parent": "bone30",
					"pivot": [-2.5, 36.5, 3],
					"cubes": [
						{"origin": [-3.5, 37, 3], "size": [2, 3, 2], "uv": [0, 24]}
					]
				},
				{
					"name": "bone32",
					"parent": "bone31",
					"pivot": [-2.5, 39.5, 3],
					"cubes": [
						{"origin": [-3, 40, 3.5], "size": [1, 3, 1], "uv": [0, 0]}
					]
				},
				{
					"name": "7",
					"parent": "pelo",
					"pivot": [6.75, 30, -3.5],
					"rotation": [0, -90, 0],
					"cubes": [
						{"origin": [4.25, 30, -5.75], "size": [5, 3, 4], "uv": [54, 77]},
						{"origin": [4.75, 27, -4.75], "size": [4, 3, 3], "uv": [87, 67]}
					]
				},
				{
					"name": "bone9",
					"parent": "7",
					"pivot": [4.75, 32.5, -3.75],
					"cubes": [
						{"origin": [4.75, 33, -5.75], "size": [4, 3, 4], "uv": [0, 85]}
					]
				},
				{
					"name": "bone10",
					"parent": "bone9",
					"pivot": [5.75, 35.5, -3.75],
					"cubes": [
						{"origin": [5.25, 36, -5.25], "size": [3, 3, 3], "uv": [0, 92]}
					]
				},
				{
					"name": "bone11",
					"parent": "bone10",
					"pivot": [5.75, 38.5, -3.75],
					"cubes": [
						{"origin": [5.75, 39, -4.75], "size": [2, 3, 2], "uv": [19, 50]}
					]
				},
				{
					"name": "bone12",
					"parent": "bone11",
					"pivot": [5.75, 41.5, -3.75],
					"cubes": [
						{"origin": [6.25, 42, -4.25], "size": [1, 3, 1], "uv": [59, 0]}
					]
				},
				{
					"name": "9",
					"parent": "pelo",
					"pivot": [-6.75, 28, -3.5],
					"rotation": [0, -90, 0],
					"cubes": [
						{"origin": [-9.25, 30, -5.25], "size": [5, 3, 4], "uv": [77, 0]},
						{"origin": [-8.75, 27, -5.25], "size": [4, 3, 3], "uv": [13, 89]}
					]
				},
				{
					"name": "bone17",
					"parent": "9",
					"pivot": [-8.75, 32.5, -3.25],
					"cubes": [
						{"origin": [-8.75, 33, -5.25], "size": [4, 3, 4], "uv": [30, 84]}
					]
				},
				{
					"name": "bone18",
					"parent": "bone17",
					"pivot": [-8.75, 35.5, -3.25],
					"cubes": [
						{"origin": [-8.25, 36, -4.75], "size": [3, 3, 3], "uv": [39, 91]}
					]
				},
				{
					"name": "bone19",
					"parent": "bone18",
					"pivot": [-7.75, 38.5, -3.25],
					"cubes": [
						{"origin": [-7.75, 39, -4.25], "size": [2, 3, 2], "uv": [40, 5]}
					]
				},
				{
					"name": "bone20",
					"parent": "bone19",
					"pivot": [-7.75, 41.5, -3.25],
					"cubes": [
						{"origin": [-7.25, 42, -3.75], "size": [1, 3, 1], "uv": [6, 58]}
					]
				},
				{
					"name": "8",
					"parent": "pelo",
					"pivot": [7.25, 30, -1],
					"cubes": [
						{"origin": [5, 30, -1], "size": [5, 3, 4], "uv": [36, 77]},
						{"origin": [5, 27, -1], "size": [4, 3, 4], "uv": [14, 82]}
					]
				},
				{
					"name": "bone13",
					"parent": "8",
					"pivot": [7.5, 32.5, -1],
					"cubes": [
						{"origin": [5.5, 33, -1], "size": [4, 3, 4], "uv": [46, 84]}
					]
				},
				{
					"name": "bone14",
					"parent": "bone13",
					"pivot": [7.5, 35.5, 0],
					"cubes": [
						{"origin": [6, 36, -0.5], "size": [3, 3, 3], "uv": [51, 91]}
					]
				},
				{
					"name": "bone15",
					"parent": "bone14",
					"pivot": [7.5, 38.5, 0],
					"cubes": [
						{"origin": [6.5, 39, 0], "size": [2, 3, 2], "uv": [0, 46]}
					]
				},
				{
					"name": "bone16",
					"parent": "bone15",
					"pivot": [7.5, 41.5, 0],
					"cubes": [
						{"origin": [7, 42, 0.5], "size": [1, 3, 1], "uv": [26, 58]}
					]
				},
				{
					"name": "10",
					"parent": "pelo",
					"pivot": [-7.25, 28, 1],
					"cubes": [
						{"origin": [-10, 30, -1], "size": [5, 3, 4], "uv": [0, 77]},
						{"origin": [-9, 27, -1], "size": [4, 3, 4], "uv": [82, 11]}
					]
				},
				{
					"name": "bone21",
					"parent": "10",
					"pivot": [-7.5, 32.5, -1],
					"cubes": [
						{"origin": [-9.5, 33, -1], "size": [4, 3, 4], "uv": [83, 60]}
					]
				},
				{
					"name": "bone22",
					"parent": "bone21",
					"pivot": [-7.5, 35.5, -1],
					"cubes": [
						{"origin": [-9, 36, -0.5], "size": [3, 3, 3], "uv": [91, 37]}
					]
				},
				{
					"name": "bone23",
					"parent": "bone22",
					"pivot": [-7.5, 38.5, 0],
					"cubes": [
						{"origin": [-8.5, 39, 0], "size": [2, 3, 2], "uv": [40, 0]}
					]
				},
				{
					"name": "bone24",
					"parent": "bone23",
					"pivot": [-7.5, 41.5, 0],
					"cubes": [
						{"origin": [-8, 42, 0.5], "size": [1, 3, 1], "uv": [46, 19]}
					]
				},
				{
					"name": "6",
					"parent": "pelo",
					"pivot": [-2.5, 33, -6],
					"cubes": [
						{"origin": [-5, 33, -6], "size": [5, 4, 4], "uv": [69, 64]}
					]
				},
				{
					"name": "bone5",
					"parent": "6",
					"pivot": [-2.5, 36.5, -6],
					"cubes": [
						{"origin": [-4.5, 37, -6], "size": [4, 3, 4], "uv": [62, 86]}
					]
				},
				{
					"name": "bone6",
					"parent": "bone5",
					"pivot": [-2.5, 39.5, -5],
					"cubes": [
						{"origin": [-4, 40, -5.5], "size": [3, 3, 3], "uv": [60, 94]}
					]
				},
				{
					"name": "bone7",
					"parent": "bone6",
					"pivot": [-2.5, 42.5, -5],
					"cubes": [
						{"origin": [-3.5, 43, -5], "size": [2, 3, 2], "uv": [0, 51]}
					]
				},
				{
					"name": "bone8",
					"parent": "bone7",
					"pivot": [-2.5, 45.5, -4],
					"cubes": [
						{"origin": [-3, 46, -4.5], "size": [1, 3, 1], "uv": [59, 4]}
					]
				},
				{
					"name": "torzo",
					"parent": "malamar",
					"pivot": [0, -3, 0],
					"cubes": [
						{"origin": [-7, 16, -7], "size": [14, 7, 12], "uv": [0, 0]},
						{"origin": [-6, 11, -6], "size": [12, 5, 10], "uv": [0, 19]},
						{"origin": [-4, 7, -4], "size": [8, 4, 6], "uv": [60, 12]},
						{"origin": [-3, 3, -3], "size": [6, 4, 4], "uv": [47, 64]},
						{"origin": [-1, 1, -2.5], "size": [2, 2, 3], "uv": [0, 19]},
						{"origin": [-6, 23, -6], "size": [12, 2, 10], "uv": [0, 34]},
						{"origin": [-7, 23, -7], "size": [6, 3, 1], "uv": [91, 0]},
						{"origin": [1, 23, -7], "size": [6, 3, 1], "uv": [89, 73]},
						{"origin": [-7, 23, 4], "size": [14, 3, 1], "uv": [64, 36]},
						{"origin": [6, 23, -6], "size": [1, 3, 10], "uv": [57, 64]},
						{"origin": [-7, 23, -6], "size": [1, 3, 10], "uv": [35, 64]}
					]
				},
				{
					"name": "pierna",
					"parent": "torzo",
					"pivot": [0, -3, 0]
				},
				{
					"name": "3",
					"parent": "pierna",
					"pivot": [4, 9, -1.75],
					"rotation": [0, -10, 0],
					"cubes": [
						{"origin": [4, 6, -3], "size": [2, 4, 4], "pivot": [4.5, 8, -1], "rotation": [-45, 0, 0], "uv": [74, 89]},
						{"origin": [4.5, 4, -4], "size": [1, 4, 3], "uv": [34, 36]},
						{"origin": [4.5, 0, -3], "size": [1, 4, 2], "uv": [0, 58]}
					]
				},
				{
					"name": "pie",
					"parent": "3",
					"pivot": [5.1, 0.5, -0.15],
					"rotation": [0, -12.5, 0],
					"cubes": [
						{"origin": [4.6, 0, -4.6], "size": [1, 1, 3], "uv": [38, 57]},
						{"origin": [4.6, 0, -7.6], "size": [1, 1, 1], "uv": [6, 41]},
						{"origin": [4.1, 0, -6.6], "size": [2, 1, 2], "uv": [56, 58]}
					]
				},
				{
					"name": "4",
					"parent": "pierna",
					"pivot": [-4, 9, -1.75],
					"rotation": [0, 10, 0],
					"cubes": [
						{"origin": [-6, 6, -3], "size": [2, 4, 4], "pivot": [-4.5, 8, -1], "rotation": [-45, 0, 0], "uv": [0, 0]},
						{"origin": [-5.5, 4, -4], "size": [1, 4, 3], "uv": [0, 34]},
						{"origin": [-5.5, 0, -3], "size": [1, 4, 2], "uv": [56, 52]}
					]
				},
				{
					"name": "pie2",
					"parent": "4",
					"pivot": [-5.1, 0.5, -0.15],
					"rotation": [0, 12.5, 0],
					"cubes": [
						{"origin": [-5.6, 0, -4.6], "size": [1, 1, 3], "uv": [28, 47]},
						{"origin": [-5.6, 0, -7.6], "size": [1, 1, 1], "uv": [6, 24]},
						{"origin": [-6.1, 0, -6.6], "size": [2, 1, 2], "uv": [0, 41]}
					]
				},
				{
					"name": "brazos",
					"parent": "torzo",
					"pivot": [0, -3, 0]
				},
				{
					"name": "13",
					"parent": "brazos",
					"pivot": [7, 24.5, -1],
					"rotation": [0, 0, -40],
					"cubes": [
						{"origin": [7, 24, -6], "size": [4, 1, 10], "uv": [59, 0]}
					]
				},
				{
					"name": "bone33",
					"parent": "13",
					"pivot": [10.98889, 24.5, -1.11111],
					"rotation": [0, 0, 35],
					"cubes": [
						{"origin": [11, 24, -6.5], "size": [4, 1, 11], "uv": [19, 52]}
					]
				},
				{
					"name": "bone34",
					"parent": "bone33",
					"pivot": [14.88889, 24.5, -1.11111],
					"rotation": [0, 0, 35],
					"cubes": [
						{"origin": [15, 24, -6.5], "size": [4, 1, 11], "uv": [0, 46]}
					]
				},
				{
					"name": "bone35",
					"parent": "bone34",
					"pivot": [18.88889, 24.5, -1.11111],
					"rotation": [0, 0, 50],
					"cubes": [
						{"origin": [19, 24, -6], "size": [4, 1, 10], "uv": [0, 58]}
					]
				},
				{
					"name": "bone37",
					"parent": "bone35",
					"pivot": [22.88889, 24.5, -1.11111],
					"rotation": [0, 0, 42.5],
					"cubes": [
						{"origin": [23, 24, -5.7], "size": [4, 1, 9], "uv": [19, 64]}
					]
				},
				{
					"name": "bone38",
					"parent": "bone37",
					"pivot": [26.84715, 24.6617, -1.2],
					"rotation": [0, 0, 17.5],
					"cubes": [
						{"origin": [26.64946, 24.12048, -4.7], "size": [4, 1, 7], "uv": [0, 69]}
					]
				},
				{
					"name": "bone39",
					"parent": "bone38",
					"pivot": [30.64946, 24.62048, -1.2],
					"rotation": [0, 0, -15],
					"cubes": [
						{"origin": [30.64946, 24.12048, -3.7], "size": [4, 1, 5], "uv": [67, 80]}
					]
				},
				{
					"name": "bone40",
					"parent": "bone39",
					"pivot": [34.64946, 24.62048, -1.2],
					"rotation": [0, 0, -30],
					"cubes": [
						{"origin": [34.64946, 24.12048, -2.7], "size": [4, 1, 3], "uv": [88, 18]}
					]
				},
				{
					"name": "bone41",
					"parent": "bone40",
					"pivot": [38.81612, 24.62048, 0.46667],
					"rotation": [0, 0, -45],
					"cubes": [
						{"origin": [38.64946, 24.12048, -2.2], "size": [11, 1, 2], "uv": [68, 30]},
						{"origin": [38.64946, 24.62048, -0.2], "size": [6, 0, 4], "uv": [15, 46]},
						{"origin": [44.64946, 24.62048, -0.2], "size": [5, 0, 2], "uv": [0, 10]}
					]
				},
				{
					"name": "14",
					"parent": "brazos",
					"pivot": [-7, 24.5, -1],
					"rotation": [0, 0, 40],
					"cubes": [
						{"origin": [-11, 24, -6], "size": [4, 1, 10], "uv": [56, 53]}
					]
				},
				{
					"name": "bone36",
					"parent": "14",
					"pivot": [-10.98889, 24.5, -1.11111],
					"rotation": [0, 0, -35],
					"cubes": [
						{"origin": [-15, 24, -6.5], "size": [4, 1, 11], "uv": [41, 12]}
					]
				},
				{
					"name": "bone42",
					"parent": "bone36",
					"pivot": [-14.88889, 24.5, -1.11111],
					"rotation": [0, 0, -35],
					"cubes": [
						{"origin": [-19, 24, -6.5], "size": [4, 1, 11], "uv": [40, 0]}
					]
				},
				{
					"name": "bone43",
					"parent": "bone42",
					"pivot": [-18.88889, 24.5, -1.11111],
					"rotation": [0, 0, -50],
					"cubes": [
						{"origin": [-23, 24, -6], "size": [4, 1, 10], "uv": [38, 52]}
					]
				},
				{
					"name": "bone44",
					"parent": "bone43",
					"pivot": [-22.88889, 24.5, -1.11111],
					"rotation": [0, 0, -42.5],
					"cubes": [
						{"origin": [-27, 24, -5.7], "size": [4, 1, 9], "uv": [63, 43]}
					]
				},
				{
					"name": "bone45",
					"parent": "bone44",
					"pivot": [-26.84715, 24.6617, -1.2],
					"rotation": [0, 0, -17.5],
					"cubes": [
						{"origin": [-30.64946, 24.12048, -4.7], "size": [4, 1, 7], "uv": [68, 22]}
					]
				},
				{
					"name": "bone46",
					"parent": "bone45",
					"pivot": [-30.64946, 24.62048, -1.2],
					"rotation": [0, 0, 15],
					"cubes": [
						{"origin": [-34.64946, 24.12048, -3.7], "size": [4, 1, 5], "uv": [80, 43]}
					]
				},
				{
					"name": "bone47",
					"parent": "bone46",
					"pivot": [-34.64946, 24.62048, -1.2],
					"rotation": [0, 0, 30],
					"cubes": [
						{"origin": [-38.64946, 24.12048, -2.7], "size": [4, 1, 3], "uv": [87, 7]}
					]
				},
				{
					"name": "bone48",
					"parent": "bone47",
					"pivot": [-38.81612, 24.62048, 0.46667],
					"rotation": [0, 0, 45],
					"cubes": [
						{"origin": [-49.64946, 24.12048, -2.2], "size": [11, 1, 2], "uv": [64, 40]},
						{"origin": [-44.64946, 24.62048, -0.2], "size": [6, 0, 4], "uv": [30, 19]},
						{"origin": [-49.64946, 24.62048, -0.2], "size": [5, 0, 2], "uv": [0, 8]}
					]
				}
			]
		}
	]
}