{
	"format_version": "1.12.0",
	"minecraft:geometry": [
		{
			"description": {
				"identifier": "geometry.unknown",
				"texture_width": 256,
				"texture_height": 256,
				"visible_bounds_width": 9,
				"visible_bounds_height": 9.5,
				"visible_bounds_offset": [0, 4.25, 0]
			},
			"bones": [
				{
					"name": "body",
					"pivot": [0, 0, 0]
				},
				{
					"name": "cabesa",
					"parent": "body",
					"pivot": [0.37911, 89.09191, 11.02372],
					"rotation": [-9, 0, 0],
					"cubes": [
						{"origin": [-9.6, 95.36007, 7.31586], "size": [20, 16, 18], "pivot": [0, 84.25062, 15.83359], "rotation": [38, 0, 0], "uv": [0, 0]},
						{"origin": [27.10945, 73.85062, 17.31586], "size": [8, 8, 4], "pivot": [0, 84.25062, 15.83359], "rotation": [0, 38, -90], "uv": [154, 150]},
						{"origin": [-1.8, 109.36007, 5.11586], "size": [4, 8, 4], "pivot": [0, 84.25062, 15.83359], "rotation": [38, 0, 0], "uv": [24, 154]},
						{"origin": [27.10945, 85.85062, 17.31586], "size": [8, 8, 4], "pivot": [0, 84.25062, 15.83359], "rotation": [0, 38, -90], "uv": [0, 154]},
						{"origin": [-7.4, 96.76007, 5.31586], "size": [16, 6, 4], "pivot": [0, 84.25062, 15.83359], "rotation": [38, 0, 0], "uv": [32, 40]},
						{"origin": [-4.6, 100.96007, 5.51586], "size": [10, 4, 6], "pivot": [0, 84.25062, 15.83359], "rotation": [38, 0, 0], "uv": [36, 86]},
						{"origin": [10.03779, 107.3147, 5.31586], "size": [8, 2, 2], "pivot": [0, 84.25062, 15.83359], "rotation": [36.97502, 9.46984, -12.32732], "uv": [32, 34]},
						{"origin": [-21.12472, 105.24115, 5.31586], "size": [8, 2, 2], "pivot": [0, 84.25062, 15.83359], "rotation": [35.41053, -14.79199, 19.75409], "uv": [32, 34]}
					]
				},
				{
					"name": "antena1",
					"parent": "cabesa",
					"pivot": [6.4, 101.65581, -3.70843],
					"cubes": [
						{"origin": [4.4, 108.89533, 2.05939], "size": [4, 8, 4], "pivot": [0, 84.25062, 15.83359], "rotation": [21, 0, 0], "uv": [40, 158]},
						{"origin": [4.4, 109.14673, -8.94174], "size": [4, 8, 4], "pivot": [0, 84.25062, 15.83359], "rotation": [-1, 0, 0], "uv": [156, 72]},
						{"origin": [5.4, 106.67451, -17.91182], "size": [2, 8, 2], "pivot": [0, 84.25062, 15.83359], "rotation": [-21, 0, 0], "uv": [48, 122]}
					]
				},
				{
					"name": "antena2",
					"parent": "cabesa",
					"pivot": [-5.4, 101.73657, -4.02489],
					"cubes": [
						{"origin": [-6.4, 106.55491, -18.02176], "size": [2, 8, 2], "pivot": [0, 84.25062, 15.83359], "rotation": [-21.5, 0, 0], "uv": [72, 40]},
						{"origin": [-7.4, 108.6748, 1.59721], "size": [4, 8, 4], "pivot": [0, 84.25062, 15.83359], "rotation": [20, 0, 0], "uv": [156, 104]},
						{"origin": [-7.4, 108.04595, -10.39105], "size": [4, 8, 4], "pivot": [0, 84.25062, 15.83359], "rotation": [-4, 0, 0], "uv": [156, 60]}
					]
				},
				{
					"name": "bigote1",
					"parent": "cabesa",
					"pivot": [6.4, 10.66428, 30.28666],
					"cubes": [
						{"origin": [6.28513, 103.01451, 4.6712], "size": [8, 4, 4], "pivot": [-1.6, 86.65062, 19.03359], "rotation": [40.34521, -22.08696, -34.04243], "uv": [152, 134]},
						{"origin": [12.05607, 103.43339, 2.93424], "size": [8, 2, 2], "pivot": [-1.6, 86.65062, 19.03359], "rotation": [43.98581, -30.25565, -42.26436], "uv": [108, 24]}
					]
				},
				{
					"name": "bigote2",
					"parent": "cabesa",
					"pivot": [6.4, 4.66428, 30.28666],
					"cubes": [
						{"origin": [4.98198, 98.58917, 7.24383], "size": [8, 4, 4], "pivot": [0, 84.25062, 15.83359], "rotation": [42.85092, -26.93668, -10.18105], "uv": [150, 36]},
						{"origin": [10.17707, 100.60919, 5.24847], "size": [8, 2, 2], "pivot": [0, 84.25062, 15.83359], "rotation": [49.7064, -37.35348, -22.97443], "uv": [64, 64]}
					]
				},
				{
					"name": "bigote3",
					"parent": "cabesa",
					"pivot": [-17.6, 120.66428, 30.28666],
					"rotation": [0, 0, -180],
					"cubes": [
						{"origin": [-25.73227, 165.06219, -20.60692], "size": [8, 4, 4], "pivot": [-0.6, 109.45062, -56.16641], "rotation": [-43.87354, -10.73333, 27.42365], "uv": [108, 76]},
						{"origin": [-1.27456, 166.06219, -15.67689], "size": [8, 2, 2], "pivot": [-0.6, 109.45062, -56.16641], "rotation": [-50.4066, -27.91184, 46.78125], "uv": [32, 50]}
					]
				},
				{
					"name": "bigote4",
					"parent": "cabesa",
					"pivot": [6.4, 4.66428, 30.28666],
					"cubes": [
						{"origin": [4.82738, 66.59532, 6.52724], "size": [8, 4, 4], "pivot": [0, 84.25062, 15.83359], "rotation": [-38.26519, -24.54893, -170.63669], "uv": [84, 64]},
						{"origin": [7.08426, 67.59532, 2.11541], "size": [8, 2, 2], "pivot": [0, 84.25062, 15.83359], "rotation": [-53.08319, -45.204, -145.41457], "uv": [0, 50]}
					]
				},
				{
					"name": "torzo",
					"parent": "body",
					"pivot": [0, 24, 7.4],
					"rotation": [-25, 0, 0]
				},
				{
					"name": "torzo2",
					"parent": "torzo",
					"pivot": [6, 7, 0],
					"cubes": [
						{"origin": [-5.8, 35.2, 0.6], "size": [12, 12, 12], "uv": [108, 52]},
						{"origin": [-5.8, 23.2, 0.6], "size": [12, 12, 12], "uv": [72, 74]}
					]
				},
				{
					"name": "torzo3",
					"parent": "torzo",
					"pivot": [6, 7, 0],
					"cubes": [
						{"origin": [-5.8, 56.64908, 0.64154], "size": [12, 12, 12], "pivot": [-0.4, 46.53164, 7.16446], "rotation": [17, 0, 0], "uv": [120, 76]},
						{"origin": [-5.8, 44.64908, 0.64154], "size": [12, 12, 12], "pivot": [-0.4, 46.53164, 7.16446], "rotation": [17, 0, 0], "uv": [0, 110]}
					]
				},
				{
					"name": "torzo4",
					"parent": "torzo",
					"pivot": [6, 7, 0],
					"cubes": [
						{"origin": [-5.8, 63.33491, -5.01023], "size": [12, 12, 12], "pivot": [-0.4, 64.99589, -0.56286], "rotation": [45, 0, 0], "uv": [120, 110]},
						{"origin": [-5.8, 79.89578, -20.3708], "size": [12, 12, 12], "pivot": [-0.4, 80.58634, -14.45307], "rotation": [38, 0, 0], "uv": [102, 28]},
						{"origin": [-5.8, 75.33491, -5.01023], "size": [12, 12, 12], "pivot": [-0.4, 64.99589, -0.56286], "rotation": [45, 0, 0], "uv": [84, 98]}
					]
				},
				{
					"name": "brazo1",
					"parent": "torzo",
					"pivot": [5.44716, 77.97039, -12.44261],
					"rotation": [10.1509, 28.48042, -20.00533],
					"cubes": [
						{"origin": [4.22113, 78.39916, -11.35638], "size": [16, 4, 4], "pivot": [-2.72333, 75.89867, -10.40166], "rotation": [27.95415, 9.93385, 14.94085], "uv": [72, 144]},
						{"origin": [16.22035, 67.62813, -3.52052], "size": [16, 4, 4], "pivot": [-2.72333, 75.89867, -10.40166], "rotation": [43.07077, 41.99767, 6.57767], "uv": [138, 28]}
					]
				},
				{
					"name": "mano",
					"parent": "brazo1",
					"pivot": [2.27667, 2.31233, 4.05141],
					"cubes": [
						{"origin": [26.78696, 62.9915, 5.50941], "size": [8, 8, 4], "pivot": [-2.72333, 75.89867, -10.40166], "rotation": [51.2955, 55.81814, 18.35157], "uv": [72, 152]},
						{"origin": [25.23168, 62.9915, 18.80562], "size": [4, 2, 2], "pivot": [-2.72333, 75.89867, -10.40166], "rotation": [85.88895, 63.92381, 57.8626], "uv": [120, 84]},
						{"origin": [25.23168, 65.9915, 18.80562], "size": [4, 2, 2], "pivot": [-2.72333, 75.89867, -10.40166], "rotation": [85.88895, 63.92381, 57.8626], "uv": [102, 52]},
						{"origin": [25.23168, 68.9915, 18.80562], "size": [4, 2, 2], "pivot": [-2.72333, 75.89867, -10.40166], "rotation": [85.88895, 63.92381, 57.8626], "uv": [96, 0]}
					]
				},
				{
					"name": "brazo2",
					"parent": "torzo",
					"pivot": [-3.64535, 79.39531, -16.18769],
					"cubes": [
						{"origin": [-16.99548, 77.62174, -7.75365], "size": [16, 4, 4], "pivot": [3.6, 77.78634, -7.25307], "rotation": [39.79803, -35.34934, 0.32631], "uv": [132, 0]},
						{"origin": [-30.24734, 74.93647, 0.03364], "size": [16, 4, 4], "pivot": [3.6, 77.78634, -7.25307], "rotation": [58.90458, -56.67812, -19.53461], "uv": [120, 100]}
					]
				},
				{
					"name": "mano2",
					"parent": "brazo2",
					"pivot": [-16.2, 4.2, 7.2],
					"cubes": [
						{"origin": [-36.01071, 70.61689, 4.24082], "size": [8, 8, 4], "pivot": [3.6, 77.78634, -7.25307], "rotation": [88.12584, -57.06175, -34.7547], "uv": [152, 8]},
						{"origin": [-34.9569, 70.61689, 14.32644], "size": [4, 2, 2], "pivot": [3.6, 77.78634, -7.25307], "rotation": [108.87338, -54.94784, -59.65276], "uv": [64, 142]},
						{"origin": [-34.9569, 76.61689, 14.32644], "size": [4, 2, 2], "pivot": [3.6, 77.78634, -7.25307], "rotation": [108.87338, -54.94784, -59.65276], "uv": [138, 36]},
						{"origin": [-34.9569, 73.61689, 14.32644], "size": [4, 2, 2], "pivot": [3.6, 77.78634, -7.25307], "rotation": [108.87338, -54.94784, -59.65276], "uv": [132, 8]}
					]
				},
				{
					"name": "nubes",
					"parent": "torzo",
					"pivot": [0, 68, 0]
				},
				{
					"name": "nube1",
					"parent": "nubes",
					"pivot": [4, 1, 0],
					"cubes": [
						{"origin": [-5.39011, 53.69578, -48.75836], "size": [12, 12, 12], "pivot": [-0.4, 80.58634, -14.45307], "rotation": [37.33728, 29.10558, 20.35755], "uv": [36, 98]},
						{"origin": [-12.22697, 54.69578, -47.29433], "size": [10, 10, 10], "pivot": [-0.4, 80.58634, -14.45307], "rotation": [32.02452, 2.11993, 1.3254], "uv": [0, 134]},
						{"origin": [-5.54908, 55.69578, -46.36895], "size": [8, 8, 8], "pivot": [-0.4, 80.58634, -14.45307], "rotation": [32.04809, -2.96765, -1.85638], "uv": [144, 44]},
						{"origin": [-6.01472, 57.09578, -45.48106], "size": [6, 6, 6], "pivot": [-0.4, 80.58634, -14.45307], "rotation": [33.54007, -16.44437, -10.62819], "uv": [130, 150]},
						{"origin": [-5.5119, 58.09578, -44.4], "size": [4, 4, 4], "pivot": [-0.4, 80.58634, -14.45307], "rotation": [35.67635, -24.68309, -16.68946], "uv": [30, 134]},
						{"origin": [-6.60263, 60.29578, -44.07471], "size": [2, 2, 2], "pivot": [-0.4, 80.58634, -14.45307], "rotation": [41.7174, -37.21954, -28.33576], "uv": [128, 134]},
						{"origin": [-3.29969, 61.29578, -43.59008], "size": [2, 2, 2], "pivot": [-0.4, 80.58634, -14.45307], "rotation": [42.76647, -38.70029, -30.04103], "uv": [0, 134]}
					]
				},
				{
					"name": "nube2",
					"parent": "nubes",
					"pivot": [-5.93028, 81.51429, 3.29667],
					"rotation": [0, 120, 0],
					"cubes": [
						{"origin": [-18.39328, 77.61745, -25.93794], "size": [12, 12, 12], "pivot": [-0.4, 80.58634, -14.45307], "rotation": [-19.45021, 37.27817, 16.34696], "uv": [96, 0]},
						{"origin": [-10.93233, 78.61745, -21.06118], "size": [10, 10, 10], "pivot": [-0.4, 80.58634, -14.45307], "rotation": [-15.45668, 6.18257, 26.71443], "uv": [88, 124]},
						{"origin": [-1.51942, 79.61745, -20.41484], "size": [8, 8, 8], "pivot": [-0.4, 80.58634, -14.45307], "rotation": [-15.36493, 0.39792, 28.31081], "uv": [40, 142]},
						{"origin": [5.01276, 81.01745, -21.6431], "size": [6, 6, 6], "pivot": [-0.4, 80.58634, -14.45307], "rotation": [-15.92197, -15.01685, 32.64748], "uv": [72, 98]},
						{"origin": [9.48748, 82.01745, -22.83909], "size": [4, 4, 4], "pivot": [-0.4, 80.58634, -14.45307], "rotation": [-16.94382, -24.61069, 35.65095], "uv": [96, 24]},
						{"origin": [13.75869, 84.21745, -27.48342], "size": [2, 2, 2], "pivot": [-0.4, 80.58634, -14.45307], "rotation": [-20.17235, -39.79463, 41.65217], "uv": [112, 54]},
						{"origin": [17.62825, 85.21745, -27.7195], "size": [2, 2, 2], "pivot": [-0.4, 80.58634, -14.45307], "rotation": [-20.77479, -41.66835, 42.5753], "uv": [62, 86]}
					]
				},
				{
					"name": "nube3",
					"parent": "nubes",
					"pivot": [-1.93028, 72.51429, 7.29667],
					"rotation": [0, -122.5, 0],
					"cubes": [
						{"origin": [-36.51733, 69.06807, -35.64083], "size": [12, 12, 12], "pivot": [-0.4, 80.58634, -14.45307], "rotation": [-19.08976, 29.47281, -37.45304], "uv": [0, 86]},
						{"origin": [-31.43136, 70.06807, -19.50647], "size": [10, 10, 10], "pivot": [-0.4, 80.58634, -14.45307], "rotation": [-16.54868, -1.55211, -27.32853], "uv": [48, 122]},
						{"origin": [-21.74365, 71.06807, -16.72591], "size": [8, 8, 8], "pivot": [-0.4, 80.58634, -14.45307], "rotation": [-16.68163, -7.30203, -25.60847], "uv": [128, 134]},
						{"origin": [-13.41121, 72.46807, -12.52252], "size": [6, 6, 6], "pivot": [-0.4, 80.58634, -14.45307], "rotation": [-17.96144, -22.58612, -20.69246], "uv": [78, 0]},
						{"origin": [-7.07282, 73.46807, -10.65778], "size": [4, 4, 4], "pivot": [-0.4, 80.58634, -14.45307], "rotation": [-19.63024, -32.05634, -17.06994], "uv": [64, 50]},
						{"origin": [1.19753, 75.66807, -11.20936], "size": [2, 2, 2], "pivot": [-0.4, 80.58634, -14.45307], "rotation": [-24.62948, -46.90527, -9.28025], "uv": [50, 36]},
						{"origin": [5.6427, 76.66807, -11.01698], "size": [2, 2, 2], "pivot": [-0.4, 80.58634, -14.45307], "rotation": [-25.56551, -48.71654, -8.01712], "uv": [12, 34]}
					]
				},
				{
					"name": "cola",
					"parent": "torzo",
					"pivot": [0, 34.6, 12.8],
					"rotation": [12.5, 0, 0],
					"cubes": [
						{"origin": [-2, 33, 12], "size": [4, 4, 12], "uv": [132, 12]},
						{"origin": [-2, 33, 23.4], "size": [4, 4, 12], "pivot": [0, 34.8, 23.5], "rotation": [9, 0, 0], "uv": [0, 70]},
						{"origin": [-2, 34.88922, 34.80739], "size": [4, 4, 12], "pivot": [0, 36.96831, 35.40612], "rotation": [18, 0, 0], "uv": [58, 0]},
						{"origin": [-3, 38.38671, 45.13812], "size": [6, 12, 6], "pivot": [0, 44.38671, 48.13812], "rotation": [18, 0, 0], "uv": [106, 146]},
						{"origin": [-3, 42.11437, 40.9794], "size": [6, 6, 4], "pivot": [0, 45.31437, 42.5794], "rotation": [26, 0, 0], "uv": [78, 122]}
					]
				},
				{
					"name": "bot",
					"parent": "body",
					"pivot": [6, 7, 0]
				},
				{
					"name": "pierna",
					"parent": "bot",
					"pivot": [8.9, 30.62417, 8.25432],
					"cubes": [
						{"origin": [6, 15, -3.2], "size": [6, 16, 20], "pivot": [9, 23, 6.8], "rotation": [10, 0, 0], "uv": [32, 50]},
						{"origin": [6.8, 1.8, 7.4], "size": [4, 12, 4], "pivot": [8.8, 9.8, 3.4], "rotation": [22.5, 0, 0], "uv": [0, 34]}
					]
				},
				{
					"name": "pie",
					"parent": "pierna",
					"pivot": [8.8, 5.4, 10.55],
					"cubes": [
						{"origin": [3.8, 0.4, -2.8], "size": [10, 6, 18], "uv": [64, 40]},
						{"origin": [4, 0.4, -6], "size": [2, 6, 4], "uv": [56, 158]},
						{"origin": [7.8, 0.4, -6], "size": [2, 6, 4], "uv": [0, 110]},
						{"origin": [11.6, 0.4, -6], "size": [2, 6, 4], "uv": [0, 86]}
					]
				},
				{
					"name": "pierna2",
					"parent": "bot",
					"pivot": [-9, 28.62417, 8.25432],
					"cubes": [
						{"origin": [-11.8, 15, -3.2], "size": [6, 16, 20], "pivot": [-8.8, 23, 6.8], "rotation": [10, 0, 0], "uv": [0, 34]},
						{"origin": [-11.2, 1.8, 7.4], "size": [4, 12, 4], "pivot": [8.8, 9.8, 3.4], "rotation": [22.5, 0, 0], "uv": [0, 0]}
					]
				},
				{
					"name": "pie2",
					"parent": "pierna2",
					"pivot": [-9.35, 3.4, 12.55],
					"cubes": [
						{"origin": [-14.2, 0.4, -2.8], "size": [10, 6, 18], "uv": [58, 16]},
						{"origin": [-6.6, 0.4, -6], "size": [2, 6, 4], "uv": [58, 0]},
						{"origin": [-10.4, 0.4, -6], "size": [2, 6, 4], "uv": [0, 70]},
						{"origin": [-14.2, 0.4, -6], "size": [2, 6, 4], "uv": [20, 70]}
					]
				}
			]
		}
	]
}