{
	"format_version": "1.12.0",
	"minecraft:geometry": [
		{
			"description": {
				"identifier": "geometry.unknown",
				"texture_width": 64,
				"texture_height": 64,
				"visible_bounds_width": 3,
				"visible_bounds_height": 2.5,
				"visible_bounds_offset": [0, 0.75, 0]
			},
			"bones": [
				{
					"name": "slakoth",
					"pivot": [0, 0, 0]
				},
				{
					"name": "body",
					"parent": "slakoth",
					"pivot": [0, 1, 8],
					"cubes": [
						{"origin": [-5, 0, -10], "size": [11, 6, 5], "uv": [0, 31]},
						{"origin": [-6, 0, -5], "size": [13, 7, 9], "uv": [0, 0]}
					]
				},
				{
					"name": "patas",
					"parent": "body",
					"pivot": [0, 1, 8]
				},
				{
					"name": "3",
					"parent": "patas",
					"pivot": [6, 1, 2],
					"cubes": [
						{"origin": [6, 0, 1], "size": [3, 4, 4], "uv": [32, 31]},
						{"origin": [6, 0, 5], "size": [3, 3, 4], "uv": [40, 12]},
						{"origin": [7.8, 1.7, 9], "size": [1, 1, 3], "pivot": [8.3, 2.7, 9], "rotation": [-15, 0, 0], "uv": [8, 42]},
						{"origin": [7.8, 0.3, 9], "size": [1, 1, 3], "pivot": [8.3, 1.3, 9], "rotation": [-7.5, 0, 0], "uv": [27, 31]}
					]
				},
				{
					"name": "4",
					"parent": "patas",
					"pivot": [-5.9, 1.48432, 1.68535],
					"cubes": [
						{"origin": [-9, 0, 1], "size": [3, 4, 4], "uv": [30, 16]},
						{"origin": [-9, 0, 5], "size": [3, 3, 4], "uv": [28, 39]},
						{"origin": [-8.8, 1.7, 9], "size": [1, 1, 3], "pivot": [-8.3, 2.7, 9], "rotation": [-15, 0, 0], "uv": [0, 19]},
						{"origin": [-8.8, 0.3, 9], "size": [1, 1, 3], "pivot": [-8.3, 1.3, 9], "rotation": [-7.5, 0, 0], "uv": [0, 0]}
					]
				},
				{
					"name": "pelos",
					"parent": "body",
					"pivot": [0, 8, 8],
					"cubes": [
						{"origin": [-4, 7, -3], "size": [5, 4, 0], "pivot": [-1.5, 7, -3], "rotation": [-25, 0, 0], "uv": [50, 33]},
						{"origin": [0, 6, -7], "size": [5, 4, 0], "pivot": [2.5, 6, -7], "rotation": [-25, 0, 0], "uv": [50, 12]}
					]
				},
				{
					"name": "brazos",
					"parent": "body",
					"pivot": [0, 1, -3]
				},
				{
					"name": "5",
					"parent": "brazos",
					"pivot": [6, 0, -8],
					"cubes": [
						{"origin": [6, 0, -10], "size": [3, 3, 4], "uv": [38, 24]}
					]
				},
				{
					"name": "bone",
					"parent": "5",
					"pivot": [12, 1, -3],
					"cubes": [
						{"origin": [9, 0, -10], "size": [2, 2, 4], "uv": [48, 27]}
					]
				},
				{
					"name": "bone2",
					"parent": "bone",
					"pivot": [12, 1, -3],
					"cubes": [
						{"origin": [11, 0, -10], "size": [2, 2, 4], "uv": [48, 19]}
					]
				},
				{
					"name": "bone3",
					"parent": "bone2",
					"pivot": [13, 0, -8],
					"cubes": [
						{"origin": [13, 0, -10], "size": [2, 2, 4], "uv": [12, 48]}
					]
				},
				{
					"name": "bone4",
					"parent": "bone3",
					"pivot": [12, 1, -3],
					"cubes": [
						{"origin": [15, 0, -10], "size": [2, 2, 4], "uv": [0, 48]}
					]
				},
				{
					"name": "bone5",
					"parent": "bone4",
					"pivot": [17, 2, -8],
					"cubes": [
						{"origin": [17, 0, -10], "size": [2, 2, 4], "uv": [46, 44]}
					]
				},
				{
					"name": "bone6",
					"parent": "bone5",
					"pivot": [12, 1, -3],
					"cubes": [
						{"origin": [19, 0, -10], "size": [2, 2, 4], "uv": [28, 46]}
					]
				},
				{
					"name": "bone7",
					"parent": "bone6",
					"pivot": [12, 1, -3],
					"cubes": [
						{"origin": [21, 1, -9.4], "size": [4, 1, 1], "pivot": [21, 2, -9.2], "rotation": [0, 0, 17.5], "uv": [36, 48]},
						{"origin": [21, 1, -7.6], "size": [4, 1, 1], "pivot": [21, 2, -6.8], "rotation": [0, 0, 17.5], "uv": [48, 25]}
					]
				},
				{
					"name": "6",
					"parent": "brazos",
					"pivot": [-5, -0.5, -8.5],
					"rotation": [-167.8342, -2.57594, 39.78217],
					"cubes": [
						{"origin": [-8.5, -4, -10.5], "size": [3, 3, 4], "uv": [35, 0]}
					]
				},
				{
					"name": "bone8",
					"parent": "6",
					"pivot": [-8.5, -2, -8.5],
					"rotation": [2.5, 0, -12.5],
					"cubes": [
						{"origin": [-10.5, -4, -10.5], "size": [2, 2, 4], "uv": [45, 3]}
					]
				},
				{
					"name": "bone9",
					"parent": "bone8",
					"pivot": [-10.5, -2, -8.5],
					"rotation": [2.5, 0, -15],
					"cubes": [
						{"origin": [-12.5, -4, -10.5], "size": [2, 2, 4], "uv": [20, 44]}
					]
				},
				{
					"name": "bone10",
					"parent": "bone9",
					"pivot": [-12.5, -2, -8.5],
					"rotation": [2.5, 0, -15],
					"cubes": [
						{"origin": [-14.5, -4, -10.5], "size": [2, 2, 4], "uv": [38, 42]}
					]
				},
				{
					"name": "bone11",
					"parent": "bone10",
					"pivot": [-14.5, -2.2, -8.5],
					"rotation": [4.88206, 1.08089, -34.95392],
					"cubes": [
						{"origin": [-16.5, -4.2, -10.5], "size": [2, 2, 4], "uv": [42, 35]}
					]
				},
				{
					"name": "bone12",
					"parent": "bone11",
					"pivot": [-16.5, -2.2, -8.5],
					"rotation": [2.41492, 0.64686, -32.48637],
					"cubes": [
						{"origin": [-18.5, -4.2, -10.5], "size": [2, 2, 4], "uv": [12, 42]}
					]
				},
				{
					"name": "bone13",
					"parent": "bone12",
					"pivot": [-18.5, -2.2, -8.5],
					"rotation": [0, 2.5, -25],
					"cubes": [
						{"origin": [-20.5, -4.2, -10.5], "size": [2, 2, 4], "uv": [0, 42]}
					]
				},
				{
					"name": "bone14",
					"parent": "bone13",
					"pivot": [-20.55708, -2.27827, -8.5],
					"rotation": [0, 0, -7.5],
					"cubes": [
						{"origin": [-24.5, -3.2, -9.9], "size": [4, 1, 1], "pivot": [-20.5, -2.2, -9.7], "rotation": [0, 0, -17.5], "uv": [46, 41]},
						{"origin": [-24.5, -3.2, -8.1], "size": [4, 1, 1], "pivot": [-20.5, -2.2, -7.3], "rotation": [0, 0, -17.5], "uv": [35, 7]}
					]
				},
				{
					"name": "head",
					"parent": "slakoth",
					"pivot": [0, 3, -10.5],
					"cubes": [
						{"origin": [-5, 0, -18], "size": [11, 7, 8], "uv": [0, 16]},
						{"origin": [-1, 3, -19], "size": [3, 2, 1], "uv": [44, 19]}
					]
				},
				{
					"name": "pelo",
					"parent": "head",
					"pivot": [0, 5, 6],
					"cubes": [
						{"origin": [-2, 7, -12], "size": [6, 3, 0], "pivot": [1, 7, -12], "rotation": [-35, 0, 0], "uv": [45, 0]},
						{"origin": [4, 7, -16], "size": [0, 3, 4], "pivot": [4, 7, -14], "rotation": [0, 0, 35], "uv": [0, 12]},
						{"origin": [-2, 7, -16], "size": [0, 3, 4], "pivot": [-2, 7, -14], "rotation": [0, 0, -55], "uv": [0, 0]},
						{"origin": [-2, 7, -16], "size": [6, 3, 0], "pivot": [1, 7, -16], "rotation": [35, 0, 0], "uv": [44, 9]}
					]
				},
				{
					"name": "ojos",
					"parent": "head",
					"pivot": [0, 1, 0]
				},
				{
					"name": "1",
					"parent": "ojos",
					"pivot": [3, 1, 0],
					"cubes": [
						{"origin": [1.5, 3, -18.025], "size": [3, 3, 0], "uv": [8, 48]},
						{"origin": [2, 3.5, -18.05], "size": [2, 2, 0], "pivot": [3, 4.5, -19.025], "rotation": [0, 0, 15], "uv": [0, 7]}
					]
				},
				{
					"name": "2",
					"parent": "ojos",
					"pivot": [-2, 1, 0],
					"cubes": [
						{"origin": [-3.5, 3, -18.025], "size": [3, 3, 0], "uv": [42, 31]},
						{"origin": [-3, 3.5, -18.05], "size": [2, 2, 0], "pivot": [-2, 4.5, -19.025], "rotation": [0, 0, -15], "uv": [5, 0]}
					]
				}
			]
		}
	]
}