{
	"format_version": "1.12.0",
	"minecraft:geometry": [
		{
			"description": {
				"identifier": "geometry.unknown",
				"texture_width": 128,
				"texture_height": 128,
				"visible_bounds_width": 4,
				"visible_bounds_height": 3.5,
				"visible_bounds_offset": [0, 1.25, 0]
			},
			"bones": [
				{
					"name": "body",
					"pivot": [0, 0, 0]
				},
				{
					"name": "legs",
					"parent": "body",
					"pivot": [0, 0, 0]
				},
				{
					"name": "leg1",
					"parent": "legs",
					"pivot": [-10.88395, 7.49518, -0.5],
					"cubes": [
						{"origin": [-14, 13, -2], "size": [6, 8, 7], "uv": [34, 45]},
						{"origin": [-15, 12, -2], "size": [8, 1, 7], "uv": [35, 37]},
						{"origin": [-16, 1, -2], "size": [10, 11, 7], "uv": [4, 4]},
						{"origin": [-15, 0, -2], "size": [8, 1, 7], "uv": [33, 24]},
						{"origin": [-12.49772, 2.55819, -3], "size": [1, 4, 1], "pivot": [-10.76791, 5.86536, -2.5], "rotation": [0, 0, -43], "uv": [0, 2]},
						{"origin": [-9.96074, 2.63554, -3], "size": [1, 4, 1], "pivot": [-10.76791, 5.86536, -2.5], "rotation": [0, 0, 47], "uv": [4, 2]},
						{"origin": [-12.57507, 5.09517, -3], "size": [1, 4, 1], "pivot": [-10.76791, 5.86536, -2.5], "rotation": [0, 0, 47], "uv": [7, 6]},
						{"origin": [-12.49772, 2.55819, -3], "size": [1, 4, 1], "pivot": [-10.76791, 5.86536, -2.5], "rotation": [0, 0, 137], "uv": [0, 22]}
					]
				},
				{
					"name": "leg2",
					"parent": "legs",
					"pivot": [9.11605, 7.49518, -0.5],
					"cubes": [
						{"origin": [6, 13, -2], "size": [6, 8, 7], "uv": [53, 53]},
						{"origin": [5, 12, -2], "size": [8, 1, 7], "uv": [2, 46]},
						{"origin": [4, 1, -2], "size": [10, 11, 7], "uv": [4, 26]},
						{"origin": [7.42493, 5.09517, -3], "size": [1, 4, 1], "pivot": [9.23209, 5.86536, -2.5], "rotation": [0, 0, 47], "uv": [31, 0]},
						{"origin": [7.50228, 2.55819, -3], "size": [1, 4, 1], "pivot": [9.23209, 5.86536, -2.5], "rotation": [0, 0, 137], "uv": [4, 22]},
						{"origin": [10.03926, 2.63554, -3], "size": [1, 4, 1], "pivot": [9.23209, 5.86536, -2.5], "rotation": [0, 0, 47], "uv": [0, 27]},
						{"origin": [7.50228, 2.55819, -3], "size": [1, 4, 1], "pivot": [9.23209, 5.86536, -2.5], "rotation": [0, 0, -43], "uv": [7, 26]},
						{"origin": [5, 0, -2], "size": [8, 1, 7], "uv": [44, 12]}
					]
				},
				{
					"name": "head",
					"parent": "body",
					"pivot": [-1, 24.28571, 1.5],
					"cubes": [
						{"origin": [-9, 21, -1], "size": [16, 5, 5], "uv": [31, 0]},
						{"origin": [7, 21, -1], "size": [1, 4, 5], "uv": [58, 32]},
						{"origin": [-10, 21, -1], "size": [1, 4, 5], "uv": [27, 57]},
						{"origin": [8, 21, -1], "size": [1, 3, 5], "uv": [0, 62]},
						{"origin": [-11, 21, -1], "size": [1, 3, 5], "uv": [39, 60]}
					]
				},
				{
					"name": "bone5",
					"parent": "head",
					"pivot": [-1, 27, 1.5],
					"cubes": [
						{"origin": [-4, 26, 0], "size": [6, 2, 3], "uv": [53, 45]}
					]
				},
				{
					"name": "bone6",
					"parent": "bone5",
					"pivot": [-1, 28.5, 1.5],
					"cubes": [
						{"origin": [-3, 28, 1], "size": [4, 1, 1], "uv": [0, 0]}
					]
				},
				{
					"name": "brazo",
					"parent": "head",
					"pivot": [8.83333, 23.43333, 1.5],
					"cubes": [
						{"origin": [9, 23, 0], "size": [3, 3, 3], "uv": [65, 27]}
					]
				},
				{
					"name": "bone",
					"parent": "brazo",
					"pivot": [12, 25, 1.5],
					"cubes": [
						{"origin": [12, 25, 0], "size": [4, 4, 3], "uv": [56, 20]}
					]
				},
				{
					"name": "bone2",
					"parent": "bone",
					"pivot": [16.1, 28.5, 1.5],
					"cubes": [
						{"origin": [16, 28, 0], "size": [5, 5, 3], "uv": [16, 54]}
					]
				},
				{
					"name": "brazo2",
					"parent": "head",
					"pivot": [-11.1, 23.4, 1.5],
					"cubes": [
						{"origin": [-14, 23, 0], "size": [3, 3, 3], "uv": [12, 62]}
					]
				},
				{
					"name": "bone3",
					"parent": "brazo2",
					"pivot": [-14.1, 25.4, 1.5],
					"cubes": [
						{"origin": [-18, 25, 0], "size": [4, 4, 3], "uv": [25, 45]}
					]
				},
				{
					"name": "bone4",
					"parent": "bone3",
					"pivot": [-17.5, 28.1, 1.5],
					"cubes": [
						{"origin": [-23, 28, 0], "size": [5, 5, 3], "uv": [0, 54]}
					]
				}
			]
		}
	]
}