{
	"format_version": "1.12.0",
	"minecraft:geometry": [
		{
			"description": {
				"identifier": "geometry.unknown",
				"texture_width": 128,
				"texture_height": 128,
				"visible_bounds_width": 4,
				"visible_bounds_height": 4,
				"visible_bounds_offset": [0, 1, 0]
			},
			"bones": [
				{
					"name": "wobbuffet",
					"pivot": [0, 0, 0]
				},
				{
					"name": "cabeza",
					"parent": "wobbuffet",
					"pivot": [0.1, 20.44118, 1.3571],
					"cubes": [
						{"origin": [-7.98, 20.78, -3.96], "size": [16, 12, 12], "uv": [0, 24]}
					]
				},
				{
					"name": "gorro",
					"parent": "cabeza",
					"pivot": [0.1, 31.28425, 2.60147],
					"cubes": [
						{"origin": [-5.96, 30.68, -0.594], "size": [12, 4, 8], "pivot": [0.1, 32.66, 5.94], "rotation": [17.5, 0, 0], "uv": [0, 48]},
						{"origin": [-5.356, 27.71, 12.672], "size": [11, 5, 8], "pivot": [0.1, 32.66, 13.86], "rotation": [-78.5, 0, 0], "uv": [32, 54]},
						{"origin": [-6.158, 30.086, 6.336], "size": [12, 4, 8], "pivot": [0.1, 32.66, 13.86], "rotation": [-7.5, 0, 0], "uv": [36, 0]}
					]
				},
				{
					"name": "torzo",
					"parent": "wobbuffet",
					"pivot": [-0.066, 8.801, 1.716],
					"cubes": [
						{"origin": [-6.872, 10.88, -3.564], "size": [14, 10, 11], "uv": [45, 13]},
						{"origin": [-5.862, 4.944, -2.772], "size": [12, 6, 9], "uv": [47, 39]},
						{"origin": [-5.456, 2.078, -2.178], "size": [11, 3, 8], "uv": [0, 60]}
					]
				},
				{
					"name": "brazoizq",
					"parent": "torzo",
					"pivot": [6.732, 18.76172, -0.65922],
					"rotation": [0, 0, -5],
					"cubes": [
						{"origin": [6.712, 14.048, -1.188], "size": [2, 6, 2], "uv": [36, 12]}
					]
				},
				{
					"name": "2",
					"parent": "brazoizq",
					"pivot": [7.524, 14.00972, -0.65922],
					"cubes": [
						{"origin": [6.712, 6.128, -1.188], "size": [2, 8, 2], "pivot": [7.722, 13.652, -0.198], "rotation": [0.5, 0, 0], "uv": [38, 67]}
					]
				},
				{
					"name": "brazoder",
					"parent": "torzo",
					"pivot": [-6.93, 18.899, 0.792],
					"rotation": [165.41028, 89.17209, 174.71443],
					"cubes": [
						{"origin": [-7.53511, 13.96368, -0.69518], "size": [2, 6, 2], "uv": [36, 0]}
					]
				},
				{
					"name": "3",
					"parent": "brazoder",
					"pivot": [-6.52511, 13.86468, 0.29482],
					"cubes": [
						{"origin": [-7.53511, 6.04368, -0.69518], "size": [2, 8, 2], "uv": [0, 24]}
					]
				},
				{
					"name": "pies",
					"parent": "wobbuffet",
					"pivot": [0.00338, 1.09, 1.86761],
					"cubes": [
						{"origin": [-0.278, 0.1, -1.98], "size": [8, 2, 2], "pivot": [4.95, 1.09, -0.99], "rotation": [0, 25, 0], "uv": [0, 12]},
						{"origin": [0.514, 0.1, 4.158], "size": [8, 2, 2], "pivot": [4.95, 1.09, 2.97], "rotation": [0, -30, 0], "uv": [0, 8]},
						{"origin": [-9.14916, 0.1, 9.04073], "size": [8, 2, 2], "pivot": [-12.83116, 1.09, 5.27873], "rotation": [0, 35, 0], "uv": [0, 4]},
						{"origin": [-9.98, 0.1, -7.92], "size": [8, 2, 2], "pivot": [-12.87, 1.09, -0.99], "rotation": [0, -37.5, 0], "uv": [0, 0]}
					]
				},
				{
					"name": "cola",
					"parent": "wobbuffet",
					"pivot": [0, 3.58383, 5.77563],
					"cubes": [
						{"origin": [-4.04, 7.91, 4.95], "size": [8, 4, 20], "pivot": [0, 4.94, 15.84], "rotation": [30, 0, 0], "uv": [0, 0]}
					]
				}
			]
		}
	]
}