{
    "species": "cobblemon:magearna",
    "order": 0,
    "variations": [
      {
        "aspects": [],
        "poser": "cobblemon:magearna",
        "model": "cobblemon:magearna.geo",
        "texture": "cobblemon:textures/pokemon/magearna/magearna.png",
        "layers": [
          {
            "name": "emissive",
            "emissive": true,
            "texture": "cobblemon:textures/pokemon/magearna/magearna_emissive.png"
          }
        ]
      },
      {
        "aspects": ["shiny"],
        "texture": "cobblemon:textures/pokemon/magearna/magearna_shiny.png",
        "layers": [
          {
            "name": "emissive",
            "emissive": true,
            "texture": "cobblemon:textures/pokemon/magearna/magearna_emissive.png"
          }
        ]
      }
    ]
  }