{
  "species": "cobblemon:regice",
  "order": 0,
  "variations": [
    {
      "aspects": [],
      "poser": "cobblemon:regice",
      "model": "cobblemon:regice.geo",
      "texture": "cobblemon:textures/pokemon/0378_regice/regice.png",
      "layers": [
        {
          "name": "emissive",
          "emissive": true,
          "texture": "cobblemon:textures/pokemon/0378_regice/regice_emissive.png"
        }
      ]
    },
    {
      "aspects": ["shiny"],
      "texture": "cobblemon:textures/pokemon/0378_regice/regice_shiny.png",
      "layers": [
        {
          "name": "emissive",
          "emissive": true,
          "texture": "cobblemon:textures/pokemon/0378_regice/regice_emissive.png"
        }
      ]
    }
  ]
}
