{
  "species": "cobblemon:regirock",
  "order": 0,
  "variations": [
    {
      "aspects": [],
      "poser": "cobblemon:regirock",
      "model": "cobblemon:regirock.geo",
      "texture": "cobblemon:textures/pokemon/0377_regirock/regirock.png",
      "layers": [
        {
          "name": "emissive",
          "emissive": true,
          "texture": "cobblemon:textures/pokemon/0377_regirock/regirock_emissive.png"
        }
      ]
    },
    {
      "aspects": ["shiny"],
      "texture": "cobblemon:textures/pokemon/0377_regirock/regirock_shiny.png",
      "layers": [
        {
          "name": "emissive",
          "emissive": true,
          "texture": "cobblemon:textures/pokemon/0377_regirock/regirock_emissive.png"
        }
      ]
    }
  ]
}
