{
  "species": "cobblemon:regidrago",
  "order": 1,
  "variations": [
    {
      "aspects": [],
      "poser": "cobblemon:regidrago2",
      "model": "cobblemon:regidrago2.geo",
      "texture": "cobblemon:textures/pokemon/0895_regidrago/regidrago.png",
      "layers": [
        {
          "name": "emissive",
          "emissive": true,
          "texture": "cobblemon:textures/pokemon/0895_regidrago/regidrago_active_emissive.png"
        }
      ]
    },
    {
      "aspects": ["shiny"],
      "texture": "cobblemon:textures/pokemon/0895_regidrago/regidrago_shiny.png",
      "layers": [
        {
          "name": "emissive",
          "emissive": true,
          "texture": "cobblemon:textures/pokemon/0895_regidrago/regidrago_active_emissive.png"
        }
      ]
    }
  ]
}
