{
  "species": "cobblemon:registeel",
  "order": 1,
  "variations": [
    {
      "aspects": [],
      "poser": "cobblemon:registeel2",
      "model": "cobblemon:registeel2.geo",
      "texture": "cobblemon:textures/pokemon/0379_registeel/registeel.png",
      "layers": [
        {
          "name": "emissive",
          "emissive": true,
          "texture": "cobblemon:textures/pokemon/0379_registeel/registeel_emissive.png"
        }
      ]
    },
    {
      "aspects": ["shiny"],
      "texture": "cobblemon:textures/pokemon/0379_registeel/registeel_shiny.png",
      "layers": [
        {
          "name": "emissive",
          "emissive": true,
          "texture": "cobblemon:textures/pokemon/0379_registeel/registeel_shiny_emissive.png"
        }
      ]
    }
  ]
}
