{
  "species": "cobblemon:regieleki",
  "order": 1,
  "variations": [
    {
      "aspects": [],
      "poser": "cobblemon:regieleki2",
      "model": "cobblemon:regieleki2.geo",
      "texture": "cobblemon:textures/pokemon/894_regieleki/regieleki.png",
      "layers": [
        {
          "name": "emissive",
          "emissive": true,
          "texture": "cobblemon:textures/pokemon/894_regieleki/regieleki_emissive.png"
        }
      ]
    },
    {
      "aspects": ["shiny"],
      "texture": "cobblemon:textures/pokemon/894_regieleki/regieleki_shiny.png",
      "layers": [
        {
          "name": "emissive",
          "emissive": true,
          "texture": "cobblemon:textures/pokemon/894_regieleki/regieleki_active_emissive.png"
        }
      ]
    }
  ]
}
