{
    "enabled": true,
    "neededInstalledMods": [],
    "neededUninstalledMods": [],
    "spawns": [
        {
            "id": "togedemaru-1",
            "pokemon": "togedemaru",
            "presets": [
                "natural",
                "wild"
            ],
            "type": "pokemon",
            "context": "grounded",
            "bucket": "uncommon",
            "level": "20-30",
            "weight": 10,
            "condition": {
                "biomes": [
                    "#cobblemon:is_mountain",
                    "#cobblemon:is_highlands",
                    "terralith:alpine_highlands"                    
                ]
            }
        },
        {
            "id": "togedemaru-2",
            "pokemon": "togedemaru",
            "presets": [
                "natural",
                "wild"
            ],
            "type": "pokemon",
            "context": "grounded",
            "bucket": "common",
            "level": "30-35",
            "weight": 10,
            "condition": {
                "biomes": [
                    "#cobblemon:is_mountain",
                    "#cobblemon:is_highlands"
                ],
                "neededBaseBlocks": ["minecraft:lightning_rod"]
         }
        }  
    ]
}