{
	"format_version": "1.8.0",
	"animations": {
		"animation.ironhands.ground_idle": {
			"loop": true,
			"bones": {
				"band": {
					"rotation": ["7.5-math.cos(q.anim_time*90*1-10)*1/2", 0, 0]
				},
				"torse": {
					"rotation": ["7.5-math.cos(q.anim_time*90*1-30)*1/2", 0, 0]
				},
				"hands": {
					"rotation": ["2.514+Math.cos((query.anim_time-0.6) * 90 * 1) * 2", 4.98969, 0.32135],
					"position": [0, "Math.cos((query.anim_time) * 90 * 1) * 0.5", 0]
				},
				"legs": {
					"rotation": ["7.5-math.cos(q.anim_time*90*1-30)*1/2", 0, 0]
				}
			}
		},
		"animation.ironhands.ground_walk": {
			"animation_length": 2,
			"bones": {
				"body": {
					"rotation": ["7.5-math.cos(q.anim_time*90*2*2-90)*2", "0-math.cos(q.anim_time*90*2+60)*2", "0-math.cos(q.anim_time*90*2-60)*3"]
				},
				"hands": {
					"rotation": ["-20.5+math.cos(q.anim_time*90*2*2-320)*1/2", 0, "0+math.cos(q.anim_time*90*2-120)*1"],
					"position": [0, -15, 4]
				},
				"hand_right": {
					"rotation": [235.74246, 64.01179, "102.6965+Math.cos((query.anim_time) * 90 * 4 - 90) * -3"],
					"position": [3, 0, 0]
				},
				"hand_left": {
					"rotation": [-123.92605, -65.79658, "-460.1617+Math.cos((query.anim_time) * 90 * 4 - 90) * -3"],
					"position": [-3, 0, 0]
				},
				"leg_right4": {
					"rotation": {
						"0.0": [-6.05, "9+math.sin(q.anim_time*90*2+20)*5", 0],
						"0.2083": [-14.95, "9+math.sin(q.anim_time*90*2+20)*5", 0],
						"0.4167": ["-6-math.sin(q.anim_time*90*2+20)*12", "9+math.sin(q.anim_time*90*2+20)*5", 0],
						"1.0": ["1-math.sin(q.anim_time*90*2+20)*12", "9+math.sin(q.anim_time*90*2+20)*5", 0],
						"1.4167": ["1.5-math.sin(q.anim_time*90*2+20)*12", "9+math.sin(q.anim_time*90*2+20)*5", 0],
						"1.9167": ["1.5-math.sin(q.anim_time*90*2+20)*12", "9+math.sin(q.anim_time*90*2+20)*5", 0],
						"2.0": [-6.05, "9+math.sin(q.anim_time*90*2+20)*5", 0]
					},
					"position": {
						"0.0": [-0.5, 0.5, "0-math.sin(q.anim_time*90*2+20)*1"],
						"0.2083": [-0.5, 1.19, "0-math.sin(q.anim_time*90*2+20)*1"],
						"0.4167": [-0.5, "0.7496+math.clamp(math.cos(q.anim_time*90*2+20)*3/2,0,10)", "0-math.sin(q.anim_time*90*2+20)*1"],
						"1.0": [-0.5, "-1.2496+math.clamp(math.cos(q.anim_time*90*2+20)*3/2,0,10)", "0-math.sin(q.anim_time*90*2+20)*1"],
						"1.4167": [-0.5, "-1.2496+math.clamp(math.cos(q.anim_time*90*2+20)*3/2,0,10)", "0-math.sin(q.anim_time*90*2+20)*1"],
						"1.9167": [-0.5, "-1.2496+math.clamp(math.cos(q.anim_time*90*2+20)*3/2,0,10)", "0-math.sin(q.anim_time*90*2+20)*1"],
						"2.0": [-0.5, 0.5, "0-math.sin(q.anim_time*90*2+20)*1"]
					}
				},
				"leg_right3": {
					"rotation": {
						"0.0": {
							"post": [0, -12.5, 0],
							"lerp_mode": "catmullrom"
						},
						"0.5": {
							"post": [2.35666, -17.34551, -7.85952],
							"lerp_mode": "catmullrom"
						},
						"0.75": {
							"post": [-9.242, -7.48371, -2.48316],
							"lerp_mode": "catmullrom"
						},
						"1.125": {
							"post": [-19.242, -7.48371, -2.48316],
							"lerp_mode": "catmullrom"
						},
						"2.0": {
							"post": [0, -12.5, 0],
							"lerp_mode": "catmullrom"
						}
					}
				},
				"leg_left4": {
					"rotation": {
						"0.0": ["1.5+math.sin(q.anim_time*90*2+20)*12", "-3+math.sin(q.anim_time*90*2+20)*5", 0],
						"0.4167": ["1.5+math.sin(q.anim_time*90*2+20)*12", "-3+math.sin(q.anim_time*90*2+20)*5", 0],
						"0.9167": ["1.5+math.sin(q.anim_time*90*2+20)*12", "-3+math.sin(q.anim_time*90*2+20)*5", 0],
						"1.2083": [-12.95, "-3+math.sin(q.anim_time*90*2+20)*5", 0],
						"1.4167": ["-6+math.sin(q.anim_time*90*2+20)*12", "-3+math.sin(q.anim_time*90*2+20)*5", 0],
						"2.0": ["1.5+math.sin(q.anim_time*90*2+20)*12", "-3+math.sin(q.anim_time*90*2+20)*5", 0]
					},
					"position": {
						"0.0": [0.5, "-1.2496+math.clamp(math.cos(q.anim_time*90*2-160)*3/2,0,10)", "0+math.sin(q.anim_time*90*2+20)*1"],
						"0.4167": [0.5, "-1.2496+math.clamp(math.cos(q.anim_time*90*2-160)*3/2,0,10)", "0+math.sin(q.anim_time*90*2+20)*1"],
						"0.9167": [0.5, "-1.2496+math.clamp(math.cos(q.anim_time*90*2-160)*3/2,0,10)", "0+math.sin(q.anim_time*90*2+20)*1"],
						"1.2083": [0.5, 1.19, "0+math.sin(q.anim_time*90*2+20)*1"],
						"1.4167": [0.5, "0.7496+math.clamp(math.cos(q.anim_time*90*2-160)*3/2,0,10)", "0+math.sin(q.anim_time*90*2+20)*1"],
						"2.0": [0.5, "-1.2496+math.clamp(math.cos(q.anim_time*90*2-160)*3/2,0,10)", "0+math.sin(q.anim_time*90*2+20)*1"]
					}
				},
				"leg_left3": {
					"rotation": {
						"0.0": {
							"post": [-10, 0, 0],
							"lerp_mode": "catmullrom"
						},
						"0.875": {
							"post": [-20, 0, 0],
							"lerp_mode": "catmullrom"
						},
						"1.25": {
							"post": [-10, 0, 0],
							"lerp_mode": "catmullrom"
						},
						"1.5417": {
							"post": [10, 0, 0],
							"lerp_mode": "catmullrom"
						},
						"1.7917": {
							"post": [-7.5, 0, 0],
							"lerp_mode": "catmullrom"
						},
						"2.0": {
							"post": [-10, 0, 0],
							"lerp_mode": "catmullrom"
						}
					}
				}
			}
		},
		"animation.ironhands.blink": {
			"loop": true
		}
	}
}