{
	"credit": "Made with Blockbench",
	"ambientocclusion": false,
	"texture_size": [64, 64],
	"textures": {
		"6": "block/macbook512",
		"particle": "block/macbook512"
	},
	"elements": [
		{
			"from": [1.4625, 0.4, 10.3875],
			"to": [14.6125, 9.8, 10.5125],
			"rotation": {"angle": 22.5, "axis": "x", "origin": [8.0375, 0.45, 10.425]},
			"faces": {
				"north": {"uv": [3.5, 3.5, 6.78906, 5.85156], "texture": "#6"},
				"east": {"uv": [5, 1, 5.03125, 3.35156], "texture": "#6"},
				"south": {"uv": [0, 3.5, 3.28906, 5.85156], "texture": "#6"},
				"west": {"uv": [5.25, 1, 5.28125, 3.35156], "texture": "#6"},
				"up": {"uv": [0.03125, 9.28906, 0, 6], "rotation": 90, "texture": "#6"},
				"down": {"uv": [0.28125, 6, 0.25, 9.28906], "rotation": 270, "texture": "#6"}
			}
		},
		{
			"from": [1.4625, 0, 0.9875],
			"to": [14.6125, 0.45, 10.4125],
			"rotation": {"angle": 0, "axis": "y", "origin": [8.0375, 2.6625, 8.075]},
			"faces": {
				"north": {"uv": [5, 0.25, 8.28906, 0.35938], "texture": "#6"},
				"east": {"uv": [5, 0.5, 7.35938, 0.60938], "texture": "#6"},
				"south": {"uv": [5, 0, 8.28906, 0.10938], "texture": "#6"},
				"west": {"uv": [5, 0.75, 7.35938, 0.85938], "texture": "#6"},
				"up": {"uv": [2.35938, 3.28906, 0, 0], "rotation": 90, "texture": "#6"},
				"down": {"uv": [4.85938, 0, 2.5, 3.28906], "rotation": 270, "texture": "#6"}
			}
		}
	],
	"display": {
		"thirdperson_righthand": {
			"rotation": [-109.73, 13.94, 171.23],
			"translation": [-2.75, 6.75, 4],
			"scale": [0.8, 0.8, 0.8]
		},
		"thirdperson_lefthand": {
			"rotation": [-109.73, 13.94, 171.23],
			"translation": [-2.75, 6.75, 4],
			"scale": [0.8, 0.8, 0.8]
		},
		"firstperson_righthand": {
			"rotation": [4, 150, 1],
			"translation": [4, 9.5, -0.25]
		},
		"firstperson_lefthand": {
			"rotation": [4, 150, 1],
			"translation": [4, 9.5, -0.25]
		},
		"ground": {
			"translation": [0, 4.25, 0]
		},
		"gui": {
			"rotation": [-146, 18.75, -180],
			"translation": [0, 2.75, 0],
			"scale": [0.85, 0.85, 0.85]
		},
		"head": {
			"translation": [0, 14.5, 0]
		},
		"fixed": {
			"rotation": [-90, -90, 0],
			"translation": [-1.5, -0.25, -16],
			"scale": [2, 2, 2]
		}
	},
	"groups": [
		{
			"name": "group",
			"origin": [6.1625, 0.3375, 8],
			"color": 0,
			"children": [0, 1]
		}
	]
}