{
	"format_version": "1.12.0",
	"minecraft:geometry": [
		{
			"description": {
				"identifier": "geometry.unknown",
				"texture_width": 128,
				"texture_height": 128,
				"visible_bounds_width": 7,
				"visible_bounds_height": 4,
				"visible_bounds_offset": [0, 1, 0]
			},
			"bones": [
				{
					"name": "root",
					"pivot": [0, 0, 0]
				},
				{
					"name": "deoxys",
					"parent": "root",
					"pivot": [0, 1, 0]
				},
				{
					"name": "body",
					"parent": "deoxys",
					"pivot": [0, 21, 0]
				},
				{
					"name": "low_body",
					"parent": "body",
					"pivot": [-0.5, 21, 0],
					"cubes": [
						{"origin": [-2.5, 21, -2.5], "size": [5, 4, 4], "uv": [54, 0]}
					]
				},
				{
					"name": "low_body2",
					"parent": "low_body",
					"pivot": [0, 21, -1],
					"cubes": [
						{"origin": [-3, 17, -3.5], "size": [6, 4, 6], "uv": [30, 0]}
					]
				},
				{
					"name": "rl",
					"parent": "low_body2",
					"pivot": [3.25, 17, 0],
					"cubes": [
						{"origin": [1.35583, 15.29939, -4], "size": [1, 7, 7], "pivot": [2.75, 15, 0], "rotation": [0, 0, 17.5], "uv": [0, 42]}
					]
				},
				{
					"name": "rl1",
					"parent": "rl",
					"pivot": [3.25, 17, 0],
					"cubes": [
						{"origin": [2.5, 11, -2.5], "size": [4, 9, 4], "uv": [32, 47]},
						{"origin": [4, 11, -2.75], "size": [1, 9, 0], "uv": [70, 75]},
						{"origin": [3, 9, -3], "size": [3, 3, 3], "uv": [20, 75]}
					]
				},
				{
					"name": "rl2",
					"parent": "rl1",
					"pivot": [4.5, 11, -2.5],
					"cubes": [
						{"origin": [2.5, 0, -2.5], "size": [4, 11, 4], "uv": [24, 30]},
						{"origin": [4, 0, -2.75], "size": [1, 11, 0], "uv": [66, 75]}
					]
				},
				{
					"name": "ll",
					"parent": "low_body2",
					"pivot": [-3.25, 17, 0],
					"cubes": [
						{"origin": [-2.35583, 15.29939, -4], "size": [1, 7, 7], "pivot": [-2.75, 15, 0], "rotation": [0, 0, -17.5], "uv": [16, 45]}
					]
				},
				{
					"name": "ll1",
					"parent": "ll",
					"pivot": [-3.25, 19, -0.25],
					"cubes": [
						{"origin": [-6.5, 11, -2.5], "size": [4, 9, 4], "uv": [48, 47]},
						{"origin": [-5, 11, -2.75], "size": [1, 9, 0], "uv": [72, 75]},
						{"origin": [-6, 9, -3], "size": [3, 3, 3], "uv": [32, 75]}
					]
				},
				{
					"name": "ll3",
					"parent": "ll1",
					"pivot": [-4.5, 11, -2.25],
					"cubes": [
						{"origin": [-6.5, 0, -2.5], "size": [4, 11, 4], "uv": [40, 10]},
						{"origin": [-5, 0, -2.75], "size": [1, 11, 0], "uv": [68, 75]}
					]
				},
				{
					"name": "torso",
					"parent": "body",
					"pivot": [0, 25, 0],
					"cubes": [
						{"origin": [-4.5, 25, 2.55], "size": [9, 8, 0], "uv": [56, 8]},
						{"origin": [-4.5, 25, -3.55], "size": [9, 8, 0], "uv": [56, 16]},
						{"origin": [-4.5, 25, -3.5], "size": [9, 8, 6], "uv": [0, 0]},
						{"origin": [-5.5, 26, -4], "size": [3, 9, 7], "pivot": [-4.25, 26, 0.5], "rotation": [0, 0, -2.5], "uv": [0, 14]},
						{"origin": [-5.25, 32.25, -4.5], "size": [2, 3, 8], "pivot": [-5, 26.25, 1], "rotation": [0, 0, -2.5], "uv": [40, 25]},
						{"origin": [2.5, 26, -4], "size": [3, 9, 7], "pivot": [4.25, 26, 0.5], "rotation": [0, 0, 2.5], "uv": [20, 14]},
						{"origin": [3.25, 32.25, -4.5], "size": [2, 3, 8], "pivot": [5, 26.25, 1], "rotation": [0, 0, 2.5], "uv": [40, 36]},
						{"origin": [-3, 33, -3], "size": [6, 6, 6], "pivot": [0.5, 37, 0], "rotation": [0, -45, 0], "uv": [0, 30]}
					]
				},
				{
					"name": "eyes",
					"parent": "torso",
					"pivot": [-0.25, 36, -2.25],
					"cubes": [
						{"origin": [-0.56236, 35.07759, -2.4], "size": [4, 2, 0], "pivot": [2, 36, -1.25], "rotation": [9.85108, -44.13603, -14.00194], "uv": [16, 42]},
						{"origin": [0.43764, 35.07759, -2.41], "size": [2, 2, 0], "pivot": [2, 36, -1.25], "rotation": [9.85108, -44.13603, -14.00194], "uv": [0, 56]},
						{"origin": [-2.93764, 35.07759, -2.41], "size": [2, 2, 0], "pivot": [-2, 36, -1.75], "rotation": [9.85108, 44.13603, 14.00194], "uv": [4, 56]},
						{"origin": [-3.93764, 35.07759, -2.4], "size": [4, 2, 0], "pivot": [-2, 36, -1.75], "rotation": [9.85108, 44.13603, 14.00194], "uv": [32, 45]}
					]
				},
				{
					"name": "pupil1",
					"parent": "eyes",
					"pivot": [-2, 36, -2.25],
					"cubes": [
						{"origin": [-2.18764, 35.57759, -2.42], "size": [1, 1, 0], "pivot": [-2, 36, -1.75], "rotation": [9.85108, 44.13603, 14.00194], "uv": [38, 10]}
					]
				},
				{
					"name": "pupil2",
					"parent": "eyes",
					"pivot": [2, 36, -1.25],
					"cubes": [
						{"origin": [0.68764, 35.57759, -2.42], "size": [1, 1, 0], "pivot": [2, 36, -1.25], "rotation": [9.85108, -44.13603, -14.00194], "uv": [38, 11]}
					]
				},
				{
					"name": "beam",
					"parent": "torso",
					"pivot": [0, 58, 0],
					"cubes": [
						{"origin": [-0.5, 28.5, -2], "size": [1, 1, 4], "uv": [56, 75]},
						{"origin": [-1, 28, -2], "size": [2, 2, 4], "uv": [44, 75]}
					]
				},
				{
					"name": "gem",
					"parent": "torso",
					"pivot": [0, 30, 0],
					"cubes": [
						{"origin": [-1.5, 28, -3.25], "size": [3, 3, 1], "uv": [30, 10]}
					]
				},
				{
					"name": "rt",
					"parent": "torso",
					"pivot": [-5.75, 32, 0.5]
				},
				{
					"name": "tlt",
					"parent": "rt",
					"pivot": [-5.75, 34.25, -0.25],
					"cubes": [
						{"origin": [-11.75, 33.75, -2.5], "size": [6, 1, 4], "uv": [0, 59]}
					]
				},
				{
					"name": "tlt2",
					"parent": "tlt",
					"pivot": [-11.75, 34.25, -0.25],
					"cubes": [
						{"origin": [-17.75, 33.75, -2.5], "size": [6, 1, 4], "uv": [20, 60]}
					]
				},
				{
					"name": "tlt3",
					"parent": "tlt2",
					"pivot": [-17.75, 34.25, -0.5],
					"cubes": [
						{"origin": [-23.75, 33.75, -2.5], "size": [6, 1, 4], "uv": [60, 24]}
					]
				},
				{
					"name": "tlt4",
					"parent": "tlt3",
					"pivot": [-23.75, 34.25, 0],
					"cubes": [
						{"origin": [-29.75, 33.75, -2.5], "size": [6, 1, 4], "uv": [60, 29]}
					]
				},
				{
					"name": "tlt5",
					"parent": "tlt4",
					"pivot": [-29.75, 34.25, -0.25],
					"cubes": [
						{"origin": [-35.75, 33.75, -2.5], "size": [6, 1, 4], "uv": [60, 34]}
					]
				},
				{
					"name": "tlt6",
					"parent": "tlt5",
					"pivot": [-35.75, 34.25, -0.25],
					"cubes": [
						{"origin": [-41.75, 33.75, -2.5], "size": [6, 1, 4], "uv": [60, 39]}
					]
				},
				{
					"name": "blt",
					"parent": "rt",
					"pivot": [-5.5, 32.5, -0.5],
					"cubes": [
						{"origin": [-11.75, 32, -2.5], "size": [6, 1, 4], "uv": [40, 60]}
					]
				},
				{
					"name": "blt1",
					"parent": "blt",
					"pivot": [-10.75, 32.5, -0.5],
					"cubes": [
						{"origin": [-17.75, 32, -2.5], "size": [6, 1, 4], "uv": [60, 60]}
					]
				},
				{
					"name": "blt2",
					"parent": "blt1",
					"pivot": [-17.75, 32.5, -0.5],
					"cubes": [
						{"origin": [-23.75, 32, -2.5], "size": [6, 1, 4], "uv": [0, 64]}
					]
				},
				{
					"name": "blt3",
					"parent": "blt2",
					"pivot": [-23.75, 32.5, -0.5],
					"cubes": [
						{"origin": [-29.75, 32, -2.5], "size": [6, 1, 4], "uv": [64, 44]}
					]
				},
				{
					"name": "blt4",
					"parent": "blt3",
					"pivot": [-29.75, 32.5, -0.5],
					"cubes": [
						{"origin": [-35.75, 32, -2.5], "size": [6, 1, 4], "uv": [64, 49]}
					]
				},
				{
					"name": "blt5",
					"parent": "blt4",
					"pivot": [-35.75, 32.5, -0.25],
					"cubes": [
						{"origin": [-41.75, 32, -2.5], "size": [6, 1, 4], "uv": [64, 54]}
					]
				},
				{
					"name": "lt",
					"parent": "torso",
					"pivot": [4.25, 32, 0]
				},
				{
					"name": "brt",
					"parent": "lt",
					"pivot": [5.75, 32.5, -0.5],
					"cubes": [
						{"origin": [5.75, 32, -2.5], "size": [6, 1, 4], "uv": [20, 65]}
					]
				},
				{
					"name": "brt2",
					"parent": "brt",
					"pivot": [11.75, 32.5, -0.5],
					"cubes": [
						{"origin": [11.75, 32, -2.5], "size": [6, 1, 4], "uv": [40, 65]}
					]
				},
				{
					"name": "brt3",
					"parent": "brt2",
					"pivot": [17.75, 32.5, -0.5],
					"cubes": [
						{"origin": [17.75, 32, -2.5], "size": [6, 1, 4], "uv": [60, 65]}
					]
				},
				{
					"name": "brt4",
					"parent": "brt3",
					"pivot": [23.75, 32.5, -1],
					"cubes": [
						{"origin": [23.75, 32, -2.5], "size": [6, 1, 4], "uv": [0, 69]}
					]
				},
				{
					"name": "brt5",
					"parent": "brt4",
					"pivot": [29.75, 32.5, -1],
					"cubes": [
						{"origin": [29.75, 32, -2.5], "size": [6, 1, 4], "uv": [20, 70]}
					]
				},
				{
					"name": "f2",
					"parent": "brt5",
					"pivot": [35.75, 32.5, -1],
					"cubes": [
						{"origin": [35.75, 32, -2.5], "size": [6, 1, 4], "uv": [40, 70]}
					]
				},
				{
					"name": "trt",
					"parent": "lt",
					"pivot": [5.75, 34.25, -0.5],
					"cubes": [
						{"origin": [5.75, 33.75, -2.5], "size": [6, 1, 4], "uv": [60, 70]}
					]
				},
				{
					"name": "trt1",
					"parent": "trt",
					"pivot": [11.75, 34.25, -0.5],
					"cubes": [
						{"origin": [11.75, 33.75, -2.5], "size": [6, 1, 4], "uv": [72, 0]}
					]
				},
				{
					"name": "trt2",
					"parent": "trt1",
					"pivot": [17.75, 34.25, -0.25],
					"cubes": [
						{"origin": [17.75, 33.75, -2.5], "size": [6, 1, 4], "uv": [0, 74]}
					]
				},
				{
					"name": "trt3",
					"parent": "trt2",
					"pivot": [24, 34.25, -0.25],
					"cubes": [
						{"origin": [23.75, 33.75, -2.5], "size": [6, 1, 4], "uv": [74, 5]}
					]
				},
				{
					"name": "trt4",
					"parent": "trt3",
					"pivot": [29.75, 34.25, -0.5],
					"cubes": [
						{"origin": [29.75, 33.75, -2.5], "size": [6, 1, 4], "uv": [74, 10]}
					]
				},
				{
					"name": "trt5",
					"parent": "trt4",
					"pivot": [35.75, 34.25, -0.5],
					"cubes": [
						{"origin": [35.75, 33.75, -2.5], "size": [6, 1, 4], "uv": [74, 15]}
					]
				}
			]
		}
	]
}