{
	"format_version": "1.12.0",
	"minecraft:geometry": [
		{
			"description": {
				"identifier": "geometry.unknown",
				"texture_width": 128,
				"texture_height": 128,
				"visible_bounds_width": 7,
				"visible_bounds_height": 5,
				"visible_bounds_offset": [0, 1.5, 0]
			},
			"bones": [
				{
					"name": "root",
					"pivot": [0, 0, 0]
				},
				{
					"name": "deoxys",
					"parent": "root",
					"pivot": [0, 1, 0]
				},
				{
					"name": "body",
					"parent": "deoxys",
					"pivot": [0, 21, 0]
				},
				{
					"name": "low_body",
					"parent": "body",
					"pivot": [-0.5, 21, 0],
					"cubes": [
						{"origin": [-2.5, 21, -2.5], "size": [5, 5, 4], "uv": [16, 40]}
					]
				},
				{
					"name": "low_body3",
					"parent": "low_body",
					"pivot": [0, 21, -0.5],
					"cubes": [
						{"origin": [-3, 17, -3.5], "size": [6, 4, 6], "uv": [0, 24]},
						{"origin": [-2, 18, 2.25], "size": [4, 3, 2], "pivot": [0, 20, 3], "rotation": [-5, 0, 0], "uv": [50, 61]},
						{"origin": [-1, 18.91284, 4.00381], "size": [2, 1, 2], "pivot": [0, 20, 4], "rotation": [-2.5, 0, 0], "uv": [68, 26]}
					]
				},
				{
					"name": "rl",
					"parent": "low_body3",
					"pivot": [3.25, 17, 0],
					"cubes": [
						{"origin": [1.60583, 15.29939, -4], "size": [1, 7, 7], "pivot": [2.75, 15, 0], "rotation": [0, 0, 17.5], "uv": [24, 12]},
						{"origin": [1.35583, 18.54939, 2.75], "size": [1, 4, 4], "pivot": [2.75, 15, 0], "rotation": [45, 0, 17.5], "uv": [10, 61]}
					]
				},
				{
					"name": "rl1",
					"parent": "rl",
					"pivot": [3.25, 17, 0],
					"cubes": [
						{"origin": [3.5, 14, 3.5], "size": [1, 4, 4], "pivot": [-0.5, 4, 8], "rotation": [45, 0, 0], "uv": [20, 61]},
						{"origin": [2.5, 11, -2.5], "size": [4, 9, 4], "uv": [0, 34]}
					]
				},
				{
					"name": "rl2",
					"parent": "rl1",
					"pivot": [4.5, 9, -0.5],
					"cubes": [
						{"origin": [2.5, 6, -2], "size": [3, 5, 3], "uv": [40, 31]},
						{"origin": [3, 0, -1.5], "size": [2, 6, 2], "uv": [62, 61]},
						{"origin": [3.5, 0, -1.75], "size": [1, 6, 0], "uv": [8, 68]}
					]
				},
				{
					"name": "ll",
					"parent": "low_body3",
					"pivot": [-3.25, 17, 0],
					"cubes": [
						{"origin": [-2.35583, 18.54939, 2.75], "size": [1, 4, 4], "pivot": [-2.75, 15, 0], "rotation": [45, 0, -17.5], "uv": [30, 61]},
						{"origin": [-2.60583, 15.29939, -4], "size": [1, 7, 7], "pivot": [-2.75, 15, 0], "rotation": [0, 0, -17.5], "uv": [24, 26]}
					]
				},
				{
					"name": "ll1",
					"parent": "ll",
					"pivot": [-3.25, 17, 0],
					"cubes": [
						{"origin": [-4.5, 14, 3.75], "size": [1, 4, 4], "pivot": [0.5, 4, 8.25], "rotation": [45, 0, 0], "uv": [40, 61]},
						{"origin": [-6.5, 11, -2.5], "size": [4, 9, 4], "uv": [40, 6]}
					]
				},
				{
					"name": "ll3",
					"parent": "ll1",
					"pivot": [-4.5, 9, -0.5],
					"cubes": [
						{"origin": [-5.5, 6, -2], "size": [3, 5, 3], "uv": [34, 40]},
						{"origin": [-5, 0, -1.5], "size": [2, 6, 2], "uv": [64, 45]},
						{"origin": [-4.5, 0, -1.75], "size": [1, 6, 0], "uv": [68, 33]}
					]
				},
				{
					"name": "torso",
					"parent": "body",
					"pivot": [0, 25, 0],
					"cubes": [
						{"origin": [-4.5, 27, 2.56], "size": [9, 6, 0], "uv": [40, 19]},
						{"origin": [-4.5, 27, -3.55], "size": [9, 6, 0], "uv": [40, 25]},
						{"origin": [-3.5, 26, -3.05], "size": [7, 1, 5], "uv": [30, 0]},
						{"origin": [-4.5, 27, -3.5], "size": [9, 6, 6], "uv": [0, 0]},
						{"origin": [-5.5, 27.5, -2.5], "size": [1, 5, 4], "uv": [58, 20]},
						{"origin": [4.5, 27.5, -2.5], "size": [1, 5, 4], "uv": [0, 59]}
					]
				},
				{
					"name": "beam",
					"parent": "torso",
					"pivot": [0, 58, 0],
					"cubes": [
						{"origin": [-0.5, 28.5, -2], "size": [1, 1, 4], "uv": [30, 6]},
						{"origin": [-1, 28, -2], "size": [2, 2, 4], "uv": [60, 39]}
					]
				},
				{
					"name": "gem",
					"parent": "torso",
					"pivot": [0, 30, 0],
					"cubes": [
						{"origin": [-1.5, 28, -3.25], "size": [3, 3, 1], "uv": [16, 34]}
					]
				},
				{
					"name": "neck",
					"parent": "torso",
					"pivot": [0, 33, 0],
					"cubes": [
						{"origin": [-1, 33, -1.5], "size": [2, 2, 2], "uv": [0, 68]}
					]
				},
				{
					"name": "head",
					"parent": "neck",
					"pivot": [0, 34, 0],
					"cubes": [
						{"origin": [-3.25, 34, -3], "size": [6, 6, 6], "pivot": [0.25, 38, 0], "rotation": [0, -45, 0], "uv": [0, 12]},
						{"origin": [2.75, 36, -0.5], "size": [4, 2, 2], "pivot": [4.25, 36, 0], "rotation": [-40.1727, -24.89837, -5.51385], "uv": [64, 53]},
						{"origin": [6.75, 36.5, 0], "size": [1, 1, 1], "pivot": [4.25, 36, 0], "rotation": [-40.1727, -24.89837, -5.51385], "uv": [10, 59]},
						{"origin": [-7, 36, -0.51], "size": [4, 2, 2], "pivot": [-4.25, 36, 0], "rotation": [-42.6727, 24.89837, 5.51385], "uv": [64, 57]},
						{"origin": [-8, 36.5, -0.01], "size": [1, 1, 1], "pivot": [-4.25, 36, 0], "rotation": [-42.6727, 24.89837, 5.51385], "uv": [10, 69]},
						{"origin": [1.5, 33.5, 7.74], "size": [4, 3, 3], "pivot": [4.25, 36.5, 4.5], "rotation": [142.44588, -76.65289, -97.67818], "uv": [46, 39]},
						{"origin": [-2.75, 36.25, 16.24], "size": [4, 2, 2], "pivot": [4, 38.25, 12], "rotation": [142.4459, -76.6529, -97.6782], "uv": [50, 66]}
					]
				},
				{
					"name": "eyes",
					"parent": "head",
					"pivot": [-0.25, 37, -2],
					"cubes": [
						{"origin": [-0.56236, 36.07759, -2.15], "size": [4, 2, 0], "pivot": [2, 37, -1], "rotation": [9.85108, -44.13603, -14.00194], "uv": [16, 38]},
						{"origin": [0.43764, 36.07759, -2.16], "size": [2, 2, 0], "pivot": [2, 37, -1], "rotation": [9.85108, -44.13603, -14.00194], "uv": [14, 69]},
						{"origin": [-2.93764, 36.07759, -2.66], "size": [2, 2, 0], "pivot": [-2, 37, -2], "rotation": [9.85108, 44.13603, 14.00194], "uv": [18, 69]},
						{"origin": [-3.93764, 36.07759, -2.65], "size": [4, 2, 0], "pivot": [-2, 37, -2], "rotation": [9.85108, 44.13603, 14.00194], "uv": [68, 31]}
					]
				},
				{
					"name": "pupil2",
					"parent": "eyes",
					"pivot": [2, 37, -1],
					"cubes": [
						{"origin": [0.68764, 36.57759, -2.17], "size": [1, 1, 0], "pivot": [2, 37, -1], "rotation": [9.85108, -44.13603, -14.00194], "uv": [30, 11]}
					]
				},
				{
					"name": "pupil1",
					"parent": "eyes",
					"pivot": [-2, 37, -2],
					"cubes": [
						{"origin": [-2.18764, 36.57759, -2.67], "size": [1, 1, 0], "pivot": [-2, 37, -2], "rotation": [9.85108, 44.13603, 14.00194], "uv": [32, 11]}
					]
				},
				{
					"name": "rt",
					"parent": "torso",
					"pivot": [-5.5, 29, 0]
				},
				{
					"name": "tlt",
					"parent": "rt",
					"pivot": [-5.75, 31.25, 0],
					"cubes": [
						{"origin": [-11.5, 30.25, -1.5], "size": [6, 2, 2], "uv": [46, 45]}
					]
				},
				{
					"name": "tlt2",
					"parent": "tlt",
					"pivot": [-11.75, 31.25, 0],
					"cubes": [
						{"origin": [-17.5, 30.25, -1.5], "size": [6, 2, 2], "uv": [0, 47]}
					]
				},
				{
					"name": "tlt3",
					"parent": "tlt2",
					"pivot": [-17.25, 31.5, 0],
					"cubes": [
						{"origin": [-23.5, 30.25, -1.5], "size": [6, 2, 2], "uv": [16, 49]}
					]
				},
				{
					"name": "tlt4",
					"parent": "tlt3",
					"pivot": [-23.75, 31.25, 0],
					"cubes": [
						{"origin": [-29.5, 30.25, -1.5], "size": [6, 2, 2], "uv": [32, 49]}
					]
				},
				{
					"name": "tlt5",
					"parent": "tlt4",
					"pivot": [-29.75, 31.25, 0],
					"cubes": [
						{"origin": [-35.5, 30.25, -1.5], "size": [6, 2, 2], "uv": [48, 49]}
					]
				},
				{
					"name": "tlt6",
					"parent": "tlt5",
					"pivot": [-35.5, 31.25, 0],
					"cubes": [
						{"origin": [-41.5, 30.75, -1], "size": [6, 1, 1], "uv": [58, 29]}
					]
				},
				{
					"name": "blt",
					"parent": "rt",
					"pivot": [-5.75, 28.75, 0],
					"cubes": [
						{"origin": [-11.5, 27.75, -1.5], "size": [6, 2, 2], "uv": [0, 51]}
					]
				},
				{
					"name": "blt1",
					"parent": "blt",
					"pivot": [-11.5, 28.75, 0],
					"cubes": [
						{"origin": [-17.5, 27.75, -1.5], "size": [6, 2, 2], "uv": [52, 31]}
					]
				},
				{
					"name": "blt2",
					"parent": "blt1",
					"pivot": [-17.5, 28.75, 0],
					"cubes": [
						{"origin": [-23.5, 27.75, -1.5], "size": [6, 2, 2], "uv": [52, 35]}
					]
				},
				{
					"name": "blt3",
					"parent": "blt2",
					"pivot": [-23.5, 28.75, 0],
					"cubes": [
						{"origin": [-29.5, 27.75, -1.5], "size": [6, 2, 2], "uv": [16, 53]}
					]
				},
				{
					"name": "blt4",
					"parent": "blt3",
					"pivot": [-29.5, 28.75, 0],
					"cubes": [
						{"origin": [-35.5, 27.75, -1.5], "size": [6, 2, 2], "uv": [32, 53]}
					]
				},
				{
					"name": "blt5",
					"parent": "blt4",
					"pivot": [-35.5, 28.75, 0],
					"cubes": [
						{"origin": [-41.5, 28.25, -1], "size": [6, 1, 1], "uv": [68, 20]}
					]
				},
				{
					"name": "lt",
					"parent": "torso",
					"pivot": [2.75, 29, 0]
				},
				{
					"name": "brt",
					"parent": "lt",
					"pivot": [5.25, 28.75, 0],
					"cubes": [
						{"origin": [5.25, 27.75, -1.5], "size": [6, 2, 2], "uv": [48, 53]}
					]
				},
				{
					"name": "brt2",
					"parent": "brt",
					"pivot": [11.25, 28.75, 0],
					"cubes": [
						{"origin": [11.25, 27.75, -1.5], "size": [6, 2, 2], "uv": [54, 0]}
					]
				},
				{
					"name": "brt3",
					"parent": "brt2",
					"pivot": [17.25, 28.75, 0],
					"cubes": [
						{"origin": [17.25, 27.75, -1.5], "size": [6, 2, 2], "uv": [0, 55]}
					]
				},
				{
					"name": "brt4",
					"parent": "brt3",
					"pivot": [23.25, 28.75, 0],
					"cubes": [
						{"origin": [23.25, 27.75, -1.5], "size": [6, 2, 2], "uv": [56, 4]}
					]
				},
				{
					"name": "brt5",
					"parent": "brt4",
					"pivot": [29.25, 28.75, 0],
					"cubes": [
						{"origin": [29.25, 27.75, -1.5], "size": [6, 2, 2], "uv": [56, 8]}
					]
				},
				{
					"name": "brt6",
					"parent": "brt5",
					"pivot": [35, 28.75, 0]
				},
				{
					"name": "f4",
					"parent": "brt6",
					"pivot": [35.25, 28.75, -0.5],
					"cubes": [
						{"origin": [35.25, 28.25, -1], "size": [6, 1, 1], "uv": [68, 22]}
					]
				},
				{
					"name": "trt",
					"parent": "lt",
					"pivot": [5.25, 31.25, 0],
					"cubes": [
						{"origin": [5.5, 30.25, -1.5], "size": [6, 2, 2], "uv": [56, 12]}
					]
				},
				{
					"name": "trt1",
					"parent": "trt",
					"pivot": [11.25, 31.25, 0],
					"cubes": [
						{"origin": [11.5, 30.25, -1.5], "size": [6, 2, 2], "uv": [16, 57]}
					]
				},
				{
					"name": "trt2",
					"parent": "trt1",
					"pivot": [17.25, 31.25, 0],
					"cubes": [
						{"origin": [17.5, 30.25, -1.5], "size": [6, 2, 2], "uv": [32, 57]}
					]
				},
				{
					"name": "trt3",
					"parent": "trt2",
					"pivot": [23.25, 31.25, 0],
					"cubes": [
						{"origin": [23.5, 30.25, -1.5], "size": [6, 2, 2], "uv": [48, 57]}
					]
				},
				{
					"name": "trt4",
					"parent": "trt3",
					"pivot": [29.25, 31.25, 0],
					"cubes": [
						{"origin": [29.5, 30.25, -1.5], "size": [6, 2, 2], "uv": [58, 16]}
					]
				},
				{
					"name": "trt5",
					"parent": "trt4",
					"pivot": [35.5, 31.25, 0]
				},
				{
					"name": "minit",
					"parent": "trt5",
					"pivot": [35.5, 31.25, -0.25],
					"cubes": [
						{"origin": [35.5, 30.75, -1], "size": [6, 1, 1], "uv": [68, 24]}
					]
				},
				{
					"name": "low_body2",
					"parent": "body",
					"pivot": [0.5, 21, 0]
				}
			]
		}
	]
}