{
	"format_version": "1.12.0",
	"minecraft:geometry": [
		{
			"description": {
				"identifier": "geometry.unknown",
				"texture_width": 128,
				"texture_height": 128,
				"visible_bounds_width": 7,
				"visible_bounds_height": 5,
				"visible_bounds_offset": [0, 1.5, 0]
			},
			"bones": [
				{
					"name": "root",
					"pivot": [0, 0, 0]
				},
				{
					"name": "deoxys",
					"parent": "root",
					"pivot": [0, 1, 0]
				},
				{
					"name": "body",
					"parent": "deoxys",
					"pivot": [0, 21, 0]
				},
				{
					"name": "low_body",
					"parent": "body",
					"pivot": [-0.5, 21, 0],
					"cubes": [
						{"origin": [-2.5, 21, -2.5], "size": [5, 4, 4], "uv": [26, 0]}
					]
				},
				{
					"name": "low_body2",
					"parent": "low_body",
					"pivot": [0, 21, -0.5],
					"cubes": [
						{"origin": [-3, 17, -3.5], "size": [6, 4, 6], "uv": [24, 14]},
						{"origin": [-2, 19, 2.25], "size": [4, 2, 2], "pivot": [0, 20, 3], "rotation": [-5, 0, 0], "uv": [56, 43]},
						{"origin": [-1, 19.91284, 4.00381], "size": [2, 1, 2], "pivot": [0, 20, 4], "rotation": [7.5, 0, 0], "uv": [32, 49]}
					]
				},
				{
					"name": "rl",
					"parent": "low_body2",
					"pivot": [3.25, 17, 0],
					"cubes": [
						{"origin": [1.35583, 15.29939, -4], "size": [1, 10, 7], "pivot": [2.75, 15, 0], "rotation": [0, 0, 17.5], "uv": [24, 24], "mirror": true}
					]
				},
				{
					"name": "rl1",
					"parent": "rl",
					"pivot": [3.25, 17, 0],
					"cubes": [
						{"origin": [2.5, 11, -2.5], "size": [4, 9, 4], "uv": [0, 26], "mirror": true}
					]
				},
				{
					"name": "rl2",
					"parent": "rl1",
					"pivot": [4.5, 9, -0.5],
					"cubes": [
						{"origin": [2.5, 6, -2], "size": [3, 5, 3], "uv": [40, 32], "mirror": true},
						{"origin": [3, 0, -1.5], "size": [2, 6, 2], "uv": [16, 26], "mirror": true}
					]
				},
				{
					"name": "ll",
					"parent": "low_body2",
					"pivot": [-3.25, 17, 0],
					"cubes": [
						{"origin": [-2.35583, 15.29939, -4], "size": [1, 10, 7], "pivot": [-2.75, 15, 0], "rotation": [0, 0, -17.5], "uv": [24, 24]}
					]
				},
				{
					"name": "ll1",
					"parent": "ll",
					"pivot": [-3.25, 17, 0],
					"cubes": [
						{"origin": [-6.5, 11, -2.5], "size": [4, 9, 4], "uv": [0, 26]}
					]
				},
				{
					"name": "ll3",
					"parent": "ll1",
					"pivot": [-4.5, 9, -0.5],
					"cubes": [
						{"origin": [-5.5, 6, -2], "size": [3, 5, 3], "uv": [40, 32]},
						{"origin": [-5, 0, -1.5], "size": [2, 6, 2], "uv": [16, 26]}
					]
				},
				{
					"name": "torso",
					"parent": "body",
					"pivot": [0, 25, 0],
					"cubes": [
						{"origin": [-3.5, 25, 2.55], "size": [7, 8, 0], "uv": [0, 39]},
						{"origin": [-3.5, 25, -3.55], "size": [7, 8, 0], "uv": [40, 24]},
						{"origin": [-3.5, 25, -3.5], "size": [7, 8, 6], "uv": [0, 0]},
						{"origin": [-4.5, 26, -2.5], "size": [1, 6, 4], "uv": [14, 39]},
						{"origin": [3.5, 26, -2.5], "size": [1, 6, 4], "uv": [14, 39]}
					]
				},
				{
					"name": "beam",
					"parent": "torso",
					"pivot": [0, 58, 0],
					"cubes": [
						{"origin": [-0.5, 28.5, -2], "size": [1, 1, 4], "uv": [56, 56]},
						{"origin": [-1, 28, -2], "size": [2, 2, 4], "uv": [32, 56]}
					]
				},
				{
					"name": "gem",
					"parent": "torso",
					"pivot": [0, 30, 0],
					"cubes": [
						{"origin": [-1.5, 28, -3.25], "size": [3, 3, 1], "uv": [16, 34]}
					]
				},
				{
					"name": "neck",
					"parent": "torso",
					"pivot": [0, 33, 0],
					"cubes": [
						{"origin": [-1, 33, -1.5], "size": [2, 2, 2], "uv": [0, 57]}
					]
				},
				{
					"name": "head",
					"parent": "neck",
					"pivot": [0, 34, 0],
					"cubes": [
						{"origin": [-3.25, 34, -3], "size": [6, 6, 6], "pivot": [0.25, 38, 0], "rotation": [0, -45, 0], "uv": [0, 14]},
						{"origin": [2.75, 36, -0.5], "size": [4, 2, 2], "pivot": [4.25, 36, 0], "rotation": [0, -10, 0], "uv": [44, 56]},
						{"origin": [-7, 36, -0.51], "size": [4, 2, 2], "pivot": [-4.25, 36, 0], "rotation": [0, 12.5, 0], "uv": [56, 47]}
					]
				},
				{
					"name": "eyes",
					"parent": "head",
					"pivot": [-0.25, 37, -2],
					"cubes": [
						{"origin": [-0.56236, 36.07759, -2.15], "size": [4, 2, 0], "pivot": [2, 37, -1], "rotation": [9.85108, -44.13603, -14.00194], "uv": [26, 12]},
						{"origin": [0.43764, 36.07759, -2.16], "size": [2, 2, 0], "pivot": [2, 37, -1], "rotation": [9.85108, -44.13603, -14.00194], "uv": [34, 12]},
						{"origin": [-2.93764, 36.07759, -2.66], "size": [2, 2, 0], "pivot": [-2, 37, -2], "rotation": [9.85108, 44.13603, 14.00194], "uv": [34, 12], "mirror": true},
						{"origin": [-3.93764, 36.07759, -2.65], "size": [4, 2, 0], "pivot": [-2, 37, -2], "rotation": [9.85108, 44.13603, 14.00194], "uv": [26, 12], "mirror": true}
					]
				},
				{
					"name": "pupil2",
					"parent": "eyes",
					"pivot": [2, 37, -1],
					"cubes": [
						{"origin": [0.68764, 36.57759, -2.17], "size": [1, 1, 0], "pivot": [2, 37, -1], "rotation": [9.85108, -44.13603, -14.00194], "uv": [38, 12]}
					]
				},
				{
					"name": "pupil1",
					"parent": "eyes",
					"pivot": [-2, 37, -2],
					"cubes": [
						{"origin": [-2.18764, 36.57759, -2.67], "size": [1, 1, 0], "pivot": [-2, 37, -2], "rotation": [9.85108, 44.13603, 14.00194], "uv": [38, 12], "mirror": true}
					]
				},
				{
					"name": "rt",
					"parent": "torso",
					"pivot": [-4.5, 29, 0]
				},
				{
					"name": "tlt",
					"parent": "rt",
					"pivot": [-4.75, 30.75, 0],
					"cubes": [
						{"origin": [-10.5, 29.75, -1.5], "size": [6, 2, 2], "uv": [26, 8]}
					]
				},
				{
					"name": "tlt2",
					"parent": "tlt",
					"pivot": [-10.75, 30.75, 0],
					"cubes": [
						{"origin": [-16.5, 29.75, -1.5], "size": [6, 2, 2], "uv": [40, 40]}
					]
				},
				{
					"name": "tlt3",
					"parent": "tlt2",
					"pivot": [-16.25, 31, 0],
					"cubes": [
						{"origin": [-22.5, 29.75, -1.5], "size": [6, 2, 2], "uv": [24, 41]}
					]
				},
				{
					"name": "tlt4",
					"parent": "tlt3",
					"pivot": [-22.75, 30.75, 0],
					"cubes": [
						{"origin": [-28.5, 29.75, -1.5], "size": [6, 2, 2], "uv": [42, 8]}
					]
				},
				{
					"name": "tlt5",
					"parent": "tlt4",
					"pivot": [-28.75, 30.75, 0],
					"cubes": [
						{"origin": [-34.5, 29.75, -1.5], "size": [6, 2, 2], "uv": [44, 0]}
					]
				},
				{
					"name": "tlt6",
					"parent": "tlt5",
					"pivot": [-34.5, 30.75, 0],
					"cubes": [
						{"origin": [-40.5, 29.75, -1.5], "size": [6, 2, 2], "uv": [44, 4]}
					]
				},
				{
					"name": "blt",
					"parent": "rt",
					"pivot": [-4.75, 28, 0],
					"cubes": [
						{"origin": [-10.5, 27, -1.5], "size": [6, 2, 2], "uv": [40, 44]}
					]
				},
				{
					"name": "blt1",
					"parent": "blt",
					"pivot": [-10.5, 28, 0],
					"cubes": [
						{"origin": [-16.5, 27, -1.5], "size": [6, 2, 2], "uv": [24, 45]}
					]
				},
				{
					"name": "blt2",
					"parent": "blt1",
					"pivot": [-16.5, 28, 0],
					"cubes": [
						{"origin": [-22.5, 27, -1.5], "size": [6, 2, 2], "uv": [48, 12]}
					]
				},
				{
					"name": "blt3",
					"parent": "blt2",
					"pivot": [-22.5, 28, 0],
					"cubes": [
						{"origin": [-28.5, 27, -1.5], "size": [6, 2, 2], "uv": [48, 16]}
					]
				},
				{
					"name": "blt4",
					"parent": "blt3",
					"pivot": [-28.5, 28, 0],
					"cubes": [
						{"origin": [-34.5, 27, -1.5], "size": [6, 2, 2], "uv": [48, 20]}
					]
				},
				{
					"name": "blt5",
					"parent": "blt4",
					"pivot": [-34.5, 28, 0],
					"cubes": [
						{"origin": [-40.5, 27, -1.5], "size": [6, 2, 2], "uv": [40, 48]}
					]
				},
				{
					"name": "lt",
					"parent": "torso",
					"pivot": [3.75, 29, 0]
				},
				{
					"name": "brt",
					"parent": "lt",
					"pivot": [4.25, 28, 0],
					"cubes": [
						{"origin": [4.25, 27, -1.5], "size": [6, 2, 2], "uv": [0, 49]}
					]
				},
				{
					"name": "brt2",
					"parent": "brt",
					"pivot": [10.25, 28, 0],
					"cubes": [
						{"origin": [10.25, 27, -1.5], "size": [6, 2, 2], "uv": [16, 49]}
					]
				},
				{
					"name": "brt3",
					"parent": "brt2",
					"pivot": [16.25, 28, 0],
					"cubes": [
						{"origin": [16.25, 27, -1.5], "size": [6, 2, 2], "uv": [32, 52]}
					]
				},
				{
					"name": "brt4",
					"parent": "brt3",
					"pivot": [22.25, 28, 0],
					"cubes": [
						{"origin": [22.25, 27, -1.5], "size": [6, 2, 2], "uv": [52, 32]}
					]
				},
				{
					"name": "brt5",
					"parent": "brt4",
					"pivot": [28.25, 28, 0],
					"cubes": [
						{"origin": [28.25, 27, -1.5], "size": [6, 2, 2], "uv": [52, 36]}
					]
				},
				{
					"name": "brt6",
					"parent": "brt5",
					"pivot": [34, 28, 0]
				},
				{
					"name": "f1",
					"parent": "brt6",
					"pivot": [37.25, 28, -0.5],
					"cubes": [
						{"origin": [37.25, 27, -1.5], "size": [3, 2, 1], "uv": [8, 57]}
					]
				},
				{
					"name": "f2",
					"parent": "brt6",
					"pivot": [34.25, 28, -0.5],
					"cubes": [
						{"origin": [34.25, 27, -1.5], "size": [3, 2, 1], "uv": [8, 57]}
					]
				},
				{
					"name": "f3",
					"parent": "brt6",
					"pivot": [37.25, 28, -0.5],
					"cubes": [
						{"origin": [37.25, 27, -0.5], "size": [3, 2, 1], "uv": [8, 57]}
					]
				},
				{
					"name": "f4",
					"parent": "brt6",
					"pivot": [34.25, 28, -0.5],
					"cubes": [
						{"origin": [34.25, 27, -0.5], "size": [3, 2, 1], "uv": [8, 57]}
					]
				},
				{
					"name": "trt",
					"parent": "lt",
					"pivot": [4, 30.75, 0],
					"cubes": [
						{"origin": [4.25, 29.75, -1.5], "size": [6, 2, 2], "uv": [48, 52]}
					]
				},
				{
					"name": "trt1",
					"parent": "trt",
					"pivot": [10, 30.75, 0],
					"cubes": [
						{"origin": [10.25, 29.75, -1.5], "size": [6, 2, 2], "uv": [0, 53]}
					]
				},
				{
					"name": "trt2",
					"parent": "trt1",
					"pivot": [16, 30.75, 0],
					"cubes": [
						{"origin": [16.25, 29.75, -1.5], "size": [6, 2, 2], "uv": [16, 53]}
					]
				},
				{
					"name": "trt3",
					"parent": "trt2",
					"pivot": [22, 30.75, 0],
					"cubes": [
						{"origin": [22.25, 29.75, -1.5], "size": [6, 2, 2], "uv": [54, 24]}
					]
				},
				{
					"name": "trt4",
					"parent": "trt3",
					"pivot": [28, 30.75, 0],
					"cubes": [
						{"origin": [28.25, 29.75, -1.5], "size": [6, 2, 2], "uv": [54, 28]}
					]
				},
				{
					"name": "trt5",
					"parent": "trt4",
					"pivot": [34.25, 30.75, 0]
				},
				{
					"name": "minit",
					"parent": "trt5",
					"pivot": [34.25, 30.75, -0.25],
					"cubes": [
						{"origin": [34.25, 29.75, -1.5], "size": [6, 2, 1], "uv": [56, 40]}
					]
				},
				{
					"name": "minit2",
					"parent": "trt5",
					"pivot": [34.25, 30.75, -0.25],
					"cubes": [
						{"origin": [34.25, 29.75, -0.5], "size": [6, 2, 1], "uv": [56, 40]}
					]
				}
			]
		}
	]
}